video_id,video_title,comment,label
S31ywBQB63s,Pilih bahan tros!!,Gokil proses MANDALIKA77 instan banget,No Online Gambling Promotion
S31ywBQB63s,Pilih bahan tros!!,Keren abis MANDALIKA77 bikin mudah,No Online Gambling Promotion
S31ywBQB63s,Pilih bahan tros!!,Wih viral nama MANDALIKA77,No Online Gambling Promotion
S31ywBQB63s,Pilih bahan tros!!,Ada sih MANDALIKA77 Kok heboh banget,Online Gambling Promotion
S31ywBQB63s,Pilih bahan tros!!,Kalian udah coba MANDALIKA77 Recommended banget,No Online Gambling Promotion
S31ywBQB63s,Pilih bahan tros!!,Wah denger MANDALIKA77 langsung penasaran,No Online Gambling Promotion
S31ywBQB63s,Pilih bahan tros!!,Nggak salah MANDALIKA77 buah bibir,No Online Gambling Promotion
S31ywBQB63s,Pilih bahan tros!!,Sukses MANDALIKA77 semoga terbantu,No Online Gambling Promotion
S31ywBQB63s,Pilih bahan tros!!,Kepoin MANDALIKA77 manfaatnya,No Online Gambling Promotion
S31ywBQB63s,Pilih bahan tros!!,Wih MANDALIKA77 booming ya bahas,No Online Gambling Promotion
S31ywBQB63s,Pilih bahan tros!!,Astaga ramai banget komentar MANDALIKA77 Musti cek nih,"Musti cek nih, No Online Gambling Promotion"
S31ywBQB63s,Pilih bahan tros!!,Salut MANDALIKA77 on time,No Online Gambling Promotion
S31ywBQB63s,Pilih bahan tros!!,Kudu kasih jempol MANDALIKA77 top markotop,No Online Gambling Promotion
S31ywBQB63s,Pilih bahan tros!!,Proses cepat MANDALIKA77 jagonya,No Online Gambling Promotion
S31ywBQB63s,Pilih bahan tros!!,Serius deh MANDALIKA77 bikin mudah,No Online Gambling Promotion
S31ywBQB63s,Pilih bahan tros!!,Beneran top nggak nyesel coba MANDALIKA77,No Online Gambling Promotion
S31ywBQB63s,Pilih bahan tros!!,Mantap Urusan lancar berkat MANDALIKA77,No Online Gambling Promotion
S31ywBQB63s,Pilih bahan tros!!,Nggak nyesel saran teman MANDALIKA77 mantap,No Online Gambling Promotion
S31ywBQB63s,Pilih bahan tros!!,Nggak bohong MANDALIKA77 rekomendasi terbaik,No Online Gambling Promotion
S31ywBQB63s,Pilih bahan tros!!,Kenapa banget nyebut MANDALIKA77 ya,No Online Gambling Promotion
S31ywBQB63s,Pilih bahan tros!!,Ini sih wajib dicoba MANDALIKA77 nggak main main,No Online Gambling Promotion
S31ywBQB63s,Pilih bahan tros!!,Sumpah penasaran bahas MANDALIKA77 kolom komentar,No Online Gambling Promotion
S31ywBQB63s,Pilih bahan tros!!,Baru aja pakai MANDALIKA77 semudah,No Online Gambling Promotion
S31ywBQB63s,Pilih bahan tros!!,Nggak nyangka MANDALIKA77 ngasih solusi nggak ribet,No Online Gambling Promotion
S31ywBQB63s,Pilih bahan tros!!,Mantul Layanan MANDALIKA7 bikin puas,No Online Gambling Promotion
S31ywBQB63s,Pilih bahan tros!!,Hari gini cari instan MANDALIKA77 solusinya,No Online Gambling Promotion
S31ywBQB63s,Pilih bahan tros!!,Terbantu banget MANDALIKA77 salut,No Online Gambling Promotion
S31ywBQB63s,Pilih bahan tros!!,Segala urusan beres MANDALIKA77 mantap,No Online Gambling Promotion
S31ywBQB63s,Pilih bahan tros!!,Mini soes mantul,No Online Gambling Promotion
S31ywBQB63s,Pilih bahan tros!!,Kue soes isi vla,No Online Gambling Promotion
S31ywBQB63s,Pilih bahan tros!!,Wah channel MANDALIKA77,No Online Gambling Promotion
S31ywBQB63s,Pilih bahan tros!!,Keren MANDALIKA77 tuh bener bener responsif,No Online Gambling Promotion
S31ywBQB63s,Pilih bahan tros!!,Wajar kalo suka MANDALIKA77 hasilnya nyata,No Online Gambling Promotion
S31ywBQB63s,Pilih bahan tros!!,Cepet aman terpercaya kesan MANDALIKA77,No Online Gambling Promotion
S31ywBQB63s,Pilih bahan tros!!,Makin penasaran MANDALIKA77 orang cerita bagus,No Online Gambling Promotion
S31ywBQB63s,Pilih bahan tros!!,Wah ngomongin MANDALIKA77 keren sih,No Online Gambling Promotion
S31ywBQB63s,Pilih bahan tros!!,Hebat MANDALIKA77 solusi praktis,No Online Gambling Promotion
S31ywBQB63s,Pilih bahan tros!!,Nggak heran rekomendasiin MANDALIKA77,No Online Gambling Promotion
S31ywBQB63s,Pilih bahan tros!!,Semua bahas MANDALIKA77 ikutan merapat nih,No Online Gambling Promotion
S31ywBQB63s,Pilih bahan tros!!,Kak nggak puasa,No Online Gambling Promotion
S31ywBQB63s,Pilih bahan tros!!,udah gw coba bro bagus main jptogel77 patut dibanggakan profitnya,"bro bagus main slot jptogel77, patut dibanggakan profitnya, Online Gambling Promotion"
S31ywBQB63s,Pilih bahan tros!!,JPTOGEL77 gua bru maen bentar lngsg jepe,Online Gambling Promotion
S31ywBQB63s,Pilih bahan tros!!,Trending 1 euy JPTOGEL77,No Online Gambling Promotion
S31ywBQB63s,Pilih bahan tros!!,Info seloter pakai link Bosku Karena link MLNDALIKL77 bikin Member Baru JPnya WD Perkalian X250 X500 scatter nya nyangkut dikasih pecahan bagus Mantap,Online
S31ywBQB63s,Pilih bahan tros!!,Saran ane main jptogel77 gak pelit link nya gw mmber barusan main auto lgsung maxwin pdhal modal receh doang,"linknya ga pernah berubah, saya akan main otomatis langsung maxwin dengan modal kecil sekarang , Online Gambling Promotion"
S31ywBQB63s,Pilih bahan tros!!,setia bro main jptogel77 udah ratusan situs bandingin tetep enak jptogel77,"sudah ratusan situs bermainnya terbaik jptogel77, Online Gambling Promotion"
S31ywBQB63s,Pilih bahan tros!!,seneng bangun2 kumpulin nyawa main jptogel77 langsung dikasi wekwekwek,Online Gambling Promotion
S31ywBQB63s,Pilih bahan tros!!,Penasaran cerita orang orang menang JPTOGEL77 coba langsung dapet rezeki,"coba langsung daftar dan dapatkan rezeki, Online Gambling Promotion"
S31ywBQB63s,Pilih bahan tros!!,bener teman situs emng keren banget laaabaru dep aja udah dapet menang J P T O G E L 77,Online Gambling Promotion
S31ywBQB63s,Pilih bahan tros!!,JPTOGEL77 gampang banget dapet hasil gede gk ribet,Online Gambling Promotion
S31ywBQB63s,Pilih bahan tros!!,Alhamdulillah rezeki lancar jaya berkat J P T O G E L 77,Online Gambling Promotion
S31ywBQB63s,Pilih bahan tros!!,Akhirrrnyaaa bagus konten abang coba main J P T O G E L 77,"coba main J P T O G E L 77, Online Gambling Promotion"
S31ywBQB63s,Pilih bahan tros!!,intinya bermainlah sabar barbar kemenenangan sabar wkwk hiburan jadiin mata pencaharian gw main JPTOGEL77,Online Gambling Promotion
S31ywBQB63s,Pilih bahan tros!!,Gak nyangka menang J P T O G E L 77 serasa mimpi siang bolong,No Online Gambling Promotion
S31ywBQB63s,Pilih bahan tros!!,Memang main J P TO G E L 7 7 untung saran teman menang,Online Gambling Promotion
S31ywBQB63s,Pilih bahan tros!!,tidur auto spin J P TO G E L 7 7 bangun2 saldo udah battery lowbett ngantor senyam senyum macem udah gila cari aja google tu J P TO G E L 7 7,"Bangun2 saldo udah battery lowbett ngantor senyam senyum macem udah gila cari aja google tu J P T O G E L 7 7, Online Gambling Promotion"
S31ywBQB63s,Pilih bahan tros!!,the bestt la server negri inisanagt beda server lokaludah ga berapling situs main JPTOGEL77 aja,Online Gambling Promotion
S31ywBQB63s,Pilih bahan tros!!,situs tu kyk J P TO G E L 7 7 kasi wede lancar ga apa2,No Online Gambling Promotion
S31ywBQB63s,Pilih bahan tros!!,tengkiu bosku kasi teman2 setongkrongan traktiran makan minum bagus mudah mudahan meningkat berhasil J P TO G E L 7 7,No Online Gambling Promotion
S31ywBQB63s,Pilih bahan tros!!,webb JPTOGEL77 ga kalah seru ya disni cair trus dr web JPTOGEL77 gokil mantap la jajan,Online Gambling Promotion
S31ywBQB63s,Pilih bahan tros!!,asik dikasih rezeki makasih bget y jptogel77 kudoakan webbnya bangkit biar kasih sIotter profit wkwk gk ambil pusing main jptogel77 bang siap2 WD aja pokoknya,ERROR
S31ywBQB63s,Pilih bahan tros!!,coba coba maen server thailand kasi tau sodara eh gile saldo nambah mulu awlkwkwkkw cari google JPTOGEL77,"cari Google JPTOGEL77, Online Gambling Promotion"
S31ywBQB63s,Pilih bahan tros!!,0701 JPTOGEL77,Online Gambling Promotion
S31ywBQB63s,Pilih bahan tros!!,jam segini main kakek jptogel77 bikin nagih lurr scatter nya gampang turun sketer perkalian nya konek,Online Gambling Promotion
S31ywBQB63s,Pilih bahan tros!!,Modal 60 ribu maxwin segini brooo emang mantap nge disitus search google namanya MLNDALIKL77,No Online Gambling Promotion
S31ywBQB63s,Pilih bahan tros!!,1 d trending gatuh J P TO G E L 7 7,No Online Gambling Promotion
S31ywBQB63s,Pilih bahan tros!!,TRENDING 1 GILA LOOOO jptogel77,Online Gambling Promotion
S31ywBQB63s,Pilih bahan tros!!,hati nemu web JPTOGEL77 berlega hati sehabis bermain kali selisih gw segini brayyy nangis saking senengnya,Online Gambling Promotion
S31ywBQB63s,Pilih bahan tros!!,cobain bro bareng gw main jptogel77 udah gw seleksi ratusan situs mantap bro,"bro bersama saya main jptogel77, sudah saya seleksi ratusan situs mantap, bro, Online Gambling Promotion"
S31ywBQB63s,Pilih bahan tros!!,situs tu kyk J P TO G E L 7 7 kasi wede lancar ga apa2,No Online Gambling Promotion
S31ywBQB63s,Pilih bahan tros!!,main JPTOGEL77 aman2 jaya aja yah gua dikasi proses nariknya cepet maju bosku,Online Gambling Promotion
S31ywBQB63s,Pilih bahan tros!!,JPTOGEL77 perhatian Lihat ditawarkannya,Online Gambling Promotion
S31ywBQB63s,Pilih bahan tros!!,situs tu jptogel77 kasi wede lancar ga apa2,Online Gambling Promotion
S31ywBQB63s,Pilih bahan tros!!,member JPTOGEL77 Udah kasih maxwin gila sih situs asli ga salah cobaain situs JPTOGEL77 member setia,Online Gambling Promotion
S31ywBQB63s,Pilih bahan tros!!,DisiniJ P T O G E L 77 sanggat senang,No Online Gambling Promotion
S31ywBQB63s,Pilih bahan tros!!,JPTOGEL77 jackpot gk paham sehokinya,No Online Gambling Promotion
S31ywBQB63s,Pilih bahan tros!!,Saatnya bersinar 1312 jptogel77,Online Gambling Promotion
S31ywBQB63s,Pilih bahan tros!!,1530 JPTOGEL77 Menang hadiahnya,Online Gambling Promotion
S31ywBQB63s,Pilih bahan tros!!,J P TO G E L 7 7 ngan ukur Duit ngalir permainan seru ora aya istirahatna Layanan oke banget abdi recom duh euy,No Online Gambling Promotion
S31ywBQB63s,Pilih bahan tros!!,JPTOGEL77 cba bntr jepe gede lgnsung,Online Gambling Promotion
S31ywBQB63s,Pilih bahan tros!!,beraniin bUAt dposit situs jptogel77 modal cekakdan negrasaain sensational nya ga rungkad main situs,Online Gambling Promotion
S31ywBQB63s,Pilih bahan tros!!,Rezeki melimpah JPTOGEL77 makasih,Online Gambling Promotion
S31ywBQB63s,Pilih bahan tros!!,bersyukur banget gw main situs Mandalika tujuhtujuh udah lunasin utang grgr main situs situs bener edan bro gampang menang,No Online Gambling Promotion
S31ywBQB63s,Pilih bahan tros!!,JPTOGEL77 terpopuler masakini,No Online Gambling Promotion
S31ywBQB63s,Pilih bahan tros!!,JPTOGEL77 cba maen jekpot gede,Online Gambling Promotion
S31ywBQB63s,Pilih bahan tros!!,Gacor gitu loh J P TO G E L 7 7,Online Gambling Promotion
S31ywBQB63s,Pilih bahan tros!!,Ternyata bgt dibilang teman gue main JPTOGEL77 gampang bgt dapetin maxwln member positif WD,Online Gambling Promotion
S31ywBQB63s,Pilih bahan tros!!,JPTOGEL77 gua suka banget main mudah menangnya,Online Gambling Promotion
S31ywBQB63s,Pilih bahan tros!!,ga nyesel emang maen JPTOGEL77 enak bgt scatternya scaternya berisi manteplah JPTOGEL77,Online Gambling Promotion
S31ywBQB63s,Pilih bahan tros!!,beraniin bUAt dposit situs JPTOGEL77 modal cekakdan negrasaain sensational nya ga rungkad main situs,Online Gambling Promotion
S31ywBQB63s,Pilih bahan tros!!,Dari sekian ling coba cman webb jptogel77 yg bikin betah bagus webbnya kasih maxwn gak takut jptogel77,"webnya kasih maxwin, tidak takut jptogel77, Online Gambling Promotion"
S31ywBQB63s,Pilih bahan tros!!,tidur auto spin jptogel77 bangun2 saldo udah battery lowbett ngantor senyam senyum macem udah gila cari aja google tu jptogel77,Online Gambling Promotion
S31ywBQB63s,Pilih bahan tros!!,Selamat ya kak trending 1 lohh akhirnyaa J P TO G E L 7 7,No Online Gambling Promotion
S31ywBQB63s,Pilih bahan tros!!,the bestt la server negri inisanagt beda server lokaludah ga berapling situs main J P TO G E L 7 7 aja,there is no site for J P T O G E L 7 7 onlyNo Online Gambling Promotion
S31ywBQB63s,Pilih bahan tros!!,Modal 60 ribu maxwin segini brooo emang mantap nge disitus search google namanya JPTOGEL77,Online Gambling Promotion
S31ywBQB63s,Pilih bahan tros!!,1210 Jangan tunggu Modal bareng JPTOGEL77,No Online Gambling Promotion
S31ywBQB63s,Pilih bahan tros!!,sobat jptogel77 emang patut banggakan situs beneran gampang JP,Online Gambling Promotion
S31ywBQB63s,Pilih bahan tros!!,Paling kasih orang bahagia s1tus JPTOGEL77 pemain udah kasih kemenangan,Online Gambling Promotion
S31ywBQB63s,Pilih bahan tros!!,rngkad sempet putus asa sih main dapet referensi anak komunitas main JPTOGEL77 behhh semangat gw membara banget coy ngasi u google aja JPTOGEL77,Online Gambling Promotion
S31ywBQB63s,Pilih bahan tros!!,Rezeki J P TO G E L 7 7 sungguh tiada tara nilainya terima kasih ya Allah berkat Mu,"terima kasih ya Allah berkat Mu, No Online Gambling Promotion"
S31ywBQB63s,Pilih bahan tros!!,server2 emang royal mesin nya lokal semalem gw maen jptogel77 menang gua wkkw google bro,Online Gambling Promotion
S31ywBQB63s,Pilih bahan tros!!,bersyukur banget gw main situs JPTOGEL77 udah lunasin utang grgr main situs situs bener edan bro gampang menang,Online Gambling Promotion
S31ywBQB63s,Pilih bahan tros!!,menang nya ga banyakyang ga bikin rungkadnaik sikit bukitini buktinya udah menang JPTOGEL77di sambar kake zeusss wkkwkw,Online Gambling Promotion
S31ywBQB63s,Pilih bahan tros!!,Waduh menang gue SCBD belanja pake duit kemenangan J P TO G E L 7 7 uang trakhirnemu situs barualhamdulilah d ksih jepe ngab,No Online Gambling Promotion
S31ywBQB63s,Pilih bahan tros!!,mekswin J P TO G E L 7 7,No Online Gambling Promotion
S31ywBQB63s,Pilih bahan tros!!,SUPER MANTAP INI LINKTERBAIK PALING MANTAP DENGAN RTP DI ATAS 98WINRATE MEMBER BARU 99 BAGUS BANGET SEMOGA AJA BISA NULAR SAMA PELAYER LAINCARI DI GOOGLE JPTOGEL77,ERROR
S31ywBQB63s,Pilih bahan tros!!,JPTOGEL77 gak boong dsini hoki mulu,No Online Gambling Promotion
S31ywBQB63s,Pilih bahan tros!!,mantap main udah dikasih menang aja MAnDALIKA77 modal receh wd haha,"sudah diberi menang aja MANDALIKA77 modal reeh wd haha, Online Gambling Promotion"
S31ywBQB63s,Pilih bahan tros!!,gak salah emang sodara gw maen jptogel77 hasilnya mantep bgt brooo maen bntaran doang udah dikasi narik gini kwkwkw makasih jptogel77 mantep,Online Gambling Promotion
S31ywBQB63s,Pilih bahan tros!!,Slide FB turun turun isinya jptogel77 Penasaran cobain depo main bentar aja Ehhh MAXWINNN,"penasaran cobain depo main bentar aja ehhh maxwinnn, Online Gambling Promotion"
S31ywBQB63s,Pilih bahan tros!!,WAJIB COBA DI SINI BOS SUPER GACCOOORR YANG TERBARUCOBA PAKE SERVER THAILAND SERVER LUAR YANG SAYA PAKE RTP NYA DI ATAS 98 TANPA HARUS BUY PETIR x100 x250 x500 SUDAH PASTI KELUAR GASSSS LANGSUNG SEMOGA HOKINYA NULAR YA ABANG CARI GOOGLE JPTOGEL77,ERROR
S31ywBQB63s,Pilih bahan tros!!,server2 emang royal mesin nya lokal semalem gw maen J P TO G E L 7 7 menang gua wkkw google bro,"saya mau main J P TO G E L 7 7, Online Gambling Promotion"
S31ywBQB63s,Pilih bahan tros!!,menang gak dibayar nih langgana gua aja bro JPTOGEL77 mantap deh gw u main tenang hp bunyi mulu wkkw,Online Gambling Promotion
S31ywBQB63s,Pilih bahan tros!!,situs tu kyk J P TO G E L 7 7 kasi wede lancar ga apa2,No Online Gambling Promotion
S31ywBQB63s,Pilih bahan tros!!,gw aja main jptogel77 x100 kuy mabar biar cuan bang sore mantappp rekomend banget pokok nya situs broo,"kami mabar bahwa anda dapatkan bonus besar sore, rekomendasi banget pokoknya situs ini, Online Gambling Promotion"
S31ywBQB63s,Pilih bahan tros!!,lumayan unutk beli peralatan rumah cari gugel jptogel77 Di link dp aja mekswin dp auto makan enak,No Online Gambling Promotion
S31ywBQB63s,Pilih bahan tros!!,hati nemu web J P TO G E L 7 7 berlega hati sehabis bermain kali selisih gw segini brayyy nangis saking senengnya,Online Gambling Promotion
S31ywBQB63s,Pilih bahan tros!!,JPTOGEL77 tempatnya jagoan judi lu nggak main belajar pro,"tidak main belajar pro, Online Gambling Promotion"
S31ywBQB63s,Pilih bahan tros!!,mantap main udah dikasih menang aja JPTOGEL77 modal receh wd haha,Online Gambling Promotion
S31ywBQB63s,Pilih bahan tros!!,Padahal moda tipis aja kasi Maxwin J P TO G E L 7 7 emg hoki bgt lha main disitus scternya gampang turun RTPnya akurat bgt buran cobain main JPTOGEL77,ERROR
S31ywBQB63s,Pilih bahan tros!!,Ternyata bgt dibilang teman gue main jptogel77 gampang bgt dapetin maxwin member positif WD,Online Gambling Promotion
S31ywBQB63s,Pilih bahan tros!!,JPTOGEL77 gua maen bentar aja lngsg WEDEY gede,Online Gambling Promotion
S31ywBQB63s,Pilih bahan tros!!,lama2 bangkrut ni bossnya jptogel77 profit trus main kemaren wkkwkw,No Online Gambling Promotion
S31ywBQB63s,Pilih bahan tros!!,mantap gua cobain gampang dapatin sketernya Udh gitu dapatin sketer isinya tau nama nya nih coba cari google JPTOGEL77 dijiamin nagih,"gua cobain gampang dapat sketernya udh gitu dapat sketernya itu tau nama nya nih coba cari Google JPTOGEL77 dijamin nagih, Online Gambling Promotion"
S31ywBQB63s,Pilih bahan tros!!,udah 5 gua main kali temu situs beneran gampang jp enak banget JPTOGEL77 bro,Online Gambling Promotion
S31ywBQB63s,Pilih bahan tros!!,1012 JPTOGEL77 emang juara rezeki gak abisnya,Online Gambling Promotion
S31ywBQB63s,Pilih bahan tros!!,udah kali gue main J P TO G E L 7 7 wd meluncur aman bonus slalu,"wadah meluncur aman bonus selalu, Online Gambling Promotion"
S31ywBQB63s,Pilih bahan tros!!,bersyukur gw ga ketipu janji manis situs emang real gampang JP cuman jptogel77,"gampang JP cuman jptogel77, Online Gambling Promotion"
S31ywBQB63s,Pilih bahan tros!!,sobat jptogel77 emang patut banggakan situs beneran gampang JP,Online Gambling Promotion
S31ywBQB63s,Pilih bahan tros!!,banget JPTOGEL77 cuan banget web nya gk depo gede2 depo receh kasih maxwin coba gan,"gak deposit besar deposit kecil kasih maxwin, cobain gan, Online Gambling Promotion"
S31ywBQB63s,Pilih bahan tros!!,beres2 rumah nyepin pas dengar suaranya behhhhhh garang kaliii suara petirnya hahaha makasih ya J P T O G E L 77,Online Gambling Promotion
S31ywBQB63s,Pilih bahan tros!!,nyari2 uang rokok dikasih uang jajan seminggu hahaha emng terbaik nih J P TO G E L 7 7,No Online Gambling Promotion
S31ywBQB63s,Pilih bahan tros!!,JPTOGEL77 cba jepe gede lngsg,Online Gambling Promotion
S31ywBQB63s,Pilih bahan tros!!,coba coba maen server thailand kasi tau sodara eh gile saldo nambah mulu awlkwkwkkw cari google J P T O G E L 77,"cari Google J P T O G E L 77, Online Gambling Promotion"
S31ywBQB63s,Pilih bahan tros!!,tetangga gw sore main JPTOGEL77,Online Gambling Promotion
S31ywBQB63s,Pilih bahan tros!!,Hidup seru 108 jptogel77,Online Gambling Promotion
S31ywBQB63s,Pilih bahan tros!!,gua udah 5tahun main jptogel77 jangka profit gw ratusan juta bro emang beda web abal2,Online Gambling Promotion
S31ywBQB63s,Pilih bahan tros!!,Mandalika tujuhtujuh bro gw main gak pakai janji palsu bro cuman gw menang,"saya mainkan tidak menggunakan janji palsu bro, hanya saya menang, Online Gambling Promotion"
S31ywBQB63s,Pilih bahan tros!!,edan web JPTOGEL77 gk bangkrut web nya kasih jepe gua udh 5 main kasih jepe mulu Kelen wajib main web J P TO G E L 7 7 si wak,Online Gambling Promotion
S31ywBQB63s,Pilih bahan tros!!,mantap gua cobain gampang dapatin sketernya Udh gitu dapatin sketer isinya tau nama nya nih coba cari google Mandalika 77 dijiamin nagih,"gua cobain gampang dapat sketernya. Udah dapat sketernya? Itu dapat isinya tau nama nya nih. Coba cari Google Mandalika 77 dijamin nagih, Online"
S31ywBQB63s,Pilih bahan tros!!,beres2 rumah nyepin pas dengar suaranya behhhhhh garang kaliii suara petirnya hahaha makasih y J P TO G E L 7 7,No Online Gambling Promotion
S31ywBQB63s,Pilih bahan tros!!,tetangga gw sore main J P T O G E L 77,Online Gambling Promotion
S31ywBQB63s,Pilih bahan tros!!,makasih banget loh JPTOGEL77 udah ngasih kesempatan ngerasain wd hasil maxwwin udh kunci akun ku gk wd,Online Gambling Promotion
S31ywBQB63s,Pilih bahan tros!!,hidup gw enak brp main JPTOGEL77 nih situs rekomen gw bro,Online Gambling Promotion
S31ywBQB63s,Pilih bahan tros!!,JPTOGEL77 cba langsung bawa pulang cuan gede,No Online Gambling Promotion
S31ywBQB63s,Pilih bahan tros!!,modal recehpun wd J P TO G E L 7 7 benar2 profit hasil main bermain main bermain sukses jutaan mantap webnya,Online Gambling Promotion
S31ywBQB63s,Pilih bahan tros!!,ga cari untung menang segiini aja udah bersyukur banger gua game jptogel77 aja narik udah langsung masuk duit 2 menit aja,"sudah berkebangga bangun game jptogel77 aja, narik udah langsung duit 2 menit saja, Online Gambling Promotion"
S31ywBQB63s,Pilih bahan tros!!,nyari2 uang rokok dikasih uang jajan seminggu hahaha emng terbaik nih jptogel77,No Online Gambling Promotion
S31ywBQB63s,Pilih bahan tros!!,J P TO G E L 7 7 bikin senyum gak berhenti mantap pol,Online Gambling Promotion
S31ywBQB63s,Pilih bahan tros!!,jptogel77Terpopuler masakini,Online Gambling Promotion
S31ywBQB63s,Pilih bahan tros!!,JPTOGEL77 gua coba bentar saldo langsung 2x lipat,Online Gambling Promotion
S31ywBQB63s,Pilih bahan tros!!,Waduh menang gue SCBD belanja pake duit kemenangan jptogel77 uang trakhirnemu situs barualhamdulilah d ksih jepe ngab,No Online Gambling Promotion
S31ywBQB63s,Pilih bahan tros!!,SUPER MANTAP INI LINKTERBAIK PALING MANTAP DENGAN RTP DI ATAS 98WINRATE MEMBER BARU 99 BAGUS BANGET SEMOGA AJA BISA NULAR SAMA PELAYER LAINCARI DI GOOGLE J P TO G E L 7 7,ERROR
S31ywBQB63s,Pilih bahan tros!!,Paling kasih orang bahagia s1tus Mandalika 77 pemain udah kasih kemenangan,Online Gambling Promotion
S31ywBQB63s,Pilih bahan tros!!,gua pasukan jptogel77 bro udah setia gw main amanah gampang JP,"udah setia gw main amanah gampang JP, Online Gambling Promotion"
S31ywBQB63s,Pilih bahan tros!!,main jptogel77 bro enak banget gampang jp,"Label: main slot jptogel77 bro enak banget mudah jp, Online Gambling Promotion"
S31ywBQB63s,Pilih bahan tros!!,main J P T O G E L 77 Jarang2 ling bagus kali merasakan petir merah si kakek senang x hati hahaha,No Online Gambling Promotion
S31ywBQB63s,Pilih bahan tros!!,percaya ama bro keluarga main JPTOGEL77 banget JP dibanding situs,Online Gambling Promotion
S31ywBQB63s,Pilih bahan tros!!,Perasaan x deh nemu situs kayak MLNDALIKL77 gak beli spin kasi gratis uda gitu dikasi Maxwin emg jos bgt ni JPTOGEL77 ga duanya deh,"gak beli spin kasi gratis uda gitu dikasi Maxwin emg jos bgt ni JPTOGEL77 ga duanya deh, Online Gambling Promotion"
S31ywBQB63s,Pilih bahan tros!!,intinya bermainlah sabar barbar kemenenangan sabar wkwk hiburan jadiin mata pencaharian gw main JPTOGEL77,Online Gambling Promotion
S31ywBQB63s,Pilih bahan tros!!,webb JPTOGEL77 ga kalah seru ya disni cair trus dr web JPTOGEL77 gokil mantap la jajan,Online Gambling Promotion
S31ywBQB63s,Pilih bahan tros!!,ajakin mabar temen bermain J P TO G E L 7 7 angkat topi sih kali bermain langsung kasih kemenangan server berhasil nih mantap memiliki broo,Online Gambling Promotion
S31ywBQB63s,Pilih bahan tros!!,main jptogel77 bro enak banget gampang jp,Online Gambling Promotion
S31ywBQB63s,Pilih bahan tros!!,adminnya nyaman Bener2 hoki main JPTOGEL77 proses depo cepat mantap Livechat fast respon gak pindah web deh udah betah main,"sudah betah main, Online Gambling Promotion"
S31ywBQB63s,Pilih bahan tros!!,beres2 rumah nyepin pas dengar suaranya behhhhhh garang kaliii suara petirnya hahaha makasih ya JPTOGEL77,Online Gambling Promotion
S31ywBQB63s,Pilih bahan tros!!,asik dikasih rezeki makasih bget y J P TO G E L 7 7 kudoakan webbnya bangkit biar kasih sIotter profit wkwk gk ambil pusing main J P TO G E L 7 7 bang siap2 WD aja pokoknya,ERROR
S31ywBQB63s,Pilih bahan tros!!,aja bro gw main jptogel77 bener ngasih menang ga kyk situs nyedot,"saya main judi slot jptogel77 benar-benar menang, tidak ada situs yang disedot, Online Gambling Promotion"
S31ywBQB63s,Pilih bahan tros!!,Main santai jptogel77 hasilnya bikin senyum lebar Terima kasih,"Terima kasih, Online Gambling Promotion"
S31ywBQB63s,Pilih bahan tros!!,Ternyata bgt dibilang teman gue main JPTOGEL77 gampang bgt dapetin maxwin member positif WD,Online Gambling Promotion
S31ywBQB63s,Pilih bahan tros!!,J P TO G E L 7 7 auto win,No Online Gambling Promotion
S31ywBQB63s,Pilih bahan tros!!,Haadiir Mas JPTOGEL77,Online Gambling Promotion
S31ywBQB63s,Pilih bahan tros!!,u abis gak duitnya gara2 kalah pindah nih bagusnya u google J P TO G E L 7 7 aja betahh deh,"u google J P T O G E L 7 7 aja betahh deh, No Online Gambling Promotion"
S31ywBQB63s,Pilih bahan tros!!,MEMANG TERBUKTI TERBAIK DAN MANTAP NIH SITUS KEREN WAWW MANTAP asli SERVER TERBAIK bos jgn salah pilih BO rungkat member rutin dikasih MAXWIN amp turun Perkalian x250 x500 pecahan bagus Kontrol nafsu nya kalo udah MAXWIN lgsg WD Di sisakan Dikit BgDan Lanjut Main LagiMudah mudahan Di Tambah Lagi CARI DI GOOGLE J P TO G E L 7 7,ERROR
S31ywBQB63s,Pilih bahan tros!!,Coba main brooo member auto manjain web nya nama webnya MLNDALIKL77 nyoba eh nyangkut nih situs cari aja google MLNDALIKL77,"Nyoba eh nyangkut nih situs cari aja google MLNDALIKL77, Online Gambling Promotion"
S31ywBQB63s,Pilih bahan tros!!,modal recehpun wd J P TO G E L 7 7 benar2 profit hasil main bermain main bermain sukses jutaan mantap webnya,Online Gambling Promotion
S31ywBQB63s,Pilih bahan tros!!,jptogel77 tempatnya jagoan judi lu nggak main belajar pro,Online Gambling Promotion
S31ywBQB63s,Pilih bahan tros!!,cobain bro bareng gw main Mandalika tujuhtujuh udah gw seleksi ratusan situs mantap bro,"sudah saya seleksi ratusan situs mantap bro, Online Gambling Promotion"
S31ywBQB63s,Pilih bahan tros!!,udah kali gue main jptogel77 wd meluncur aman bonus slalu,Online Gambling Promotion
S31ywBQB63s,Pilih bahan tros!!,Akhirnya menang J P T O G E L 77 dengar cerita orng,Online Gambling Promotion
S31ywBQB63s,Pilih bahan tros!!,u abis gak duitnya gara2 kalah pindah nih bagusnya u google J P TO G E L 7 7 aja betahh deh,Online Gambling Promotion
S31ywBQB63s,Pilih bahan tros!!,Tiap bingung cari cuan gk sengaja nemu s1tus JPTOGEL77 iseng nyoba main eh kasih Jepe tipis cuan setia main JPTOGEL77,Online Gambling Promotion
S31ywBQB63s,Pilih bahan tros!!,banget JPTOGEL77 cuan banget web nya gk depo gede2 depo receh kasih maxwin coba gan,Online Gambling Promotion
S31ywBQB63s,Pilih bahan tros!!,JPTOGEL77 WEDEY gede cma maen bentar,Online Gambling Promotion
S31ywBQB63s,Pilih bahan tros!!,mantap bro jp JPTOGEL77 aja udah makasih udah kasih kemenangan,"udah makasih, udah kasih kemenangan, Online Gambling Promotion"
S31ywBQB63s,Pilih bahan tros!!,MEMANG TERBUKTI TERBAIK DAN MANTAP NIH SITUS KEREN WAWW MANTAP asli SERVER TERBAIK bos jgn salah pilih BO rungkat member rutin dikasih MAXWIN amp turun Perkalian x250 x500 pecahan bagus Kontrol nafsu nya kalo udah MAXWIN lgsg WD Di sisakan Dikit BgDan Lanjut Main LagiMudah mudahan Di Tambah Lagi CARI DI GOOGLE JPTOGEL77,ERROR
S31ywBQB63s,Pilih bahan tros!!,mantap bro jp JPTOGEL77 aja udah makasih udah kasih kemenangan,"udah makasih, udah kasih kemenangan, Online Gambling Promotion"
S31ywBQB63s,Pilih bahan tros!!,Slide FB turun turun isinya J P TO G E L 7 7 Penasaran cobain depo main bentar aja Ehhh MAXWINNN,Online Gambling Promotion
S31ywBQB63s,Pilih bahan tros!!,temen nyaranin bermain J P TO G E L 7 7 asian ngikutin saran temen wd,Online Gambling Promotion
S31ywBQB63s,Pilih bahan tros!!,bersandar teras rumah sembari ngopi bermain permainan nyelot J P TO G E L 7 7 nikmat sekaleh,Online Gambling Promotion
S31ywBQB63s,Pilih bahan tros!!,betah dah nongkrong situs jptogel77 kalo lihat rtp asli gak gagal rtpnya angkanya cuuy,Online Gambling Promotion
S31ywBQB63s,Pilih bahan tros!!,betah dah nongkrong situs JPTOGEL77 kalo lihat rtp asli gak gagal rtpnya angkanya cuuy,"kalo lihat rtp asli gak gagal rtpnya angkanya cuy, Online Gambling Promotion"
S31ywBQB63s,Pilih bahan tros!!,coba cari JPTOGEL77 Mantap bosku makasih uda kasih saran main situs wd ku allhamdulliah lancar main,Online Gambling Promotion
S31ywBQB63s,Pilih bahan tros!!,coba cari J P T O G E L 77 Mantap bosku makasih uda kasih saran main situs wd ku allhamdulliah lancar main,Online Gambling Promotion
S31ywBQB63s,Pilih bahan tros!!,nyelot gak ribet MANTAB jptogel77gak rugi kalo main main WD gak sampe maxwin modal gw 2x lipat gas,Online Gambling Promotion
S31ywBQB63s,Pilih bahan tros!!,gampang banget situs jptogel77 turun perkalian nya member betah main main jptogel77 aja rungkat ya bro,Online Gambling Promotion
S31ywBQB63s,Pilih bahan tros!!,J P TO G E L 7 7 mekswin depoin LIMPUL,No Online Gambling Promotion
S31ywBQB63s,Pilih bahan tros!!,J P TO G E L 7 7 TERBAIKK jepe bro,No Online Gambling Promotion
S31ywBQB63s,Pilih bahan tros!!,Kalo gak coba nggak Rezaki bis ja J P T O G E L 77,"Resoki tidak akan mencoba J P T O G E L 77, No Online Gambling Promotion"
S31ywBQB63s,Pilih bahan tros!!,rngkad sempet putus asa sih main dapet referensi anak komunitas main JPTOGEL77 behhh semangat gw membara banget coy ngasi u google aja J P TO G E L 7 7,Online Gambling
S31ywBQB63s,Pilih bahan tros!!,Paling mantap cuman webb JPTOGEL77 member dimanjain kasih cuan,Online Gambling Promotion
S31ywBQB63s,Pilih bahan tros!!,Jangan mikir buruan aja bosku J P T O G E L 77,No Online Gambling Promotion
S31ywBQB63s,Pilih bahan tros!!,nikmat ngopi sembari nyelot momen maxwin nya langsung full senyum makasih website jptogel77 udh ngasih maxwin meningkat senang mainnya,Online Gambling Promotion
S31ywBQB63s,Pilih bahan tros!!,gak salah emang sodara gw maen J P TO G E L 7 7 hasilnya mantep bgt brooo maen bntaran doang udah dikasi narik gini kwkwkw makasih J P TO G E L 7 7 mantep,Online Gambling Promotion
S31ywBQB63s,Pilih bahan tros!!,nikmat ngopi sembari nyelot momen maxwin nya langsung full senyum makasih website JPTOGEL77 udh ngasih maxwin meningkat senang mainnya,Online Gambling Promotion
S31ywBQB63s,Pilih bahan tros!!,Gak maxwln provit segini main mahbaru nyoba udah kasih JP si JPTOGEL77 ni test aja,"udah kasih JP si JPTOGEL77 ni test aja, Online Gambling Promotion"
S31ywBQB63s,Pilih bahan tros!!,provider game terbaik JPTOGEL77 salah milih webb perkalin serinng turun modal receh kasih wd main terbaik ni webb,Online Gambling Promotion
S31ywBQB63s,Pilih bahan tros!!,Gak maxwln provit segini main mahbaru nyoba udah kasih JP si MAnDALIKA77 ni test aja,"nyooba udah kasih JP si Mandalika77 ni test aja, Online Gambling Promotion"
S31ywBQB63s,Pilih bahan tros!!,Paling mantap cuman webb JPTOGEL77 member dimanjain kasih cuan,Online Gambling Promotion
S31ywBQB63s,Pilih bahan tros!!,menang nya ga banyakyang ga bikin rungkadnaik sikit2 bukitini buktinya udah menang jptogel77di sambar kake zeusss wkkwkw,Online Gambling Promotion
S31ywBQB63s,Pilih bahan tros!!,asyik abang J P TO G E L 7 7 anjir terkejut kasih kemenangan kali menciptakan pas meleset,No Online Gambling Promotion
S31ywBQB63s,Pilih bahan tros!!,Ini keren kak main J P T O G E L 77 kasi JP kak Nga sangka sih dapet seginiuntung aja Temen nyaranin Server Luar ngerasain MAXWIN,Online Gambling Promotion
S31ywBQB63s,Pilih bahan tros!!,gacir gila JPTOGEL77 bikin jepe trs,Online Gambling Promotion
S31ywBQB63s,Pilih bahan tros!!,temen nyaranin bermain J P TO G E L 7 7 asian ngikutin saran temen wd,Online Gambling Promotion
S31ywBQB63s,Pilih bahan tros!!,Ternyata bgt dibilang teman gue main JPTOGEL77 gampang bgt dapetin maxwln member positif WD,Online Gambling Promotion
S31ywBQB63s,Pilih bahan tros!!,asyik abang J P TO G E L 7 7 anjir terkejut kasih kemenangan kali menciptakan pas meleset,No Online Gambling Promotion
S31ywBQB63s,Pilih bahan tros!!,udah gw coba bro bagus main JPTOGEL77 patut dibanggakan profitnya,"bagus main slot JPTOGEL77, patut dibanggakan profitnya, Online Gambling Promotion"
S31ywBQB63s,Pilih bahan tros!!,member JPTOGEL77 Udah kasih maxwin gila sih situs asli ga salah cobaain situs JPTOGEL77 member setia,"cobaain situs JPTOGEL77 member setia, Online Gambling Promotion"
S31ywBQB63s,Pilih bahan tros!!,gapernah gw temui situs gampang menang Mandalika tujuhtujuh,No Online Gambling Promotion
S31ywBQB63s,Pilih bahan tros!!,situs bagus rate kemenangan dibanding jptogel77 situs panutan gw,No Online Gambling Promotion
S31ywBQB63s,Pilih bahan tros!!,adminnya nyaman Bener2 hoki main J P TO G E L 7 7 proses depo cepat mantap Livechat fast respon gak pindah web deh udah betah main,Online Gambling Promotion
S31ywBQB63s,Pilih bahan tros!!,Pantesan aja teman sibuk ngajakin main JPTOGEL77 benaran tokcer bgt main langsung cair malam lumayan traktir teman2,Online Gambling Promotion
S31ywBQB63s,Pilih bahan tros!!,JPTOGEL77 main dikit saldo langsung byk,Online Gambling Promotion
S31ywBQB63s,Pilih bahan tros!!,Dari sekian ling coba cman webb J P TO G E L 7 7 yg bikin betah bagus webbnya kasih maxwn gak takut J P TO G E L 7 7,"webnya kasih maxwin, gak takut J P TO G E L 7 7, Online Gambling Promotion"
S31ywBQB63s,Pilih bahan tros!!,provider game terbaik JPTOGEL77 salah milih webb perkalin serinng turun modal receh kasih wd main terbaik ni webb,Online Gambling Promotion
S31ywBQB63s,Pilih bahan tros!!,Senang banget rezeki terduga MANDALIKA77,No Online Gambling Promotion
S31ywBQB63s,Pilih bahan tros!!,Iseng cuman coba depo receh situs JPTOGEL77 klau seandainya depo nggak kebayang mantap situs JPTOGEL77 langsung gas aja bro rasakan dimanjain ni BO,"langsung gacor aja bro rasakan dimanjain ni BO, Online Gambling Promotion"
S31ywBQB63s,Pilih bahan tros!!,main J P T O G E L 77 aman2 jaya aja yah gua dikasi proses nariknya cepet maju bosku,Online Gambling Promotion
S31ywBQB63s,Pilih bahan tros!!,percaya ama bro keluarga main jptogel77 banget JP dibanding situs,"bro, keluarga saya main jptogel77 banget JP dibanding situs, Online Gambling Promotion"
S31ywBQB63s,Pilih bahan tros!!,Modal receh hasil lumer mantap kali JPTOGEL77 sensasi maxwln berulang brooo kali nemu web seqacor chek langsung deh webbnya dp wd gesit prosesnya,Online Gambling Promotion
S31ywBQB63s,Pilih bahan tros!!,Mumpung gacornya gaskan aja bos J P T O G E L 77,Online Gambling Promotion
S31ywBQB63s,Pilih bahan tros!!,seru bang J P T O G E L 77 Alhamdulillah pensaran ku terjawabkan mampir disni JPTOGEL77 jamin H0k1,Online Gambling Promotion
S31ywBQB63s,Pilih bahan tros!!,ga cari untung menang segiini aja udah bersyukur banger gua game J P T O G E L 77 aja narik udah langsung masuk duit 2 menit aja,"sudah bersyukur bangga gua game J P T O G E L 77 aja, narik udah langsung masuk duit 2 menit aja, No Online Gambling Promotion"
S31ywBQB63s,Pilih bahan tros!!,Saran ane main JPTOGEL77 gak pelit link nya gw mmber barusan main auto lgsung maxwin pdhal modal receh doang,"ga perlu linknya, gw mungkin baru saja main auto lgsung maxwin pada modal rejeki doang, Online Gambling Promotion"
S31ywBQB63s,Pilih bahan tros!!,makasih banget loh JPTOGEL77 udah ngasih kesempatan ngerasain wd hasil maxwwin udh kunci akun ku gk wd,Online Gambling Promotion
S31ywBQB63s,Pilih bahan tros!!,Perasaan x deh nemu situs kayak JPTOGEL77 gak beli spin kasi gratis uda gitu dikasi Maxwin emg jos bgt ni JPTOGEL77 ga duanya deh,No Online Gambling Promotion
S31ywBQB63s,Pilih bahan tros!!,gua pasukan jptogel77 bro udah setia gw main amanah gampang JP,"udah setia gw main amanah gampang JP, Online Gambling Promotion"
S31ywBQB63s,Pilih bahan tros!!,Cuan gila gilaan J P TO G E L 7 7,Online Gambling Promotion
S31ywBQB63s,Pilih bahan tros!!,situs bagus rate kemenangan dibanding JPTOGEL77 situs panutan gw,Online Gambling Promotion
S31ywBQB63s,Pilih bahan tros!!,gua udah 5tahun main jptogel77 jangka profit gw ratusan juta bro emang beda web abalabal,Online Gambling Promotion
S31ywBQB63s,Pilih bahan tros!!,ajakin mabar temen bermain J P TO G E L 7 7 angkat topi sih kali bermain langsung kasih kemenangan server berhasil nih mantap memiliki broo,Online Gambling Promotion
S31ywBQB63s,Pilih bahan tros!!,edan web JPTOGEL77 gk bangkrut web nya kasih jepe gua udh 5 main kasih jepe mulu Kelen wajib main web JPTOGEL77 si wak,Online Gambling Promotion
S31ywBQB63s,Pilih bahan tros!!,menang gak dibayar nih langgana gua aja bro jptogel77 mantap deh gw u main tenang hp bunyi mulu wkkw,"gw u main tenang hp bunyi mulu wkkw, No Online Gambling Promotion"
S31ywBQB63s,Pilih bahan tros!!,Padahal moda tipis aja kasi Maxwin J P TO G E L 7 7 emg hoki bgt lha main disitus scternya gampang turun RTPnya akurat bgt buran cobain main MLNDALIKL77,ERROR
S31ywBQB63s,Pilih bahan tros!!,aja nih isi saldo ku semenjak main JPTOGEL77 bawaan nya se4lalu hepy saldo jarang sesak nafas mantap matap nih situs nya,Online Gambling Promotion
S31ywBQB63s,Pilih bahan tros!!,ga nyesel emang maen JPTOGEL77 enak bgt scatternya scaternya berisi manteplah JPTOGEL77,Online Gambling Promotion
S31ywBQB63s,Pilih bahan tros!!,sensasi nya beda bro main jptogel77 udah sekampung temen gw main JP,Online Gambling Promotion
S31ywBQB63s,Pilih bahan tros!!,ga nyarnin server abal abal dahgua udah tau main cari aja JPTOGEL77 ngab terbaikk situs sih teman wede coba deh ngab lumayan nambah2 isi dompet,Online Gambling Promotion
S31ywBQB63s,Pilih bahan tros!!,0242 bsa gtu wkwkwkw jptogel77,Online Gambling Promotion
S31ywBQB63s,Pilih bahan tros!!,Udah menang coba jptogel77 rasain,Online Gambling Promotion
S31ywBQB63s,Pilih bahan tros!!,main JPTOGEL77 Jarang2 ling bagus kali merasakan petir merah si kakek senang x hati hahaha,No Online Gambling Promotion
S31ywBQB63s,Pilih bahan tros!!,Malam nyobain deposit pakai GOPAY modal 50 ribu jptogel77 Gak nyangka putaran aja langsung jackpot Udah coba server VIETNAM main game Buffalo King untungnya melimpah WD udah 4 juta mimpi,Online Gambling Promotion
S31ywBQB63s,Pilih bahan tros!!,hidup gw enak brp main jptogel77 nih situs rekomen gw bro,Online Gambling Promotion
S31ywBQB63s,Pilih bahan tros!!,nya ketemu situs JPTOGEL77 JP coba dh lu gua aj kasih member,Online Gambling Promotion
S31ywBQB63s,Pilih bahan tros!!,kali awak rasain JP 100juta JPTOGEL77,Online Gambling Promotion
S31ywBQB63s,Pilih bahan tros!!,SUPER SEKALI JPTOGEL77 MANTAP,Online Gambling Promotion
S31ywBQB63s,Pilih bahan tros!!,kerap depo wd wd gw kerap wd depo abang rekomen web JPTOGEL77,"witdraw deposit ku, ku kerap witdraw deposit abang rekomendasi web JPTOGEL77, Online Gambling Promotion"
S31ywBQB63s,Pilih bahan tros!!,jptogel77 pelunas utang gw cok WKWKWKWK,Online Gambling Promotion
S31ywBQB63s,Pilih bahan tros!!,Cuman 35 menin main slt situs JPTOGEL77 asli gokik kali guys Gak bosan bener2 website yg gacor2 nya,"gak bosan benar-benar website yang gacor2 nyata, Online Gambling Promotion"
S31ywBQB63s,Pilih bahan tros!!,Baru WD bang main situs terbaik tergacor nama situsnya JPTOGEL77 mantap mnya,Online Gambling Promotion
S31ywBQB63s,Pilih bahan tros!!,pantes rame jptogel77 wkwkwkwkwk,Online Gambling Promotion
S31ywBQB63s,Pilih bahan tros!!,Gan hasil wede cair bermain dis3rver JPTOGEL77 angan angan member gua kelepek saking cakapnya JPTOGEL77 nyarik cuan,Online Gambling Promotion
S31ywBQB63s,Pilih bahan tros!!,JPTOGEL77 emang juara kepuasan bermain Cuan mengalir,Online Gambling Promotion
S31ywBQB63s,Pilih bahan tros!!,link nya JPTOGEL77 boss donk,Online Gambling Promotion
S31ywBQB63s,Pilih bahan tros!!,makasih JPTOGEL77 udah ngebuat kemenangan perihal lazim gue,"udah membuat kemenangan perihal lazim gue, Online Gambling Promotion"
S31ywBQB63s,Pilih bahan tros!!,enak banget maxwin nya ngap Cuman situs JPTOGEL77 gw ngerasain indah nya maxwin,"Cuman situs JPTOGEL77 gw ngerasain indahnya maxwin, Online Gambling Promotion"
S31ywBQB63s,Pilih bahan tros!!,sore sore gini nyantai main JPTOGEL77 dikasih maxwin hahaa Mudah maxwin,Online Gambling Promotion
S31ywBQB63s,Pilih bahan tros!!,Gak kecewa main JPTOGEL77 slt on fire,Online Gambling Promotion
S31ywBQB63s,Pilih bahan tros!!,bermain website langganan gw bro JPTOGEL77 ga butuh sertaan pola pola ga nyata emg situsnya bagus puteran sm pecahannya jg bagus gaskeun brooo bermain tipis2,
S31ywBQB63s,Pilih bahan tros!!,GW sampe meledak nih JPTOGEL77 jd 45jt,Online Gambling Promotion
S31ywBQB63s,Pilih bahan tros!!,Jangan ragu main JPTOGEL77 kepuasan wd gede Cuan,No Online Gambling Promotion
S31ywBQB63s,Pilih bahan tros!!,jptogel77 ramai nih tmn gw maen situ skrg,Online Gambling Promotion
S31ywBQB63s,Pilih bahan tros!!,Modal JPTOGEL77 dikasih pecahan Gak nyesel deh main Mantap,Online Gambling Promotion
S31ywBQB63s,Pilih bahan tros!!,Saya depo barusan 3x wdnya 7 kali JPTOGEL77,Online Gambling Promotion
S31ywBQB63s,Pilih bahan tros!!,Mas suka JP bagusan cobain JPTOGEL77 gua narikk maunya gua rejeki kebagi play JPTOGEL77,"gua narik maunya gua rejeki kebagi play JPTOGEL77, Online Gambling Promotion"
S31ywBQB63s,Pilih bahan tros!!,JPTOGEL77 slot gacor Mantul Terus Gelem Cuan,Online Gambling Promotion
S31ywBQB63s,Pilih bahan tros!!,duduk dudukk ngopii enak nya mainn slt JPTOGEL77,Online Gambling Promotion
S31ywBQB63s,Pilih bahan tros!!,iseng iseng ajak doi main jptogel77 kaget ngeliat petirnya kek wkwk,Online Gambling Promotion
S31ywBQB63s,Pilih bahan tros!!,beda website beda kodrat bosku bermain situsu JPTOGEL77 udah kodrat bosku knapa brani bilang website kodrat karna ngerasa alangkah mudah nya maxwin web,"beda kodrat bosku bermain situsu JPTOGEL77 udah kodrat bosku knapa brani bilang website kodrat karna ngerasa alangkah mudah nya maxwin web, Online Gambling Promotion"
S31ywBQB63s,Pilih bahan tros!!,bnyk yg puas JPTOGEL77 emg bnrn gacor ya slotnya ya,"slotnya ya, Online Gambling Promotion"
S31ywBQB63s,Pilih bahan tros!!,pas rungkad rungkad nya saranin main temen JPTOGEL77 kasih gacor,Online Gambling Promotion
S31ywBQB63s,Pilih bahan tros!!,Niat mo ngabesin sisa saldo JPTOGEL77 d kasih maxwin emng the best gak bikin kecewa si mantap BO gacor kali zeus nya bukain mesin perkalian JPTOGEL77,gak bikin kecewa si mantap BO gacor kali zeus nya buka mesin perkalian JPTOGEL7
S31ywBQB63s,Pilih bahan tros!!,jptogel77 terbaik dah,Online Gambling Promotion
S31ywBQB63s,Pilih bahan tros!!,main situs cuman umbar janji manis emang beneran UNTUNG main situs JPTOGEL77 ku gak menang eh dapet wEdEan,Online Gambling Promotion
S31ywBQB63s,Pilih bahan tros!!,kacau masbrayitungan nya gak melencengtidak merugikan memberselalu memperkaya member JPTOGEL77,Online Gambling Promotion
S31ywBQB63s,Pilih bahan tros!!,Cara daftarx JPTOGEL77 gmn bos,Online Gambling Promotion
S31ywBQB63s,Pilih bahan tros!!,udah ciuuaan deh main JPTOGEL77 ga pindah situs lagikarena situs uadah kksih menang beneran udah nyaman bangetttttttt,Online Gambling Promotion
S31ywBQB63s,Pilih bahan tros!!,Saran coba JPTOGEL77 bg link nya gak pelit tu mmber uda psti dikasih JP tmn gw jga mawin disitu,"tu mungkin udah diposting di kasih JP tmnn gw juga mauwin disitu, Online Gambling Promotion"
S31ywBQB63s,Pilih bahan tros!!,Cukup bagus bagus kali depo 30k dikasi wd 400 lumayan sensasi petir merah JPTOGEL77 cobain dah nihh,Online Gambling Promotion
S31ywBQB63s,Pilih bahan tros!!,Cuma kasi masukan aja Bang main JPTOGEL77 main sportif g Rungkad dikasi menang,"main JPTOGEL77 main sportif g Rungkad dikasi menang, Online Gambling Promotion"
S31ywBQB63s,Pilih bahan tros!!,Pragmatic nya JPTOGEL77 enak poll sih maen bet receh JP disana cari aja google JPTOGEL77,Online Gambling Promotion
S31ywBQB63s,Pilih bahan tros!!,Gua aja 2 pindah situs aja total kekalahan 80jt coba JPTOGEL77 perlahan harta,"coba JPTOGEL77 perlahan harta, Online Gambling Promotion"
S31ywBQB63s,Pilih bahan tros!!,Bangun tidur ku ngeslt emang paten kali JPTOGEL77 nih apa2 udah maxwin kirain mimpi doang maxwin,Online Gambling Promotion
S31ywBQB63s,Pilih bahan tros!!,udah langsung main JPTOGEL77 bang udah terjamin gacor banget zeusnya wkwkkwwk,Online Gambling Promotion
S31ywBQB63s,Pilih bahan tros!!,mantap bro JP tipis JPTOGEL77 ngakat aja udah lumayan makasih JPTOGEL77 udah kasih menang,Online Gambling Promotion
S31ywBQB63s,Pilih bahan tros!!,Awal sih ragu yah senang main JPTOGEL77 modal receehh doang lohhh,Online Gambling Promotion
S31ywBQB63s,Pilih bahan tros!!,gw main JPTOGEL77 sampe bikin 3 akun kirain rungkad salah eh wd mulu wkkwkwk,Online Gambling Promotion
S31ywBQB63s,Pilih bahan tros!!,PG Soft JPTOGEL77 bikin berasa kayak bos cuman situs gw dpt scatter hitam asli bro,"situs gw dapat scatter hitam asli, Online Gambling Promotion"
S31ywBQB63s,Pilih bahan tros!!,selamet alam memprihatinkan wkwk dorongan bermain JPTOGEL77 udah keuntungan game clam enventya astaga mantap memanglah lagak website nya bosskuu,Online Gambling Promotion
S31ywBQB63s,Pilih bahan tros!!,suka bertemu ni link JPTOGEL77 nya udah web coba web ngasih terimakasih,"sudah website coba website ngasih terimakasih, Online Gambling Promotion"
S31ywBQB63s,Pilih bahan tros!!,Capek bgt nemuin JPTOGEL77 trs,Online Gambling Promotion
S31ywBQB63s,Pilih bahan tros!!,Harapan semoga kedepannya cuan ya situs JPTOGEL77 hati wajib sih main situs,Online Gambling Promotion
S31ywBQB63s,Pilih bahan tros!!,Aku udah daftar JPTOGEL77 semoga mantap,Online Gambling Promotion
S31ywBQB63s,Pilih bahan tros!!,daftar sampe JPTOGEL77 kasih terbaik hehe love banget pokonya google bray JPTOGEL77,"kasih terbaik hehe love banget pokonya google bray JPTOGEL77, Online Gambling Promotion"
S31ywBQB63s,Pilih bahan tros!!,heran lihat postingan pda JP jdi penasaran coba main receha ehh beneran JP seneng banget dooonggg slot gacor gampang maxwin pragmatic play JPTOGEL77 nama situsnya bro,Online Gam
S31ywBQB63s,Pilih bahan tros!!,makasih admin sahabat sahabat udah membujuk bermain jptogel77 gacor akut,Online Gambling Promotion
S31ywBQB63s,Pilih bahan tros!!,situs JPTOGEL77 bro gak makan orang mala kasih uang main disni makasi la uda recomen,"makasi la udah rekomendasi, Online Gambling Promotion"
S31ywBQB63s,Pilih bahan tros!!,g prnah bosan gua main JPTOGEL77 situs nya ga pelit kya situs2 nya main g lngsng ksh wd,Online Gambling Promotion
S31ywBQB63s,Pilih bahan tros!!,anjir jptogel77 situs kesukaan teman gw,Online Gambling Promotion
S31ywBQB63s,Pilih bahan tros!!,aja gw coba jptogel77 semalam lumayan dpt 2jt,Online Gambling Promotion
S31ywBQB63s,Pilih bahan tros!!,oke jptogel77 gas gas gas,Online Gambling Promotion
S31ywBQB63s,Pilih bahan tros!!,Makasih bang link gacor nya barusan WD gak lumayan kopi rokok mantap depo WD aman lancar jaya emang enak main JPTOGEL77 bang,Online Gambling Promotion
S31ywBQB63s,Pilih bahan tros!!,jptogel77 MAKASIH BNRN ASIK JP AJA,Online Gambling Promotion
S31ywBQB63s,Pilih bahan tros!!,nih jam segini dikasih JPTOGEL77,Online Gambling Promotion
S31ywBQB63s,Pilih bahan tros!!,nih galau rungkad coba main JPTOGEL77 seminggu join kasih JP gede brayy,Online Gambling Promotion
S31ywBQB63s,Pilih bahan tros!!,Ibarat pepatah gak kenal gak sayang silahkan coba bro main JPTOGEL77 rasakan main JPTOGEL77 maxwin bro,"silahkan coba bro main JPTOGEL77 rasakan main JPTOGEL77 maxwin, Online Gambling Promotion"
S31ywBQB63s,Pilih bahan tros!!,jptogel77 GAMPANG MENANGNYA,Online Gambling Promotion
S31ywBQB63s,Pilih bahan tros!!,Habis kesamber petirnya kakek main JPTOGEL77 scatternya gilagilaanputarannya bagus mantap kali main bang,Online Gambling Promotion
S31ywBQB63s,Pilih bahan tros!!,Setiap kali menang JPTOGEL77,Online Gambling Promotion
S31ywBQB63s,Pilih bahan tros!!,seru banget main JPTOGEL77 Modal 100 menang gac0rnya diluar dugaan,Online Gambling Promotion
S31ywBQB63s,Pilih bahan tros!!,kek JPTOGEL77 gini situs mantap member wajib menang,"member wajib menang, Online Gambling Promotion"
S31ywBQB63s,Pilih bahan tros!!,SUPER SEKALI JPTOGEL77 MANTAP,Online Gambling Promotion
S31ywBQB63s,Pilih bahan tros!!,nih bray situs gacor inpo tetangga JPTOGEL77 seminggu join kasih JP gede brayy,Online Gambling Promotion
S31ywBQB63s,Pilih bahan tros!!,sipaling ADA Di mana2 cok JPTOGEL77 hduh,Online Gambling Promotion
S31ywBQB63s,Pilih bahan tros!!,Buat berani main bet 2000 modal 100rb doang ehh dikasih maxwin kakek mantap bener emng situs nya JPTOGEL77 gass gini terpecaya situs nya,Online Gambling Prom
S31ywBQB63s,Pilih bahan tros!!,main jptogel77 udah gw rasakan mmg gacor,Online Gambling Promotion
S31ywBQB63s,Pilih bahan tros!!,asu jptogel77 asli gacor mantapppp,Online Gambling Promotion
S31ywBQB63s,Pilih bahan tros!!,situs terbesar kebanggan gw jptogel77,Online Gambling Promotion
S31ywBQB63s,Pilih bahan tros!!,Senyum senyum udah main situs JPTOGEL77 asli sih nyantai nyoba depo dikit saldonya brayy terbaik emang cari aja google JPTOGEL77,Online Gambling Promotion
S31ywBQB63s,Pilih bahan tros!!,tmn gw jptogel77 rame bgt tuh situs bre gila,Online Gambling Promotion
S31ywBQB63s,Pilih bahan tros!!,cmn main JPTOGEL77 gw dpt teriakan mantap ayaaaaaang,Online Gambling Promotion
S31ywBQB63s,Pilih bahan tros!!,SUPER MANTAP JPTOGEL77 TERBAIK PALING MANTAP DENGAN RTP DI ATAS 98 BAGUS BANGET SEMOGA HOKI SEMOGA BISA NULAR SAMA PELAYER LAIN,
S31ywBQB63s,Pilih bahan tros!!,Beneran gak sih soalna ane udah dpt JP jptogel77,Online Gambling Promotion
S31ywBQB63s,Pilih bahan tros!!,enaknya abang nrima web gacor JPTOGEL77 bermukim nunggu jam melambung nya aja ngab,Online Gambling Promotion
S31ywBQB63s,Pilih bahan tros!!,Luar orang baikberkah semoga rejekix berlipat gandadan slalu kesehatan JPTOGEL77 emang top,Online Gambling Promotion
S31ywBQB63s,Pilih bahan tros!!,kasih uang jg JPTOGEL77 lumayan nongki ngopi with teman teman besok wkwkw,Online Gambling Promotion
S31ywBQB63s,Pilih bahan tros!!,oalahhh gua prnah cog main JPTOGEL77 bnran lgsg wd wkwk,Online Gambling Promotion
S31ywBQB63s,Pilih bahan tros!!,Saya merasakan keberuntungan JPTOGEL77 gabung bro,"gabung bro, Online Gambling Promotion"
S31ywBQB63s,Pilih bahan tros!!,blh coba jptogel77,Online Gambling Promotion
S31ywBQB63s,Pilih bahan tros!!,Tpi Jujur Gua main JPTOGEL77 sih emg gg lgsg wede,Online Gambling Promotion
S31ywBQB63s,Pilih bahan tros!!,pantes tongkrongan maen jptogel77,Online Gambling Promotion
S31ywBQB63s,Pilih bahan tros!!,ga bikin kecewa kalo main JPTOGEL77 game nya bagusmpuatarannya bonuss mantap betull la,"puataranannya bonuss mantap betul, Online Gambling Promotion"
S31ywBQB63s,Pilih bahan tros!!,JPTOGEL77 makasi uda ngasih keren pokoknya JPTOGEL77 sesuai pnya isi nya,Online Gambling Promotion
S31ywBQB63s,Pilih bahan tros!!,gw kasi kisi2 lembut sikit bermain la JPTOGEL77 anak nih brani kasi wr tinggi2 wkwkwkwk gas kapok,"brani akan tinggi, hehehehe, gas kapokLabel: Online Gambling Promotion"
S31ywBQB63s,Pilih bahan tros!!,Sungguh ku sangka sungguh ku duga new member auto cuan main JPTOGEL77 scatternya gampang kali keluarnya Pola acak gass keun,Online Gambling Promotion
S31ywBQB63s,Pilih bahan tros!!,SUPER MANTAPrasakan SENSASIONAL PGSOFT OLYMPUS SAMA PRINCES Lainnya JPTOGEL77,Online Gambling Promotion
S31ywBQB63s,Pilih bahan tros!!,main server emang mantep ga turun naek nih jptogel77,Online Gambling Promotion
1-x14zFtRDo,Ayang bandel deh😘,Ke Sinabang cocok kuat jomblo bang bang,No Online Gambling Promotion
1-x14zFtRDo,Ayang bandel deh😘,Alayyyy,No Online Gambling Promotion
1-x14zFtRDo,Ayang bandel deh😘,Dasar gila,No Online Gambling Promotion
1-x14zFtRDo,Ayang bandel deh😘,Gak banget sih tangan dek nya jomblo,No Online Gambling Promotion
1-x14zFtRDo,Ayang bandel deh😘,Halu dah tuh,No Online Gambling Promotion
1-x14zFtRDo,Ayang bandel deh😘,Yah jomblo kajian delo ga pacar,No Online Gambling Promotion
1-x14zFtRDo,Ayang bandel deh😘,Waduh kasian banget jomblo pacar nama nya rapan,No Online Gambling Promotion
1-x14zFtRDo,Ayang bandel deh😘,Terus bang bikin kayak gini,No Online Gambling Promotion
1-x14zFtRDo,Ayang bandel deh😘,SOK ganteng bgt sih,No Online Gambling Promotion
1-x14zFtRDo,Ayang bandel deh😘,Sini biar aja yg tanganya,No Online Gambling Promotion
1-x14zFtRDo,Ayang bandel deh😘,hahahahahaahahahahahahahahah lucu,No Online Gambling Promotion
1-x14zFtRDo,Ayang bandel deh😘,Aneh banget,ERROR
1-x14zFtRDo,Ayang bandel deh😘,To jelad,No Online Gambling Promotion
1-x14zFtRDo,Ayang bandel deh😘,1000,No Online Gambling Promotion
1-x14zFtRDo,Ayang bandel deh😘,Afi,ERROR
1-x14zFtRDo,Ayang bandel deh😘,Sehat sehat ya sayang,ERROR
1-x14zFtRDo,Ayang bandel deh😘,Sayang,ERROR
1-x14zFtRDo,Ayang bandel deh😘,Caper kegatelan mending bikin konten,No Online Gambling Promotion
1-x14zFtRDo,Ayang bandel deh😘,Kalomaupunyapacar gantengindulutuhmuka,No Online Gambling Promotion
1-x14zFtRDo,Ayang bandel deh😘,najis banget,No Online Gambling Promotion
1-x14zFtRDo,Ayang bandel deh😘,Anjay ganteng jomblo,No Online Gambling Promotion
1-x14zFtRDo,Ayang bandel deh😘,Woi BG kau cewek nggak syarat nomor wa nya,"ngagak syarat nomor WA nya, No Online Gambling Promotion"
1-x14zFtRDo,Ayang bandel deh😘,KA gak ngmong beneran orang loh,No Online Gambling Promotion
1-x14zFtRDo,Ayang bandel deh😘,tangan ka Luar loh,No Online Gambling Promotion
1-x14zFtRDo,Ayang bandel deh😘,Ddfffffaaaaaaaaaaassaaaaaaaaaaeee,No Online Gambling Promotion
1-x14zFtRDo,Ayang bandel deh😘,jomblo 78kita gak tau tangan tertipu cok,No Online Gambling Promotion
1-x14zFtRDo,Ayang bandel deh😘,Malah kayak org stresss,No Online Gambling Promotion
1-x14zFtRDo,Ayang bandel deh😘,COWOK nYA PAKEK KUTEK,No Online Gambling Promotion
1-x14zFtRDo,Ayang bandel deh😘,Tangan,ERROR
1-x14zFtRDo,Ayang bandel deh😘,sayang ku makan sayang tunggu in kerja kalo pulang ku kabari ya,"saya sangat menunggu kerja. Kalo pulangku kabarkan ya, No Online Gambling Promotion"
1-x14zFtRDo,Ayang bandel deh😘,Makasih bang link gacir nya barusan WD gak lumayan kopi rokok mantap depo WD aman lancar jaya emang enak main JPTOGEL77 bang,"ga lembur kopi rokok mantap depo WD aman lan cara jaya emang enak main JPTOGEL77 bang, Online Gambling Promotion"
1-x14zFtRDo,Ayang bandel deh😘,Sukses JPTOGEL77,Online Gambling Promotion
1-x14zFtRDo,Ayang bandel deh😘,Up Up Upaku coba bang gacir sltnya ya JPTOGEL77 pantes rame kali comment hahaha,Online Gambling Promotion
1-x14zFtRDo,Ayang bandel deh😘,makasihh bangeett temeenkuu udah kasih rekomend web JPTOGEL77 ga rungkad web sebela,Online Gambling Promotion
1-x14zFtRDo,Ayang bandel deh😘,cmn main JPTOGEL77 gw dpt teriakan mantap ayaaaaaang,Online Gambling Promotion
1-x14zFtRDo,Ayang bandel deh😘,Up Up Upaku coba bang gacir sltnya ya JPTOGEL77 pantes rame kali comment hahaha,Online Gambling Promotion
1-x14zFtRDo,Ayang bandel deh😘,TERIMAKASIH JPTOGEL77 MENANG SUPER HOKI KEREN TEPERCAYA DAN NYATA,Online Gambling Promotion
1-x14zFtRDo,Ayang bandel deh😘,gw main JPTOGEL77 sampe bikin 3 akun kirain rungkad salah eh wd mulu wkkwkwk,Online Gambling Promotion
1-x14zFtRDo,Ayang bandel deh😘,cmn main JPTOGEL77 gw dpt teriakan mantap ayaaaaaang,"gw dpt teriakan mantap, Online Gambling Promotion"
1-x14zFtRDo,Ayang bandel deh😘,kacau masbrayitungan nya gak melencengtidak merugikan memberselalu memperkaya member JPTOGEL77,Online Gambling Promotion
1-x14zFtRDo,Ayang bandel deh😘,Riwayat kalah ku situs sebelah cuman situs JPTOGEL77 penyelamat keuangan ku,Online Gambling Promotion
1-x14zFtRDo,Ayang bandel deh😘,Sukses JPTOGEL77,Online Gambling Promotion
1-x14zFtRDo,Ayang bandel deh😘,suci vidya jiwex xixixix tll oh brngx jupuk kuuu ngga,No Online Gambling Promotion
1-x14zFtRDo,Ayang bandel deh😘,45,ERROR
1-x14zFtRDo,Ayang bandel deh😘,Makanya kalo pacar nyari diem rumah,No Online Gambling Promotion
1-x14zFtRDo,Ayang bandel deh😘,G,ERROR
1-x14zFtRDo,Ayang bandel deh😘,ngakak banget bang,No Online Gambling Promotion
1-x14zFtRDo,Ayang bandel deh😘,Udah pacar,ERROR
1-x14zFtRDo,Ayang bandel deh😘,Ayang,No Online Gambling Promotion
1-x14zFtRDo,Ayang bandel deh😘,Julukan download cewek aneh banget,No Online Gambling Promotion
1-x14zFtRDo,Ayang bandel deh😘,Kakakjodogekayangmanaakujodohikakakku,No Online Gambling Promotion
1-x14zFtRDo,Ayang bandel deh😘,Ang ang ang ang ang,No Online Gambling Promotion
1-x14zFtRDo,Ayang bandel deh😘,200k,ERROR
1-x14zFtRDo,Ayang bandel deh😘,Pacarnya,No Online Gambling Promotion
1-x14zFtRDo,Ayang bandel deh😘,Wkwkwkkwkk,No Online Gambling Promotion
1-x14zFtRDo,Ayang bandel deh😘,Ayang badel,No Online Gambling Promotion
1-x14zFtRDo,Ayang bandel deh😘,Orang ciuman tangan Abang aja,No Online Gambling Promotion
1-x14zFtRDo,Ayang bandel deh😘,Halu ya bang,No Online Gambling Promotion
1-x14zFtRDo,Ayang bandel deh😘,Ruhd9udkyhigvwjyghhhhhhhog9kfffff8iblyduygu6guydu6ghhg0ggh7tgjgdvhgvjghhgjguyjugughuyhugdhydhdujj semoga jodohnya,ERROR
1-x14zFtRDo,Ayang bandel deh😘,Menghayal,No Online Gambling Promotion
1-x14zFtRDo,Ayang bandel deh😘,Kak tirani tangan cewe nya tangan,No Online Gambling Promotion
1-x14zFtRDo,Ayang bandel deh😘,gilo,No Online Gambling Promotion
1-x14zFtRDo,Ayang bandel deh😘,Anjing loh jomblo,No Online Gambling Promotion
1-x14zFtRDo,Ayang bandel deh😘,Di BOH,No Online Gambling Promotion
1-x14zFtRDo,Ayang bandel deh😘,Gila,No Online Gambling Promotion
1-x14zFtRDo,Ayang bandel deh😘,ngakak,No Online Gambling Promotion
1-x14zFtRDo,Ayang bandel deh😘,Location gak pacar,ERROR
1-x14zFtRDo,Ayang bandel deh😘,Bang pas pasan fidio kk,No Online Gambling Promotion
1-x14zFtRDo,Ayang bandel deh😘,Kk jomblo ya,No Online Gambling Promotion
1-x14zFtRDo,Ayang bandel deh😘,Menghayal,No Online Gambling Promotion
1-x14zFtRDo,Ayang bandel deh😘,Ang ang ang ang,No Online Gambling Promotion
1-x14zFtRDo,Ayang bandel deh😘,Aaaa,No Online Gambling Promotion
1-x14zFtRDo,Ayang bandel deh😘,Ayang mu lpu,Online Gambling Promotion
1-x14zFtRDo,Ayang bandel deh😘,Halu doang bang,No Online Gambling Promotion
1-x14zFtRDo,Ayang bandel deh😘,Aku udah duga gak beneran,No Online Gambling Promotion
1-x14zFtRDo,Ayang bandel deh😘,lawak,No Online Gambling Promotion
1-x14zFtRDo,Ayang bandel deh😘,Sok asik,No Online Gambling Promotion
1-x14zFtRDo,Ayang bandel deh😘,Ha ha ha ha ha ha ha kocak njir,No Online Gambling Promotion
1-x14zFtRDo,Ayang bandel deh😘,Ayangnya dah,No Online Gambling Promotion
1-x14zFtRDo,Ayang bandel deh😘,Sok ganteng,ERROR
1-x14zFtRDo,Ayang bandel deh😘,Ahaksiagadlad,No Online Gambling Promotion
1-x14zFtRDo,Ayang bandel deh😘,Bang kesini rumah adek gue vely suka banget,No Online Gambling Promotion
1-x14zFtRDo,Ayang bandel deh😘,Sok cewek luh,No Online Gambling Promotion
1-x14zFtRDo,Ayang bandel deh😘,Jomblo ya kk,No Online Gambling Promotion
1-x14zFtRDo,Ayang bandel deh😘,Masih jombonya hahahaha upsori,No Online Gambling Promotion
1-x14zFtRDo,Ayang bandel deh😘,Haha jomblo hihi,"hihi, No Online Gambling Promotion"
1-x14zFtRDo,Ayang bandel deh😘,Luarbiasa,No Online Gambling Promotion
1-x14zFtRDo,Ayang bandel deh😘,Kamujomblo,No Online Gambling Promotion
1-x14zFtRDo,Ayang bandel deh😘,Ngakak banget,No Online Gambling Promotion
1-x14zFtRDo,Ayang bandel deh😘,lu cu,No Online Gambling Promotion
1-x14zFtRDo,Ayang bandel deh😘,dkkriekeldpdo,No Online Gambling Promotion
1-x14zFtRDo,Ayang bandel deh😘,Kaka jomblo ya,No Online Gambling Promotion
1-x14zFtRDo,Ayang bandel deh😘,kakitu tangan qalsu,No Online Gambling Promotion
1-x14zFtRDo,Ayang bandel deh😘,Sampe nahan ketawa gk tu,No Online Gambling Promotion
1-x14zFtRDo,Ayang bandel deh😘,Kasian banget jomblo,No Online Gambling Promotion
1-x14zFtRDo,Ayang bandel deh😘,S E N D i R i A N,No Online Gambling Promotion
1-x14zFtRDo,Ayang bandel deh😘,Sudah ku duka,No Online Gambling Promotion
1-x14zFtRDo,Ayang bandel deh😘,Luapr orang,No Online Gambling Promotion
1-x14zFtRDo,Ayang bandel deh😘,sayang,No Online Gambling Promotion
1-x14zFtRDo,Ayang bandel deh😘,bego tolok,No Online Gambling Promotion
1-x14zFtRDo,Ayang bandel deh😘,Mputina,No Online Gambling Promotion
1-x14zFtRDo,Ayang bandel deh😘,AHAH,No Online Gambling Promotion
1-x14zFtRDo,Ayang bandel deh😘,Yotjy,No Online Gambling Promotion
1-x14zFtRDo,Ayang bandel deh😘,Kasian,No Online Gambling Promotion
1-x14zFtRDo,Ayang bandel deh😘,qwqq1aa7691134t40987654322,No Online Gambling Promotion
1-x14zFtRDo,Ayang bandel deh😘,Hahaha,No Online Gambling Promotion
1-x14zFtRDo,Ayang bandel deh😘,Sendiri,No Online Gambling Promotion
1-x14zFtRDo,Ayang bandel deh😘,Aneh,ERROR
1-x14zFtRDo,Ayang bandel deh😘,kutek nya,No Online Gambling Promotion
1-x14zFtRDo,Ayang bandel deh😘,Wi jomblo nih,No Online Gambling Promotion
1-x14zFtRDo,Ayang bandel deh😘,Kebanyakan ngehalu,No Online Gambling Promotion
1-x14zFtRDo,Ayang bandel deh😘,Jomblo ya,No Online Gambling Promotion
1-x14zFtRDo,Ayang bandel deh😘,Sabar bang,No Online Gambling Promotion
1-x14zFtRDo,Ayang bandel deh😘,Zomblo ya kak,No Online Gambling Promotion
1-x14zFtRDo,Ayang bandel deh😘,ngakak bgtt,No Online Gambling Promotion
1-x14zFtRDo,Ayang bandel deh😘,Uai,No Online Gambling Promotion
1-x14zFtRDo,Ayang bandel deh😘,Jombloya minimal pacar,No Online Gambling Promotion
1-x14zFtRDo,Ayang bandel deh😘,alay,No Online Gambling Promotion
1-x14zFtRDo,Ayang bandel deh😘,lusinting ha,No Online Gambling Promotion
1-x14zFtRDo,Ayang bandel deh😘,kukira beneran co,No Online Gambling Promotion
1-x14zFtRDo,Ayang bandel deh😘,Garing,ERROR
1-x14zFtRDo,Ayang bandel deh😘,Udts s xsj Gy Ds talude brge,No Online Gambling Promotion
1-x14zFtRDo,Ayang bandel deh😘,Udh ketebak soalya kalo cewek digituin gak marah yakan,No Online Gambling Promotion
1-x14zFtRDo,Ayang bandel deh😘,Makan cobro dirumah si Yaya jamblo lu ya,No Online Gambling Promotion
1-x14zFtRDo,Ayang bandel deh😘,Kukira cewek pernyataan kocak banget iki abangnya,No Online Gambling Promotion
1-x14zFtRDo,Ayang bandel deh😘,pacar gak jomblo bikin vidio,No Online Gambling Promotion
1-x14zFtRDo,Ayang bandel deh😘,jomblo ya,No Online Gambling Promotion
1-x14zFtRDo,Ayang bandel deh😘,Kaksamapotoyayangakupuya,No Online Gambling Promotion
1-x14zFtRDo,Ayang bandel deh😘,Yang sabarb y bang,No Online Gambling Promotion
1-x14zFtRDo,Ayang bandel deh😘,gila kau pao longok,No Online Gambling Promotion
1-x14zFtRDo,Ayang bandel deh😘,Udah gila nih orang,No Online Gambling Promotion
1-x14zFtRDo,Ayang bandel deh😘,Tapi tangan ny cantik cuy,No Online Gambling Promotion
1-x14zFtRDo,Ayang bandel deh😘,Ganteng banget kakkkkk,No Online Gambling Promotion
1-x14zFtRDo,Ayang bandel deh😘,Ni orang ngerasa si,No Online Gambling Promotion
1-x14zFtRDo,Ayang bandel deh😘,Haha,ERROR
1-x14zFtRDo,Ayang bandel deh😘,Komen judol jirrr,No Online Gambling Promotion
1-x14zFtRDo,Ayang bandel deh😘,Kakkokitutamgansendi,No Online Gambling Promotion
1-x14zFtRDo,Ayang bandel deh😘,falih,No Online Gambling Promotion
1-x14zFtRDo,Ayang bandel deh😘,kukirahayangbeneranternyatatanggannyabeneranmalahpacaransamatanggannyasendiri,No Online Gambling Promotion
1-x14zFtRDo,Ayang bandel deh😘,Udah kh kek gini Gejala nya gmna,No Online Gambling Promotion
1-x14zFtRDo,Ayang bandel deh😘,Didepan kamerajahat banget Dibelakang kamerakasian ya,"Dibelakang kamera kasian ya, No Online Gambling Promotion"
1-x14zFtRDo,Ayang bandel deh😘,iww,No Online Gambling Promotion
1-x14zFtRDo,Ayang bandel deh😘,Jomdo,No Online Gambling Promotion
1-x14zFtRDo,Ayang bandel deh😘,hizanmabsap,No Online Gambling Promotion
1-x14zFtRDo,Ayang bandel deh😘,Sok ganteng2 ngak punnya pacar alai,No Online Gambling Promotion
1-x14zFtRDo,Ayang bandel deh😘,Ang ang ang,No Online Gambling Promotion
1-x14zFtRDo,Ayang bandel deh😘,Oyorhuuincoehdiuthpdi Irhrh,No Online Gambling Promotion
1-x14zFtRDo,Ayang bandel deh😘,Semoga kakaknya pacar ya amin,No Online Gambling Promotion
1-x14zFtRDo,Ayang bandel deh😘,burik,No Online Gambling Promotion
1-x14zFtRDo,Ayang bandel deh😘,Hihihihi jomlo,No Online Gambling Promotion
1-x14zFtRDo,Ayang bandel deh😘,jerawat tu kah kah sis selamat lahir semoga Allah kesembuhan,No Online Gambling Promotion
1-x14zFtRDo,Ayang bandel deh😘,jerawat tu kah kah sis selamat lahir semoga Allah kesembuhan,No Online Gambling Promotion
1-x14zFtRDo,Ayang bandel deh😘,iwan selamat lahir semoga Allah kesembuhan Allah,"Semoga Allah kesembuhan Allah, No Online Gambling Promotion"
1-x14zFtRDo,Ayang bandel deh😘,iwan selamat lahir semoga Allah kesembuhan Allah,"Semoga Allah kesembuhan Allah, No Online Gambling Promotion"
1-x14zFtRDo,Ayang bandel deh😘,Ngakak banget coy,No Online Gambling Promotion
1-x14zFtRDo,Ayang bandel deh😘,Ndak sehat,ERROR
1-x14zFtRDo,Ayang bandel deh😘,Sehat,ERROR
1-x14zFtRDo,Ayang bandel deh😘,Lo Lo loooooooo ya,No Online Gambling Promotion
1-x14zFtRDo,Ayang bandel deh😘,Pao,ERROR
1-x14zFtRDo,Ayang bandel deh😘,haha lucu,No Online Gambling Promotion
1-x14zFtRDo,Ayang bandel deh😘,hhhhhhhh,No Online Gambling Promotion
1-x14zFtRDo,Ayang bandel deh😘,suka,No Online Gambling Promotion
1-x14zFtRDo,Ayang bandel deh😘,Najisssss Raka nf raka sok ganteng,No Online Gambling Promotion
1-x14zFtRDo,Ayang bandel deh😘,Halu lohhh,No Online Gambling Promotion
1-x14zFtRDo,Ayang bandel deh😘,Ya jomblo,No Online Gambling Promotion
1-x14zFtRDo,Ayang bandel deh😘,Bangkitlah jodohmu ku cewek tanganmu bang,No Online Gambling Promotion
1-x14zFtRDo,Ayang bandel deh😘,Lebay,No Online Gambling Promotion
1-x14zFtRDo,Ayang bandel deh😘,Gitu aja nggak bawa konten,No Online Gambling Promotion
1-x14zFtRDo,Ayang bandel deh😘,JOMBLO BANYAK GAYA PADA HAL HALU,No Online Gambling Promotion
1-x14zFtRDo,Ayang bandel deh😘,Iucu banget KA k raka,No Online Gambling Promotion
1-x14zFtRDo,Ayang bandel deh😘,emememem hahahahahahahahahah,No Online Gambling Promotion
1-x14zFtRDo,Ayang bandel deh😘,Jgjc,No Online Gambling Promotion
1-x14zFtRDo,Ayang bandel deh😘,Kamu sedeng ya nggada,No Online Gambling Promotion
1-x14zFtRDo,Ayang bandel deh😘,Sapui kodong jomlo i huiuuuu,No Online Gambling Promotion
1-x14zFtRDo,Ayang bandel deh😘,Raka nf,No Online Gambling Promotion
1-x14zFtRDo,Ayang bandel deh😘,Abahjlombo,No Online Gambling Promotion
1-x14zFtRDo,Ayang bandel deh😘,Kocak,No Online Gambling Promotion
1-x14zFtRDo,Ayang bandel deh😘,jomblo gini,No Online Gambling Promotion
1-x14zFtRDo,Ayang bandel deh😘,Cinta seringkali diuji tingkah situ letak manisnya,No Online Gambling Promotion
1-x14zFtRDo,Ayang bandel deh😘,ganteng ganteng jomblo,No Online Gambling Promotion
1-x14zFtRDo,Ayang bandel deh😘,Raka Mau Gak Jadi Pacar Putri,No Online Gambling Promotion
1-x14zFtRDo,Ayang bandel deh😘,Ta,No Online Gambling Promotion
1-x14zFtRDo,Ayang bandel deh😘,l,ERROR
1-x14zFtRDo,Ayang bandel deh😘,Kasian deh lo jomblo,No Online Gambling Promotion
1-x14zFtRDo,Ayang bandel deh😘,Kenapa tangan nya,No Online Gambling Promotion
1-x14zFtRDo,Ayang bandel deh😘,Cari jodoh ya,No Online Gambling Promotion
1-x14zFtRDo,Ayang bandel deh😘,Ya allah,No Online Gambling Promotion
1-x14zFtRDo,Ayang bandel deh😘,ngakak banget kak,No Online Gambling Promotion
1-x14zFtRDo,Ayang bandel deh😘,Bf dvd x x,No Online Gambling Promotion
1-x14zFtRDo,Ayang bandel deh😘,l,ERROR
1-x14zFtRDo,Ayang bandel deh😘,gajilas,No Online Gambling Promotion
1-x14zFtRDo,Ayang bandel deh😘,gini,No Online Gambling Promotion
1-x14zFtRDo,Ayang bandel deh😘,Ihhh ganteng banget jir,No Online Gambling Promotion
1-x14zFtRDo,Ayang bandel deh😘,ami,No Online Gambling Promotion
1-x14zFtRDo,Ayang bandel deh😘,Kuku nya njir,No Online Gambling Promotion
1-x14zFtRDo,Ayang bandel deh😘,Asik,ERROR
1-x14zFtRDo,Ayang bandel deh😘,Eilyn,ERROR
1-x14zFtRDo,Ayang bandel deh😘,Ngakak bunnnn hahahhhhhhhhhhh,No Online Gambling Promotion
1-x14zFtRDo,Ayang bandel deh😘,Love you,ERROR
1-x14zFtRDo,Ayang bandel deh😘,sok ganteng,No Online Gambling Promotion
1-x14zFtRDo,Ayang bandel deh😘,Hahaha beneran,No Online Gambling Promotion
1-x14zFtRDo,Ayang bandel deh😘,Abhtk,No Online Gambling Promotion
1-x14zFtRDo,Ayang bandel deh😘,Cie cie,No Online Gambling Promotion
1-x14zFtRDo,Ayang bandel deh😘,Itu ma tahan ya ratau,No Online Gambling Promotion
1-x14zFtRDo,Ayang bandel deh😘,jomloya minimal pacar,No Online Gambling Promotion
1-x14zFtRDo,Ayang bandel deh😘,dkjdjr,No Online Gambling Promotion
1-x14zFtRDo,Ayang bandel deh😘,dikirain duduk berduaan tangan cowok nya,No Online Gambling Promotion
1-x14zFtRDo,Ayang bandel deh😘,Gila deh kayak nya deh,No Online Gambling Promotion
1-x14zFtRDo,Ayang bandel deh😘,Konten tai,ERROR
1-x14zFtRDo,Ayang bandel deh😘,Ya,ERROR
1-x14zFtRDo,Ayang bandel deh😘,gua pasukan jptogel77 bro udah setia gw main amanah gampang JP,"udah setia gw main amanah gampang JP, Online Gambling Promotion"
1-x14zFtRDo,Ayang bandel deh😘,situs tu jptogel77 kasi wede lancar ga apa2,Online Gambling Promotion
1-x14zFtRDo,Ayang bandel deh😘,Malam nyobain deposit pakai GOPAY modal 50 ribu jptogel77 Gak nyangka putaran aja langsung jackpot Udah coba server VIETNAM main game Buffalo King untungnya melimpah WD udah 4 juta mimpi,Online Gambling Promotion
1-x14zFtRDo,Ayang bandel deh😘,temen nyaranin bermain J P TO G E L 7 7 asian ngikutin saran temen wd,Online Gambling Promotion
1-x14zFtRDo,Ayang bandel deh😘,rngkad sempet putus asa sih main dapet referensi anak komunitas main JPTOGEL77 behhh semangat gw membara banget coy ngasi u google aja J P TO G E L 7 7,Online Gambling
1-x14zFtRDo,Ayang bandel deh😘,Kalo gak coba nggak Rezaki bis ja J P T O G E L 77,"Resoki tidak akan mencoba J P T O G E L 77, No Online Gambling Promotion"
1-x14zFtRDo,Ayang bandel deh😘,seru bang J P T O G E L 77 Alhamdulillah pensaran ku terjawabkan mampir disni JPTOGEL77 jamin H0k1,Online Gambling Promotion
1-x14zFtRDo,Ayang bandel deh😘,asik dikasih rezeki makasih bget y J P TO G E L 7 7 kudoakan webbnya bangkit biar kasih sIotter profit wkwk gk ambil pusing main J P TO G E L 7 7 bang siap2 WD aja pokoknya,ERROR
1-x14zFtRDo,Ayang bandel deh😘,JPTOGEL77 gampang banget dapet hasil gede gk ribet,Online Gambling Promotion
1-x14zFtRDo,Ayang bandel deh😘,makasih banget loh JPTOGEL77 udah ngasih kesempatan ngerasain wd hasil maxwwin udh kunci akun ku gk wd,Online Gambling Promotion
1-x14zFtRDo,Ayang bandel deh😘,main JPTOGEL77 aman2 jaya aja yah gua dikasi proses nariknya cepet maju bosku,Online Gambling Promotion
1-x14zFtRDo,Ayang bandel deh😘,u abis gak duitnya gara2 kalah pindah nih bagusnya u google J P TO G E L 7 7 aja betahh deh,Online Gambling Promotion
1-x14zFtRDo,Ayang bandel deh😘,Ternyata main JPTOGEL77 bikin rezeki langsung gacir,Online Gambling Promotion
1-x14zFtRDo,Ayang bandel deh😘,the bestt la server negri inisanagt beda server lokaludah ga berapling situs main JPTOGEL77 aja,"tidak ada apa-apa situs main JPTOGEL77 hanya itu, Online Gambling Promotion"
1-x14zFtRDo,Ayang bandel deh😘,ga nyesel emang maen JPTOGEL77 enak bgt scatternya scaternya berisi manteplah JPTOGEL77,Online Gambling Promotion
1-x14zFtRDo,Ayang bandel deh😘,temen nyaranin bermain J P TO G E L 7 7 asian ngikutin saran temen wd,No Online Gambling Promotion
1-x14zFtRDo,Ayang bandel deh😘,tidur auto spin jptogel77 bangun2 saldo udah battery lowbett ngantor senyam senyum macem udah gila cari aja google tu jptogel77,"Bangun2 saldo, udah battery lowbett, ngantor senyam senyum macem, udah gila, cari aja google tu jptogel77, Online Gambling Promotion"
1-x14zFtRDo,Ayang bandel deh😘,adminnya nyaman Bener2 hoki main JPTOGEL77 proses depo cepat mantap Livechat fast respon gak pindah web deh udah betah main,Online Gambling Promotion
1-x14zFtRDo,Ayang bandel deh😘,JPTOGEL77 main dikit saldo langsung byk,Online Gambling Promotion
1-x14zFtRDo,Ayang bandel deh😘,sobat jptogel77 emang patut banggakan situs beneran gampang JP,Online Gambling Promotion
1-x14zFtRDo,Ayang bandel deh😘,Padahal moda tipis aja kasi Maxwin J P TO G E L 7 7 emg hoki bgt lha main disitus scternya gampang turun RTPnya akurat bgt buran cobain main MLNDALIKL77,ERROR
1-x14zFtRDo,Ayang bandel deh😘,nikmat ngopi sembari nyelot momen maxwin nya langsung full senyum makasih website jptogel77 udh ngasih maxwin meningkat senang mainnya,Online Gambling Promotion
1-x14zFtRDo,Ayang bandel deh😘,Ternyata bgt dibilang teman gue main JPTOGEL77 gampang bgt dapetin maxwin member positif WD,Online Gambling Promotion
1-x14zFtRDo,Ayang bandel deh😘,udah kali gue main jptogel77 wd meluncur aman bonus slalu,Online Gambling Promotion
1-x14zFtRDo,Ayang bandel deh😘,Perasaan x deh nemu situs kayak MLNDALIKL77 gak beli spin kasi gratis uda gitu dikasi Maxwin emg jos bgt ni JPTOGEL77 ga duanya deh,Online Gambling Promotion
1-x14zFtRDo,Ayang bandel deh😘,ga nyesel emang maen JPTOGEL77 enak bgt scatternya scaternya berisi manteplah JPTOGEL77,Online Gambling Promotion
1-x14zFtRDo,Ayang bandel deh😘,Modal receh hasil lumer mantap kali JPTOGEL77 sensasi maxwln berulang brooo kali nemu web seqacor chek langsung deh webbnya dp wd gesit prosesnya,Online Gambling Promotion
1-x14zFtRDo,Ayang bandel deh😘,main jptogel77 bro enak banget gampang jp,Online Gambling Promotion
1-x14zFtRDo,Ayang bandel deh😘,jam segini main kakek JPTOGEL77 bikin nagih lurr scatter nya gampang turun sketer perkalian nya konek,Online Gambling Promotion
1-x14zFtRDo,Ayang bandel deh😘,0535 JPTOGEL77 ngadu nasib wkwkw,Online Gambling Promotion
1-x14zFtRDo,Ayang bandel deh😘,Memang main jptogel77 untung saran teman menang,Online Gambling Promotion
1-x14zFtRDo,Ayang bandel deh😘,situs tu kyk J P TO G E L 7 7 kasi wede lancar ga apa2,No Online Gambling Promotion
1-x14zFtRDo,Ayang bandel deh😘,tidur auto spin J P TO G E L 7 7 bangun2 saldo udah battery lowbett ngantor senyam senyum macem udah gila cari aja google tu J P TO G E L 7 7,"Bangun2 saldo udah battery lowbett ngantor senyam senyum macem udah gila cari aja google tu J P TO G E L 7 7, Online Gambling Promotion"
1-x14zFtRDo,Ayang bandel deh😘,mekswin J P TO G E L 7 7,No Online Gambling Promotion
1-x14zFtRDo,Ayang bandel deh😘,member langsung dikasih jajanan meningkat senang bermain J P TO G E L 7 7 sih gk ubah web ni,No Online Gambling Promotion
1-x14zFtRDo,Ayang bandel deh😘,bersyukur banget gw main situs Mandalika tujuhtujuh udah lunasin utang grgr main situs situs bener edan bro gampang menang,No Online Gambling Promotion
1-x14zFtRDo,Ayang bandel deh😘,Jangan mikir buruan aja bosku J P T O G E L 77,No Online Gambling Promotion
1-x14zFtRDo,Ayang bandel deh😘,percaya ama bro keluarga main jptogel77 banget JP dibanding situs,Online Gambling Promotion
1-x14zFtRDo,Ayang bandel deh😘,jptogel77 juara maxwin,Online Gambling Promotion
1-x14zFtRDo,Ayang bandel deh😘,JPTOGEL77 jackpot gk paham sehokinya,No Online Gambling Promotion
1-x14zFtRDo,Ayang bandel deh😘,Modal receh hasil lumer mantap kali JPTOGEL77 sensasi maxwn berulang brooo kali nemu web seqacor chek langsung deh webbnya dp wd gesit prosesnya,Online Gambling Promotion
1-x14zFtRDo,Ayang bandel deh😘,gapernah gw temui situs gampang menang JPTOGEL77,Online Gambling Promotion
1-x14zFtRDo,Ayang bandel deh😘,TRENDING 1 GILAA MAMEEEN J P T O G E L 77,No Online Gambling Promotion
1-x14zFtRDo,Ayang bandel deh😘,aja nih isi saldo ku semenjak main JPTOGEL77 bawaan nya se4lalu hepy saldo jarang sesak nafas mantap matap nih situs nya,Online Gambling Promotion
1-x14zFtRDo,Ayang bandel deh😘,0701 JPTOGEL77,Online Gambling Promotion
1-x14zFtRDo,Ayang bandel deh😘,provider game terbaik JPTOGEL77 salah milih webb perkalin serinng turun modal receh kasih wd main terbaik ni webb,"wd main terbaik ni webb, Online Gambling Promotion"
1-x14zFtRDo,Ayang bandel deh😘,edan web JPTOGEL77 gk bangkrut web nya kasih jepe gua udh 5 main kasih jepe mulu Kelen wajib main web J P TO G E L 7 7 si wak,Online Gambling Promotion
1-x14zFtRDo,Ayang bandel deh😘,JPTOGEL77 tampil fitur,No Online Gambling Promotion
1-x14zFtRDo,Ayang bandel deh😘,ajakin mabar temen bermain J P TO G E L 7 7 angkat topi sih kali bermain langsung kasih kemenangan server berhasil nih mantap memiliki broo,Online Gambling Promotion
1-x14zFtRDo,Ayang bandel deh😘,udah 5 gua main kali temu situs beneran gampang jp enak banget JPTOGEL77 bro,Online Gambling Promotion
1-x14zFtRDo,Ayang bandel deh😘,aja bro gw main jptogel77 bener ngasih menang ga kyk situs nyedot,"saya main judi slot jptogel77 benar-benar menang, tidak ada situs yang terdakwa mencuri , Online Gambling Promotion"
1-x14zFtRDo,Ayang bandel deh😘,Coba main brooo member auto manjain web nya nama webnya MLNDALIKL77 nyoba eh nyangkut nih situs cari aja google MLNDALIKL77,"member auto manjain web nya nama webnya MLNDALIKL77, nyoba eh nyangkut nih situs cari aja google MLNDALIKL77, Online Gambling Promotion"
1-x14zFtRDo,Ayang bandel deh😘,Begitu mantap memuaskan Bermain MANDALIKA77 lancar hambatan rezeki mengalir deras,Online Gambling Promotion
1-x14zFtRDo,Ayang bandel deh😘,tengkiu bosku kasi teman2 setongkrongan traktiran makan minum bagus mudah mudahan meningkat berhasil J P TO G E L 7 7,Online Gambling Promotion
1-x14zFtRDo,Ayang bandel deh😘,Jomlokan kasian deh loh,No Online Gambling Promotion
1-x14zFtRDo,Ayang bandel deh😘,G,No Online Gambling Promotion
1-x14zFtRDo,Ayang bandel deh😘,K,ERROR
1-x14zFtRDo,Ayang bandel deh😘,I ganteng banget,No Online Gambling Promotion
1-x14zFtRDo,Ayang bandel deh😘,wkwkwkwkwk,No Online Gambling Promotion
1-x14zFtRDo,Ayang bandel deh😘,intan,No Online Gambling Promotion
1-x14zFtRDo,Ayang bandel deh😘,wkwkwk,No Online Gambling Promotion
1-x14zFtRDo,Ayang bandel deh😘,Jijik gw,No Online Gambling Promotion
1-x14zFtRDo,Ayang bandel deh😘,Pada suara kentut sih ramalan cuaca,No Online Gambling Promotion
1-x14zFtRDo,Ayang bandel deh😘,gatenamakujuWit,No Online Gambling Promotion
1-x14zFtRDo,Ayang bandel deh😘,Gileko,No Online Gambling Promotion
1-x14zFtRDo,Ayang bandel deh😘,AflfAHya,No Online Gambling Promotion
1-x14zFtRDo,Ayang bandel deh😘,Kau 120343343,No Online Gambling Promotion
1-x14zFtRDo,Ayang bandel deh😘,Bang jomblo sabar ya bang semoga cewek 5,No Online Gambling Promotion
1-x14zFtRDo,Ayang bandel deh😘,KK pacar ku nama ku Kiya,ERROR
1-x14zFtRDo,Ayang bandel deh😘,Itu cuman bohong bohongan masak beneran mah,No Online Gambling Promotion
1-x14zFtRDo,Ayang bandel deh😘,Kalo bikin konten pacaran terua bikin nyebelin,No Online Gambling Promotion
1-x14zFtRDo,Ayang bandel deh😘,Malahan cuman konten,No Online Gambling Promotion
1-x14zFtRDo,Ayang bandel deh😘,Jellekah,ERROR
1-x14zFtRDo,Ayang bandel deh😘,Jomblo ya jomblo ya,No Online Gambling Promotion
1-x14zFtRDo,Ayang bandel deh😘,Ada aja kak cow,No Online Gambling Promotion
1-x14zFtRDo,Ayang bandel deh😘,_ hehe,No Online Gambling Promotion
1-x14zFtRDo,Ayang bandel deh😘,Semoga Momon jomblo,No Online Gambling Promotion
1-x14zFtRDo,Ayang bandel deh😘,Caper cewe gak cewe,No Online Gambling Promotion
1-x14zFtRDo,Ayang bandel deh😘,Gilakk,No Online Gambling Promotion
1-x14zFtRDo,Ayang bandel deh😘,Aku aja pacar,ERROR
1-x14zFtRDo,Ayang bandel deh😘,ng tidur,No Online Gambling Promotion
1-x14zFtRDo,Ayang bandel deh😘,Gilaa looooooo jombloooooooo,No Online Gambling Promotion
1-x14zFtRDo,Ayang bandel deh😘,BoDok ku pacar nya gobok,No Online Gambling Promotion
1-x14zFtRDo,Ayang bandel deh😘,Yajom lo,No Online Gambling Promotion
1-x14zFtRDo,Ayang bandel deh😘,Abang pacaran ya,ERROR
1-x14zFtRDo,Ayang bandel deh😘,Yang SABAR ya mas Semoga Tahun Bisa Bikin Konten Bersama Dia Semoga Diapun Bersudi Membantu Hingga Terlihat Jelas Kalau Mas Benar Punya Pasanga Semangat mas,"semoga tahun bisa bikin konten bersama dia, semoga diapun bersudi membantu hingga terlihat jelas kalau mas benar punya pasangan semangat mas , No Online Gambling Promotion"
1-x14zFtRDo,Ayang bandel deh😘,Abang Gila,No Online Gambling Promotion
1-x14zFtRDo,Ayang bandel deh😘,Kakak jomblo ya aja udah pacar udah putusin kerana udah gak suka hua,"udah putusin kerana udah gak suka huat, No Online Gambling Promotion"
1-x14zFtRDo,Ayang bandel deh😘,Bagus konten nya,No Online Gambling Promotion
1-x14zFtRDo,Ayang bandel deh😘,Chgng,No Online Gambling Promotion
1-x14zFtRDo,Ayang bandel deh😘,kocak banget,No Online Gambling Promotion
1-x14zFtRDo,Ayang bandel deh😘,J,ERROR
1-x14zFtRDo,Ayang bandel deh😘,Ayang ku iloveyou,No Online Gambling Promotion
1-x14zFtRDo,Ayang bandel deh😘,Go,ERROR
1-x14zFtRDo,Ayang bandel deh😘,Lucu nya,ERROR
1-x14zFtRDo,Ayang bandel deh😘,Ubur ubur ikan lele jombloyale,No Online Gambling Promotion
1-x14zFtRDo,Ayang bandel deh😘,Rgt,No Online Gambling Promotion
1-x14zFtRDo,Ayang bandel deh😘,Dsr botipikmi sok asik sok gntg,No Online Gambling Promotion
1-x14zFtRDo,Ayang bandel deh😘,gilaaa kasih wd JPTOGEL77 modal receh doang main,Online Gambling Promotion
jiWshdKG4b0,BUKA PUASA JAM 4 SORE DISINI! - Negara-Negara Yang Paling SEBENTAR Puasa #faktaunik #comedy #lucu,Kalo cepet sahur Aceh buka puasa Papua pesawat Kan Aceh Papua WIB WIT selisih 2 jam Jadi puasanya 11 jam aja kalo sahur Aceh pergi Papua Pesawat buka puasa disana,"Kan Aceh Papua WIB WIT selisih 2 jam, Jadi puasanya 11 jam aja kalo sahur Aceh pergi Papua Pesawat"
jiWshdKG4b0,BUKA PUASA JAM 4 SORE DISINI! - Negara-Negara Yang Paling SEBENTAR Puasa #faktaunik #comedy #lucu,gua buka jam 1900,No Online Gambling Promotion
jiWshdKG4b0,BUKA PUASA JAM 4 SORE DISINI! - Negara-Negara Yang Paling SEBENTAR Puasa #faktaunik #comedy #lucu,6 Malaysia aja berbuka 730 patut bersyukur loh,No Online Gambling Promotion
jiWshdKG4b0,BUKA PUASA JAM 4 SORE DISINI! - Negara-Negara Yang Paling SEBENTAR Puasa #faktaunik #comedy #lucu,bolak mulu bangbtw pin ga,No Online Gambling Promotion
jiWshdKG4b0,BUKA PUASA JAM 4 SORE DISINI! - Negara-Negara Yang Paling SEBENTAR Puasa #faktaunik #comedy #lucu,aduh jam1550,No Online Gambling Promotion
jiWshdKG4b0,BUKA PUASA JAM 4 SORE DISINI! - Negara-Negara Yang Paling SEBENTAR Puasa #faktaunik #comedy #lucu,Di buka jam 7,No Online Gambling Promotion
jiWshdKG4b0,BUKA PUASA JAM 4 SORE DISINI! - Negara-Negara Yang Paling SEBENTAR Puasa #faktaunik #comedy #lucu,mening amerika puasa nya,No Online Gambling Promotion
jiWshdKG4b0,BUKA PUASA JAM 4 SORE DISINI! - Negara-Negara Yang Paling SEBENTAR Puasa #faktaunik #comedy #lucu,ujungnya menghina NU,No Online Gambling Promotion
jiWshdKG4b0,BUKA PUASA JAM 4 SORE DISINI! - Negara-Negara Yang Paling SEBENTAR Puasa #faktaunik #comedy #lucu,Puasa kutub Utara 1 jam,No Online Gambling Promotion
jiWshdKG4b0,BUKA PUASA JAM 4 SORE DISINI! - Negara-Negara Yang Paling SEBENTAR Puasa #faktaunik #comedy #lucu,Mau puasa ya cepatdipapau,No Online Gambling Promotion
jiWshdKG4b0,BUKA PUASA JAM 4 SORE DISINI! - Negara-Negara Yang Paling SEBENTAR Puasa #faktaunik #comedy #lucu,Kutub utara kutub 1 jam,No Online Gambling Promotion
jiWshdKG4b0,BUKA PUASA JAM 4 SORE DISINI! - Negara-Negara Yang Paling SEBENTAR Puasa #faktaunik #comedy #lucu,Jepang Be Like 16 Jam,No Online Gambling Promotion
jiWshdKG4b0,BUKA PUASA JAM 4 SORE DISINI! - Negara-Negara Yang Paling SEBENTAR Puasa #faktaunik #comedy #lucu,Api,No Online Gambling Promotion
jiWshdKG4b0,BUKA PUASA JAM 4 SORE DISINI! - Negara-Negara Yang Paling SEBENTAR Puasa #faktaunik #comedy #lucu,Api,ERROR
jiWshdKG4b0,BUKA PUASA JAM 4 SORE DISINI! - Negara-Negara Yang Paling SEBENTAR Puasa #faktaunik #comedy #lucu,Sama,No Online Gambling Promotion
jiWshdKG4b0,BUKA PUASA JAM 4 SORE DISINI! - Negara-Negara Yang Paling SEBENTAR Puasa #faktaunik #comedy #lucu,Bang russia aja 1 jam,No Online Gambling Promotion
jiWshdKG4b0,BUKA PUASA JAM 4 SORE DISINI! - Negara-Negara Yang Paling SEBENTAR Puasa #faktaunik #comedy #lucu,Bang gw gak sahur pas puasa full batal,No Online Gambling Promotion
jiWshdKG4b0,BUKA PUASA JAM 4 SORE DISINI! - Negara-Negara Yang Paling SEBENTAR Puasa #faktaunik #comedy #lucu,Bang russia ad kota yg 1 jam puasanya lupa nama kotanya,No Online Gambling Promotion
jiWshdKG4b0,BUKA PUASA JAM 4 SORE DISINI! - Negara-Negara Yang Paling SEBENTAR Puasa #faktaunik #comedy #lucu,Mending puasa Russia,No Online Gambling Promotion
jiWshdKG4b0,BUKA PUASA JAM 4 SORE DISINI! - Negara-Negara Yang Paling SEBENTAR Puasa #faktaunik #comedy #lucu,lahh kat malaysia buka puasa kul 7,No Online Gambling Promotion
jiWshdKG4b0,BUKA PUASA JAM 4 SORE DISINI! - Negara-Negara Yang Paling SEBENTAR Puasa #faktaunik #comedy #lucu,Malaysia puasa sahur 5buka732,No Online Gambling Promotion
jiWshdKG4b0,BUKA PUASA JAM 4 SORE DISINI! - Negara-Negara Yang Paling SEBENTAR Puasa #faktaunik #comedy #lucu,Inget negara emang puasa sebentar kalo segi makanan nikmat kayak negara tercinta,No Online Gambling Promotion
jiWshdKG4b0,BUKA PUASA JAM 4 SORE DISINI! - Negara-Negara Yang Paling SEBENTAR Puasa #faktaunik #comedy #lucu,Pergi Rusia aja bg puasanya cuman 1 jam,No Online Gambling Promotion
jiWshdKG4b0,BUKA PUASA JAM 4 SORE DISINI! - Negara-Negara Yang Paling SEBENTAR Puasa #faktaunik #comedy #lucu,Di mursmank rusia puasany cm 1 jam,No Online Gambling Promotion
jiWshdKG4b0,BUKA PUASA JAM 4 SORE DISINI! - Negara-Negara Yang Paling SEBENTAR Puasa #faktaunik #comedy #lucu,enak rusia 1 jam,No Online Gambling Promotion
jiWshdKG4b0,BUKA PUASA JAM 4 SORE DISINI! - Negara-Negara Yang Paling SEBENTAR Puasa #faktaunik #comedy #lucu,Negara bentar puasanya yak rusia puasanya 1jam rusia musim dingin dimana polar night disana matahari singkat durasinya bentar bgt bangun tidur lasung sahur jalan bentar lasung buka cuman sesingkat singkatnya puasa melupakan sholat singkat solat disana,ERROR
jiWshdKG4b0,BUKA PUASA JAM 4 SORE DISINI! - Negara-Negara Yang Paling SEBENTAR Puasa #faktaunik #comedy #lucu,Menurutku puasa singkat Murmansk Rusia durasinya 1 jam Ini letak geografis Murmansk lingkaran Arktik mengalami fenomena malam kutub musim dingin matahari terbit Bahkan shalat shubuh magrib isya bersamaan Ibaratnya gini puasa pagi pagi 1 jam aja,Ini letak geografis Murmansk lingkaran Arktik mengalami fenomena malam kutub musim dingin matahari terbit Bahkan shalat
jiWshdKG4b0,BUKA PUASA JAM 4 SORE DISINI! - Negara-Negara Yang Paling SEBENTAR Puasa #faktaunik #comedy #lucu,kacau masbrayitungan nya gak melencengtidak merugikan memberselalu memperkaya member JPTOGEL77,Online Gambling Promotion
jiWshdKG4b0,BUKA PUASA JAM 4 SORE DISINI! - Negara-Negara Yang Paling SEBENTAR Puasa #faktaunik #comedy #lucu,gw main JPTOGEL77 sampe bikin 3 akun kirain rungkad salah eh wd mulu wkkwkwk,No Online Gambling Promotion
jiWshdKG4b0,BUKA PUASA JAM 4 SORE DISINI! - Negara-Negara Yang Paling SEBENTAR Puasa #faktaunik #comedy #lucu,Makasih bang link gacir nya barusan WD gak lumayan kopi rokok mantap depo WD aman lancar jaya emang enak main JPTOGEL77 bang,Online Gambling Promotion
jiWshdKG4b0,BUKA PUASA JAM 4 SORE DISINI! - Negara-Negara Yang Paling SEBENTAR Puasa #faktaunik #comedy #lucu,Sukses JPTOGEL77,Online Gambling Promotion
jiWshdKG4b0,BUKA PUASA JAM 4 SORE DISINI! - Negara-Negara Yang Paling SEBENTAR Puasa #faktaunik #comedy #lucu,gila JPTOGEL77 member kasi JP trus,Online Gambling Promotion
jiWshdKG4b0,BUKA PUASA JAM 4 SORE DISINI! - Negara-Negara Yang Paling SEBENTAR Puasa #faktaunik #comedy #lucu,Akhirnya ngerasain nama nya maxwinemang mantap situs terpercaya JPTOGEL77 mayan buatk modal nongkrong temen temen broo,"mayan buatk modal nongkrong temen temen broo, Online Gambling Promotion"
jiWshdKG4b0,BUKA PUASA JAM 4 SORE DISINI! - Negara-Negara Yang Paling SEBENTAR Puasa #faktaunik #comedy #lucu,Saran coba JPTOGEL77 bg link nya gak pelit tu mmber uda psti dikasih JP tmn gw jga mawin disitu,"tu mungkin udah diposting di kasih JP tmn, yang saya mauwin disitu, Online Gambling Promotion"
jiWshdKG4b0,BUKA PUASA JAM 4 SORE DISINI! - Negara-Negara Yang Paling SEBENTAR Puasa #faktaunik #comedy #lucu,cmn main JPTOGEL77 gw dpt teriakan mantap ayaaaaaang,Online Gambling Promotion
jiWshdKG4b0,BUKA PUASA JAM 4 SORE DISINI! - Negara-Negara Yang Paling SEBENTAR Puasa #faktaunik #comedy #lucu,gw tau JPTOGEL77 komen asli bnrn gacir,Online Gambling Promotion
jiWshdKG4b0,BUKA PUASA JAM 4 SORE DISINI! - Negara-Negara Yang Paling SEBENTAR Puasa #faktaunik #comedy #lucu,gila JPTOGEL77 member kasi JP trus,Online Gambling Promotion
jiWshdKG4b0,BUKA PUASA JAM 4 SORE DISINI! - Negara-Negara Yang Paling SEBENTAR Puasa #faktaunik #comedy #lucu,Up Up Upaku coba bang gacir sltnya ya JPTOGEL77 pantes rame kali comment hahaha,"uppa, upakuku coba bang gacir slotnya ya JPTOGEL77 pante rame kali comment hahaha, Online Gambling Promotion"
jiWshdKG4b0,BUKA PUASA JAM 4 SORE DISINI! - Negara-Negara Yang Paling SEBENTAR Puasa #faktaunik #comedy #lucu,gilaaa kasih wd JPTOGEL77 modal receh doang main,Online Gambling Promotion
jiWshdKG4b0,BUKA PUASA JAM 4 SORE DISINI! - Negara-Negara Yang Paling SEBENTAR Puasa #faktaunik #comedy #lucu,Malaysia 14 jam,No Online Gambling Promotion
jiWshdKG4b0,BUKA PUASA JAM 4 SORE DISINI! - Negara-Negara Yang Paling SEBENTAR Puasa #faktaunik #comedy #lucu,kalo gasalah negeri gitu puasanya 1 jam aja,No Online Gambling Promotion
jiWshdKG4b0,BUKA PUASA JAM 4 SORE DISINI! - Negara-Negara Yang Paling SEBENTAR Puasa #faktaunik #comedy #lucu,Ngawor rek,No Online Gambling Promotion
jiWshdKG4b0,BUKA PUASA JAM 4 SORE DISINI! - Negara-Negara Yang Paling SEBENTAR Puasa #faktaunik #comedy #lucu,Kemaren vt negara gtu puasa 1jam,No Online Gambling Promotion
jiWshdKG4b0,BUKA PUASA JAM 4 SORE DISINI! - Negara-Negara Yang Paling SEBENTAR Puasa #faktaunik #comedy #lucu,gak papa sahur jam4 buka6 malay sahur 5 buka 7,"buka malam sahur 5, buka 7, No Online Gambling Promotion"
jiWshdKG4b0,BUKA PUASA JAM 4 SORE DISINI! - Negara-Negara Yang Paling SEBENTAR Puasa #faktaunik #comedy #lucu,RANIK,ERROR
jiWshdKG4b0,BUKA PUASA JAM 4 SORE DISINI! - Negara-Negara Yang Paling SEBENTAR Puasa #faktaunik #comedy #lucu,chile nya 9 jam bg,No Online Gambling Promotion
jiWshdKG4b0,BUKA PUASA JAM 4 SORE DISINI! - Negara-Negara Yang Paling SEBENTAR Puasa #faktaunik #comedy #lucu,Sebenarnya Amerika tempatnya SpongeBob gak puasa,No Online Gambling Promotion
jiWshdKG4b0,BUKA PUASA JAM 4 SORE DISINI! - Negara-Negara Yang Paling SEBENTAR Puasa #faktaunik #comedy #lucu,Di Malaysia jamnya 500 727,No Online Gambling Promotion
jiWshdKG4b0,BUKA PUASA JAM 4 SORE DISINI! - Negara-Negara Yang Paling SEBENTAR Puasa #faktaunik #comedy #lucu,14 jam wow,No Online Gambling Promotion
jiWshdKG4b0,BUKA PUASA JAM 4 SORE DISINI! - Negara-Negara Yang Paling SEBENTAR Puasa #faktaunik #comedy #lucu,Di sulawesi 14 jam buka nya,No Online Gambling Promotion
jiWshdKG4b0,BUKA PUASA JAM 4 SORE DISINI! - Negara-Negara Yang Paling SEBENTAR Puasa #faktaunik #comedy #lucu,penasaran greenland buka puasanya yaa,No Online Gambling Promotion
jiWshdKG4b0,BUKA PUASA JAM 4 SORE DISINI! - Negara-Negara Yang Paling SEBENTAR Puasa #faktaunik #comedy #lucu,Yailaa Indonesia 13 jam doang noh Persija aja Puasa 7 Tahun kuat,No Online Gambling Promotion
jiWshdKG4b0,BUKA PUASA JAM 4 SORE DISINI! - Negara-Negara Yang Paling SEBENTAR Puasa #faktaunik #comedy #lucu,Sini Arab Saudi bang puasanya 16 jam berangkat dr Indo jam 8 Arab sore Indo dh buka lu nambah puasa 4 jam wkwkwk,No Online Gambling Promotion
jiWshdKG4b0,BUKA PUASA JAM 4 SORE DISINI! - Negara-Negara Yang Paling SEBENTAR Puasa #faktaunik #comedy #lucu,Bukannya 3 jam,No Online Gambling Promotion
jiWshdKG4b0,BUKA PUASA JAM 4 SORE DISINI! - Negara-Negara Yang Paling SEBENTAR Puasa #faktaunik #comedy #lucu,Kalo pas puasa pesawat gimana ya pahama ga,No Online Gambling Promotion
jiWshdKG4b0,BUKA PUASA JAM 4 SORE DISINI! - Negara-Negara Yang Paling SEBENTAR Puasa #faktaunik #comedy #lucu,Aku 15 jam bg,No Online Gambling Promotion
jiWshdKG4b0,BUKA PUASA JAM 4 SORE DISINI! - Negara-Negara Yang Paling SEBENTAR Puasa #faktaunik #comedy #lucu,Gw dati jam 6 sampe 7,No Online Gambling Promotion
jiWshdKG4b0,BUKA PUASA JAM 4 SORE DISINI! - Negara-Negara Yang Paling SEBENTAR Puasa #faktaunik #comedy #lucu,1257,ERROR
jiWshdKG4b0,BUKA PUASA JAM 4 SORE DISINI! - Negara-Negara Yang Paling SEBENTAR Puasa #faktaunik #comedy #lucu,NuukGreenland Bersyukur Lu,No Online Gambling Promotion
jiWshdKG4b0,BUKA PUASA JAM 4 SORE DISINI! - Negara-Negara Yang Paling SEBENTAR Puasa #faktaunik #comedy #lucu,Mak makan mak makan,No Online Gambling Promotion
jiWshdKG4b0,BUKA PUASA JAM 4 SORE DISINI! - Negara-Negara Yang Paling SEBENTAR Puasa #faktaunik #comedy #lucu,Lu niat puasa g sih,No Online Gambling Promotion
jiWshdKG4b0,BUKA PUASA JAM 4 SORE DISINI! - Negara-Negara Yang Paling SEBENTAR Puasa #faktaunik #comedy #lucu,Biarpun kadar pahalanya beda,No Online Gambling Promotion
jiWshdKG4b0,BUKA PUASA JAM 4 SORE DISINI! - Negara-Negara Yang Paling SEBENTAR Puasa #faktaunik #comedy #lucu,Kalo puasa nya 13 jam pahalalo,No Online Gambling Promotion
jiWshdKG4b0,BUKA PUASA JAM 4 SORE DISINI! - Negara-Negara Yang Paling SEBENTAR Puasa #faktaunik #comedy #lucu,Di Russia aja 1 jam aja,No Online Gambling Promotion
jiWshdKG4b0,BUKA PUASA JAM 4 SORE DISINI! - Negara-Negara Yang Paling SEBENTAR Puasa #faktaunik #comedy #lucu,Aku sahur jam 3 buka jam 6,"buka jam 6, No Online Gambling Promotion"
jiWshdKG4b0,BUKA PUASA JAM 4 SORE DISINI! - Negara-Negara Yang Paling SEBENTAR Puasa #faktaunik #comedy #lucu,Di arab 9 jam,No Online Gambling Promotion
jiWshdKG4b0,BUKA PUASA JAM 4 SORE DISINI! - Negara-Negara Yang Paling SEBENTAR Puasa #faktaunik #comedy #lucu,Kutub Utara aja 1 jam Doang,No Online Gambling Promotion
jiWshdKG4b0,BUKA PUASA JAM 4 SORE DISINI! - Negara-Negara Yang Paling SEBENTAR Puasa #faktaunik #comedy #lucu,Pas nonton jam 1300,No Online Gambling Promotion
jiWshdKG4b0,BUKA PUASA JAM 4 SORE DISINI! - Negara-Negara Yang Paling SEBENTAR Puasa #faktaunik #comedy #lucu,3,Online Gambling Promotion
jiWshdKG4b0,BUKA PUASA JAM 4 SORE DISINI! - Negara-Negara Yang Paling SEBENTAR Puasa #faktaunik #comedy #lucu,Mendingan puasa Rusia 1 jam aja,No Online Gambling Promotion
jiWshdKG4b0,BUKA PUASA JAM 4 SORE DISINI! - Negara-Negara Yang Paling SEBENTAR Puasa #faktaunik #comedy #lucu,Berarti gw 14,No Online Gambling Promotion
jiWshdKG4b0,BUKA PUASA JAM 4 SORE DISINI! - Negara-Negara Yang Paling SEBENTAR Puasa #faktaunik #comedy #lucu,Enak banget sahur jam 400 jam 600 sahur jam 300 buka jam 657,"jam 600 sahur jam 300 buka jam 657, No Online Gambling Promotion"
jiWshdKG4b0,BUKA PUASA JAM 4 SORE DISINI! - Negara-Negara Yang Paling SEBENTAR Puasa #faktaunik #comedy #lucu,Oh no keyboard cogan bbb,No Online Gambling Promotion
jiWshdKG4b0,BUKA PUASA JAM 4 SORE DISINI! - Negara-Negara Yang Paling SEBENTAR Puasa #faktaunik #comedy #lucu,Ciri ciri manusia gak niat puasa,No Online Gambling Promotion
jiWshdKG4b0,BUKA PUASA JAM 4 SORE DISINI! - Negara-Negara Yang Paling SEBENTAR Puasa #faktaunik #comedy #lucu,Klo antartika puasa Kan siang,No Online Gambling Promotion
jiWshdKG4b0,BUKA PUASA JAM 4 SORE DISINI! - Negara-Negara Yang Paling SEBENTAR Puasa #faktaunik #comedy #lucu,Alay Bner Lu Bang,No Online Gambling Promotion
jiWshdKG4b0,BUKA PUASA JAM 4 SORE DISINI! - Negara-Negara Yang Paling SEBENTAR Puasa #faktaunik #comedy #lucu,Kapan ya berbuka puasa,No Online Gambling Promotion
jiWshdKG4b0,BUKA PUASA JAM 4 SORE DISINI! - Negara-Negara Yang Paling SEBENTAR Puasa #faktaunik #comedy #lucu,Puasa Antartika cepet banget gak 9 jam,"tidak 9 jam, No Online Gambling Promotion"
jiWshdKG4b0,BUKA PUASA JAM 4 SORE DISINI! - Negara-Negara Yang Paling SEBENTAR Puasa #faktaunik #comedy #lucu,Padahal KLO Russia 1 jam,No Online Gambling Promotion
jiWshdKG4b0,BUKA PUASA JAM 4 SORE DISINI! - Negara-Negara Yang Paling SEBENTAR Puasa #faktaunik #comedy #lucu,Gpp bang aja Sahur500 Buka731 Untung aja bang indonesia 6,Online Gambling Promotion
jiWshdKG4b0,BUKA PUASA JAM 4 SORE DISINI! - Negara-Negara Yang Paling SEBENTAR Puasa #faktaunik #comedy #lucu,siang daerah kutub kalo malem malem kalo siangsiang 24 jam nonstop,No Online Gambling Promotion
jiWshdKG4b0,BUKA PUASA JAM 4 SORE DISINI! - Negara-Negara Yang Paling SEBENTAR Puasa #faktaunik #comedy #lucu,Sound the jokles sampe,No Online Gambling Promotion
jiWshdKG4b0,BUKA PUASA JAM 4 SORE DISINI! - Negara-Negara Yang Paling SEBENTAR Puasa #faktaunik #comedy #lucu,rusia aja 1 jam,No Online Gambling Promotion
jiWshdKG4b0,BUKA PUASA JAM 4 SORE DISINI! - Negara-Negara Yang Paling SEBENTAR Puasa #faktaunik #comedy #lucu,Di 14 jam bang,No Online Gambling Promotion
jiWshdKG4b0,BUKA PUASA JAM 4 SORE DISINI! - Negara-Negara Yang Paling SEBENTAR Puasa #faktaunik #comedy #lucu,malaysia buka puasa 7 32,No Online Gambling Promotion
jiWshdKG4b0,BUKA PUASA JAM 4 SORE DISINI! - Negara-Negara Yang Paling SEBENTAR Puasa #faktaunik #comedy #lucu,DI RUSIA ADA KOTA LUPA NAMANYA DIA BUKA PUASANYA 1 JAM GK BOONG DEMI ALLAH,No Online Gambling Promotion
jiWshdKG4b0,BUKA PUASA JAM 4 SORE DISINI! - Negara-Negara Yang Paling SEBENTAR Puasa #faktaunik #comedy #lucu,P,ERROR
jiWshdKG4b0,BUKA PUASA JAM 4 SORE DISINI! - Negara-Negara Yang Paling SEBENTAR Puasa #faktaunik #comedy #lucu,Gw tinggal Malaysiaenak yah indo kalo puasa gw aja buka maghrib,"kalau puasa saya hanya buka maghrib, No Online Gambling Promotion"
jiWshdKG4b0,BUKA PUASA JAM 4 SORE DISINI! - Negara-Negara Yang Paling SEBENTAR Puasa #faktaunik #comedy #lucu,Malaysia buka 8pm jancok,No Online Gambling Promotion
jiWshdKG4b0,BUKA PUASA JAM 4 SORE DISINI! - Negara-Negara Yang Paling SEBENTAR Puasa #faktaunik #comedy #lucu,Saya gak puasa Hindu salam Toleransi puasa,"Salam Toleransi, No Online Gambling Promotion"
jiWshdKG4b0,BUKA PUASA JAM 4 SORE DISINI! - Negara-Negara Yang Paling SEBENTAR Puasa #faktaunik #comedy #lucu,Joget bocah ajaib wkwk,No Online Gambling Promotion
jiWshdKG4b0,BUKA PUASA JAM 4 SORE DISINI! - Negara-Negara Yang Paling SEBENTAR Puasa #faktaunik #comedy #lucu,buka jam 17 18,No Online Gambling Promotion
jiWshdKG4b0,BUKA PUASA JAM 4 SORE DISINI! - Negara-Negara Yang Paling SEBENTAR Puasa #faktaunik #comedy #lucu,rusia cuman 1jam,No Online Gambling Promotion
jiWshdKG4b0,BUKA PUASA JAM 4 SORE DISINI! - Negara-Negara Yang Paling SEBENTAR Puasa #faktaunik #comedy #lucu,salam malaysia buka puasa disi 14 jam,"buka puasa di siapa 14 jam, No Online Gambling Promotion"
jiWshdKG4b0,BUKA PUASA JAM 4 SORE DISINI! - Negara-Negara Yang Paling SEBENTAR Puasa #faktaunik #comedy #lucu,Jam 4,No Online Gambling Promotion
jiWshdKG4b0,BUKA PUASA JAM 4 SORE DISINI! - Negara-Negara Yang Paling SEBENTAR Puasa #faktaunik #comedy #lucu,Meanwhile malaysia 14 jam sahur 5 buka puasa 7,No Online Gambling Promotion
jiWshdKG4b0,BUKA PUASA JAM 4 SORE DISINI! - Negara-Negara Yang Paling SEBENTAR Puasa #faktaunik #comedy #lucu,Malay,No Online Gambling Promotion
jiWshdKG4b0,BUKA PUASA JAM 4 SORE DISINI! - Negara-Negara Yang Paling SEBENTAR Puasa #faktaunik #comedy #lucu,Bang gak bang puasa kutuk utara 1000 jam,No Online Gambling Promotion
jiWshdKG4b0,BUKA PUASA JAM 4 SORE DISINI! - Negara-Negara Yang Paling SEBENTAR Puasa #faktaunik #comedy #lucu,Di daerah rusia ad yg 1 jam,No Online Gambling Promotion
jiWshdKG4b0,BUKA PUASA JAM 4 SORE DISINI! - Negara-Negara Yang Paling SEBENTAR Puasa #faktaunik #comedy #lucu,Malaysia aja buka puasa jam 760,No Online Gambling Promotion
jiWshdKG4b0,BUKA PUASA JAM 4 SORE DISINI! - Negara-Negara Yang Paling SEBENTAR Puasa #faktaunik #comedy #lucu,Coba sahur Surabaya buka Maluku Utara Ternate cepat,No Online Gambling Promotion
jiWshdKG4b0,BUKA PUASA JAM 4 SORE DISINI! - Negara-Negara Yang Paling SEBENTAR Puasa #faktaunik #comedy #lucu,Malaysia bilike,No Online Gambling Promotion
jiWshdKG4b0,BUKA PUASA JAM 4 SORE DISINI! - Negara-Negara Yang Paling SEBENTAR Puasa #faktaunik #comedy #lucu,Dipadang jam6 bukapuasanya,No Online Gambling Promotion
jiWshdKG4b0,BUKA PUASA JAM 4 SORE DISINI! - Negara-Negara Yang Paling SEBENTAR Puasa #faktaunik #comedy #lucu,Di malaysia 19 bangsul Salam malaysia,No Online Gambling Promotion
jiWshdKG4b0,BUKA PUASA JAM 4 SORE DISINI! - Negara-Negara Yang Paling SEBENTAR Puasa #faktaunik #comedy #lucu,Pas kk nya bilang jam 1 reflek liat jam 1,"reflek lihat jam 1, No Online Gambling Promotion"
jiWshdKG4b0,BUKA PUASA JAM 4 SORE DISINI! - Negara-Negara Yang Paling SEBENTAR Puasa #faktaunik #comedy #lucu,Pas banget jam,No Online Gambling Promotion
jiWshdKG4b0,BUKA PUASA JAM 4 SORE DISINI! - Negara-Negara Yang Paling SEBENTAR Puasa #faktaunik #comedy #lucu,Bang bagus karna kalo puasa 13 jam pas 12 jam tubuh mode survival makan lemak penyakit kanker puasa 13 jam karna karna kesehatannya,No Online Gambling Promotion
jiWshdKG4b0,BUKA PUASA JAM 4 SORE DISINI! - Negara-Negara Yang Paling SEBENTAR Puasa #faktaunik #comedy #lucu,Salfok ama sahur khan aslinya sahru khan,"Salfok. Ama sahur khan aslinya sahur khan, No Online Gambling Promotion"
jiWshdKG4b0,BUKA PUASA JAM 4 SORE DISINI! - Negara-Negara Yang Paling SEBENTAR Puasa #faktaunik #comedy #lucu,Kutub utara bilek,No Online Gambling Promotion
jiWshdKG4b0,BUKA PUASA JAM 4 SORE DISINI! - Negara-Negara Yang Paling SEBENTAR Puasa #faktaunik #comedy #lucu,Jangan mengeluh bersyukur,No Online Gambling Promotion
jiWshdKG4b0,BUKA PUASA JAM 4 SORE DISINI! - Negara-Negara Yang Paling SEBENTAR Puasa #faktaunik #comedy #lucu,Setau negara yg puasa 1 jam,No Online Gambling Promotion
jiWshdKG4b0,BUKA PUASA JAM 4 SORE DISINI! - Negara-Negara Yang Paling SEBENTAR Puasa #faktaunik #comedy #lucu,uda udadi puasadi lndonesia puasa13udaasa akupu,No Online Gambling Promotion
jiWshdKG4b0,BUKA PUASA JAM 4 SORE DISINI! - Negara-Negara Yang Paling SEBENTAR Puasa #faktaunik #comedy #lucu,Ke Swedia aja,No Online Gambling Promotion
jiWshdKG4b0,BUKA PUASA JAM 4 SORE DISINI! - Negara-Negara Yang Paling SEBENTAR Puasa #faktaunik #comedy #lucu,Antartika buka,No Online Gambling Promotion
jiWshdKG4b0,BUKA PUASA JAM 4 SORE DISINI! - Negara-Negara Yang Paling SEBENTAR Puasa #faktaunik #comedy #lucu,Endingnya JOGETIN SAJA,No Online Gambling Promotion
jiWshdKG4b0,BUKA PUASA JAM 4 SORE DISINI! - Negara-Negara Yang Paling SEBENTAR Puasa #faktaunik #comedy #lucu,bang buka puasa jam 6 bang abang salah tu captionnya hehe,No Online Gambling Promotion
jiWshdKG4b0,BUKA PUASA JAM 4 SORE DISINI! - Negara-Negara Yang Paling SEBENTAR Puasa #faktaunik #comedy #lucu,Di Aceh puasanya 14 jam Walau sama2 Indonesia provinsi Aceh utara garis kaltulistiwa,"walaupun sama-sama Indonesia provinsi Aceh utara garis kaltulistiwa, No Online Gambling Promotion"
jiWshdKG4b0,BUKA PUASA JAM 4 SORE DISINI! - Negara-Negara Yang Paling SEBENTAR Puasa #faktaunik #comedy #lucu,Fans CR jgn malu2in bang,No Online Gambling Promotion
jiWshdKG4b0,BUKA PUASA JAM 4 SORE DISINI! - Negara-Negara Yang Paling SEBENTAR Puasa #faktaunik #comedy #lucu,puasa tergantung jam magrib subuh malam siang,"subuh, siang, No Online Gambling Promotion"
jiWshdKG4b0,BUKA PUASA JAM 4 SORE DISINI! - Negara-Negara Yang Paling SEBENTAR Puasa #faktaunik #comedy #lucu,Lah tmpt gw mah jam 1830,No Online Gambling Promotion
jiWshdKG4b0,BUKA PUASA JAM 4 SORE DISINI! - Negara-Negara Yang Paling SEBENTAR Puasa #faktaunik #comedy #lucu,Iagu Kesukaan,ERROR
jiWshdKG4b0,BUKA PUASA JAM 4 SORE DISINI! - Negara-Negara Yang Paling SEBENTAR Puasa #faktaunik #comedy #lucu,Saya tau 1 RUSIA 1 jam,No Online Gambling Promotion
jiWshdKG4b0,BUKA PUASA JAM 4 SORE DISINI! - Negara-Negara Yang Paling SEBENTAR Puasa #faktaunik #comedy #lucu,Kalo negara gw sih 13 jam tpi sahur jam 500 buka jam 730,"tapi sahur jam 500 buka jam 730, No Online Gambling Promotion"
jiWshdKG4b0,BUKA PUASA JAM 4 SORE DISINI! - Negara-Negara Yang Paling SEBENTAR Puasa #faktaunik #comedy #lucu,Tapi klo menghayati ramadhan,No Online Gambling Promotion
jiWshdKG4b0,BUKA PUASA JAM 4 SORE DISINI! - Negara-Negara Yang Paling SEBENTAR Puasa #faktaunik #comedy #lucu,Di buka Sahur jam 0300 Buka puasa jam 1800 Lama banget,"Buka puasa jam 1800. Lama banget, No Online Gambling Promotion"
jiWshdKG4b0,BUKA PUASA JAM 4 SORE DISINI! - Negara-Negara Yang Paling SEBENTAR Puasa #faktaunik #comedy #lucu,Game Gacor Anti Rungkad Cuma MPO111,Online Gambling Promotion
jiWshdKG4b0,BUKA PUASA JAM 4 SORE DISINI! - Negara-Negara Yang Paling SEBENTAR Puasa #faktaunik #comedy #lucu,Game Gacor Anti Rungkad Cuma MPO111,Online Gambling Promotion
jiWshdKG4b0,BUKA PUASA JAM 4 SORE DISINI! - Negara-Negara Yang Paling SEBENTAR Puasa #faktaunik #comedy #lucu,Jadi nya ama green land,No Online Gambling Promotion
jiWshdKG4b0,BUKA PUASA JAM 4 SORE DISINI! - Negara-Negara Yang Paling SEBENTAR Puasa #faktaunik #comedy #lucu,Yang puasa dataran Eropa,No Online Gambling Promotion
jiWshdKG4b0,BUKA PUASA JAM 4 SORE DISINI! - Negara-Negara Yang Paling SEBENTAR Puasa #faktaunik #comedy #lucu,gw puasa 3 jam abis subuh tidur bangun jam 34Tapi dzuhur nya kelewat ga sholat,"tidur, bangun jam 34, Tapi dzuhur nya kelewat, ga sholat, No Online Gambling Promotion"
jiWshdKG4b0,BUKA PUASA JAM 4 SORE DISINI! - Negara-Negara Yang Paling SEBENTAR Puasa #faktaunik #comedy #lucu,Sabar bang tidur aja bang kenyang tar bang,No Online Gambling Promotion
jiWshdKG4b0,BUKA PUASA JAM 4 SORE DISINI! - Negara-Negara Yang Paling SEBENTAR Puasa #faktaunik #comedy #lucu,Wah salutt berpuasa 13jam sebulan klo kayanya ngga sanggup raya puasa sehari sih puasanya ketat bgt ngga makan kaya ga kerja gaboleh hidupin api gaboleh berisik gaboleh bersenang senang gaboleh bepergianpikiran ga kemana2 ttp dijaga ngga disarankan tidur mimpi puasa takutnya ngebayangin hal2 negatif merenung gitu baca kitab2 perbanyak ibadah kalo nggak batal sih untung sehari,"sih puasanya ketat bgt ngga makan, kaya ga kerja gaboleh hidupin api gaboleh berisik"
jiWshdKG4b0,BUKA PUASA JAM 4 SORE DISINI! - Negara-Negara Yang Paling SEBENTAR Puasa #faktaunik #comedy #lucu,Pukul enam malaysia tujuh bang,No Online Gambling Promotion
jiWshdKG4b0,BUKA PUASA JAM 4 SORE DISINI! - Negara-Negara Yang Paling SEBENTAR Puasa #faktaunik #comedy #lucu,jatim sebentar 12 jam magribnya cpt pas pulkam minang puasanya lamaaaa bgttttttttttt,No Online Gambling Promotion
jiWshdKG4b0,BUKA PUASA JAM 4 SORE DISINI! - Negara-Negara Yang Paling SEBENTAR Puasa #faktaunik #comedy #lucu,Malah majelis bikini bottom,No Online Gambling Promotion
jiWshdKG4b0,BUKA PUASA JAM 4 SORE DISINI! - Negara-Negara Yang Paling SEBENTAR Puasa #faktaunik #comedy #lucu,14 jamwoi,No Online Gambling Promotion
jiWshdKG4b0,BUKA PUASA JAM 4 SORE DISINI! - Negara-Negara Yang Paling SEBENTAR Puasa #faktaunik #comedy #lucu,Di malaysia buka jam 7pm sahurnya jam 4am,No Online Gambling Promotion
jiWshdKG4b0,BUKA PUASA JAM 4 SORE DISINI! - Negara-Negara Yang Paling SEBENTAR Puasa #faktaunik #comedy #lucu,Di Malaysia puasa nya sampe jam 7,No Online Gambling Promotion
jiWshdKG4b0,BUKA PUASA JAM 4 SORE DISINI! - Negara-Negara Yang Paling SEBENTAR Puasa #faktaunik #comedy #lucu,Aku sahurnya jam 2,No Online Gambling Promotion
jiWshdKG4b0,BUKA PUASA JAM 4 SORE DISINI! - Negara-Negara Yang Paling SEBENTAR Puasa #faktaunik #comedy #lucu,Bagus banget,ERROR
jiWshdKG4b0,BUKA PUASA JAM 4 SORE DISINI! - Negara-Negara Yang Paling SEBENTAR Puasa #faktaunik #comedy #lucu,Gpp indo buka pukul600 malaysia ni 732,No Online Gambling Promotion
jiWshdKG4b0,BUKA PUASA JAM 4 SORE DISINI! - Negara-Negara Yang Paling SEBENTAR Puasa #faktaunik #comedy #lucu,Tapi gw fans ronaldo bang siuuuuuu,No Online Gambling Promotion
jiWshdKG4b0,BUKA PUASA JAM 4 SORE DISINI! - Negara-Negara Yang Paling SEBENTAR Puasa #faktaunik #comedy #lucu,Mending pukul7,Online Gambling Promotion
jiWshdKG4b0,BUKA PUASA JAM 4 SORE DISINI! - Negara-Negara Yang Paling SEBENTAR Puasa #faktaunik #comedy #lucu,jam 6 Aceh jam 7 bang,No Online Gambling Promotion
jiWshdKG4b0,BUKA PUASA JAM 4 SORE DISINI! - Negara-Negara Yang Paling SEBENTAR Puasa #faktaunik #comedy #lucu,Udah buka nih,ERROR
jiWshdKG4b0,BUKA PUASA JAM 4 SORE DISINI! - Negara-Negara Yang Paling SEBENTAR Puasa #faktaunik #comedy #lucu,Lah sarawak malay aja cepet woi bukanya jam 6 loh,"woii bukan jam 6 loh, No Online Gambling Promotion"
jiWshdKG4b0,BUKA PUASA JAM 4 SORE DISINI! - Negara-Negara Yang Paling SEBENTAR Puasa #faktaunik #comedy #lucu,Di Finland 23 jam kalo gak salah Sekedar info aja sih,No Online Gambling Promotion
jiWshdKG4b0,BUKA PUASA JAM 4 SORE DISINI! - Negara-Negara Yang Paling SEBENTAR Puasa #faktaunik #comedy #lucu,SOOOOOO,No Online Gambling Promotion
jiWshdKG4b0,BUKA PUASA JAM 4 SORE DISINI! - Negara-Negara Yang Paling SEBENTAR Puasa #faktaunik #comedy #lucu,gapernah gw temui situs gampang menang Mandalika tujuhtujuh,No Online Gambling Promotion
jiWshdKG4b0,BUKA PUASA JAM 4 SORE DISINI! - Negara-Negara Yang Paling SEBENTAR Puasa #faktaunik #comedy #lucu,0242 bsa gtu wkwkwkw jptogel77,Online Gambling Promotion
jiWshdKG4b0,BUKA PUASA JAM 4 SORE DISINI! - Negara-Negara Yang Paling SEBENTAR Puasa #faktaunik #comedy #lucu,Haadiir Mas JPTOGEL77,Online Gambling Promotion
jiWshdKG4b0,BUKA PUASA JAM 4 SORE DISINI! - Negara-Negara Yang Paling SEBENTAR Puasa #faktaunik #comedy #lucu,JPTOGEL77 cba bntr jepe gede lgnsung,Online Gambling Promotion
jiWshdKG4b0,BUKA PUASA JAM 4 SORE DISINI! - Negara-Negara Yang Paling SEBENTAR Puasa #faktaunik #comedy #lucu,mantap gua cobain gampang dapatin sketernya Udh gitu dapatin sketer isinya tau nama nya nih coba cari google Mandalika 77 dijiamin nagih,"Udah gitu dapat sketernya itu tau nama nya nih coba cari Google Mandalika 77 dijamin nagih, Online"
jiWshdKG4b0,BUKA PUASA JAM 4 SORE DISINI! - Negara-Negara Yang Paling SEBENTAR Puasa #faktaunik #comedy #lucu,gacir gila JPTOGEL77 bikin jepe trs,Online Gambling Promotion
jiWshdKG4b0,BUKA PUASA JAM 4 SORE DISINI! - Negara-Negara Yang Paling SEBENTAR Puasa #faktaunik #comedy #lucu,situs tu kyk J P TO G E L 7 7 kasi wede lancar ga apa2,No Online Gambling Promotion
jiWshdKG4b0,BUKA PUASA JAM 4 SORE DISINI! - Negara-Negara Yang Paling SEBENTAR Puasa #faktaunik #comedy #lucu,udah 5 gua main kali temu situs beneran gampang jp enak banget JPTOGEL77 bro,Online Gambling Promotion
jiWshdKG4b0,BUKA PUASA JAM 4 SORE DISINI! - Negara-Negara Yang Paling SEBENTAR Puasa #faktaunik #comedy #lucu,JPTOGEL77 main dikit saldo langsung byk,Online Gambling Promotion
jiWshdKG4b0,BUKA PUASA JAM 4 SORE DISINI! - Negara-Negara Yang Paling SEBENTAR Puasa #faktaunik #comedy #lucu,bersyukur banget gw main situs JPTOGEL77 udah lunasin utang grgr main situs situs bener edan bro gampang menang,"grgr main situs situs yang benar bro, gampang menang, Online Gambling Promotion"
jiWshdKG4b0,BUKA PUASA JAM 4 SORE DISINI! - Negara-Negara Yang Paling SEBENTAR Puasa #faktaunik #comedy #lucu,bener teman situs emng keren banget laaabaru dep aja udah dapet menang J P T O G E L 77,Online Gambling Promotion
jiWshdKG4b0,BUKA PUASA JAM 4 SORE DISINI! - Negara-Negara Yang Paling SEBENTAR Puasa #faktaunik #comedy #lucu,JPTOGEL77 gampang banget dapet hasil gede gk ribet,Online Gambling Promotion
jiWshdKG4b0,BUKA PUASA JAM 4 SORE DISINI! - Negara-Negara Yang Paling SEBENTAR Puasa #faktaunik #comedy #lucu,sensasi nya beda bro main jptogel77 udah sekampung temen gw main JP,Online Gambling Promotion
jiWshdKG4b0,BUKA PUASA JAM 4 SORE DISINI! - Negara-Negara Yang Paling SEBENTAR Puasa #faktaunik #comedy #lucu,Malam nyobain deposit pakai GOPAY modal 50 ribu J P T O G E L 77 Gak nyangka putaran aja langsung jackpot Udah coba server VIETNAM main game Buffalo King untungnya melimpah WD udah 4 juta mimpi,Online Gambling Promotion
jiWshdKG4b0,BUKA PUASA JAM 4 SORE DISINI! - Negara-Negara Yang Paling SEBENTAR Puasa #faktaunik #comedy #lucu,Modal receh hasil lumer mantap kali JPTOGEL77 sensasi maxwln berulang brooo kali nemu web seqacor chek langsung deh webbnya dp wd gesit prosesnya,Online Gambling Promotion
jiWshdKG4b0,BUKA PUASA JAM 4 SORE DISINI! - Negara-Negara Yang Paling SEBENTAR Puasa #faktaunik #comedy #lucu,Saya mimpi bos J P T O G E L 77,No Online Gambling Promotion
jiWshdKG4b0,BUKA PUASA JAM 4 SORE DISINI! - Negara-Negara Yang Paling SEBENTAR Puasa #faktaunik #comedy #lucu,Mandalika tujuhtujuh bro gw main gak pakai janji palsu bro cuman gw menang,"saya main tidak menggunakan janji palsu bro, hanya saya menang, Online Gambling Promotion"
jiWshdKG4b0,BUKA PUASA JAM 4 SORE DISINI! - Negara-Negara Yang Paling SEBENTAR Puasa #faktaunik #comedy #lucu,JPTOGEL77 WEDEY gede cma maen bentar,Online Gambling Promotion
jiWshdKG4b0,BUKA PUASA JAM 4 SORE DISINI! - Negara-Negara Yang Paling SEBENTAR Puasa #faktaunik #comedy #lucu,temen nyaranin bermain J P TO G E L 7 7 asian ngikutin saran temen wd,No Online Gambling Promotion
jiWshdKG4b0,BUKA PUASA JAM 4 SORE DISINI! - Negara-Negara Yang Paling SEBENTAR Puasa #faktaunik #comedy #lucu,coba coba maen server thailand kasi tau sodara eh gile saldo nambah mulu awlkwkwkkw cari google J P T O G E L 77,Online Gambling Promotion
jiWshdKG4b0,BUKA PUASA JAM 4 SORE DISINI! - Negara-Negara Yang Paling SEBENTAR Puasa #faktaunik #comedy #lucu,Memang main J P TO G E L 7 7 untung saran teman menang,Online Gambling Promotion
jiWshdKG4b0,BUKA PUASA JAM 4 SORE DISINI! - Negara-Negara Yang Paling SEBENTAR Puasa #faktaunik #comedy #lucu,gua udah 5tahun main jptogel77 jangka profit gw ratusan juta bro emang beda web abal2,Online Gambling Promotion
jiWshdKG4b0,BUKA PUASA JAM 4 SORE DISINI! - Negara-Negara Yang Paling SEBENTAR Puasa #faktaunik #comedy #lucu,situs bagus rate kemenangan dibanding jptogel77 situs panutan gw,No Online Gambling Promotion
jiWshdKG4b0,BUKA PUASA JAM 4 SORE DISINI! - Negara-Negara Yang Paling SEBENTAR Puasa #faktaunik #comedy #lucu,hati nemu web J P TO G E L 7 7 berlega hati sehabis bermain kali selisih gw segini brayyy nangis saking senengnya,No Online Gambling Promotion
jiWshdKG4b0,BUKA PUASA JAM 4 SORE DISINI! - Negara-Negara Yang Paling SEBENTAR Puasa #faktaunik #comedy #lucu,banget JPTOGEL77 cuan banget web nya gk depo gede2 depo receh kasih maxwin coba gan,"gak depok gede2 depok rejeki kasih maxwin coba gan, Online Gambling Promotion"
jiWshdKG4b0,BUKA PUASA JAM 4 SORE DISINI! - Negara-Negara Yang Paling SEBENTAR Puasa #faktaunik #comedy #lucu,menang nya ga banyakyang ga bikin rungkadnaik sikit2 bukitini buktinya udah menang jptogel77di sambar kake zeusss wkkwkw,Online Gambling Promotion
jiWshdKG4b0,BUKA PUASA JAM 4 SORE DISINI! - Negara-Negara Yang Paling SEBENTAR Puasa #faktaunik #comedy #lucu,beraniin bUAt dposit situs jptogel77 modal cekakdan negrasaain sensational nya ga rungkad main situs,Online Gambling Promotion
jiWshdKG4b0,BUKA PUASA JAM 4 SORE DISINI! - Negara-Negara Yang Paling SEBENTAR Puasa #faktaunik #comedy #lucu,Padahal moda tipis aja kasi Maxwin J P TO G E L 7 7 emg hoki bgt lha main disitus scternya gampang turun RTPnya akurat bgt buran cobain main MLNDALIKL77,ERROR
jiWshdKG4b0,BUKA PUASA JAM 4 SORE DISINI! - Negara-Negara Yang Paling SEBENTAR Puasa #faktaunik #comedy #lucu,DisiniJ P T O G E L 77 sanggat senang,No Online Gambling Promotion
jiWshdKG4b0,BUKA PUASA JAM 4 SORE DISINI! - Negara-Negara Yang Paling SEBENTAR Puasa #faktaunik #comedy #lucu,mantap gua cobain gampang dapatin sketernya Udh gitu dapatin sketer isinya tau nama nya nih coba cari google JPTOGEL77 dijiamin nagih,"gua cobain gampang dapatin sketernya udh gitu dapatin sketer isinya tau nama nya nih coba cari Google JPTOGEL77 dijiamin nagih, Online Gambling Promotion"
jiWshdKG4b0,BUKA PUASA JAM 4 SORE DISINI! - Negara-Negara Yang Paling SEBENTAR Puasa #faktaunik #comedy #lucu,member JPTOGEL77 Udah kasih maxwin gila sih situs asli ga salah cobaain situs JPTOGEL77 member setia,Online Gambling Promotion
jiWshdKG4b0,BUKA PUASA JAM 4 SORE DISINI! - Negara-Negara Yang Paling SEBENTAR Puasa #faktaunik #comedy #lucu,main JPTOGEL77 aman2 jaya aja yah gua dikasi proses nariknya cepet maju bosku,Online Gambling Promotion
jiWshdKG4b0,BUKA PUASA JAM 4 SORE DISINI! - Negara-Negara Yang Paling SEBENTAR Puasa #faktaunik #comedy #lucu,Pantesan aja teman sibuk ngajakin main JPTOGEL77 benaran tokcer bgt main langsung cair malam lumayan traktir teman2,Online Gambling Promotion
jiWshdKG4b0,BUKA PUASA JAM 4 SORE DISINI! - Negara-Negara Yang Paling SEBENTAR Puasa #faktaunik #comedy #lucu,aja bro gw main jptogel77 bener ngasih menang ga kyk situs nyedot,"saya main jptogel77 benar ngasih menang, tidak ada situs yang sedot, Online Gambling Promotion"
jiWshdKG4b0,BUKA PUASA JAM 4 SORE DISINI! - Negara-Negara Yang Paling SEBENTAR Puasa #faktaunik #comedy #lucu,banget JPTOGEL77 cuan banget web nya gk depo gede2 depo receh kasih maxwin coba gan,"gak depok gede2 depok recheh kasih maxwin coba gane, Online Gambling Promotion"
jiWshdKG4b0,BUKA PUASA JAM 4 SORE DISINI! - Negara-Negara Yang Paling SEBENTAR Puasa #faktaunik #comedy #lucu,jam segini main kakek JPTOGEL77 bikin nagih lurr scatter nya gampang turun sketer perkalian nya konek,Online Gambling Promotion
jiWshdKG4b0,BUKA PUASA JAM 4 SORE DISINI! - Negara-Negara Yang Paling SEBENTAR Puasa #faktaunik #comedy #lucu,aja nih isi saldo ku semenjak main JPTOGEL77 bawaan nya se4lalu hepy saldo jarang sesak nafas mantap matap nih situs nya,Online Gambling Promotion
jiWshdKG4b0,BUKA PUASA JAM 4 SORE DISINI! - Negara-Negara Yang Paling SEBENTAR Puasa #faktaunik #comedy #lucu,Akhirrrnyaaa bagus konten abang coba main J P T O G E L 77,Online Gambling Promotion
jiWshdKG4b0,BUKA PUASA JAM 4 SORE DISINI! - Negara-Negara Yang Paling SEBENTAR Puasa #faktaunik #comedy #lucu,gapernah gw temui situs gampang menang JPTOGEL77,Online Gambling Promotion
jiWshdKG4b0,BUKA PUASA JAM 4 SORE DISINI! - Negara-Negara Yang Paling SEBENTAR Puasa #faktaunik #comedy #lucu,gw aja main JPTOGEL77 x100 kuy mabar biar cuan bang sore mantappp rekomend banget pokok nya situs broo,Online Gambling Promotion
jiWshdKG4b0,BUKA PUASA JAM 4 SORE DISINI! - Negara-Negara Yang Paling SEBENTAR Puasa #faktaunik #comedy #lucu,Uhhh Malay sih sahur jam 5 buka nya jam 7,"buka nya jam 7, No Online Gambling Promotion"
jiWshdKG4b0,BUKA PUASA JAM 4 SORE DISINI! - Negara-Negara Yang Paling SEBENTAR Puasa #faktaunik #comedy #lucu,1530 JPTOGEL77 Menang hadiahnya,Online Gambling Promotion
jiWshdKG4b0,BUKA PUASA JAM 4 SORE DISINI! - Negara-Negara Yang Paling SEBENTAR Puasa #faktaunik #comedy #lucu,Jangan mikir buruan aja bosku J P T O G E L 77,No Online Gambling Promotion
jiWshdKG4b0,BUKA PUASA JAM 4 SORE DISINI! - Negara-Negara Yang Paling SEBENTAR Puasa #faktaunik #comedy #lucu,gampang banget situs jptogel77 turun perkalian nya member betah main main jptogel77 aja rungkat ya bro,Online Gambling Promotion
jiWshdKG4b0,BUKA PUASA JAM 4 SORE DISINI! - Negara-Negara Yang Paling SEBENTAR Puasa #faktaunik #comedy #lucu,seru bang JPTOGEL77 Alhamdulillah pensaran ku terjawabkan mampir disni JPTOGEL77 jamin H0k1,Online Gambling Promotion
jiWshdKG4b0,BUKA PUASA JAM 4 SORE DISINI! - Negara-Negara Yang Paling SEBENTAR Puasa #faktaunik #comedy #lucu,J P TO G E L 7 7 auto win,No Online Gambling Promotion
jiWshdKG4b0,BUKA PUASA JAM 4 SORE DISINI! - Negara-Negara Yang Paling SEBENTAR Puasa #faktaunik #comedy #lucu,mantap bro jp JPTOGEL77 aja udah makasih udah kasih kemenangan,"udah makasih, udah kasih kemenangan, Online Gambling Promotion"
jiWshdKG4b0,BUKA PUASA JAM 4 SORE DISINI! - Negara-Negara Yang Paling SEBENTAR Puasa #faktaunik #comedy #lucu,Perasaan x deh nemu situs kayak JPTOGEL77 gak beli spin kasi gratis uda gitu dikasi Maxwin emg jos bgt ni JPTOGEL77 ga duanya deh,Online Gambling Promotion
jiWshdKG4b0,BUKA PUASA JAM 4 SORE DISINI! - Negara-Negara Yang Paling SEBENTAR Puasa #faktaunik #comedy #lucu,Iseng cuman coba depo receh situs JPTOGEL77 klau seandainya depo nggak kebayang mantap situs JPTOGEL77 langsung gas aja bro rasakan dimanjain ni BO,Online Gambling Promotion
jiWshdKG4b0,BUKA PUASA JAM 4 SORE DISINI! - Negara-Negara Yang Paling SEBENTAR Puasa #faktaunik #comedy #lucu,situs bagus rate kemenangan dibanding JPTOGEL77 situs panutan gw,Online Gambling Promotion
jiWshdKG4b0,BUKA PUASA JAM 4 SORE DISINI! - Negara-Negara Yang Paling SEBENTAR Puasa #faktaunik #comedy #lucu,udah kali gue main J P TO G E L 7 7 wd meluncur aman bonus slalu,"wadah meluncur aman bonus selalu, Online Gambling Promotion"
jiWshdKG4b0,BUKA PUASA JAM 4 SORE DISINI! - Negara-Negara Yang Paling SEBENTAR Puasa #faktaunik #comedy #lucu,Ini keren kak main jptogel77 kasi JP kak Nga sangka sih dapet seginiuntung aja Temen nyaranin Server Luar ngerasain MAXWIN,Online Gambling Promotion
jiWshdKG4b0,BUKA PUASA JAM 4 SORE DISINI! - Negara-Negara Yang Paling SEBENTAR Puasa #faktaunik #comedy #lucu,adminnya nyaman Bener2 hoki main JPTOGEL77 proses depo cepat mantap Livechat fast respon gak pindah web deh udah betah main,Online Gambling Promotion
jiWshdKG4b0,BUKA PUASA JAM 4 SORE DISINI! - Negara-Negara Yang Paling SEBENTAR Puasa #faktaunik #comedy #lucu,beres2 rumah nyepin pas dengar suaranya behhhhhh garang kaliii suara petirnya hahaha makasih y jptogel77,Online Gambling Promotion
jiWshdKG4b0,BUKA PUASA JAM 4 SORE DISINI! - Negara-Negara Yang Paling SEBENTAR Puasa #faktaunik #comedy #lucu,beres2 rumah nyepin pas dengar suaranya behhhhhh garang kaliii suara petirnya hahaha makasih ya JPTOGEL77,Online Gambling Promotion
jiWshdKG4b0,BUKA PUASA JAM 4 SORE DISINI! - Negara-Negara Yang Paling SEBENTAR Puasa #faktaunik #comedy #lucu,Ternyata bgt dibilang teman gue main jptogel77 gampang bgt dapetin maxwin member positif WD,Online Gambling Promotion
jiWshdKG4b0,BUKA PUASA JAM 4 SORE DISINI! - Negara-Negara Yang Paling SEBENTAR Puasa #faktaunik #comedy #lucu,MEMANG TERBUKTI TERBAIK DAN MANTAP NIH SITUS KEREN WAWW MANTAP asli SERVER TERBAIK bos jgn salah pilih BO rungkat member rutin dikasih MAXWIN amp turun Perkalian x250 x500 pecahan bagus Kontrol nafsu nya kalo udah MAXWIN lgsg WD Di sisakan Dikit BgDan Lanjut Main LagiMudah mudahan Di Tambah Lagi CARI DI GOOGLE JPTOGEL77,ERROR
jiWshdKG4b0,BUKA PUASA JAM 4 SORE DISINI! - Negara-Negara Yang Paling SEBENTAR Puasa #faktaunik #comedy #lucu,percaya ama bro keluarga main JPTOGEL77 banget JP dibanding situs,"JP dibandingkan situs, Online Gambling Promotion"
jiWshdKG4b0,BUKA PUASA JAM 4 SORE DISINI! - Negara-Negara Yang Paling SEBENTAR Puasa #faktaunik #comedy #lucu,u abis gak duitnya gara2 kalah pindah nih bagusnya u google J P TO G E L 7 7 aja betahh deh,"u google j ptogel 7 7 aja betahh deh, Online Gambling Promotion"
jiWshdKG4b0,BUKA PUASA JAM 4 SORE DISINI! - Negara-Negara Yang Paling SEBENTAR Puasa #faktaunik #comedy #lucu,beres2 rumah nyepin pas dengar suaranya behhhhhh garang kaliii suara petirnya hahaha makasih y J P TO G E L 7 7,No Online Gambling Promotion
jiWshdKG4b0,BUKA PUASA JAM 4 SORE DISINI! - Negara-Negara Yang Paling SEBENTAR Puasa #faktaunik #comedy #lucu,JPTOGEL77 terpopuler masakini,Online Gambling Promotion
jiWshdKG4b0,BUKA PUASA JAM 4 SORE DISINI! - Negara-Negara Yang Paling SEBENTAR Puasa #faktaunik #comedy #lucu,beres2 rumah nyepin pas dengar suaranya behhhhhh garang kaliii suara petirnya hahaha makasih ya J P T O G E L 77,Online Gambling Promotion
jiWshdKG4b0,BUKA PUASA JAM 4 SORE DISINI! - Negara-Negara Yang Paling SEBENTAR Puasa #faktaunik #comedy #lucu,seneng bangun2 kumpulin nyawa main JPTOGEL77 langsung dikasi wekwekwek,Online Gambling Promotion
jiWshdKG4b0,BUKA PUASA JAM 4 SORE DISINI! - Negara-Negara Yang Paling SEBENTAR Puasa #faktaunik #comedy #lucu,adminnya nyaman Bener2 hoki main J P TO G E L 7 7 proses depo cepat mantap Livechat fast respon gak pindah web deh udah betah main,Online Gambling Promotion
jiWshdKG4b0,BUKA PUASA JAM 4 SORE DISINI! - Negara-Negara Yang Paling SEBENTAR Puasa #faktaunik #comedy #lucu,udah kali gue main jptogel77 wd meluncur aman bonus slalu,Online Gambling Promotion
jiWshdKG4b0,BUKA PUASA JAM 4 SORE DISINI! - Negara-Negara Yang Paling SEBENTAR Puasa #faktaunik #comedy #lucu,Mumpung gacornya gaskan aja bos J P T O G E L 77,Online Gambling Promotion
jiWshdKG4b0,BUKA PUASA JAM 4 SORE DISINI! - Negara-Negara Yang Paling SEBENTAR Puasa #faktaunik #comedy #lucu,udah 5 gua main kali temu situs beneran gampang jp enak banget JPTOGEL77 bro,Online Gambling Promotion
jiWshdKG4b0,BUKA PUASA JAM 4 SORE DISINI! - Negara-Negara Yang Paling SEBENTAR Puasa #faktaunik #comedy #lucu,Slide FB turun turun isinya jptogel77 Penasaran cobain depo main bentar aja Ehhh MAXWINNN,"Penasaran cobain depot main bentar aja Ehhh MAXWINNN, Online Gambling Promotion"
jiWshdKG4b0,BUKA PUASA JAM 4 SORE DISINI! - Negara-Negara Yang Paling SEBENTAR Puasa #faktaunik #comedy #lucu,tetangga gw sore main JPTOGEL77,Online Gambling Promotion
jiWshdKG4b0,BUKA PUASA JAM 4 SORE DISINI! - Negara-Negara Yang Paling SEBENTAR Puasa #faktaunik #comedy #lucu,Tiap bingung cari cuan gk sengaja nemu s1tus jptogel77 iseng nyoba main eh kasih Jepe tipis2 cuan setia main jptogel77,Online Gambling Promotion
jiWshdKG4b0,BUKA PUASA JAM 4 SORE DISINI! - Negara-Negara Yang Paling SEBENTAR Puasa #faktaunik #comedy #lucu,hidup gw enak brp main JPTOGEL77 nih situs rekomen gw bro,Online Gambling Promotion
jiWshdKG4b0,BUKA PUASA JAM 4 SORE DISINI! - Negara-Negara Yang Paling SEBENTAR Puasa #faktaunik #comedy #lucu,Alhamdulillah rezeki lancar jaya berkat J P T O G E L 77,Online Gambling Promotion
jiWshdKG4b0,BUKA PUASA JAM 4 SORE DISINI! - Negara-Negara Yang Paling SEBENTAR Puasa #faktaunik #comedy #lucu,Paling kasih orang bahagia s1tus Mandalika 77 pemain udah kasih kemenangan,No Online Gambling Promotion
jiWshdKG4b0,BUKA PUASA JAM 4 SORE DISINI! - Negara-Negara Yang Paling SEBENTAR Puasa #faktaunik #comedy #lucu,JPTOGEL77 gak boong dsini hoki mulu,No Online Gambling Promotion
jiWshdKG4b0,BUKA PUASA JAM 4 SORE DISINI! - Negara-Negara Yang Paling SEBENTAR Puasa #faktaunik #comedy #lucu,J P TO G E L 7 7 bikin senyum gak berhenti mantap pol,Online Gambling Promotion
jiWshdKG4b0,BUKA PUASA JAM 4 SORE DISINI! - Negara-Negara Yang Paling SEBENTAR Puasa #faktaunik #comedy #lucu,coba coba maen server thailand kasi tau sodara eh gile saldo nambah mulu awlkwkwkkw cari google JPTOGEL77,Online Gambling Promotion
jiWshdKG4b0,BUKA PUASA JAM 4 SORE DISINI! - Negara-Negara Yang Paling SEBENTAR Puasa #faktaunik #comedy #lucu,1 d trending gatuh J P TO G E L 7 7,No Online Gambling Promotion
jiWshdKG4b0,BUKA PUASA JAM 4 SORE DISINI! - Negara-Negara Yang Paling SEBENTAR Puasa #faktaunik #comedy #lucu,menang gak dibayar nih langgana gua aja bro jptogel77 mantap deh gw u main tenang hp bunyi mulu wkkw,No Online Gambling Promotion
jiWshdKG4b0,BUKA PUASA JAM 4 SORE DISINI! - Negara-Negara Yang Paling SEBENTAR Puasa #faktaunik #comedy #lucu,bersyukur gw ga ketipu janji manis situs emang real gampang JP cuman jptogel77,"gampang JP cuman jptogel77, Online Gambling Promotion"
jiWshdKG4b0,BUKA PUASA JAM 4 SORE DISINI! - Negara-Negara Yang Paling SEBENTAR Puasa #faktaunik #comedy #lucu,Selamat ya kak trending 1 lohh akhirnyaa J P TO G E L 7 7,No Online Gambling Promotion
jiWshdKG4b0,BUKA PUASA JAM 4 SORE DISINI! - Negara-Negara Yang Paling SEBENTAR Puasa #faktaunik #comedy #lucu,nyari2 uang rokok dikasih uang jajan seminggu hahaha emng terbaik nih J P TO G E L 7 7,No Online Gambling Promotion
jiWshdKG4b0,BUKA PUASA JAM 4 SORE DISINI! - Negara-Negara Yang Paling SEBENTAR Puasa #faktaunik #comedy #lucu,beraniin bUAt dposit situs JPTOGEL77 modal cekakdan negrasaain sensational nya ga rungkad main situs,Online Gambling Promotion
jiWshdKG4b0,BUKA PUASA JAM 4 SORE DISINI! - Negara-Negara Yang Paling SEBENTAR Puasa #faktaunik #comedy #lucu,bersandar teras rumah sembari ngopi bermain permainan nyelot jptogel77 nikmat sekaleh,Online Gambling Promotion
jiWshdKG4b0,BUKA PUASA JAM 4 SORE DISINI! - Negara-Negara Yang Paling SEBENTAR Puasa #faktaunik #comedy #lucu,bersyukur gw ga ketipu janji manis situs emang real gampang JP cuman jptogel77,"gampang JP cuman jptogel77, Online Gambling Promotion"
jiWshdKG4b0,BUKA PUASA JAM 4 SORE DISINI! - Negara-Negara Yang Paling SEBENTAR Puasa #faktaunik #comedy #lucu,main J P T O G E L 77 Jarang2 ling bagus kali merasakan petir merah si kakek senang x hati hahaha,No Online Gambling Promotion
jiWshdKG4b0,BUKA PUASA JAM 4 SORE DISINI! - Negara-Negara Yang Paling SEBENTAR Puasa #faktaunik #comedy #lucu,asyik abang J P TO G E L 7 7 anjir terkejut kasih kemenangan kali menciptakan pas meleset,No Online Gambling Promotion
jiWshdKG4b0,BUKA PUASA JAM 4 SORE DISINI! - Negara-Negara Yang Paling SEBENTAR Puasa #faktaunik #comedy #lucu,member langsung dikasih jajanan meningkat senang bermain jptogel77 sih gk ubah web ni,Online Gambling Promotion
jiWshdKG4b0,BUKA PUASA JAM 4 SORE DISINI! - Negara-Negara Yang Paling SEBENTAR Puasa #faktaunik #comedy #lucu,rngkad sempet putus asa sih main dapet referensi anak komunitas main JPTOGEL77 behhh semangat gw membara banget coy ngasi u google aja J P TO G E L 7 7,Online Gambling Prom
jiWshdKG4b0,BUKA PUASA JAM 4 SORE DISINI! - Negara-Negara Yang Paling SEBENTAR Puasa #faktaunik #comedy #lucu,WAJIB COBA DI SINI BOS SUPER GACCOOORR YANG TERBARUCOBA PAKE SERVER THAILAND SERVER LUAR YANG SAYA PAKE RTP NYA DI ATAS 98 TANPA HARUS BUY PETIR x100 x250 x500 SUDAH PASTI KELUAR GASSSS LANGSUNG SEMOGA HOKINYA NULAR YA ABANG CARI GOOGLE JPTOGEL77,ERROR
jiWshdKG4b0,BUKA PUASA JAM 4 SORE DISINI! - Negara-Negara Yang Paling SEBENTAR Puasa #faktaunik #comedy #lucu,asik dikasih rezeki makasih bget y jptogel77 kudoakan webbnya bangkit biar kasih sIotter profit wkwk gk ambil pusing main jptogel77 bang siap2 WD aja pokoknya,ERROR
jiWshdKG4b0,BUKA PUASA JAM 4 SORE DISINI! - Negara-Negara Yang Paling SEBENTAR Puasa #faktaunik #comedy #lucu,Saran ane main JPTOGEL77 gak pelit link nya gw mmber barusan main auto lgsung maxwin pdhal modal receh doang,"ga perlu linknya, gw akan mulai otomatis langsung maxwin dengan modal kecil doang, Online Gambling Promotion"
jiWshdKG4b0,BUKA PUASA JAM 4 SORE DISINI! - Negara-Negara Yang Paling SEBENTAR Puasa #faktaunik #comedy #lucu,Senang banget rezeki terduga MANDALIKA77,No Online Gambling Promotion
jiWshdKG4b0,BUKA PUASA JAM 4 SORE DISINI! - Negara-Negara Yang Paling SEBENTAR Puasa #faktaunik #comedy #lucu,lama2 bangkrut ni bossnya jptogel77 profit trus main kemaren wkkwkw,No Online Gambling Promotion
jiWshdKG4b0,BUKA PUASA JAM 4 SORE DISINI! - Negara-Negara Yang Paling SEBENTAR Puasa #faktaunik #comedy #lucu,JPTOGEL77 tampil fitur,Online Gambling Promotion
jiWshdKG4b0,BUKA PUASA JAM 4 SORE DISINI! - Negara-Negara Yang Paling SEBENTAR Puasa #faktaunik #comedy #lucu,Perasaan x deh nemu situs kayak MLNDALIKL77 gak beli spin kasi gratis uda gitu dikasi Maxwin emg jos bgt ni JPTOGEL77 ga duanya deh,"tidak beli spin kasi gratis uda gitu dikasi Maxwin emg jos bgt ni JPTOGEL77 ga duanya deh, No Online Gambling"
jiWshdKG4b0,BUKA PUASA JAM 4 SORE DISINI! - Negara-Negara Yang Paling SEBENTAR Puasa #faktaunik #comedy #lucu,ga cari untung menang segiini aja udah bersyukur banger gua game jptogel77 aja narik udah langsung masuk duit 2 menit aja,"sudah berpuas hati bangga gua game jptogel77 aja, narik udah langsung masuk duit 2 menit aja, No Online Gambling Promotion"
jiWshdKG4b0,BUKA PUASA JAM 4 SORE DISINI! - Negara-Negara Yang Paling SEBENTAR Puasa #faktaunik #comedy #lucu,percaya ama bro keluarga main jptogel77 banget JP dibanding situs,Online Gambling Promotion
jiWshdKG4b0,BUKA PUASA JAM 4 SORE DISINI! - Negara-Negara Yang Paling SEBENTAR Puasa #faktaunik #comedy #lucu,JPTOGEL77 cba langsung bawa pulang cuan gede,No Online Gambling Promotion
jiWshdKG4b0,BUKA PUASA JAM 4 SORE DISINI! - Negara-Negara Yang Paling SEBENTAR Puasa #faktaunik #comedy #lucu,bersandar teras rumah sembari ngopi bermain permainan nyelot J P TO G E L 7 7 nikmat sekaleh,Online Gambling Promotion
jiWshdKG4b0,BUKA PUASA JAM 4 SORE DISINI! - Negara-Negara Yang Paling SEBENTAR Puasa #faktaunik #comedy #lucu,modal halus jp paus J P TO G E L 7 7 untung gw kasi tau sodara gak sih gw masi maen sedot wc makasih J P TO G E L 7 7 jajannya,Online Gambling Promotion
jiWshdKG4b0,BUKA PUASA JAM 4 SORE DISINI! - Negara-Negara Yang Paling SEBENTAR Puasa #faktaunik #comedy #lucu,J P TO G E L 7 7 TERBAIKK jepe bro,No Online Gambling Promotion
jiWshdKG4b0,BUKA PUASA JAM 4 SORE DISINI! - Negara-Negara Yang Paling SEBENTAR Puasa #faktaunik #comedy #lucu,jam segini main kakek jptogel77 bikin nagih lurr scatter nya gampang turun sketer perkalian nya konek,Online Gambling Promotion
jiWshdKG4b0,BUKA PUASA JAM 4 SORE DISINI! - Negara-Negara Yang Paling SEBENTAR Puasa #faktaunik #comedy #lucu,Modal receh hasil lumer mantap kali JPTOGEL77 sensasi maxwn berulang brooo kali nemu web seqacor chek langsung deh webbnya dp wd gesit prosesnya,Online Gambling Promotion
jiWshdKG4b0,BUKA PUASA JAM 4 SORE DISINI! - Negara-Negara Yang Paling SEBENTAR Puasa #faktaunik #comedy #lucu,the bestt la server negri inisanagt beda server lokaludah ga berapling situs main J P TO G E L 7 7 aja,"doesn't it have any site for J P T O G E L 7 7?, No Online Gambling Promotion"
jiWshdKG4b0,BUKA PUASA JAM 4 SORE DISINI! - Negara-Negara Yang Paling SEBENTAR Puasa #faktaunik #comedy #lucu,Paling mantap cuman webb JPTOGEL77 member dimanjain kasih cuan,Online Gambling Promotion
jiWshdKG4b0,BUKA PUASA JAM 4 SORE DISINI! - Negara-Negara Yang Paling SEBENTAR Puasa #faktaunik #comedy #lucu,udah gw coba bro bagus main jptogel77 patut dibanggakan profitnya,"bro bagus main slot jptogel77, patut dibanggakan profitnya, Online Gambling Promotion"
jiWshdKG4b0,BUKA PUASA JAM 4 SORE DISINI! - Negara-Negara Yang Paling SEBENTAR Puasa #faktaunik #comedy #lucu,nyelot gak ribet MANTAB jptogel77gak rugi kalo main main WD gak sampe maxwin modal gw 2x lipat gas,"ga rugi kalo main main WD gak sampe maxwin modal gw 2x lipat gas, Online Gambling Promotion"
jiWshdKG4b0,BUKA PUASA JAM 4 SORE DISINI! - Negara-Negara Yang Paling SEBENTAR Puasa #faktaunik #comedy #lucu,lumayan unutk beli peralatan rumah cari gugel jptogel77 Di link dp aja mekswin dp auto makan enak,"mekswin dp auto makan enak, Online Gambling Promotion"
jiWshdKG4b0,BUKA PUASA JAM 4 SORE DISINI! - Negara-Negara Yang Paling SEBENTAR Puasa #faktaunik #comedy #lucu,Saatnya bersinar 1312 jptogel77,Online Gambling Promotion
jiWshdKG4b0,BUKA PUASA JAM 4 SORE DISINI! - Negara-Negara Yang Paling SEBENTAR Puasa #faktaunik #comedy #lucu,server2 emang royal mesin nya lokal semalem gw maen J P TO G E L 7 7 menang gua wkkw google bro,Online Gambling Promotion
jiWshdKG4b0,BUKA PUASA JAM 4 SORE DISINI! - Negara-Negara Yang Paling SEBENTAR Puasa #faktaunik #comedy #lucu,hati nemu web JPTOGEL77 berlega hati sehabis bermain kali selisih gw segini brayyy nangis saking senengnya,Online Gambling Promotion
jiWshdKG4b0,BUKA PUASA JAM 4 SORE DISINI! - Negara-Negara Yang Paling SEBENTAR Puasa #faktaunik #comedy #lucu,Trending 1 euy JPTOGEL77,No Online Gambling Promotion
jiWshdKG4b0,BUKA PUASA JAM 4 SORE DISINI! - Negara-Negara Yang Paling SEBENTAR Puasa #faktaunik #comedy #lucu,main jptogel77 bro enak banget gampang jp,Online Gambling Promotion
jiWshdKG4b0,BUKA PUASA JAM 4 SORE DISINI! - Negara-Negara Yang Paling SEBENTAR Puasa #faktaunik #comedy #lucu,Gak nyangka menang J P T O G E L 77 serasa mimpi siang bolong,No Online Gambling Promotion
jiWshdKG4b0,BUKA PUASA JAM 4 SORE DISINI! - Negara-Negara Yang Paling SEBENTAR Puasa #faktaunik #comedy #lucu,temen nyaranin bermain J P TO G E L 7 7 asian ngikutin saran temen wd,Online Gambling Promotion
jiWshdKG4b0,BUKA PUASA JAM 4 SORE DISINI! - Negara-Negara Yang Paling SEBENTAR Puasa #faktaunik #comedy #lucu,SUPER MANTAP INI LINKTERBAIK PALING MANTAP DENGAN RTP DI ATAS 98WINRATE MEMBER BARU 99 BAGUS BANGET SEMOGA AJA BISA NULAR SAMA PELAYER LAINCARI DI GOOGLE J P TO G E L 7 7,ERROR
jiWshdKG4b0,BUKA PUASA JAM 4 SORE DISINI! - Negara-Negara Yang Paling SEBENTAR Puasa #faktaunik #comedy #lucu,member JPTOGEL77 Udah kasih maxwin gila sih situs asli ga salah cobaain situs JPTOGEL77 member setia,"situs asli ga salah cobaain situs JPTOGEL77 member setia, Online Gambling Promotion"
jiWshdKG4b0,BUKA PUASA JAM 4 SORE DISINI! - Negara-Negara Yang Paling SEBENTAR Puasa #faktaunik #comedy #lucu,setia bro main J P TO G E L 7 7 udah ratusan situs bandingin tetep enak JPTOGEL77,Online Gambling Promotion
jiWshdKG4b0,BUKA PUASA JAM 4 SORE DISINI! - Negara-Negara Yang Paling SEBENTAR Puasa #faktaunik #comedy #lucu,server2 emang royal mesin nya lokal semalem gw maen jptogel77 menang gua wkkw google bro,Online Gambling Promotion
jiWshdKG4b0,BUKA PUASA JAM 4 SORE DISINI! - Negara-Negara Yang Paling SEBENTAR Puasa #faktaunik #comedy #lucu,Coba main brooo member auto manjain web nya nama webnya MLNDALIKL77 nyoba eh nyangkut nih situs cari aja google MLNDALIKL77,"nyoba eh nyangkut nih situs cari aja google MLNDALIKL77, Online Gambling Promotion"
jiWshdKG4b0,BUKA PUASA JAM 4 SORE DISINI! - Negara-Negara Yang Paling SEBENTAR Puasa #faktaunik #comedy #lucu,TRENDING 1 GILAA MAMEEEN J P T O G E L 77,No Online Gambling Promotion
jiWshdKG4b0,BUKA PUASA JAM 4 SORE DISINI! - Negara-Negara Yang Paling SEBENTAR Puasa #faktaunik #comedy #lucu,situs tu jptogel77 kasi wede lancar ga apa2,Online Gambling Promotion
jiWshdKG4b0,BUKA PUASA JAM 4 SORE DISINI! - Negara-Negara Yang Paling SEBENTAR Puasa #faktaunik #comedy #lucu,JPTOGEL77 gua bru maen bentar lngsg jepe,Online Gambling Promotion
jiWshdKG4b0,BUKA PUASA JAM 4 SORE DISINI! - Negara-Negara Yang Paling SEBENTAR Puasa #faktaunik #comedy #lucu,Saran ane main jptogel77 gak pelit link nya gw mmber barusan main auto lgsung maxwin pdhal modal receh doang,"gak perlu linknya, gw akan main otomatis langsung maxwin pada modal rejeki doang, Online Gambling Promotion"
jiWshdKG4b0,BUKA PUASA JAM 4 SORE DISINI! - Negara-Negara Yang Paling SEBENTAR Puasa #faktaunik #comedy #lucu,ga nyarnin server abal abal dahgua udah tau main cari aja JPTOGEL77 ngab terbaikk situs sih teman wede coba deh ngab lumayan nambah2 isi dompet,Online Gambling Prom
jiWshdKG4b0,BUKA PUASA JAM 4 SORE DISINI! - Negara-Negara Yang Paling SEBENTAR Puasa #faktaunik #comedy #lucu,Begitu mantap memuaskan Bermain MANDALIKA77 lancar hambatan rezeki mengalir deras,No Online Gambling Promotion
jiWshdKG4b0,BUKA PUASA JAM 4 SORE DISINI! - Negara-Negara Yang Paling SEBENTAR Puasa #faktaunik #comedy #lucu,nikmat ngopi sembari nyelot momen maxwin nya langsung full senyum makasih website JPTOGEL77 udh ngasih maxwin meningkat senang mainnya,Online Gambling Promotion
jiWshdKG4b0,BUKA PUASA JAM 4 SORE DISINI! - Negara-Negara Yang Paling SEBENTAR Puasa #faktaunik #comedy #lucu,Paling mantap cuman webb JPTOGEL77 member dimanjain kasih cuan,Online Gambling Promotion
jiWshdKG4b0,BUKA PUASA JAM 4 SORE DISINI! - Negara-Negara Yang Paling SEBENTAR Puasa #faktaunik #comedy #lucu,jptogel77 juara maxwin,Online Gambling Promotion
jiWshdKG4b0,BUKA PUASA JAM 4 SORE DISINI! - Negara-Negara Yang Paling SEBENTAR Puasa #faktaunik #comedy #lucu,Rezeki J P TO G E L 7 7 sungguh tiada tara nilainya terima kasih ya Allah berkat Mu,"Terima Kasih Ya Allah Berkat Mu, No Online Gambling Promotion"
jiWshdKG4b0,BUKA PUASA JAM 4 SORE DISINI! - Negara-Negara Yang Paling SEBENTAR Puasa #faktaunik #comedy #lucu,gak salah emang sodara gw maen J P TO G E L 7 7 hasilnya mantep bgt brooo maen bntaran doang udah dikasi narik gini kwkwkw makasih J P TO G E L 7 7 mantep,ERROR
jiWshdKG4b0,BUKA PUASA JAM 4 SORE DISINI! - Negara-Negara Yang Paling SEBENTAR Puasa #faktaunik #comedy #lucu,situs tu kyk J P TO G E L 7 7 kasi wede lancar ga apa2,No Online Gambling Promotion
jiWshdKG4b0,BUKA PUASA JAM 4 SORE DISINI! - Negara-Negara Yang Paling SEBENTAR Puasa #faktaunik #comedy #lucu,tidur auto spin J P TO G E L 7 7 bangun2 saldo udah battery lowbett ngantor senyam senyum macem udah gila cari aja google tu J P TO G E L 7 7,"Bangun2 saldo udah battery lowbett ngantor senyam senyum macem udah gila cari aja google tu J P TO G E L 7 7, Online Gambling Promotion"
jiWshdKG4b0,BUKA PUASA JAM 4 SORE DISINI! - Negara-Negara Yang Paling SEBENTAR Puasa #faktaunik #comedy #lucu,webb JPTOGEL77 ga kalah seru ya disni cair trus dr web JPTOGEL77 gokil mantap la jajan,Online Gambling Promotion
jiWshdKG4b0,BUKA PUASA JAM 4 SORE DISINI! - Negara-Negara Yang Paling SEBENTAR Puasa #faktaunik #comedy #lucu,Ternyata main JPTOGEL77 bikin rezeki langsung gacir,Online Gambling Promotion
jiWshdKG4b0,BUKA PUASA JAM 4 SORE DISINI! - Negara-Negara Yang Paling SEBENTAR Puasa #faktaunik #comedy #lucu,situs tu kyk J P TO G E L 7 7 kasi wede lancar ga apa2,No Online Gambling Promotion
jiWshdKG4b0,BUKA PUASA JAM 4 SORE DISINI! - Negara-Negara Yang Paling SEBENTAR Puasa #faktaunik #comedy #lucu,modal halus jp paus J P TO G E L 7 7 untung gw kasi tau sodara gak sih gw masi maen sedot wc makasih J P TO G E L 7 7 jajannya,Online Gambling Promotion
jiWshdKG4b0,BUKA PUASA JAM 4 SORE DISINI! - Negara-Negara Yang Paling SEBENTAR Puasa #faktaunik #comedy #lucu,jptogel77 tempatnya jagoan judi lu nggak main belajar pro,"tidak main belajar pro, Online Gambling Promotion"
jiWshdKG4b0,BUKA PUASA JAM 4 SORE DISINI! - Negara-Negara Yang Paling SEBENTAR Puasa #faktaunik #comedy #lucu,asyik abang J P TO G E L 7 7 anjir terkejut kasih kemenangan kali menciptakan pas meleset,No Online Gambling Promotion
jiWshdKG4b0,BUKA PUASA JAM 4 SORE DISINI! - Negara-Negara Yang Paling SEBENTAR Puasa #faktaunik #comedy #lucu,main jptogel77 bro enak banget gampang jp,Online Gambling Promotion
jiWshdKG4b0,BUKA PUASA JAM 4 SORE DISINI! - Negara-Negara Yang Paling SEBENTAR Puasa #faktaunik #comedy #lucu,mantap main udah dikasih menang aja JPTOGEL77 modal receh wd haha,Online Gambling Promotion
jiWshdKG4b0,BUKA PUASA JAM 4 SORE DISINI! - Negara-Negara Yang Paling SEBENTAR Puasa #faktaunik #comedy #lucu,ga nyesel emang maen JPTOGEL77 enak bgt scatternya scaternya berisi manteplah JPTOGEL77,Online Gambling Promotion
jiWshdKG4b0,BUKA PUASA JAM 4 SORE DISINI! - Negara-Negara Yang Paling SEBENTAR Puasa #faktaunik #comedy #lucu,TRENDING 1 GILA LOOOO jptogel77,Online Gambling Promotion
jiWshdKG4b0,BUKA PUASA JAM 4 SORE DISINI! - Negara-Negara Yang Paling SEBENTAR Puasa #faktaunik #comedy #lucu,ga nyarnin server abal abal dahgua udah tau main cari aja JPTOGEL77 ngab terbaikk situs sih teman wede coba deh ngab lumayan nambah2 isi dompet,Online Gambling Prom
jiWshdKG4b0,BUKA PUASA JAM 4 SORE DISINI! - Negara-Negara Yang Paling SEBENTAR Puasa #faktaunik #comedy #lucu,temenku saranin main JPTOGEL77 coba iseng2 main situs eh dapettt jackpott udah cape banget gonta ganti situs mulu situs menghasilkan cuan,"coba iseng2 main situs, Online Gambling Promotion"
jiWshdKG4b0,BUKA PUASA JAM 4 SORE DISINI! - Negara-Negara Yang Paling SEBENTAR Puasa #faktaunik #comedy #lucu,menang nya ga banyakyang ga bikin rungkadnaik sikit bukitini buktinya udah menang JPTOGEL77di sambar kake zeusss wkkwkw,"buktinyadahmenangJPTOGEL77disambarkakezeussswkkwkw, Online Gambling Promotion"
jiWshdKG4b0,BUKA PUASA JAM 4 SORE DISINI! - Negara-Negara Yang Paling SEBENTAR Puasa #faktaunik #comedy #lucu,Gak maxwln provit segini main mahbaru nyoba udah kasih JP si JPTOGEL77 ni test aja,"nyoba udah kasih JP si JPTOGEL77 ni test aja, Online Gambling Promotion"
jiWshdKG4b0,BUKA PUASA JAM 4 SORE DISINI! - Negara-Negara Yang Paling SEBENTAR Puasa #faktaunik #comedy #lucu,gw aja main jptogel77 x100 kuy mabar biar cuan bang sore mantappp rekomend banget pokok nya situs broo,Online Gambling Promotion
jiWshdKG4b0,BUKA PUASA JAM 4 SORE DISINI! - Negara-Negara Yang Paling SEBENTAR Puasa #faktaunik #comedy #lucu,lama2 bangkrut ni bossnya JPTOGEL77 profit trus main kemaren wkkwkw,No Online Gambling Promotion
jiWshdKG4b0,BUKA PUASA JAM 4 SORE DISINI! - Negara-Negara Yang Paling SEBENTAR Puasa #faktaunik #comedy #lucu,hidup gw enak brp main jptogel77 nih situs rekomen gw bro,Online Gambling Promotion
jiWshdKG4b0,BUKA PUASA JAM 4 SORE DISINI! - Negara-Negara Yang Paling SEBENTAR Puasa #faktaunik #comedy #lucu,seneng bangun2 kumpulin nyawa main jptogel77 langsung dikasi wekwekwek,Online Gambling Promotion
jiWshdKG4b0,BUKA PUASA JAM 4 SORE DISINI! - Negara-Negara Yang Paling SEBENTAR Puasa #faktaunik #comedy #lucu,nyelot gak ribet MANTAB J P TO G E L 7 7 gak rugi kalo main main WD gak sampe maxwin modal gw 2x lipat gas,Online Gambling Promotion
jiWshdKG4b0,BUKA PUASA JAM 4 SORE DISINI! - Negara-Negara Yang Paling SEBENTAR Puasa #faktaunik #comedy #lucu,aja bro gw main jptogel77 bener ngasih menang ga kyk situs nyedot,"saya main judi slot jptogel77 benar-benar menang, tidak ada situs yang terdampakOnline Gambling Promotion"
jiWshdKG4b0,BUKA PUASA JAM 4 SORE DISINI! - Negara-Negara Yang Paling SEBENTAR Puasa #faktaunik #comedy #lucu,intinya bermainlah sabar barbar kemenenangan sabar wkwk hiburan jadiin mata pencaharian gw main JPTOGEL77,Online Gambling Promotion
jiWshdKG4b0,BUKA PUASA JAM 4 SORE DISINI! - Negara-Negara Yang Paling SEBENTAR Puasa #faktaunik #comedy #lucu,main J P T O G E L 77 aman2 jaya aja yah gua dikasi proses nariknya cepet maju bosku,Online Gambling Promotion
jiWshdKG4b0,BUKA PUASA JAM 4 SORE DISINI! - Negara-Negara Yang Paling SEBENTAR Puasa #faktaunik #comedy #lucu,coba cari JPTOGEL77 Mantap bosku makasih uda kasih saran main situs wd ku allhamdulliah lancar main,Online Gambling Promotion
jiWshdKG4b0,BUKA PUASA JAM 4 SORE DISINI! - Negara-Negara Yang Paling SEBENTAR Puasa #faktaunik #comedy #lucu,Memang main jptogel77 untung saran teman menang,Online Gambling Promotion
jiWshdKG4b0,BUKA PUASA JAM 4 SORE DISINI! - Negara-Negara Yang Paling SEBENTAR Puasa #faktaunik #comedy #lucu,betah dah nongkrong situs JPTOGEL77 kalo lihat rtp asli gak gagal rtpnya angkanya cuuy,"kalo lihat RTP asli gak gagal RTPnya angkanya cuy, Online Gambling Promotion"
jiWshdKG4b0,BUKA PUASA JAM 4 SORE DISINI! - Negara-Negara Yang Paling SEBENTAR Puasa #faktaunik #comedy #lucu,JPTOGEL77 gua suka banget main mudah menangnya,Online Gambling Promotion
jiWshdKG4b0,BUKA PUASA JAM 4 SORE DISINI! - Negara-Negara Yang Paling SEBENTAR Puasa #faktaunik #comedy #lucu,modal recehpun wd J P TO G E L 7 7 benar2 profit hasil main bermain main bermain sukses jutaan mantap webnya,Online Gambling Promotion
jiWshdKG4b0,BUKA PUASA JAM 4 SORE DISINI! - Negara-Negara Yang Paling SEBENTAR Puasa #faktaunik #comedy #lucu,provider game terbaik JPTOGEL77 salah milih webb perkalin serinng turun modal receh kasih wd main terbaik ni webb,Online Gambling Promotion
jiWshdKG4b0,BUKA PUASA JAM 4 SORE DISINI! - Negara-Negara Yang Paling SEBENTAR Puasa #faktaunik #comedy #lucu,Main santai jptogel77 hasilnya bikin senyum lebar Terima kasih,"Terima kasih, Online Gambling Promotion"
jiWshdKG4b0,BUKA PUASA JAM 4 SORE DISINI! - Negara-Negara Yang Paling SEBENTAR Puasa #faktaunik #comedy #lucu,edan web JPTOGEL77 gk bangkrut web nya kasih jepe gua udh 5 main kasih jepe mulu Kelen wajib main web JPTOGEL77 si wak,"gua udh 5 main kasih jepe mulu Kelen wajib main web JPTOGEL77 si wak, Online Gambling Promotion"
jiWshdKG4b0,BUKA PUASA JAM 4 SORE DISINI! - Negara-Negara Yang Paling SEBENTAR Puasa #faktaunik #comedy #lucu,edan web JPTOGEL77 gk bangkrut web nya kasih jepe gua udh 5 main kasih jepe mulu Kelen wajib main web J P TO G E L 7 7 si wak,Online Gambling Promotion
jiWshdKG4b0,BUKA PUASA JAM 4 SORE DISINI! - Negara-Negara Yang Paling SEBENTAR Puasa #faktaunik #comedy #lucu,SUPER MANTAP INI LINKTERBAIK PALING MANTAP DENGAN RTP DI ATAS 98WINRATE MEMBER BARU 99 BAGUS BANGET SEMOGA AJA BISA NULAR SAMA PELAYER LAINCARI DI GOOGLE JPTOGEL77,ERROR
jiWshdKG4b0,BUKA PUASA JAM 4 SORE DISINI! - Negara-Negara Yang Paling SEBENTAR Puasa #faktaunik #comedy #lucu,Cuan gila gilaan J P TO G E L 7 7,No Online Gambling Promotion
jiWshdKG4b0,BUKA PUASA JAM 4 SORE DISINI! - Negara-Negara Yang Paling SEBENTAR Puasa #faktaunik #comedy #lucu,Waduh menang gue SCBD belanja pake duit kemenangan jptogel77 uang trakhirnemu situs barualhamdulilah d ksih jepe ngab,No Online Gambling Promotion
jiWshdKG4b0,BUKA PUASA JAM 4 SORE DISINI! - Negara-Negara Yang Paling SEBENTAR Puasa #faktaunik #comedy #lucu,rngkad sempet putus asa sih main dapet referensi anak komunitas main JPTOGEL77 behhh semangat gw membara banget coy ngasi u google aja JPTOGEL77,Online Gambling Promotion
jiWshdKG4b0,BUKA PUASA JAM 4 SORE DISINI! - Negara-Negara Yang Paling SEBENTAR Puasa #faktaunik #comedy #lucu,Modal 60 ribu maxwin segini brooo emang mantap nge disitus search google namanya JPTOGEL77,Online Gambling Promotion
jiWshdKG4b0,BUKA PUASA JAM 4 SORE DISINI! - Negara-Negara Yang Paling SEBENTAR Puasa #faktaunik #comedy #lucu,mantap bro jp JPTOGEL77 aja udah makasih udah kasih kemenangan,"udah makasih, udah kasih kemenangan, Online Gambling Promotion"
jiWshdKG4b0,BUKA PUASA JAM 4 SORE DISINI! - Negara-Negara Yang Paling SEBENTAR Puasa #faktaunik #comedy #lucu,Gak maxwln provit segini main mahbaru nyoba udah kasih JP si MAnDALIKA77 ni test aja,"nyooba udah kasih JP si MANDALIKA77 ni test aja, Online Gambling Promotion"
jiWshdKG4b0,BUKA PUASA JAM 4 SORE DISINI! - Negara-Negara Yang Paling SEBENTAR Puasa #faktaunik #comedy #lucu,udah gw coba bro bagus main JPTOGEL77 patut dibanggakan profitnya,Online Gambling Promotion
jiWshdKG4b0,BUKA PUASA JAM 4 SORE DISINI! - Negara-Negara Yang Paling SEBENTAR Puasa #faktaunik #comedy #lucu,Modal receh hasil lumer mantap kali JPTOGEL77 sensasi maxwln berulang brooo kali nemu web seqacor chek langsung deh webbnya dp wd gesit prosesnya,Online Gambling Promotion
jiWshdKG4b0,BUKA PUASA JAM 4 SORE DISINI! - Negara-Negara Yang Paling SEBENTAR Puasa #faktaunik #comedy #lucu,bersyukur banget gw main situs Mandalika tujuhtujuh udah lunasin utang grgr main situs situs bener edan bro gampang menang,No Online Gambling Promotion
jiWshdKG4b0,BUKA PUASA JAM 4 SORE DISINI! - Negara-Negara Yang Paling SEBENTAR Puasa #faktaunik #comedy #lucu,intinya bermainlah sabar barbar kemenenangan sabar wkwk hiburan jadiin mata pencaharian gw main JPTOGEL77,Online Gambling Promotion
jiWshdKG4b0,BUKA PUASA JAM 4 SORE DISINI! - Negara-Negara Yang Paling SEBENTAR Puasa #faktaunik #comedy #lucu,Ternyata bgt dibilang teman gue main JPTOGEL77 gampang bgt dapetin maxwin member positif WD,Online Gambling Promotion
jiWshdKG4b0,BUKA PUASA JAM 4 SORE DISINI! - Negara-Negara Yang Paling SEBENTAR Puasa #faktaunik #comedy #lucu,makasih banget loh JPTOGEL77 udah ngasih kesempatan ngerasain wd hasil maxwwin udh kunci akun ku gk wd,Online Gambling Promotion
jiWshdKG4b0,BUKA PUASA JAM 4 SORE DISINI! - Negara-Negara Yang Paling SEBENTAR Puasa #faktaunik #comedy #lucu,0701 JPTOGEL77,Online Gambling Promotion
jiWshdKG4b0,BUKA PUASA JAM 4 SORE DISINI! - Negara-Negara Yang Paling SEBENTAR Puasa #faktaunik #comedy #lucu,member langsung dikasih jajanan meningkat senang bermain J P TO G E L 7 7 sih gk ubah web ni,No Online Gambling Promotion
jiWshdKG4b0,BUKA PUASA JAM 4 SORE DISINI! - Negara-Negara Yang Paling SEBENTAR Puasa #faktaunik #comedy #lucu,Waduh menang gue SCBD belanja pake duit kemenangan J P TO G E L 7 7 uang trakhirnemu situs barualhamdulilah d ksih jepe ngab,No Online Gambling Promotion
jiWshdKG4b0,BUKA PUASA JAM 4 SORE DISINI! - Negara-Negara Yang Paling SEBENTAR Puasa #faktaunik #comedy #lucu,Dari sekian ling coba cman webb jptogel77 yg bikin betah bagus webbnya kasih maxwn gak takut jptogel77,"webnya kasih maxwin, tidak aku takut jptogel77, Online Gambling Promotion"
jiWshdKG4b0,BUKA PUASA JAM 4 SORE DISINI! - Negara-Negara Yang Paling SEBENTAR Puasa #faktaunik #comedy #lucu,u abis gak duitnya gara2 kalah pindah nih bagusnya u google J P TO G E L 7 7 aja betahh deh,Online Gambling Promotion
jiWshdKG4b0,BUKA PUASA JAM 4 SORE DISINI! - Negara-Negara Yang Paling SEBENTAR Puasa #faktaunik #comedy #lucu,the bestt la server negri inisanagt beda server lokaludah ga berapling situs main JPTOGEL77 aja,Online Gambling Promotion
jiWshdKG4b0,BUKA PUASA JAM 4 SORE DISINI! - Negara-Negara Yang Paling SEBENTAR Puasa #faktaunik #comedy #lucu,JPTOGEL77 cba jepe gede lngsg,No Online Gambling Promotion
jiWshdKG4b0,BUKA PUASA JAM 4 SORE DISINI! - Negara-Negara Yang Paling SEBENTAR Puasa #faktaunik #comedy #lucu,nyari2 uang rokok dikasih uang jajan seminggu hahaha emng terbaik nih jptogel77,No Online Gambling Promotion
jiWshdKG4b0,BUKA PUASA JAM 4 SORE DISINI! - Negara-Negara Yang Paling SEBENTAR Puasa #faktaunik #comedy #lucu,JPTOGEL77 maen hoki,Online Gambling Promotion
jiWshdKG4b0,BUKA PUASA JAM 4 SORE DISINI! - Negara-Negara Yang Paling SEBENTAR Puasa #faktaunik #comedy #lucu,tidur auto spin jptogel77 bangun2 saldo udah battery lowbett ngantor senyam senyum macem udah gila cari aja google tu jptogel77,"Bangun2 saldo, udah battery lowbett, ngantor senyam senyum macem, udah gila, cari aja google tu jptogel77, Online Gambling Promotion"
jiWshdKG4b0,BUKA PUASA JAM 4 SORE DISINI! - Negara-Negara Yang Paling SEBENTAR Puasa #faktaunik #comedy #lucu,Modal 60 ribu maxwin segini brooo emang mantap nge disitus search google namanya MLNDALIKL77,No Online Gambling Promotion
jiWshdKG4b0,BUKA PUASA JAM 4 SORE DISINI! - Negara-Negara Yang Paling SEBENTAR Puasa #faktaunik #comedy #lucu,Rezeki melimpah JPTOGEL77 makasih,Online Gambling Promotion
jiWshdKG4b0,BUKA PUASA JAM 4 SORE DISINI! - Negara-Negara Yang Paling SEBENTAR Puasa #faktaunik #comedy #lucu,Akhirnya menang J P T O G E L 77 dengar cerita orng,Online Gambling Promotion
jiWshdKG4b0,BUKA PUASA JAM 4 SORE DISINI! - Negara-Negara Yang Paling SEBENTAR Puasa #faktaunik #comedy #lucu,provider game terbaik JPTOGEL77 salah milih webb perkalin serinng turun modal receh kasih wd main terbaik ni webb,Online Gambling Promotion
jiWshdKG4b0,BUKA PUASA JAM 4 SORE DISINI! - Negara-Negara Yang Paling SEBENTAR Puasa #faktaunik #comedy #lucu,bener teman situs emng keren banget laaabaru dep aja udah dapet menang jptogel77,Online Gambling Promotion
jiWshdKG4b0,BUKA PUASA JAM 4 SORE DISINI! - Negara-Negara Yang Paling SEBENTAR Puasa #faktaunik #comedy #lucu,Ini keren kak main J P T O G E L 77 kasi JP kak Nga sangka sih dapet seginiuntung aja Temen nyaranin Server Luar ngerasain MAXWIN,Online Gambling Promotion
jiWshdKG4b0,BUKA PUASA JAM 4 SORE DISINI! - Negara-Negara Yang Paling SEBENTAR Puasa #faktaunik #comedy #lucu,asik dikasih rezeki makasih bget y J P TO G E L 7 7 kudoakan webbnya bangkit biar kasih sIotter profit wkwk gk ambil pusing main J P TO G E L 7 7 bang siap2 WD aja pokoknya,ERROR
jiWshdKG4b0,BUKA PUASA JAM 4 SORE DISINI! - Negara-Negara Yang Paling SEBENTAR Puasa #faktaunik #comedy #lucu,cobain bro bareng gw main Mandalika tujuhtujuh udah gw seleksi ratusan situs mantap bro,"bro bersama saya main Mandalika, sudah saya seleksi ratusan situs mantap, bro, Online Gambling Promotion"
jiWshdKG4b0,BUKA PUASA JAM 4 SORE DISINI! - Negara-Negara Yang Paling SEBENTAR Puasa #faktaunik #comedy #lucu,Iseng cuman coba depo receh situs jptogel77 klau seandainya depo nggak kebayang mantap situs jptogel77 langsung gas aja bro rasakan dimanjain ni BO,Online Gambling Promotion
jiWshdKG4b0,BUKA PUASA JAM 4 SORE DISINI! - Negara-Negara Yang Paling SEBENTAR Puasa #faktaunik #comedy #lucu,sobat jptogel77 emang patut banggakan situs beneran gampang JP,Online Gambling Promotion
