video_id,video_title,comment,label
PsxbmFgsK7k,Kalian pilih yang biru atau kuning?🤔🤔,Sengaja,No Online Gambling Promotion
PsxbmFgsK7k,Kalian pilih yang biru atau kuning?🤔🤔,Gajelas,No Online Gambling Promotion
PsxbmFgsK7k,Kalian pilih yang biru atau kuning?🤔🤔,Pura pura enga tau aja,No Online Gambling Promotion
PsxbmFgsK7k,Kalian pilih yang biru atau kuning?🤔🤔,Pastii,ERROR
PsxbmFgsK7k,Kalian pilih yang biru atau kuning?🤔🤔,Itu rambut gk keliatan dh,No Online Gambling Promotion
PsxbmFgsK7k,Kalian pilih yang biru atau kuning?🤔🤔,Kk jasujan nya kliata,No Online Gambling Promotion
PsxbmFgsK7k,Kalian pilih yang biru atau kuning?🤔🤔,Yang asli dipukulnya gak kena,No Online Gambling Promotion
PsxbmFgsK7k,Kalian pilih yang biru atau kuning?🤔🤔,Jangan anak paman,No Online Gambling Promotion
PsxbmFgsK7k,Kalian pilih yang biru atau kuning?🤔🤔,Emang bego,No Online Gambling Promotion
PsxbmFgsK7k,Kalian pilih yang biru atau kuning?🤔🤔,Pura pura dong0,No Online Gambling Promotion
PsxbmFgsK7k,Kalian pilih yang biru atau kuning?🤔🤔,Curang,No Online Gambling Promotion
PsxbmFgsK7k,Kalian pilih yang biru atau kuning?🤔🤔,ya,No Online Gambling Promotion
PsxbmFgsK7k,Kalian pilih yang biru atau kuning?🤔🤔,Curang,No Online Gambling Promotion
PsxbmFgsK7k,Kalian pilih yang biru atau kuning?🤔🤔,Disengaja,No Online Gambling Promotion
PsxbmFgsK7k,Kalian pilih yang biru atau kuning?🤔🤔,Merryclestari,ERROR
PsxbmFgsK7k,Kalian pilih yang biru atau kuning?🤔🤔,Laki laki warna biru Cewe warna kuning,No Online Gambling Promotion
PsxbmFgsK7k,Kalian pilih yang biru atau kuning?🤔🤔,Keliatan banget Settingan,No Online Gambling Promotion
PsxbmFgsK7k,Kalian pilih yang biru atau kuning?🤔🤔,apalah,No Online Gambling Promotion
PsxbmFgsK7k,Kalian pilih yang biru atau kuning?🤔🤔,Teknik,ERROR
PsxbmFgsK7k,Kalian pilih yang biru atau kuning?🤔🤔,Pembodohan publik,No Online Gambling Promotion
PsxbmFgsK7k,Kalian pilih yang biru atau kuning?🤔🤔,freek,No Online Gambling Promotion
PsxbmFgsK7k,Kalian pilih yang biru atau kuning?🤔🤔,Pura pura aja,No Online Gambling Promotion
PsxbmFgsK7k,Kalian pilih yang biru atau kuning?🤔🤔,Itu,ERROR
PsxbmFgsK7k,Kalian pilih yang biru atau kuning?🤔🤔,Akhirnya paham orang ramein JPTOGEL77,Online Gambling Promotion
PsxbmFgsK7k,Kalian pilih yang biru atau kuning?🤔🤔,Salut JPTOGEL77 on time,Online Gambling Promotion
PsxbmFgsK7k,Kalian pilih yang biru atau kuning?🤔🤔,Wih JPTOGEL77 booming ya bahas,Online Gambling Promotion
PsxbmFgsK7k,Kalian pilih yang biru atau kuning?🤔🤔,Terbantu banget JPTOGEL77 salut,Online Gambling Promotion
PsxbmFgsK7k,Kalian pilih yang biru atau kuning?🤔🤔,Segala urusan beres JPTOGEL77 mantap,Online Gambling Promotion
PsxbmFgsK7k,Kalian pilih yang biru atau kuning?🤔🤔,Sukses JPTOGEL77 semoga terbantu,Online Gambling Promotion
PsxbmFgsK7k,Kalian pilih yang biru atau kuning?🤔🤔,Astaga ramai banget komentar JPTOGEL77 Musti cek nih,Online Gambling Promotion
PsxbmFgsK7k,Kalian pilih yang biru atau kuning?🤔🤔,Nggak salah JPTOGEL77 buah bibir,No Online Gambling Promotion
PsxbmFgsK7k,Kalian pilih yang biru atau kuning?🤔🤔,Ada sih JPTOGEL77 Kok heboh banget,Online Gambling Promotion
PsxbmFgsK7k,Kalian pilih yang biru atau kuning?🤔🤔,Serius deh JPTOGEL77 bikin mudah,Online Gambling Promotion
PsxbmFgsK7k,Kalian pilih yang biru atau kuning?🤔🤔,Tumben spam JPTOGEL77 layak dicoba,Online Gambling Promotion
PsxbmFgsK7k,Kalian pilih yang biru atau kuning?🤔🤔,Wih viral nama JPTOGEL77,No Online Gambling Promotion
PsxbmFgsK7k,Kalian pilih yang biru atau kuning?🤔🤔,Proses cepat JPTOGEL77 jagonya,Online Gambling Promotion
PsxbmFgsK7k,Kalian pilih yang biru atau kuning?🤔🤔,Kudu kasih jempol JPTOGEL77 top markotop,Online Gambling Promotion
PsxbmFgsK7k,Kalian pilih yang biru atau kuning?🤔🤔,Wah ngomongin JPTOGEL77 keren sih,Online Gambling Promotion
PsxbmFgsK7k,Kalian pilih yang biru atau kuning?🤔🤔,Auto topik pembicaraan JPTOGEL77 emang keren,Online Gambling Promotion
PsxbmFgsK7k,Kalian pilih yang biru atau kuning?🤔🤔,Nggak nyesel saran teman JPTOGEL77 mantap,No Online Gambling Promotion
PsxbmFgsK7k,Kalian pilih yang biru atau kuning?🤔🤔,Rupanya terbantu JPTOGEL77 keren,Online Gambling Promotion
PsxbmFgsK7k,Kalian pilih yang biru atau kuning?🤔🤔,Salut tim JPTOGEL77 tanggap profesional,No Online Gambling Promotion
PsxbmFgsK7k,Kalian pilih yang biru atau kuning?🤔🤔,Kepoin JPTOGEL77 manfaatnya,No Online Gambling Promotion
PsxbmFgsK7k,Kalian pilih yang biru atau kuning?🤔🤔,Siapa nih JPTOGEL77 Hebat banget sistemnya,Online Gambling Promotion
PsxbmFgsK7k,Kalian pilih yang biru atau kuning?🤔🤔,Idiot,ERROR
PsxbmFgsK7k,Kalian pilih yang biru atau kuning?🤔🤔,Hebat JPTOGEL77 solusi praktis,Online Gambling Promotion
PsxbmFgsK7k,Kalian pilih yang biru atau kuning?🤔🤔,Hari gini cari instan JPTOGEL77 solusinya,Online Gambling Promotion
PsxbmFgsK7k,Kalian pilih yang biru atau kuning?🤔🤔,Semua bahas JPTOGEL77 ikutan merapat nih,Online Gambling Promotion
PsxbmFgsK7k,Kalian pilih yang biru atau kuning?🤔🤔,Sumpah penasaran bahas JPTOGEL77 kolom komentar,No Online Gambling Promotion
PsxbmFgsK7k,Kalian pilih yang biru atau kuning?🤔🤔,Mantap Urusan lancar berkat JPTOGEL77,Online Gambling Promotion
PsxbmFgsK7k,Kalian pilih yang biru atau kuning?🤔🤔,Keren abis JPTOGEL77 bikin mudah,Online Gambling Promotion
PsxbmFgsK7k,Kalian pilih yang biru atau kuning?🤔🤔,Thanks JPTOGEL77 hasilnya beneran real time,"hasilnya benar-benar real time, Online Gambling Promotion"
PsxbmFgsK7k,Kalian pilih yang biru atau kuning?🤔🤔,Baru sadar JPTOGEL77 tuh viral,Online Gambling Promotion
PsxbmFgsK7k,Kalian pilih yang biru atau kuning?🤔🤔,Nggak nyangka JPTOGEL77 ngasih solusi nggak ribet,Online Gambling Promotion
PsxbmFgsK7k,Kalian pilih yang biru atau kuning?🤔🤔,Kaget liat kolom komentar isinya JPTOGEL77 legit,Online Gambling Promotion
PsxbmFgsK7k,Kalian pilih yang biru atau kuning?🤔🤔,Wah channel JPTOGEL77,Online Gambling Promotion
PsxbmFgsK7k,Kalian pilih yang biru atau kuning?🤔🤔,Baru aja pakai JPTOGEL77 semudah,Online Gambling Promotion
PsxbmFgsK7k,Kalian pilih yang biru atau kuning?🤔🤔,Mantul Layanan JPTOGEL77 bikin puas,Online Gambling Promotion
PsxbmFgsK7k,Kalian pilih yang biru atau kuning?🤔🤔,Kenapa banget nyebut JPTOGEL77 ya,Online Gambling Promotion
PsxbmFgsK7k,Kalian pilih yang biru atau kuning?🤔🤔,Makin penasaran JPTOGEL77 orang cerita bagus,Online Gambling Promotion
PsxbmFgsK7k,Kalian pilih yang biru atau kuning?🤔🤔,Kalian udah coba JPTOGEL77 Recommended banget,Online Gambling Promotion
PsxbmFgsK7k,Kalian pilih yang biru atau kuning?🤔🤔,Ini sih wajib dicoba JPTOGEL77 nggak main main,Online Gambling Promotion
PsxbmFgsK7k,Kalian pilih yang biru atau kuning?🤔🤔,Keren JPTOGEL77 tuh bener bener responsif,Online Gambling Promotion
PsxbmFgsK7k,Kalian pilih yang biru atau kuning?🤔🤔,Nggak bohong JPTOGEL77 rekomendasi terbaik,No Online Gambling Promotion
PsxbmFgsK7k,Kalian pilih yang biru atau kuning?🤔🤔,Gokil proses JPTOGEL77 instan banget,Online Gambling Promotion
PsxbmFgsK7k,Kalian pilih yang biru atau kuning?🤔🤔,Wah denger JPTOGEL77 langsung penasaran,Online Gambling Promotion
PsxbmFgsK7k,Kalian pilih yang biru atau kuning?🤔🤔,Sekali coba langsung kelar urusan thanks JPTOGEL77,"thanks JPTOGEL77, Online Gambling Promotion"
PsxbmFgsK7k,Kalian pilih yang biru atau kuning?🤔🤔,Beneran top nggak nyesel coba JPTOGEL77,"tidak nyesel coba JPTOGEL77, Online Gambling Promotion"
PsxbmFgsK7k,Kalian pilih yang biru atau kuning?🤔🤔,Terimakasih JPTOGEL77 beneran nggak ribet,Online Gambling Promotion
PsxbmFgsK7k,Kalian pilih yang biru atau kuning?🤔🤔,Coba deh nggak nyangka JPTOGEL77 sepraktis,"jangan sangka JPTOGEL77 seperti praktis, No Online Gambling Promotion"
PsxbmFgsK7k,Kalian pilih yang biru atau kuning?🤔🤔,Baru coba JPTOGEL77 prosesnya beneran cepet,Online Gambling Promotion
PsxbmFgsK7k,Kalian pilih yang biru atau kuning?🤔🤔,Terserah aja,No Online Gambling Promotion
PsxbmFgsK7k,Kalian pilih yang biru atau kuning?🤔🤔,Bang lu niru video orang Amerika ya Maaf salah,"lu niru video orang Amerika ya. Maaf salah, No Online Gambling Promotion"
PsxbmFgsK7k,Kalian pilih yang biru atau kuning?🤔🤔,Lu ngapain sihhhh beon Hadeh primitif koq subs sih konten kaku kaku,No Online Gambling Promotion
PsxbmFgsK7k,Kalian pilih yang biru atau kuning?🤔🤔,Aku mahu laik,No Online Gambling Promotion
PsxbmFgsK7k,Kalian pilih yang biru atau kuning?🤔🤔,biru,No Online Gambling Promotion
PsxbmFgsK7k,Kalian pilih yang biru atau kuning?🤔🤔,Sok gk tau,No Online Gambling Promotion
PsxbmFgsK7k,Kalian pilih yang biru atau kuning?🤔🤔,kata2 nya saldo gratesss neh JPTOGEL77,Online Gambling Promotion
PsxbmFgsK7k,Kalian pilih yang biru atau kuning?🤔🤔,JPTOGEL77 mantulll barusan kasih lucky spin wehde 500k wkwkwkw,Online Gambling Promotion
PsxbmFgsK7k,Kalian pilih yang biru atau kuning?🤔🤔,spi n mulu pecah mulu JPTOGEL77 bro,Online Gambling Promotion
PsxbmFgsK7k,Kalian pilih yang biru atau kuning?🤔🤔,wehde 100k 30 menit geloooo kemarin gua wehde JPTOGEL77 2 jt aja gk sampe semenit dah masokkk,Online Gambling Promotion
PsxbmFgsK7k,Kalian pilih yang biru atau kuning?🤔🤔,daftar JPTOGEL77 saldo gratis ya,Online Gambling Promotion
PsxbmFgsK7k,Kalian pilih yang biru atau kuning?🤔🤔,wehde 1 jt barusan kasih trik ama livechat JPTOGEL77,Online Gambling Promotion
PsxbmFgsK7k,Kalian pilih yang biru atau kuning?🤔🤔,JPTOGEL77 bbagi bonus coyyy,Online Gambling Promotion
PsxbmFgsK7k,Kalian pilih yang biru atau kuning?🤔🤔,JPTOGEL77 pelopor wehde tergede,Online Gambling Promotion
PsxbmFgsK7k,Kalian pilih yang biru atau kuning?🤔🤔,10 udah maen slot JPTOGEL77 aja yg bikin ku setia,Online Gambling Promotion
PsxbmFgsK7k,Kalian pilih yang biru atau kuning?🤔🤔,Tai,ERROR
PsxbmFgsK7k,Kalian pilih yang biru atau kuning?🤔🤔,jodoll yg kasih mobil JPTOGEL77 doang coyyyy,Online Gambling Promotion
PsxbmFgsK7k,Kalian pilih yang biru atau kuning?🤔🤔,seruu BGT JPTOGEL77,Online Gambling Promotion
PsxbmFgsK7k,Kalian pilih yang biru atau kuning?🤔🤔,kalah situs sebelah pindah JPTOGEL77 menang wkwkwk,No Online Gambling Promotion
PsxbmFgsK7k,Kalian pilih yang biru atau kuning?🤔🤔,Ga cwek ga cwok ny konten nya aja wkkw,No Online Gambling Promotion
PsxbmFgsK7k,Kalian pilih yang biru atau kuning?🤔🤔,Yang kuning biru ya,No Online Gambling Promotion
PsxbmFgsK7k,Kalian pilih yang biru atau kuning?🤔🤔,What gitu aja gak tau Oh Megat,"Oh Megat, No Online Gambling Promotion"
PsxbmFgsK7k,Kalian pilih yang biru atau kuning?🤔🤔,Itu sengaja gak sihh,No Online Gambling Promotion
PsxbmFgsK7k,Kalian pilih yang biru atau kuning?🤔🤔,cringe,No Online Gambling Promotion
PsxbmFgsK7k,Kalian pilih yang biru atau kuning?🤔🤔,Padahal keliatan rambutnya,No Online Gambling Promotion
PsxbmFgsK7k,Kalian pilih yang biru atau kuning?🤔🤔,Buta,ERROR
PsxbmFgsK7k,Kalian pilih yang biru atau kuning?🤔🤔,Ini ngapain,No Online Gambling Promotion
PsxbmFgsK7k,Kalian pilih yang biru atau kuning?🤔🤔,Prik bngt,No Online Gambling Promotion
PsxbmFgsK7k,Kalian pilih yang biru atau kuning?🤔🤔,Aku lahir,No Online Gambling Promotion
PsxbmFgsK7k,Kalian pilih yang biru atau kuning?🤔🤔,Ahhahahahahhahahahahahha,No Online Gambling Promotion
PsxbmFgsK7k,Kalian pilih yang biru atau kuning?🤔🤔,curang duanya,No Online Gambling Promotion
PsxbmFgsK7k,Kalian pilih yang biru atau kuning?🤔🤔,cengoh,No Online Gambling Promotion
PsxbmFgsK7k,Kalian pilih yang biru atau kuning?🤔🤔,Begooo,No Online Gambling Promotion
PsxbmFgsK7k,Kalian pilih yang biru atau kuning?🤔🤔,Banyak orang bodoh Tapi GK sebodoh konten Kalo mah bodoh nya udah killer,No Online Gambling Promotion
PsxbmFgsK7k,Kalian pilih yang biru atau kuning?🤔🤔,Aslinua sih udah tau,No Online Gambling Promotion
PsxbmFgsK7k,Kalian pilih yang biru atau kuning?🤔🤔,Tv o9988,No Online Gambling Promotion
PsxbmFgsK7k,Kalian pilih yang biru atau kuning?🤔🤔,Dasar transparan,No Online Gambling Promotion
PsxbmFgsK7k,Kalian pilih yang biru atau kuning?🤔🤔,Pura pura gak tau aja,No Online Gambling Promotion
PsxbmFgsK7k,Kalian pilih yang biru atau kuning?🤔🤔,konten ga bermutu,No Online Gambling Promotion
PsxbmFgsK7k,Kalian pilih yang biru atau kuning?🤔🤔,Benar Kakak video mah pura pura nggak Saya suka nonton video like subscribe bego,"video mah purba nggak. Saya suka nonton video, like, subscribe, begok. No Online Gambling Promotion"
PsxbmFgsK7k,Kalian pilih yang biru atau kuning?🤔🤔,Meme brain rot,No Online Gambling Promotion
PsxbmFgsK7k,Kalian pilih yang biru atau kuning?🤔🤔,Keliatan,ERROR
PsxbmFgsK7k,Kalian pilih yang biru atau kuning?🤔🤔,Konten goblog orang gila aja kalo disuruh milih tau asli,No Online Gambling Promotion
PsxbmFgsK7k,Kalian pilih yang biru atau kuning?🤔🤔,jas hujannya nerawang msa gk tau sih,No Online Gambling Promotion
PsxbmFgsK7k,Kalian pilih yang biru atau kuning?🤔🤔,pura pura gerak,No Online Gambling Promotion
PsxbmFgsK7k,Kalian pilih yang biru atau kuning?🤔🤔,Pura pura huuuu,No Online Gambling Promotion
PsxbmFgsK7k,Kalian pilih yang biru atau kuning?🤔🤔,serah lu aja dah,No Online Gambling Promotion
PsxbmFgsK7k,Kalian pilih yang biru atau kuning?🤔🤔,Da aci,No Online Gambling Promotion
PsxbmFgsK7k,Kalian pilih yang biru atau kuning?🤔🤔,Padahal keliatan GK ngeliat kayak bodohin banget apasih GK,No Online Gambling Promotion
PsxbmFgsK7k,Kalian pilih yang biru atau kuning?🤔🤔,licik kak mery,No Online Gambling Promotion
PsxbmFgsK7k,Kalian pilih yang biru atau kuning?🤔🤔,Ketika orang garing lelucon dipikir seru,No Online Gambling Promotion
PsxbmFgsK7k,Kalian pilih yang biru atau kuning?🤔🤔,Curang,ERROR
PsxbmFgsK7k,Kalian pilih yang biru atau kuning?🤔🤔,Curang,No Online Gambling Promotion
PsxbmFgsK7k,Kalian pilih yang biru atau kuning?🤔🤔,Uuu Dasar pura pura gak tau transparan,No Online Gambling Promotion
PsxbmFgsK7k,Kalian pilih yang biru atau kuning?🤔🤔,Di sengajain,No Online Gambling Promotion
PsxbmFgsK7k,Kalian pilih yang biru atau kuning?🤔🤔,pura pura g tau,No Online Gambling Promotion
PsxbmFgsK7k,Kalian pilih yang biru atau kuning?🤔🤔,Ada orang nya,No Online Gambling Promotion
PsxbmFgsK7k,Kalian pilih yang biru atau kuning?🤔🤔,Gimmick,ERROR
PsxbmFgsK7k,Kalian pilih yang biru atau kuning?🤔🤔,Anehh,No Online Gambling Promotion
PsxbmFgsK7k,Kalian pilih yang biru atau kuning?🤔🤔,GUYS SETIDAKNYA HARGAILAH KONTEN INI,No Online Gambling Promotion
PsxbmFgsK7k,Kalian pilih yang biru atau kuning?🤔🤔,Jirr kak nya bang nya pura gak tau,No Online Gambling Promotion
PsxbmFgsK7k,Kalian pilih yang biru atau kuning?🤔🤔,Dia kayak nya buta,No Online Gambling Promotion
PsxbmFgsK7k,Kalian pilih yang biru atau kuning?🤔🤔,Kocak lol,No Online Gambling Promotion
PsxbmFgsK7k,Kalian pilih yang biru atau kuning?🤔🤔,pura pura gatau,No Online Gambling Promotion
PsxbmFgsK7k,Kalian pilih yang biru atau kuning?🤔🤔,pura pura nggak rambutnya nampak warna hitam,No Online Gambling Promotion
PsxbmFgsK7k,Kalian pilih yang biru atau kuning?🤔🤔,Kan keliatan rambut nya,No Online Gambling Promotion
PsxbmFgsK7k,Kalian pilih yang biru atau kuning?🤔🤔,Gjls anj,No Online Gambling Promotion
PsxbmFgsK7k,Kalian pilih yang biru atau kuning?🤔🤔,Asik,ERROR
PsxbmFgsK7k,Kalian pilih yang biru atau kuning?🤔🤔,Tambah gaje ni vidio,No Online Gambling Promotion
PsxbmFgsK7k,Kalian pilih yang biru atau kuning?🤔🤔,Jangan duanya,No Online Gambling Promotion
PsxbmFgsK7k,Kalian pilih yang biru atau kuning?🤔🤔,mewmewnya keliatan,No Online Gambling Promotion
PsxbmFgsK7k,Kalian pilih yang biru atau kuning?🤔🤔,Lek,ERROR
PsxbmFgsK7k,Kalian pilih yang biru atau kuning?🤔🤔,Yang kuning,No Online Gambling Promotion
PsxbmFgsK7k,Kalian pilih yang biru atau kuning?🤔🤔,dongo,No Online Gambling Promotion
PsxbmFgsK7k,Kalian pilih yang biru atau kuning?🤔🤔,Itu pura pura ga tau,No Online Gambling Promotion
PsxbmFgsK7k,Kalian pilih yang biru atau kuning?🤔🤔,goblok,"but it's not a common term related to online gambling, so the label would be No Online Gambling Promotion.Output: goblock, No Online Gambling Promotion"
PsxbmFgsK7k,Kalian pilih yang biru atau kuning?🤔🤔,Wes makan rawon wess slay daging harga ne 10 ngeu murahh dorrr,"Wes sale daging harga ne 10 ngue murahh dorrr, No Online Gambling Promotion"
PsxbmFgsK7k,Kalian pilih yang biru atau kuning?🤔🤔,Keliatan palanya,No Online Gambling Promotion
PsxbmFgsK7k,Kalian pilih yang biru atau kuning?🤔🤔,Curang curang curang gak like subscribe,No Online Gambling Promotion
PsxbmFgsK7k,Kalian pilih yang biru atau kuning?🤔🤔,Pilih biru,No Online Gambling Promotion
PsxbmFgsK7k,Kalian pilih yang biru atau kuning?🤔🤔,Orang mah main kek gitu pakek kain item ditutupin mah orang mines keliatan patung orang,"mah orang mine kelihatan patung orang, No Online Gambling Promotion"
PsxbmFgsK7k,Kalian pilih yang biru atau kuning?🤔🤔,Sengaja anjir,No Online Gambling Promotion
PsxbmFgsK7k,Kalian pilih yang biru atau kuning?🤔🤔,settingan,No Online Gambling Promotion
PsxbmFgsK7k,Kalian pilih yang biru atau kuning?🤔🤔,Kamu Menipu,No Online Gambling Promotion
PsxbmFgsK7k,Kalian pilih yang biru atau kuning?🤔🤔,Konten penipu,ERROR
PsxbmFgsK7k,Kalian pilih yang biru atau kuning?🤔🤔,Pura pura gak tau mah,No Online Gambling Promotion
PsxbmFgsK7k,Kalian pilih yang biru atau kuning?🤔🤔,Pdhl transparankeliatan kaki pura2 ga tau aja dehh,No Online Gambling Promotion
PsxbmFgsK7k,Kalian pilih yang biru atau kuning?🤔🤔,AA,No Online Gambling Promotion
PsxbmFgsK7k,Kalian pilih yang biru atau kuning?🤔🤔,Kenapa cewe nggak pake baju pul,No Online Gambling Promotion
PsxbmFgsK7k,Kalian pilih yang biru atau kuning?🤔🤔,Ngawur cik,No Online Gambling Promotion
PsxbmFgsK7k,Kalian pilih yang biru atau kuning?🤔🤔,Padahal keliatan rambut,No Online Gambling Promotion
PsxbmFgsK7k,Kalian pilih yang biru atau kuning?🤔🤔,Alaahhhh pura pura ga ngeliat keliatan mah rambut kaki and badan,No Online Gambling Promotion
PsxbmFgsK7k,Kalian pilih yang biru atau kuning?🤔🤔,males pura pura nabok,No Online Gambling Promotion
PsxbmFgsK7k,Kalian pilih yang biru atau kuning?🤔🤔,Sok asik Gilak,No Online Gambling Promotion
PsxbmFgsK7k,Kalian pilih yang biru atau kuning?🤔🤔,Kurang kerjaanTDK kreatif,"TDK kreatif, No Online Gambling Promotion"
PsxbmFgsK7k,Kalian pilih yang biru atau kuning?🤔🤔,Kasihan abang,No Online Gambling Promotion
PsxbmFgsK7k,Kalian pilih yang biru atau kuning?🤔🤔,Bro berpikir mrbeast lawak cik copy mrbeast,No Online Gambling Promotion
PsxbmFgsK7k,Kalian pilih yang biru atau kuning?🤔🤔,anjas,No Online Gambling Promotion
PsxbmFgsK7k,Kalian pilih yang biru atau kuning?🤔🤔,Buta map,No Online Gambling Promotion
PsxbmFgsK7k,Kalian pilih yang biru atau kuning?🤔🤔,pilih biru karna cowok nya jelek culun,No Online Gambling Promotion
PsxbmFgsK7k,Kalian pilih yang biru atau kuning?🤔🤔,tangan mbaknya ramah banget pegang anu si patung,No Online Gambling Promotion
PsxbmFgsK7k,Kalian pilih yang biru atau kuning?🤔🤔,Nonton vidio gila gw,No Online Gambling Promotion
PsxbmFgsK7k,Kalian pilih yang biru atau kuning?🤔🤔,Padahal rambutnya,ERROR
PsxbmFgsK7k,Kalian pilih yang biru atau kuning?🤔🤔,Tau nih,ERROR
PsxbmFgsK7k,Kalian pilih yang biru atau kuning?🤔🤔,H,ERROR
PsxbmFgsK7k,Kalian pilih yang biru atau kuning?🤔🤔,Orang rambutnya,No Online Gambling Promotion
PsxbmFgsK7k,Kalian pilih yang biru atau kuning?🤔🤔,Itu tau karna jas ujan nya banget,No Online Gambling Promotion
PsxbmFgsK7k,Kalian pilih yang biru atau kuning?🤔🤔,Pura pura ga tau uuuuuuuu,No Online Gambling Promotion
PsxbmFgsK7k,Kalian pilih yang biru atau kuning?🤔🤔,Bang engga tau sihh,No Online Gambling Promotion
PsxbmFgsK7k,Kalian pilih yang biru atau kuning?🤔🤔,diyapilikanakmayipukugalonobirukunisamacwaCowo,No Online Gambling Promotion
PsxbmFgsK7k,Kalian pilih yang biru atau kuning?🤔🤔,Ih najiss,No Online Gambling Promotion
PsxbmFgsK7k,Kalian pilih yang biru atau kuning?🤔🤔,Gj pura pura gk tauu,No Online Gambling Promotion
PsxbmFgsK7k,Kalian pilih yang biru atau kuning?🤔🤔,Ala pura pura gak tau biar cewek nya gak kena,No Online Gambling Promotion
PsxbmFgsK7k,Kalian pilih yang biru atau kuning?🤔🤔,Hu bohong pura pura tdk tau mantelnya transparan,No Online Gambling Promotion
PsxbmFgsK7k,Kalian pilih yang biru atau kuning?🤔🤔,Itu si yasmin,ERROR
PsxbmFgsK7k,Kalian pilih yang biru atau kuning?🤔🤔,httpsmediatenorcomk12KM32_Kf8AAAAMyaku bohogif,No Online Gambling Promotion
PsxbmFgsK7k,Kalian pilih yang biru atau kuning?🤔🤔,Gak kasihan,No Online Gambling Promotion
PsxbmFgsK7k,Kalian pilih yang biru atau kuning?🤔🤔,Robrut ritit,No Online Gambling Promotion
PsxbmFgsK7k,Kalian pilih yang biru atau kuning?🤔🤔,Pasti bingung bikin konten terpaksa konten pura pura gak tau awokawok,No Online Gambling Promotion
PsxbmFgsK7k,Kalian pilih yang biru atau kuning?🤔🤔,sebener nya yg stetrees sih,No Online Gambling Promotion
PsxbmFgsK7k,Kalian pilih yang biru atau kuning?🤔🤔,bodoh,No Online Gambling Promotion
PsxbmFgsK7k,Kalian pilih yang biru atau kuning?🤔🤔,Orang orang ngehujat aneh ya Namanya konten trus pura pura gaktau biar menarik kagak mikir pake otak orang ngehujat nih,"Namanya konten trus purapura gak tau biar menarik kagak mengira pake otak orang ngehujat nih, No Online Gambling Promotion"
PsxbmFgsK7k,Kalian pilih yang biru atau kuning?🤔🤔,konten penurun iq njirrr,No Online Gambling Promotion
PsxbmFgsK7k,Kalian pilih yang biru atau kuning?🤔🤔,Keliatan,No Online Gambling Promotion
PsxbmFgsK7k,Kalian pilih yang biru atau kuning?🤔🤔,Sengaja wkwk,No Online Gambling Promotion
PsxbmFgsK7k,Kalian pilih yang biru atau kuning?🤔🤔,ndak sok lucu uda xurabg sik luuxy,No Online Gambling Promotion
PsxbmFgsK7k,Kalian pilih yang biru atau kuning?🤔🤔,Di tau yg botak pura2 tau,No Online Gambling Promotion
PsxbmFgsK7k,Kalian pilih yang biru atau kuning?🤔🤔,dipakai,No Online Gambling Promotion
PsxbmFgsK7k,Kalian pilih yang biru atau kuning?🤔🤔,Pilihan sederhana seringkali mencerminkan menjalani hidup,No Online Gambling Promotion
PsxbmFgsK7k,Kalian pilih yang biru atau kuning?🤔🤔,Kayak aja,No Online Gambling Promotion
PsxbmFgsK7k,Kalian pilih yang biru atau kuning?🤔🤔,cringe banget anj,No Online Gambling Promotion
PsxbmFgsK7k,Kalian pilih yang biru atau kuning?🤔🤔,Alay bjir,No Online Gambling Promotion
PsxbmFgsK7k,Kalian pilih yang biru atau kuning?🤔🤔,pura2 gak tau yaaaa,No Online Gambling Promotion
PsxbmFgsK7k,Kalian pilih yang biru atau kuning?🤔🤔,A,No Online Gambling Promotion
PsxbmFgsK7k,Kalian pilih yang biru atau kuning?🤔🤔,Ga seru,No Online Gambling Promotion
PsxbmFgsK7k,Kalian pilih yang biru atau kuning?🤔🤔,Pura pura gak tau,No Online Gambling Promotion
PsxbmFgsK7k,Kalian pilih yang biru atau kuning?🤔🤔,Padahal keliatan rambut nya,No Online Gambling Promotion
PsxbmFgsK7k,Kalian pilih yang biru atau kuning?🤔🤔,Pura pura emang bego,No Online Gambling Promotion
PsxbmFgsK7k,Kalian pilih yang biru atau kuning?🤔🤔,Kalo gua sih langsung tempeleng,No Online Gambling Promotion
PsxbmFgsK7k,Kalian pilih yang biru atau kuning?🤔🤔,Pura pura tolol tolol beneran,No Online Gambling Promotion
PsxbmFgsK7k,Kalian pilih yang biru atau kuning?🤔🤔,Ini candaan doang,"candaaan doang, No Online Gambling Promotion"
PsxbmFgsK7k,Kalian pilih yang biru atau kuning?🤔🤔,Gajelas aneh konten Aneh tonton jelek,No Online Gambling Promotion
PsxbmFgsK7k,Kalian pilih yang biru atau kuning?🤔🤔,Hahaha hahahaahahhahhahhahaahhaahahahahhahahaahhaahhaahahah,"Hahahaahahhahhahhahhahhahaahhaahahahahhahahaahhaahahahahah, No Online Gambling Promotion"
PsxbmFgsK7k,Kalian pilih yang biru atau kuning?🤔🤔,gw pura pura ga tau,No Online Gambling Promotion
PsxbmFgsK7k,Kalian pilih yang biru atau kuning?🤔🤔,2 puasa,No Online Gambling Promotion
PsxbmFgsK7k,Kalian pilih yang biru atau kuning?🤔🤔,Strahmu dh bg,No Online Gambling Promotion
PsxbmFgsK7k,Kalian pilih yang biru atau kuning?🤔🤔,Rambut nya,No Online Gambling Promotion
PsxbmFgsK7k,Kalian pilih yang biru atau kuning?🤔🤔,Subscribe,ERROR
PsxbmFgsK7k,Kalian pilih yang biru atau kuning?🤔🤔,orang udah tau dasar konten gak orang gak ngemis,No Online Gambling Promotion
PsxbmFgsK7k,Kalian pilih yang biru atau kuning?🤔🤔,subscribe,ERROR
PsxbmFgsK7k,Kalian pilih yang biru atau kuning?🤔🤔,gak,No Online Gambling Promotion
PsxbmFgsK7k,Kalian pilih yang biru atau kuning?🤔🤔,Pura pura GK lihat y,No Online Gambling Promotion
PsxbmFgsK7k,Kalian pilih yang biru atau kuning?🤔🤔,Hahaha,ERROR
PsxbmFgsK7k,Kalian pilih yang biru atau kuning?🤔🤔,taek,No Online Gambling Promotion
PsxbmFgsK7k,Kalian pilih yang biru atau kuning?🤔🤔,Aneh gk tau,No Online Gambling Promotion
PsxbmFgsK7k,Kalian pilih yang biru atau kuning?🤔🤔,Yang biru,ERROR
PsxbmFgsK7k,Kalian pilih yang biru atau kuning?🤔🤔,pura pura gatau aja dh,No Online Gambling Promotion
PsxbmFgsK7k,Kalian pilih yang biru atau kuning?🤔🤔,Ketawa in aja transparanpura pura buta,No Online Gambling Promotion
PsxbmFgsK7k,Kalian pilih yang biru atau kuning?🤔🤔,Anjay,No Online Gambling Promotion
PsxbmFgsK7k,Kalian pilih yang biru atau kuning?🤔🤔,transparan coy,No Online Gambling Promotion
PsxbmFgsK7k,Kalian pilih yang biru atau kuning?🤔🤔,ihir,No Online Gambling Promotion
PsxbmFgsK7k,Kalian pilih yang biru atau kuning?🤔🤔,Kelihatan ga sieh,No Online Gambling Promotion
PsxbmFgsK7k,Kalian pilih yang biru atau kuning?🤔🤔,mah keliatan,No Online Gambling Promotion
PsxbmFgsK7k,Kalian pilih yang biru atau kuning?🤔🤔,Kelihatan tuh orangnya guru,No Online Gambling Promotion
PsxbmFgsK7k,Kalian pilih yang biru atau kuning?🤔🤔,Jaz hujan nya aja teransparan,No Online Gambling Promotion
PsxbmFgsK7k,Kalian pilih yang biru atau kuning?🤔🤔,Gak seru,No Online Gambling Promotion
PsxbmFgsK7k,Kalian pilih yang biru atau kuning?🤔🤔,webb JPTOGEL77 ga kalah seru ya disni cair trus dr web JPTOGEL77 gokil mantap la jajan,Online Gambling Promotion
PsxbmFgsK7k,Kalian pilih yang biru atau kuning?🤔🤔,asik dikasih rezeki makasih bget y jptogel77 kudoakan webbnya bangkit biar kasih sIotter profit wkwk gk ambil pusing main jptogel77 bang siap2 WD aja pokoknya,ERROR
PsxbmFgsK7k,Kalian pilih yang biru atau kuning?🤔🤔,Ternyata bgt dibilang teman gue main JPTOGEL77 gampang bgt dapetin maxwln member positif WD,Online Gambling Promotion
PsxbmFgsK7k,Kalian pilih yang biru atau kuning?🤔🤔,asyik abang J P TO G E L 7 7 anjir terkejut kasih kemenangan kali menciptakan pas meleset,No Online Gambling Promotion
PsxbmFgsK7k,Kalian pilih yang biru atau kuning?🤔🤔,udah gw coba bro bagus main jptogel77 patut dibanggakan profitnya,"bagus main slot jptogel77, patut di bangunkan profitnya, Online Gambling Promotion"
PsxbmFgsK7k,Kalian pilih yang biru atau kuning?🤔🤔,u abis gak duitnya gara2 kalah pindah nih bagusnya u google J P TO G E L 7 7 aja betahh deh,"pindah nih bagusnya u google jptogel 7 7 aja betahh deh, No Online Gambling Promotion"
PsxbmFgsK7k,Kalian pilih yang biru atau kuning?🤔🤔,main JPTOGEL77 Jarang2 ling bagus kali merasakan petir merah si kakek senang x hati hahaha,No Online Gambling Promotion
PsxbmFgsK7k,Kalian pilih yang biru atau kuning?🤔🤔,gapernah gw temui situs gampang menang Mandalika tujuhtujuh,Online Gambling Promotion
PsxbmFgsK7k,Kalian pilih yang biru atau kuning?🤔🤔,nyari2 uang rokok dikasih uang jajan seminggu hahaha emng terbaik nih jptogel77,No Online Gambling Promotion
PsxbmFgsK7k,Kalian pilih yang biru atau kuning?🤔🤔,JPTOGEL77 jackpot gampang banget gk percaya,"tidak percaya? , Online Gambling Promotion"
PsxbmFgsK7k,Kalian pilih yang biru atau kuning?🤔🤔,asyik abang J P TO G E L 7 7 anjir terkejut kasih kemenangan kali menciptakan pas meleset,No Online Gambling Promotion
PsxbmFgsK7k,Kalian pilih yang biru atau kuning?🤔🤔,JPTOGEL77 cba jepe gede lngsg,Online Gambling Promotion
PsxbmFgsK7k,Kalian pilih yang biru atau kuning?🤔🤔,Akhirnya menang J P T O G E L 77 dengar cerita orng,Online Gambling Promotion
PsxbmFgsK7k,Kalian pilih yang biru atau kuning?🤔🤔,jam segini main kakek JPTOGEL77 bikin nagih lurr scatter nya gampang turun sketer perkalian nya konek,Online Gambling Promotion
PsxbmFgsK7k,Kalian pilih yang biru atau kuning?🤔🤔,main jptogel77 bro enak banget gampang jp,Online Gambling Promotion
PsxbmFgsK7k,Kalian pilih yang biru atau kuning?🤔🤔,Ternyata bgt dibilang teman gue main JPTOGEL77 gampang bgt dapetin maxwin member positif WD,Online Gambling Promotion
PsxbmFgsK7k,Kalian pilih yang biru atau kuning?🤔🤔,Gak maxwln provit segini main mahbaru nyoba udah kasih JP si MAnDALIKA77 ni test aja,"kasih judi si Mandalika77 ni test aja, Online Gambling Promotion"
PsxbmFgsK7k,Kalian pilih yang biru atau kuning?🤔🤔,bersyukur gw ga ketipu janji manis situs emang real gampang JP cuman jptogel77,Online Gambling Promotion
PsxbmFgsK7k,Kalian pilih yang biru atau kuning?🤔🤔,Saran ane main JPTOGEL77 gak pelit link nya gw mmber barusan main auto lgsung maxwin pdhal modal receh doang,"ga perlukan linknya, gw akan main otomatis langsung maxwin dengan modal rezeki, Online Gambling Promotion"
PsxbmFgsK7k,Kalian pilih yang biru atau kuning?🤔🤔,situs tu kyk J P TO G E L 7 7 kasi wede lancar ga apa2,No Online Gambling Promotion
PsxbmFgsK7k,Kalian pilih yang biru atau kuning?🤔🤔,J P TO G E L 7 7 auto win,No Online Gambling Promotion
PsxbmFgsK7k,Kalian pilih yang biru atau kuning?🤔🤔,member JPTOGEL77 Udah kasih maxwin gila sih situs asli ga salah cobaain situs JPTOGEL77 member setia,Online Gambling Promotion
PsxbmFgsK7k,Kalian pilih yang biru atau kuning?🤔🤔,Begitu mantap memuaskan Bermain MANDALIKA77 lancar hambatan rezeki mengalir deras,Online Gambling Promotion
PsxbmFgsK7k,Kalian pilih yang biru atau kuning?🤔🤔,Mandalika tujuhtujuh bro gw main gak pakai janji palsu bro cuman gw menang,"saya main ga pakai janji palsu bro, saya hanya menang, Online Gambling Promotion"
PsxbmFgsK7k,Kalian pilih yang biru atau kuning?🤔🤔,tetangga gw sore main J P T O G E L 77,Online Gambling Promotion
PsxbmFgsK7k,Kalian pilih yang biru atau kuning?🤔🤔,coba coba maen server thailand kasi tau sodara eh gile saldo nambah mulu awlkwkwkkw cari google J P T O G E L 77,No Online Gambling Promotion
PsxbmFgsK7k,Kalian pilih yang biru atau kuning?🤔🤔,mantap main udah dikasih menang aja JPTOGEL77 modal receh wd haha,"sudah diberi menang jptogel77 modal rezeki wd haha, Online Gambling Promotion"
PsxbmFgsK7k,Kalian pilih yang biru atau kuning?🤔🤔,mantap bro jp JPTOGEL77 aja udah makasih udah kasih kemenangan,Online Gambling Promotion
PsxbmFgsK7k,Kalian pilih yang biru atau kuning?🤔🤔,temenku saranin main Mandalika 77 coba iseng2 main situs eh dapettt jackpott udah cape banget gonta ganti situs mulu situs menghasilkan cuan,"coba iseng2 main situs, dapettt jackpott udah cape banget gonta ganti situs mulu situs menghasilkan cuan, Online Gambling Promotion"
PsxbmFgsK7k,Kalian pilih yang biru atau kuning?🤔🤔,Paling kasih orang bahagia s1tus Mandalika 77 pemain udah kasih kemenangan,No Online Gambling Promotion
PsxbmFgsK7k,Kalian pilih yang biru atau kuning?🤔🤔,JPTOGEL77 terpopuler masakini,No Online Gambling Promotion
PsxbmFgsK7k,Kalian pilih yang biru atau kuning?🤔🤔,Slide FB turun turun isinya J P TO G E L 7 7 Penasaran cobain depo main bentar aja Ehhh MAXWINNN,"Penasaran cobain depo main bentar aja Ehhh MAXWINNN, Online Gambling Promotion"
PsxbmFgsK7k,Kalian pilih yang biru atau kuning?🤔🤔,seru bang J P T O G E L 77 Alhamdulillah pensaran ku terjawabkan mampir disni JPTOGEL77 jamin H0k1,Online Gambling Promotion
PsxbmFgsK7k,Kalian pilih yang biru atau kuning?🤔🤔,Pantesan aja teman sibuk ngajakin main MAnDALIKA77 benaran tokcer bgt main langsung cair malam lumayan traktir teman2,Online Gambling Promotion
PsxbmFgsK7k,Kalian pilih yang biru atau kuning?🤔🤔,bener teman situs emng keren banget laaabaru dep aja udah dapet menang J P T O G E L 77,Online Gambling Promotion
PsxbmFgsK7k,Kalian pilih yang biru atau kuning?🤔🤔,J P TO G E L 7 7 bikin senyum gak berhenti mantap pol,No Online Gambling Promotion
PsxbmFgsK7k,Kalian pilih yang biru atau kuning?🤔🤔,TRENDING 1 GILA LOOOO jptogel77,Online Gambling Promotion
PsxbmFgsK7k,Kalian pilih yang biru atau kuning?🤔🤔,temenku saranin main JPTOGEL77 coba iseng2 main situs eh dapettt jackpott udah cape banget gonta ganti situs mulu situs menghasilkan cuan,"coba iseng2 main situs, dapettt jackpot udah cape banget gonta ganti situs mulu situs menghasilkan cuan, Online Gambling Promotion"
PsxbmFgsK7k,Kalian pilih yang biru atau kuning?🤔🤔,TRENDING 1 GILAA MAMEEEN J P T O G E L 77,No Online Gambling Promotion
PsxbmFgsK7k,Kalian pilih yang biru atau kuning?🤔🤔,modal recehpun wd J P TO G E L 7 7 benar2 profit hasil main bermain main bermain sukses jutaan mantap webnya,Online Gambling Promotion
PsxbmFgsK7k,Kalian pilih yang biru atau kuning?🤔🤔,aja bro gw main jptogel77 bener ngasih menang ga kyk situs nyedot,"saya main judi slot jptogel77 benar-benar menang, tidak ada situs yang terdakwa mencuri , Online Gambling Promotion"
PsxbmFgsK7k,Kalian pilih yang biru atau kuning?🤔🤔,tidur auto spin jptogel77 bangun2 saldo udah battery lowbett ngantor senyam senyum macem udah gila cari aja google tu jptogel77,"udah battery lowbett ngantor senyam senyum macem udah gila cari aja google tu jptogel77, Online Gambling Promotion"
PsxbmFgsK7k,Kalian pilih yang biru atau kuning?🤔🤔,Iya pura2 gk rau ya knrena palsu borak pelastik,No Online Gambling Promotion
PsxbmFgsK7k,Kalian pilih yang biru atau kuning?🤔🤔,Modal 60 ribu maxwin segini brooo emang mantap nge disitus search google namanya MLNDALIKL77,No Online Gambling Promotion
PsxbmFgsK7k,Kalian pilih yang biru atau kuning?🤔🤔,Perasaan x deh nemu situs kayak MLNDALIKL77 gak beli spin kasi gratis uda gitu dikasi Maxwin emg jos bgt ni JPTOGEL77 ga duanya deh,Online Gambling Promotion
PsxbmFgsK7k,Kalian pilih yang biru atau kuning?🤔🤔,JPTOGEL77 gua maen bentar aja lngsg WEDEY gede,Online Gambling Promotion
PsxbmFgsK7k,Kalian pilih yang biru atau kuning?🤔🤔,lama2 bangkrut ni bossnya jptogel77 profit trus main kemaren wkkwkw,Online Gambling Promotion
PsxbmFgsK7k,Kalian pilih yang biru atau kuning?🤔🤔,situs tu kyk J P TO G E L 7 7 kasi wede lancar ga apa2,No Online Gambling Promotion
PsxbmFgsK7k,Kalian pilih yang biru atau kuning?🤔🤔,Info seloter pakai link Bosku Karena link MLNDALIKL77 bikin Member Baru JPnya WD Perkalian X250 X500 scatter nya nyangkut dikasih pecahan bagus Mantap,Online
PsxbmFgsK7k,Kalian pilih yang biru atau kuning?🤔🤔,Modal receh hasil lumer mantap kali JPTOGEL77 sensasi maxwn berulang brooo kali nemu web seqacor chek langsung deh webbnya dp wd gesit prosesnya,Online Gambling Promotion
PsxbmFgsK7k,Kalian pilih yang biru atau kuning?🤔🤔,member langsung dikasih jajanan meningkat senang bermain J P TO G E L 7 7 sih gk ubah web ni,No Online Gambling Promotion
PsxbmFgsK7k,Kalian pilih yang biru atau kuning?🤔🤔,Akhirrrnyaaa bagus konten abang coba main J P T O G E L 77,"coba main J P T O G E L 77, Online Gambling Promotion"
PsxbmFgsK7k,Kalian pilih yang biru atau kuning?🤔🤔,0701 JPTOGEL77,Online Gambling Promotion
PsxbmFgsK7k,Kalian pilih yang biru atau kuning?🤔🤔,gampang banget situs JPTOGEL77 turun perkalian nya member betah main main JPTOGEL77 aja rungkat ya bro,Online Gambling Promotion
PsxbmFgsK7k,Kalian pilih yang biru atau kuning?🤔🤔,mantap gua cobain gampang dapatin sketernya Udh gitu dapatin sketer isinya tau nama nya nih coba cari google JPTOGEL77 dijiamin nagih,"gua cobain gampang dapat sketernya udh gitu dapat sketer isinya tau nama nya nih, coba cari Google JPTOGEL77 dijiamin nagih, Online Gambling Promotion"
PsxbmFgsK7k,Kalian pilih yang biru atau kuning?🤔🤔,main J P T O G E L 77 Jarang2 ling bagus kali merasakan petir merah si kakek senang x hati hahaha,No Online Gambling Promotion
PsxbmFgsK7k,Kalian pilih yang biru atau kuning?🤔🤔,bersandar teras rumah sembari ngopi bermain permainan nyelot J P TO G E L 7 7 nikmat sekaleh,Online Gambling Promotion
PsxbmFgsK7k,Kalian pilih yang biru atau kuning?🤔🤔,situs bagus rate kemenangan dibanding jptogel77 situs panutan gw,No Online Gambling Promotion
PsxbmFgsK7k,Kalian pilih yang biru atau kuning?🤔🤔,seneng bangun2 kumpulin nyawa main jptogel77 langsung dikasi wekwekwek,Online Gambling Promotion
PsxbmFgsK7k,Kalian pilih yang biru atau kuning?🤔🤔,bersyukur banget gw main situs JPTOGEL77 udah lunasin utang grgr main situs situs bener edan bro gampang menang,"grgr main situs situs yang benar edan bro gampang menang, Online Gambling Promotion"
PsxbmFgsK7k,Kalian pilih yang biru atau kuning?🤔🤔,aja bro gw main jptogel77 bener ngasih menang ga kyk situs nyedot,Online Gambling Promotion
PsxbmFgsK7k,Kalian pilih yang biru atau kuning?🤔🤔,DisiniJ P T O G E L 77 sanggat senang,No Online Gambling Promotion
PsxbmFgsK7k,Kalian pilih yang biru atau kuning?🤔🤔,Penasaran cerita orang orang menang JPTOGEL77 coba langsung dapet rezeki,"coba langsung daftar dan dapat rezeki, Online Gambling Promotion"
PsxbmFgsK7k,Kalian pilih yang biru atau kuning?🤔🤔,ga nyarnin server abal abal dahgua udah tau main cari aja JPTOGEL77 ngab terbaikk situs sih teman wede coba deh ngab lumayan nambah2 isi dompet,Online Gambling Prom
PsxbmFgsK7k,Kalian pilih yang biru atau kuning?🤔🤔,Trending 1 euy JPTOGEL77,No Online Gambling Promotion
PsxbmFgsK7k,Kalian pilih yang biru atau kuning?🤔🤔,Malam nyobain deposit pakai GOPAY modal 50 ribu J P T O G E L 77 Gak nyangka putaran aja langsung jackpot Udah coba server VIETNAM main game Buffalo King untungnya melimpah WD udah 4 juta mimpi,Udah coba server VIETNAM main game Buffalo King untungnya melimpah W
PsxbmFgsK7k,Kalian pilih yang biru atau kuning?🤔🤔,mekswin J P TO G E L 7 7,No Online Gambling Promotion
PsxbmFgsK7k,Kalian pilih yang biru atau kuning?🤔🤔,bersyukur gw ga ketipu janji manis situs emang real gampang JP cuman jptogel77,Online Gambling Promotion
PsxbmFgsK7k,Kalian pilih yang biru atau kuning?🤔🤔,coba coba maen server thailand kasi tau sodara eh gile saldo nambah mulu awlkwkwkkw cari google JPTOGEL77,Online Gambling Promotion
PsxbmFgsK7k,Kalian pilih yang biru atau kuning?🤔🤔,makasih banget loh JPTOGEL77 udah ngasih kesempatan ngerasain wd hasil maxwwin udh kunci akun ku gk wd,Online Gambling Promotion
PsxbmFgsK7k,Kalian pilih yang biru atau kuning?🤔🤔,the bestt la server negri inisanagt beda server lokaludah ga berapling situs main J P TO G E L 7 7 aja,"there is no site for J P TO G E L 7 7 only , No Online Gambling Promotion"
PsxbmFgsK7k,Kalian pilih yang biru atau kuning?🤔🤔,J P TO G E L 7 7 mekswin depoin LIMPUL,No Online Gambling Promotion
PsxbmFgsK7k,Kalian pilih yang biru atau kuning?🤔🤔,hati nemu web JPTOGEL77 berlega hati sehabis bermain kali selisih gw segini brayyy nangis saking senengnya,Online Gambling Promotion
PsxbmFgsK7k,Kalian pilih yang biru atau kuning?🤔🤔,beres2 rumah nyepin pas dengar suaranya behhhhhh garang kaliii suara petirnya hahaha makasih ya J P T O G E L 77,Online Gambling Promotion
PsxbmFgsK7k,Kalian pilih yang biru atau kuning?🤔🤔,Pantesan aja teman sibuk ngajakin main JPTOGEL77 benaran tokcer bgt main langsung cair malam lumayan traktir teman2,Online Gambling Promotion
PsxbmFgsK7k,Kalian pilih yang biru atau kuning?🤔🤔,rngkad sempet putus asa sih main dapet referensi anak komunitas main JPTOGEL77 behhh semangat gw membara banget coy ngasi u google aja JPTOGEL77,Online Gambling Promotion
PsxbmFgsK7k,Kalian pilih yang biru atau kuning?🤔🤔,WAJIB COBA DI SINI BOS SUPER GACCOOORR YANG TERBARUCOBA PAKE SERVER THAILAND SERVER LUAR YANG SAYA PAKE RTP NYA DI ATAS 98 TANPA HARUS BUY PETIR x100 x250 x500 SUDAH PASTI KELUAR GASSSS LANGSUNG SEMOGA HOKINYA NULAR YA ABANG CARI GOOGLE JPTOGEL77,ERROR
PsxbmFgsK7k,Kalian pilih yang biru atau kuning?🤔🤔,tetangga gw sore main JPTOGEL77,Online Gambling Promotion
PsxbmFgsK7k,Kalian pilih yang biru atau kuning?🤔🤔,sensasi nya beda bro main jptogel77 udah sekampung temen gw main JP,Online Gambling Promotion
PsxbmFgsK7k,Kalian pilih yang biru atau kuning?🤔🤔,Saya mimpi bos J P T O G E L 77,No Online Gambling Promotion
PsxbmFgsK7k,Kalian pilih yang biru atau kuning?🤔🤔,Iseng cuman coba depo receh situs JPTOGEL77 klau seandainya depo nggak kebayang mantap situs JPTOGEL77 langsung gas aja bro rasakan dimanjain ni BO,"kalau seandainya deposit tidak kebayang mampu situs JPTOGEL77 langsung gausa aja bro rasakan dimanjain ni BO, Online Gambling Prom"
PsxbmFgsK7k,Kalian pilih yang biru atau kuning?🤔🤔,banget JPTOGEL77 cuan banget web nya gk depo gede2 depo receh kasih maxwin coba gan,"gak deposit besar, deposit recheh, kasih maxwin, cobagun , Online Gambling Promotion"
PsxbmFgsK7k,Kalian pilih yang biru atau kuning?🤔🤔,main J P T O G E L 77 aman2 jaya aja yah gua dikasi proses nariknya cepet maju bosku,Online Gambling Promotion
PsxbmFgsK7k,Kalian pilih yang biru atau kuning?🤔🤔,udah kali gue main jptogel77 wd meluncur aman bonus slalu,"wd meluncur aman bonus selalu, Online Gambling Promotion"
PsxbmFgsK7k,Kalian pilih yang biru atau kuning?🤔🤔,situs tu jptogel77 kasi wede lancar ga apa2,Online Gambling Promotion
PsxbmFgsK7k,Kalian pilih yang biru atau kuning?🤔🤔,jptogel77 tempatnya jagoan judi lu nggak main belajar pro,"tidak main belajar pro, Online Gambling Promotion"
PsxbmFgsK7k,Kalian pilih yang biru atau kuning?🤔🤔,Kalo gak coba nggak Rezaki bis ja J P T O G E L 77,"Resiki tidak akan dapat J P T O G E L 77, Online Gambling Promotion"
PsxbmFgsK7k,Kalian pilih yang biru atau kuning?🤔🤔,udah 5 gua main kali temu situs beneran gampang jp enak banget JPTOGEL77 bro,Online Gambling Promotion
PsxbmFgsK7k,Kalian pilih yang biru atau kuning?🤔🤔,sensasi nya beda bro main jptogel77 udah sekampung temen gw main JP,Online Gambling Promotion
PsxbmFgsK7k,Kalian pilih yang biru atau kuning?🤔🤔,tengkiu bosku kasi teman2 setongkrongan traktiran makan minum bagus mudah mudahan meningkat berhasil J P TO G E L 7 7,Online Gambling Promotion
PsxbmFgsK7k,Kalian pilih yang biru atau kuning?🤔🤔,gak salah emang sodara gw maen J P TO G E L 7 7 hasilnya mantep bgt brooo maen bntaran doang udah dikasi narik gini kwkwkw makasih J P TO G E L 7 7 mantep,ERROR
PsxbmFgsK7k,Kalian pilih yang biru atau kuning?🤔🤔,JPTOGEL77 jackpot gk paham sehokinya,No Online Gambling Promotion
PsxbmFgsK7k,Kalian pilih yang biru atau kuning?🤔🤔,edan web JPTOGEL77 gk bangkrut web nya kasih jepe gua udh 5 main kasih jepe mulu Kelen wajib main web JPTOGEL77 si wak,"udah 5 main kasih jepe mulu Kelen wajib main website JPTOGEL77 si wak, Online Gambling Promotion"
PsxbmFgsK7k,Kalian pilih yang biru atau kuning?🤔🤔,Paling kasih orang bahagia s1tus JPTOGEL77 pemain udah kasih kemenangan,Online Gambling Promotion
PsxbmFgsK7k,Kalian pilih yang biru atau kuning?🤔🤔,beres2 rumah nyepin pas dengar suaranya behhhhhh garang kaliii suara petirnya hahaha makasih ya JPTOGEL77,Online Gambling Promotion
PsxbmFgsK7k,Kalian pilih yang biru atau kuning?🤔🤔,Ternyata bgt dibilang teman gue main JPTOGEL77 gampang bgt dapetin maxwln member positif WD,Online Gambling Promotion
PsxbmFgsK7k,Kalian pilih yang biru atau kuning?🤔🤔,JPTOGEL77 WEDEY gede cma maen bentar,Online Gambling Promotion
PsxbmFgsK7k,Kalian pilih yang biru atau kuning?🤔🤔,gua pasukan jptogel77 bro udah setia gw main amanah gampang JP,"udah setia gw main amanah gampang JP, Online Gambling Promotion"
PsxbmFgsK7k,Kalian pilih yang biru atau kuning?🤔🤔,Ini keren kak main J P T O G E L 77 kasi JP kak Nga sangka sih dapet seginiuntung aja Temen nyaranin Server Luar ngerasain MAXWIN,Online Gambling Promotion
PsxbmFgsK7k,Kalian pilih yang biru atau kuning?🤔🤔,lumayan unutk beli peralatan rumah cari gugel jptogel77 Di link dp aja mekswin dp auto makan enak,Online Gambling Promotion
PsxbmFgsK7k,Kalian pilih yang biru atau kuning?🤔🤔,Main santai jptogel77 hasilnya bikin senyum lebar Terima kasih,Online Gambling Promotion
PsxbmFgsK7k,Kalian pilih yang biru atau kuning?🤔🤔,gak salah emang sodara gw maen jptogel77 hasilnya mantep bgt brooo maen bntaran doang udah dikasi narik gini kwkwkw makasih jptogel77 mantep,"udah dikasi narik gini kwkwkw makasih jptogel77 mantep, Online Gambling Promotion"
PsxbmFgsK7k,Kalian pilih yang biru atau kuning?🤔🤔,JPTOGEL77 bro gw main gak pakai janji palsu bro cuman gw menang,Online Gambling Promotion
PsxbmFgsK7k,Kalian pilih yang biru atau kuning?🤔🤔,bener teman situs emng keren banget laaabaru dep aja udah dapet menang jptogel77,Online Gambling Promotion
PsxbmFgsK7k,Kalian pilih yang biru atau kuning?🤔🤔,1210 Jangan tunggu Modal bareng JPTOGEL77,No Online Gambling Promotion
PsxbmFgsK7k,Kalian pilih yang biru atau kuning?🤔🤔,edan web JPTOGEL77 gk bangkrut web nya kasih jepe gua udh 5 main kasih jepe mulu Kelen wajib main web J P TO G E L 7 7 si wak,Online Gambling Promotion
PsxbmFgsK7k,Kalian pilih yang biru atau kuning?🤔🤔,server2 emang royal mesin nya lokal semalem gw maen J P TO G E L 7 7 menang gua wkkw google bro,"saya mau main J P TO G E L 7 7, Online Gambling Promotion"
PsxbmFgsK7k,Kalian pilih yang biru atau kuning?🤔🤔,nyelot gak ribet MANTAB J P TO G E L 7 7 gak rugi kalo main main WD gak sampe maxwin modal gw 2x lipat gas,No Online Gambling Promotion
PsxbmFgsK7k,Kalian pilih yang biru atau kuning?🤔🤔,udah 5 gua main kali temu situs beneran gampang jp enak banget JPTOGEL77 bro,Online Gambling Promotion
PsxbmFgsK7k,Kalian pilih yang biru atau kuning?🤔🤔,Padahal moda tipis aja kasi Maxwin J P TO G E L 7 7 emg hoki bgt lha main disitus scternya gampang turun RTPnya akurat bgt buran cobain main MLNDALIKL77,ERROR
PsxbmFgsK7k,Kalian pilih yang biru atau kuning?🤔🤔,gua udah 5tahun main jptogel77 jangka profit gw ratusan juta bro emang beda web abalabal,Online Gambling Promotion
PsxbmFgsK7k,Kalian pilih yang biru atau kuning?🤔🤔,beres2 rumah nyepin pas dengar suaranya behhhhhh garang kaliii suara petirnya hahaha makasih y J P TO G E L 7 7,No Online Gambling Promotion
PsxbmFgsK7k,Kalian pilih yang biru atau kuning?🤔🤔,menang nya ga banyakyang ga bikin rungkadnaik sikit2 bukitini buktinya udah menang jptogel77di sambar kake zeusss wkkwkw,Online Gambling Promotion
PsxbmFgsK7k,Kalian pilih yang biru atau kuning?🤔🤔,MEMANG TERBUKTI TERBAIK DAN MANTAP NIH SITUS KEREN WAWW MANTAP asli SERVER TERBAIK bos jgn salah pilih BO rungkat member rutin dikasih MAXWIN amp turun Perkalian x250 x500 pecahan bagus Kontrol nafsu nya kalo udah MAXWIN lgsg WD Di sisakan Dikit BgDan Lanjut Main LagiMudah mudahan Di Tambah Lagi CARI DI GOOGLE JPTOGEL77,ERROR
PsxbmFgsK7k,Kalian pilih yang biru atau kuning?🤔🤔,Modal receh hasil lumer mantap kali JPTOGEL77 sensasi maxwln berulang brooo kali nemu web seqacor chek langsung deh webbnya dp wd gesit prosesnya,Online Gambling Promotion
PsxbmFgsK7k,Kalian pilih yang biru atau kuning?🤔🤔,Rezeki J P TO G E L 7 7 sungguh tiada tara nilainya terima kasih ya Allah berkat Mu,"Terima Kasih Ya Allah Berkat Mu, No Online Gambling Promotion"
PsxbmFgsK7k,Kalian pilih yang biru atau kuning?🤔🤔,sobat jptogel77 emang patut banggakan situs beneran gampang JP,Online Gambling Promotion
PsxbmFgsK7k,Kalian pilih yang biru atau kuning?🤔🤔,MEMANG TERBUKTI TERBAIK DAN MANTAP NIH SITUS KEREN WAWW MANTAP asli SERVER TERBAIK bos jgn salah pilih BO rungkat member rutin dikasih MAXWIN amp turun Perkalian x250 x500 pecahan bagus Kontrol nafsu nya kalo udah MAXWIN lgsg WD Di sisakan Dikit BgDan Lanjut Main LagiMudah mudahan Di Tambah Lagi CARI DI GOOGLE J P TO G E L 7 7,ERROR
PsxbmFgsK7k,Kalian pilih yang biru atau kuning?🤔🤔,JPTOGEL77 tampil fitur,No Online Gambling Promotion
PsxbmFgsK7k,Kalian pilih yang biru atau kuning?🤔🤔,udah kali gue main J P TO G E L 7 7 wd meluncur aman bonus slalu,"wd meluncur aman bonus selalu, Online Gambling Promotion"
PsxbmFgsK7k,Kalian pilih yang biru atau kuning?🤔🤔,0242 bsa gtu wkwkwkw jptogel77,Online Gambling Promotion
PsxbmFgsK7k,Kalian pilih yang biru atau kuning?🤔🤔,server2 emang royal mesin nya lokal semalem gw maen jptogel77 menang gua wkkw google bro,Online Gambling Promotion
PsxbmFgsK7k,Kalian pilih yang biru atau kuning?🤔🤔,Rezeki melimpah JPTOGEL77 makasih,Online Gambling Promotion
PsxbmFgsK7k,Kalian pilih yang biru atau kuning?🤔🤔,JPTOGEL77 cba langsung bawa pulang cuan gede,Online Gambling Promotion
hVrckGxdGmU,Balonnya bakal pecah ga yaa?🤔🤔,Seng Lanang curang,No Online Gambling Promotion
hVrckGxdGmU,Balonnya bakal pecah ga yaa?🤔🤔,Semoga Suskeebe nya Cuma 1000 Pelagian Frost Diamond sih,No Online Gambling Promotion
hVrckGxdGmU,Balonnya bakal pecah ga yaa?🤔🤔,Gila Pelagian Frost Diamond Woy Udah Jangan Ngonten Lagi Kan nya Frost Diamond Yang konten Nya kayak gitu Pelagian Uuuuuuuu Pelagian,No Online Gambling Promotion
hVrckGxdGmU,Balonnya bakal pecah ga yaa?🤔🤔,gausah negqereng,No Online Gambling Promotion
hVrckGxdGmU,Balonnya bakal pecah ga yaa?🤔🤔,curang,No Online Gambling Promotion
hVrckGxdGmU,Balonnya bakal pecah ga yaa?🤔🤔,Kawenyokak,No Online Gambling Promotion
hVrckGxdGmU,Balonnya bakal pecah ga yaa?🤔🤔,Lika,ERROR
hVrckGxdGmU,Balonnya bakal pecah ga yaa?🤔🤔,cewek curang taruh balon kanan,No Online Gambling Promotion
hVrckGxdGmU,Balonnya bakal pecah ga yaa?🤔🤔,curang,No Online Gambling Promotion
hVrckGxdGmU,Balonnya bakal pecah ga yaa?🤔🤔,Bosen gua ganti konten ny mulu,No Online Gambling Promotion
hVrckGxdGmU,Balonnya bakal pecah ga yaa?🤔🤔,jelek banget sih,No Online Gambling Promotion
hVrckGxdGmU,Balonnya bakal pecah ga yaa?🤔🤔,Eneg,No Online Gambling Promotion
hVrckGxdGmU,Balonnya bakal pecah ga yaa?🤔🤔,kacau masbrayitungan nya gak melencengtidak merugikan memberselalu memperkaya member JPTOGEL77,Online Gambling Promotion
hVrckGxdGmU,Balonnya bakal pecah ga yaa?🤔🤔,TERIMAKASIH JPTOGEL77 MENANG SUPER HOKI KEREN TEPERCAYA DAN NYATA,Online Gambling Promotion
hVrckGxdGmU,Balonnya bakal pecah ga yaa?🤔🤔,Sukses JPTOGEL77,Online Gambling Promotion
hVrckGxdGmU,Balonnya bakal pecah ga yaa?🤔🤔,Riwayat kalah ku situs sebelah cuman situs JPTOGEL77 penyelamat keuangan ku,No Online Gambling Promotion
hVrckGxdGmU,Balonnya bakal pecah ga yaa?🤔🤔,Sudah situs yg ikuti satupun berhasil membuktikan kecuali JPTOGEL77,No Online Gambling Promotion
hVrckGxdGmU,Balonnya bakal pecah ga yaa?🤔🤔,gw tau JPTOGEL77 komen asli bnrn gacir,Online Gambling Promotion
hVrckGxdGmU,Balonnya bakal pecah ga yaa?🤔🤔,JPTOGEL77 emang juara kepuasan bermain Cuan mengalir,Online Gambling Promotion
hVrckGxdGmU,Balonnya bakal pecah ga yaa?🤔🤔,gilaaa kasih wd JPTOGEL77 modal receh doang main,Online Gambling Promotion
hVrckGxdGmU,Balonnya bakal pecah ga yaa?🤔🤔,jurang,No Online Gambling Promotion
hVrckGxdGmU,Balonnya bakal pecah ga yaa?🤔🤔,Iya bener gebossenin tau coba bikin content bermanfaat engga,No Online Gambling Promotion
hVrckGxdGmU,Balonnya bakal pecah ga yaa?🤔🤔,Konten gk berfaedahngebosenin,No Online Gambling Promotion
hVrckGxdGmU,Balonnya bakal pecah ga yaa?🤔🤔,Mending an gak bikin konten karo gk kena,No Online Gambling Promotion
hVrckGxdGmU,Balonnya bakal pecah ga yaa?🤔🤔,Jangan subscribe video burik,ERROR
hVrckGxdGmU,Balonnya bakal pecah ga yaa?🤔🤔,Bang makan ketawa,No Online Gambling Promotion
hVrckGxdGmU,Balonnya bakal pecah ga yaa?🤔🤔,Kontennya bosenin ngontennya ngga bener bener ngga asik orang udah tau,"tidak benar-benar asik orang, udah tahu, No Online Gambling Promotion"
hVrckGxdGmU,Balonnya bakal pecah ga yaa?🤔🤔,KA ajah kaya cewe,No Online Gambling Promotion
hVrckGxdGmU,Balonnya bakal pecah ga yaa?🤔🤔,Ih maaf ya kak Abang nya sebenar nya benci,No Online Gambling Promotion
hVrckGxdGmU,Balonnya bakal pecah ga yaa?🤔🤔,Kiri,No Online Gambling Promotion
hVrckGxdGmU,Balonnya bakal pecah ga yaa?🤔🤔,Video gj aneh ga nonton dah follow like,No Online Gambling Promotion
hVrckGxdGmU,Balonnya bakal pecah ga yaa?🤔🤔,Curang,No Online Gambling Promotion
hVrckGxdGmU,Balonnya bakal pecah ga yaa?🤔🤔,Dasar gikutin konten mister bist,No Online Gambling Promotion
hVrckGxdGmU,Balonnya bakal pecah ga yaa?🤔🤔,Hebat ya kakak,No Online Gambling Promotion
hVrckGxdGmU,Balonnya bakal pecah ga yaa?🤔🤔,Dasar Cirang,No Online Gambling Promotion
hVrckGxdGmU,Balonnya bakal pecah ga yaa?🤔🤔,Mereka udah tau dimana balon nya scam,No Online Gambling Promotion
hVrckGxdGmU,Balonnya bakal pecah ga yaa?🤔🤔,Kalasi,No Online Gambling Promotion
hVrckGxdGmU,Balonnya bakal pecah ga yaa?🤔🤔,Apalah bosen cik,No Online Gambling Promotion
hVrckGxdGmU,Balonnya bakal pecah ga yaa?🤔🤔,Kontenya gak manfaatnya woy,No Online Gambling Promotion
hVrckGxdGmU,Balonnya bakal pecah ga yaa?🤔🤔,Sam Hyg ertwa,No Online Gambling Promotion
hVrckGxdGmU,Balonnya bakal pecah ga yaa?🤔🤔,Tak cewek kakak curang,No Online Gambling Promotion
hVrckGxdGmU,Balonnya bakal pecah ga yaa?🤔🤔,Sama curang cuyy,No Online Gambling Promotion
hVrckGxdGmU,Balonnya bakal pecah ga yaa?🤔🤔,Kiri,No Online Gambling Promotion
hVrckGxdGmU,Balonnya bakal pecah ga yaa?🤔🤔,Mita akung,No Online Gambling Promotion
hVrckGxdGmU,Balonnya bakal pecah ga yaa?🤔🤔,Riza,ERROR
hVrckGxdGmU,Balonnya bakal pecah ga yaa?🤔🤔,Cular,No Online Gambling Promotion
hVrckGxdGmU,Balonnya bakal pecah ga yaa?🤔🤔,curang mainya mr best curang,No Online Gambling Promotion
hVrckGxdGmU,Balonnya bakal pecah ga yaa?🤔🤔,Coba pigiki balocci,No Online Gambling Promotion
hVrckGxdGmU,Balonnya bakal pecah ga yaa?🤔🤔,Pura pura gak tau,No Online Gambling Promotion
hVrckGxdGmU,Balonnya bakal pecah ga yaa?🤔🤔,Padahal gua udah pencet tombol likes subscribe,subscribe. No Online Gambling Promotion
hVrckGxdGmU,Balonnya bakal pecah ga yaa?🤔🤔,Ngikutin topper guild,No Online Gambling Promotion
hVrckGxdGmU,Balonnya bakal pecah ga yaa?🤔🤔,konten tai kalo lucu anjingl,No Online Gambling Promotion
hVrckGxdGmU,Balonnya bakal pecah ga yaa?🤔🤔,Gimana gua subscribe kontennya ya ku udah balunya namanya content,No Online Gambling Promotion
hVrckGxdGmU,Balonnya bakal pecah ga yaa?🤔🤔,Halah kamera tau,No Online Gambling Promotion
hVrckGxdGmU,Balonnya bakal pecah ga yaa?🤔🤔,Yang laki nya curang,No Online Gambling Promotion
hVrckGxdGmU,Balonnya bakal pecah ga yaa?🤔🤔,Padahal udah kamera curang,No Online Gambling Promotion
hVrckGxdGmU,Balonnya bakal pecah ga yaa?🤔🤔,kak suami kak curang lihat balonnya,No Online Gambling Promotion
hVrckGxdGmU,Balonnya bakal pecah ga yaa?🤔🤔,89,"No Online Gambling PromotionText to process: sy mau daftar judi onlineLabel: Online Gambling Promotionsaya mau daftar judi online, Online Gambling PromotionText"
hVrckGxdGmU,Balonnya bakal pecah ga yaa?🤔🤔,Konten,ERROR
hVrckGxdGmU,Balonnya bakal pecah ga yaa?🤔🤔,Iya lihat,ERROR
hVrckGxdGmU,Balonnya bakal pecah ga yaa?🤔🤔,ka orang,No Online Gambling Promotion
hVrckGxdGmU,Balonnya bakal pecah ga yaa?🤔🤔,Inih konten sampahhan,No Online Gambling Promotion
hVrckGxdGmU,Balonnya bakal pecah ga yaa?🤔🤔,Yang bener napa gak curang mending gak nonton,No Online Gambling Promotion
hVrckGxdGmU,Balonnya bakal pecah ga yaa?🤔🤔,Kak udah like subscribe teman kakak,"subscribe teman kakak, No Online Gambling Promotion"
hVrckGxdGmU,Balonnya bakal pecah ga yaa?🤔🤔,ngebosenin mending unsubscribe deh garing banget konten nya,No Online Gambling Promotion
hVrckGxdGmU,Balonnya bakal pecah ga yaa?🤔🤔,lihat kamera,No Online Gambling Promotion
hVrckGxdGmU,Balonnya bakal pecah ga yaa?🤔🤔,Sok asik bgt sih lu,No Online Gambling Promotion
hVrckGxdGmU,Balonnya bakal pecah ga yaa?🤔🤔,najis curang bgt cewek nya cok ngebosenin,No Online Gambling Promotion
hVrckGxdGmU,Balonnya bakal pecah ga yaa?🤔🤔,jir ga malu,No Online Gambling Promotion
hVrckGxdGmU,Balonnya bakal pecah ga yaa?🤔🤔,gajelas,No Online Gambling Promotion
hVrckGxdGmU,Balonnya bakal pecah ga yaa?🤔🤔,Hhhhhhhhhhh,No Online Gambling Promotion
hVrckGxdGmU,Balonnya bakal pecah ga yaa?🤔🤔,Iya bosen lihat nya,No Online Gambling Promotion
hVrckGxdGmU,Balonnya bakal pecah ga yaa?🤔🤔,kau curang cok,No Online Gambling Promotion
hVrckGxdGmU,Balonnya bakal pecah ga yaa?🤔🤔,gajelas,No Online Gambling Promotion
hVrckGxdGmU,Balonnya bakal pecah ga yaa?🤔🤔,Makin vidio ngebosenin ngemis ngemis like subscribe,No Online Gambling Promotion
hVrckGxdGmU,Balonnya bakal pecah ga yaa?🤔🤔,Curang curang curang curang curang,No Online Gambling Promotion
hVrckGxdGmU,Balonnya bakal pecah ga yaa?🤔🤔,610 ragebait,No Online Gambling Promotion
hVrckGxdGmU,Balonnya bakal pecah ga yaa?🤔🤔,kmu pikir anak gitu,No Online Gambling Promotion
hVrckGxdGmU,Balonnya bakal pecah ga yaa?🤔🤔,gajelas banget,No Online Gambling Promotion
hVrckGxdGmU,Balonnya bakal pecah ga yaa?🤔🤔,Mirip konten orang luargua lupa namanya,No Online Gambling Promotion
hVrckGxdGmU,Balonnya bakal pecah ga yaa?🤔🤔,Curang,No Online Gambling Promotion
hVrckGxdGmU,Balonnya bakal pecah ga yaa?🤔🤔,gedean anj,No Online Gambling Promotion
hVrckGxdGmU,Balonnya bakal pecah ga yaa?🤔🤔,Yang cowo curang ngintip,No Online Gambling Promotion
hVrckGxdGmU,Balonnya bakal pecah ga yaa?🤔🤔,Kayak bocil aja,No Online Gambling Promotion
hVrckGxdGmU,Balonnya bakal pecah ga yaa?🤔🤔,Makin bosen konten nya,No Online Gambling Promotion
hVrckGxdGmU,Balonnya bakal pecah ga yaa?🤔🤔,Sama curang curang yaudah curang gak like subscribe bodoh,"gak like subscribe bodoh, No Online Gambling Promotion"
hVrckGxdGmU,Balonnya bakal pecah ga yaa?🤔🤔,Awas kak meledak,No Online Gambling Promotion
hVrckGxdGmU,Balonnya bakal pecah ga yaa?🤔🤔,benci bet gw liat cowo nya,No Online Gambling Promotion
hVrckGxdGmU,Balonnya bakal pecah ga yaa?🤔🤔,kena sedod,No Online Gambling Promotion
hVrckGxdGmU,Balonnya bakal pecah ga yaa?🤔🤔,Kita boongin itumah udah tautai,"udah tau tadi , No Online Gambling Promotion"
hVrckGxdGmU,Balonnya bakal pecah ga yaa?🤔🤔,Bosen banget gw,ERROR
hVrckGxdGmU,Balonnya bakal pecah ga yaa?🤔🤔,Jelek banget kontenya,No Online Gambling Promotion
hVrckGxdGmU,Balonnya bakal pecah ga yaa?🤔🤔,pilih cepor,No Online Gambling Promotion
hVrckGxdGmU,Balonnya bakal pecah ga yaa?🤔🤔,Mangkin mangkin ngebosenin dah kocak,No Online Gambling Promotion
hVrckGxdGmU,Balonnya bakal pecah ga yaa?🤔🤔,Kiri,ERROR
hVrckGxdGmU,Balonnya bakal pecah ga yaa?🤔🤔,Dasar tukang curang nggak ku mendingan selai,No Online Gambling Promotion
hVrckGxdGmU,Balonnya bakal pecah ga yaa?🤔🤔,Semangat kaa Im proud of you,ERROR
hVrckGxdGmU,Balonnya bakal pecah ga yaa?🤔🤔,Guys jgn like disubscribe karna aja udah tau kamera yg setuju,No Online Gambling Promotion
hVrckGxdGmU,Balonnya bakal pecah ga yaa?🤔🤔,Cewek nya ngeselin,No Online Gambling Promotion
hVrckGxdGmU,Balonnya bakal pecah ga yaa?🤔🤔,Ceweya Curang,No Online Gambling Promotion
hVrckGxdGmU,Balonnya bakal pecah ga yaa?🤔🤔,kiri aja,No Online Gambling Promotion
hVrckGxdGmU,Balonnya bakal pecah ga yaa?🤔🤔,Maksa banget anjir kontennya,No Online Gambling Promotion
hVrckGxdGmU,Balonnya bakal pecah ga yaa?🤔🤔,Orang Lego ngaco,No Online Gambling Promotion
hVrckGxdGmU,Balonnya bakal pecah ga yaa?🤔🤔,Bosen ah ama konten nya mending unsubs,"akan kontennya meninggalkan subscribers, No Online Gambling Promotion"
hVrckGxdGmU,Balonnya bakal pecah ga yaa?🤔🤔,Bo,No Online Gambling Promotion
hVrckGxdGmU,Balonnya bakal pecah ga yaa?🤔🤔,Jadi kangen video normal kekananakan,No Online Gambling Promotion
hVrckGxdGmU,Balonnya bakal pecah ga yaa?🤔🤔,Daritadi cucuknya disitu aja kayaknya sengaja bilangnya,No Online Gambling Promotion
hVrckGxdGmU,Balonnya bakal pecah ga yaa?🤔🤔,ih curang banget,No Online Gambling Promotion
hVrckGxdGmU,Balonnya bakal pecah ga yaa?🤔🤔,Buat bosen unsubscribe aja biar ga beranda gua jug bosen,No Online Gambling Promotion
hVrckGxdGmU,Balonnya bakal pecah ga yaa?🤔🤔,Itu udah tau,No Online Gambling Promotion
hVrckGxdGmU,Balonnya bakal pecah ga yaa?🤔🤔,Tololmerry,No Online Gambling Promotion
hVrckGxdGmU,Balonnya bakal pecah ga yaa?🤔🤔,Tolong merry,No Online Gambling Promotion
hVrckGxdGmU,Balonnya bakal pecah ga yaa?🤔🤔,Kiri,ERROR
hVrckGxdGmU,Balonnya bakal pecah ga yaa?🤔🤔,Kenapa ya lompat pecahin gk,No Online Gambling Promotion
hVrckGxdGmU,Balonnya bakal pecah ga yaa?🤔🤔,Curang curang,No Online Gambling Promotion
hVrckGxdGmU,Balonnya bakal pecah ga yaa?🤔🤔,LAWAK LU BANG LU PIKIR LUCU APA,No Online Gambling Promotion
hVrckGxdGmU,Balonnya bakal pecah ga yaa?🤔🤔,Bosenin baet,No Online Gambling Promotion
hVrckGxdGmU,Balonnya bakal pecah ga yaa?🤔🤔,Itu liat kamera,No Online Gambling Promotion
hVrckGxdGmU,Balonnya bakal pecah ga yaa?🤔🤔,Utu mah udah tau,No Online Gambling Promotion
hVrckGxdGmU,Balonnya bakal pecah ga yaa?🤔🤔,licik mulu mainya,No Online Gambling Promotion
hVrckGxdGmU,Balonnya bakal pecah ga yaa?🤔🤔,Konten nya bosenin,No Online Gambling Promotion
hVrckGxdGmU,Balonnya bakal pecah ga yaa?🤔🤔,curanggg,No Online Gambling Promotion
hVrckGxdGmU,Balonnya bakal pecah ga yaa?🤔🤔,Makin aneh vidio lu,No Online Gambling Promotion
hVrckGxdGmU,Balonnya bakal pecah ga yaa?🤔🤔,Gw benci angka 7 dh,No Online Gambling Promotion
hVrckGxdGmU,Balonnya bakal pecah ga yaa?🤔🤔,konten nya ngebosenin curang,No Online Gambling Promotion
hVrckGxdGmU,Balonnya bakal pecah ga yaa?🤔🤔,Mau banget boongin gitu ya,No Online Gambling Promotion
hVrckGxdGmU,Balonnya bakal pecah ga yaa?🤔🤔,Kakadirga,No Online Gambling Promotion
hVrckGxdGmU,Balonnya bakal pecah ga yaa?🤔🤔,Kakadiga,No Online Gambling Promotion
hVrckGxdGmU,Balonnya bakal pecah ga yaa?🤔🤔,Itu mah keliataan Kamera nyaa,No Online Gambling Promotion
hVrckGxdGmU,Balonnya bakal pecah ga yaa?🤔🤔,curang,No Online Gambling Promotion
hVrckGxdGmU,Balonnya bakal pecah ga yaa?🤔🤔,coba cari J P T O G E L 77 Mantap bosku makasih uda kasih saran main situs wd ku allhamdulliah lancar main,Online Gambling Promotion
hVrckGxdGmU,Balonnya bakal pecah ga yaa?🤔🤔,bener teman situs emng keren banget laaabaru dep aja udah dapet menang J P T O G E L 77,"depaja udah dapat menang jptogel77, Online Gambling Promotion"
hVrckGxdGmU,Balonnya bakal pecah ga yaa?🤔🤔,Ini keren kak main jptogel77 kasi JP kak Nga sangka sih dapet seginiuntung aja Temen nyaranin Server Luar ngerasain MAXWIN,Online Gambling Promotion
hVrckGxdGmU,Balonnya bakal pecah ga yaa?🤔🤔,WAJIB COBA DI SINI BOS SUPER GACCOOORR YANG TERBARUCOBA PAKE SERVER THAILAND SERVER LUAR YANG SAYA PAKE RTP NYA DI ATAS 98 TANPA HARUS BUY PETIR x100 x250 x500 SUDAH PASTI KELUAR GASSSS LANGSUNG SEMOGA HOKINYA NULAR YA ABANG CARI GOOGLE JPTOGEL77,ERROR
hVrckGxdGmU,Balonnya bakal pecah ga yaa?🤔🤔,J P TO G E L 7 7 mekswin depoin LIMPUL,No Online Gambling Promotion
hVrckGxdGmU,Balonnya bakal pecah ga yaa?🤔🤔,JPTOGEL77 perhatian Lihat ditawarkannya,Online Gambling Promotion
hVrckGxdGmU,Balonnya bakal pecah ga yaa?🤔🤔,Ternyata bgt dibilang teman gue main jptogel77 gampang bgt dapetin maxwin member positif WD,Online Gambling Promotion
hVrckGxdGmU,Balonnya bakal pecah ga yaa?🤔🤔,gua pasukan jptogel77 bro udah setia gw main amanah gampang JP,"udah setia gw main amanah gampang JP, Online Gambling Promotion"
hVrckGxdGmU,Balonnya bakal pecah ga yaa?🤔🤔,jptogel77 juara maxwin,Online Gambling Promotion
hVrckGxdGmU,Balonnya bakal pecah ga yaa?🤔🤔,Saran ane main JPTOGEL77 gak pelit link nya gw mmber barusan main auto lgsung maxwin pdhal modal receh doang,"tidak perlu linknya, gw akan mulai main otomatis langsung maxwin dengan modal rezeki doang, Online Gambling Promotion"
hVrckGxdGmU,Balonnya bakal pecah ga yaa?🤔🤔,seru bang JPTOGEL77 Alhamdulillah pensaran ku terjawabkan mampir disni JPTOGEL77 jamin H0k1,Online Gambling Promotion
hVrckGxdGmU,Balonnya bakal pecah ga yaa?🤔🤔,aja nih isi saldo ku semenjak main JPTOGEL77 bawaan nya se4lalu hepy saldo jarang sesak nafas mantap matap nih situs nya,"matap nih situs nya, Online Gambling Promotion"
hVrckGxdGmU,Balonnya bakal pecah ga yaa?🤔🤔,percaya ama bro keluarga main JPTOGEL77 banget JP dibanding situs,"JP dibanding situs, Online Gambling Promotion"
hVrckGxdGmU,Balonnya bakal pecah ga yaa?🤔🤔,situs tu kyk J P TO G E L 7 7 kasi wede lancar ga apa2,Online Gambling Promotion
hVrckGxdGmU,Balonnya bakal pecah ga yaa?🤔🤔,asik dikasih rezeki makasih bget y jptogel77 kudoakan webbnya bangkit biar kasih sIotter profit wkwk gk ambil pusing main jptogel77 bang siap2 WD aja pokoknya,ERROR
hVrckGxdGmU,Balonnya bakal pecah ga yaa?🤔🤔,modal halus jp paus J P TO G E L 7 7 untung gw kasi tau sodara gak sih gw masi maen sedot wc makasih J P TO G E L 7 7 jajannya,Online Gambling Promotion
hVrckGxdGmU,Balonnya bakal pecah ga yaa?🤔🤔,member langsung dikasih jajanan meningkat senang bermain jptogel77 sih gk ubah web ni,Online Gambling Promotion
hVrckGxdGmU,Balonnya bakal pecah ga yaa?🤔🤔,hidup gw enak brp main jptogel77 nih situs rekomen gw bro,Online Gambling Promotion
hVrckGxdGmU,Balonnya bakal pecah ga yaa?🤔🤔,MEMANG TERBUKTI TERBAIK DAN MANTAP NIH SITUS KEREN WAWW MANTAP asli SERVER TERBAIK bos jgn salah pilih BO rungkat member rutin dikasih MAXWIN amp turun Perkalian x250 x500 pecahan bagus Kontrol nafsu nya kalo udah MAXWIN lgsg WD Di sisakan Dikit BgDan Lanjut Main LagiMudah mudahan Di Tambah Lagi CARI DI GOOGLE JPTOGEL77,ERROR
hVrckGxdGmU,Balonnya bakal pecah ga yaa?🤔🤔,bersandar teras rumah sembari ngopi bermain permainan nyelot J P TO G E L 7 7 nikmat sekaleh,Online Gambling Promotion
hVrckGxdGmU,Balonnya bakal pecah ga yaa?🤔🤔,MEMANG TERBUKTI TERBAIK DAN MANTAP NIH SITUS KEREN WAWW MANTAP asli SERVER TERBAIK bos jgn salah pilih BO rungkat member rutin dikasih MAXWIN amp turun Perkalian x250 x500 pecahan bagus Kontrol nafsu nya kalo udah MAXWIN lgsg WD Di sisakan Dikit BgDan Lanjut Main LagiMudah mudahan Di Tambah Lagi CARI DI GOOGLE J P TO G E L 7 7,ERROR
hVrckGxdGmU,Balonnya bakal pecah ga yaa?🤔🤔,Pantesan aja teman sibuk ngajakin main JPTOGEL77 benaran tokcer bgt main langsung cair malam lumayan traktir teman2,Online Gambling Promotion
hVrckGxdGmU,Balonnya bakal pecah ga yaa?🤔🤔,sobat jptogel77 emang patut banggakan situs beneran gampang JP,Online Gambling Promotion
hVrckGxdGmU,Balonnya bakal pecah ga yaa?🤔🤔,sensasi nya beda bro main jptogel77 udah sekampung temen gw main JP,"main slot jptogel77 sudah sekampung teman-teman saya main slot JP, Online Gambling Promotion"
hVrckGxdGmU,Balonnya bakal pecah ga yaa?🤔🤔,mantap bro jp JPTOGEL77 aja udah makasih udah kasih kemenangan,"udah makasih, udah kasih kemenangan, Online Gambling Promotion"
hVrckGxdGmU,Balonnya bakal pecah ga yaa?🤔🤔,aja bro gw main jptogel77 bener ngasih menang ga kyk situs nyedot,"saya main judi slot jptogel77 benar-benar menang, tidak ada situs yang terdakwa mencurigai , Online Gambling Promotion"
hVrckGxdGmU,Balonnya bakal pecah ga yaa?🤔🤔,JPTOGEL77 WEDEY gede cma maen bentar,Online Gambling Promotion
hVrckGxdGmU,Balonnya bakal pecah ga yaa?🤔🤔,main J P T O G E L 77 Jarang2 ling bagus kali merasakan petir merah si kakek senang x hati hahaha,No Online Gambling Promotion
hVrckGxdGmU,Balonnya bakal pecah ga yaa?🤔🤔,J P TO G E L 7 7 ngan ukur Duit ngalir permainan seru ora aya istirahatna Layanan oke banget abdi recom duh euy,"tidak aya istirahatna Layanan oke banget abdi rekomendasi duh euy, No Online Gambling Promotion"
hVrckGxdGmU,Balonnya bakal pecah ga yaa?🤔🤔,gampang banget situs jptogel77 turun perkalian nya member betah main main jptogel77 aja rungkat ya bro,Online Gambling Promotion
hVrckGxdGmU,Balonnya bakal pecah ga yaa?🤔🤔,member JPTOGEL77 Udah kasih maxwin gila sih situs asli ga salah cobaain situs JPTOGEL77 member setia,Online Gambling Promotion
hVrckGxdGmU,Balonnya bakal pecah ga yaa?🤔🤔,gua udah 5tahun main jptogel77 jangka profit gw ratusan juta bro emang beda web abal2,Online Gambling Promotion
hVrckGxdGmU,Balonnya bakal pecah ga yaa?🤔🤔,Modal receh hasil lumer mantap kali JPTOGEL77 sensasi maxwn berulang brooo kali nemu web seqacor chek langsung deh webbnya dp wd gesit prosesnya,Online Gambling Promotion
hVrckGxdGmU,Balonnya bakal pecah ga yaa?🤔🤔,tengkiu bosku kasi teman2 setongkrongan traktiran makan minum bagus mudah mudahan meningkat berhasil J P TO G E L 7 7,No Online Gambling Promotion
hVrckGxdGmU,Balonnya bakal pecah ga yaa?🤔🤔,Sungguh ku sangka sungguh ku duga new member auto cuan main JPTOGEL77 scatternya gampang kali keluarnya Pola acak gass keun,Online Gambling Promotion
hVrckGxdGmU,Balonnya bakal pecah ga yaa?🤔🤔,JPTOGEL77 gampang banget dapet hasil gede gk ribet,Online Gambling Promotion
hVrckGxdGmU,Balonnya bakal pecah ga yaa?🤔🤔,main J P T O G E L 77 aman2 jaya aja yah gua dikasi proses nariknya cepet maju bosku,No Online Gambling Promotion
hVrckGxdGmU,Balonnya bakal pecah ga yaa?🤔🤔,Buat berani main bet 2000 modal 100rb doang ehh dikasih maxwin kakek mantap bener emng situs nya JPTOGEL77 gass gini terpecaya situs nya,Online Gambling
hVrckGxdGmU,Balonnya bakal pecah ga yaa?🤔🤔,TERIMAKASIH jptogel77 PEMBAGI REZEKI NYATA,Online Gambling Promotion
hVrckGxdGmU,Balonnya bakal pecah ga yaa?🤔🤔,rngkad sempet putus asa sih main dapet referensi anak komunitas main JPTOGEL77 behhh semangat gw membara banget coy ngasi u google aja JPTOGEL77,Online Gambling Promotion
hVrckGxdGmU,Balonnya bakal pecah ga yaa?🤔🤔,0242 bsa gtu wkwkwkw jptogel77,Online Gambling Promotion
hVrckGxdGmU,Balonnya bakal pecah ga yaa?🤔🤔,bersyukur gw ga ketipu janji manis situs emang real gampang JP cuman jptogel77,"gampang JP cuman jptogel77, Online Gambling Promotion"
hVrckGxdGmU,Balonnya bakal pecah ga yaa?🤔🤔,oke jptogel77 gas gas gas,Online Gambling Promotion
hVrckGxdGmU,Balonnya bakal pecah ga yaa?🤔🤔,jptogel77 MAKASIH BNRN ASIK JP AJA,Online Gambling Promotion
hVrckGxdGmU,Balonnya bakal pecah ga yaa?🤔🤔,JPTOGEL77 terpopuler masakini,Online Gambling Promotion
hVrckGxdGmU,Balonnya bakal pecah ga yaa?🤔🤔,Waduh menang gue SCBD belanja pake duit kemenangan J P TO G E L 7 7 uang trakhirnemu situs barualhamdulilah d ksih jepe ngab,No Online Gambling Promotion
hVrckGxdGmU,Balonnya bakal pecah ga yaa?🤔🤔,Saran gua si bang player coba JPTOGEL77 temen gua maxwin main cari aja google JPTOGEL77,Online Gambling Promotion
hVrckGxdGmU,Balonnya bakal pecah ga yaa?🤔🤔,beraniin bUAt dposit situs JPTOGEL77 modal cekakdan negrasaain sensational nya ga rungkad main situs,Online Gambling Promotion
hVrckGxdGmU,Balonnya bakal pecah ga yaa?🤔🤔,nikmat ngopi sembari nyelot momen maxwin nya langsung full senyum makasih website JPTOGEL77 udh ngasih maxwin meningkat senang mainnya,Online Gambling Promotion
hVrckGxdGmU,Balonnya bakal pecah ga yaa?🤔🤔,TRENDING 1 GILA LOOOO jptogel77,Online Gambling Promotion
hVrckGxdGmU,Balonnya bakal pecah ga yaa?🤔🤔,situs JPTOGEL77 mantap rtp polanya gua langsung maxwin kasih pola rtp situs loe gak nyesel deh main disitus cari aja google JPTOGEL77,Online Gambling Promotion
hVrckGxdGmU,Balonnya bakal pecah ga yaa?🤔🤔,udah gw coba bro bagus main jptogel77 patut dibanggakan profitnya,"bagus main slot jptogel77, patut dibanggakan profitnya, Online Gambling Promotion"
hVrckGxdGmU,Balonnya bakal pecah ga yaa?🤔🤔,saldo nya turun langsung coba main olimpus pakai pola situs JPTOGEL77 nya yg berurutan langsung otw wd,"cobain main olimpus pakai pola situs JPTOGEL77 yang berurutan langsung otw wd, Online Gambling Promotion"
hVrckGxdGmU,Balonnya bakal pecah ga yaa?🤔🤔,alus pisan jptogel77 wkwkwkw,Online Gambling Promotion
hVrckGxdGmU,Balonnya bakal pecah ga yaa?🤔🤔,Keren euyy jptogel77,Online Gambling Promotion
hVrckGxdGmU,Balonnya bakal pecah ga yaa?🤔🤔,gapernah gw temui situs gampang menang Mandalika tujuhtujuh,Online Gambling Promotion
hVrckGxdGmU,Balonnya bakal pecah ga yaa?🤔🤔,0701 JPTOGEL77,Online Gambling Promotion
hVrckGxdGmU,Balonnya bakal pecah ga yaa?🤔🤔,JPTOGEL77 bro gw main gak pakai janji palsu bro cuman gw menang,"saya main tapi tidak menggunakan janji palsu bro, saya hanya menang, Online Gambling Promotion"
hVrckGxdGmU,Balonnya bakal pecah ga yaa?🤔🤔,gacir gila JPTOGEL77 bikin jepe trs,Online Gambling Promotion
hVrckGxdGmU,Balonnya bakal pecah ga yaa?🤔🤔,Modal JPTOGEL77 dikasih pecahan Gak nyesel deh main Mantap,"Gak nyesal deh main mantap, Online Gambling Promotion"
hVrckGxdGmU,Balonnya bakal pecah ga yaa?🤔🤔,Saran ane main jptogel77 gak pelit link nya gw mmber barusan main auto lgsung maxwin pdhal modal receh doang,"ga perlu linknya, gw mungkin baru saja main auto lgsung maxwin pada modal rezeki doang, Online Gambling Promotion"
hVrckGxdGmU,Balonnya bakal pecah ga yaa?🤔🤔,main jptogel77 suaranya,Online Gambling Promotion
hVrckGxdGmU,Balonnya bakal pecah ga yaa?🤔🤔,Setiap kali menang JPTOGEL77,Online Gambling Promotion
hVrckGxdGmU,Balonnya bakal pecah ga yaa?🤔🤔,gue gak nyangka menang JPTOGEL77 Tempat,No Online Gambling Promotion
hVrckGxdGmU,Balonnya bakal pecah ga yaa?🤔🤔,ga nyesel emang maen JPTOGEL77 enak bgt scatternya scaternya berisi manteplah JPTOGEL77,Online Gambling Promotion
hVrckGxdGmU,Balonnya bakal pecah ga yaa?🤔🤔,sy main JPTOGEL77 doang mas ga pindah2 ya kadang loss ya ga sampe beli fortuner karaoke sih lc gw minimal 2 bos hahaha,Online Gambling Promotion
hVrckGxdGmU,Balonnya bakal pecah ga yaa?🤔🤔,lama2 bangkrut ni bossnya JPTOGEL77 profit trus main kemaren wkkwkw,Online Gambling Promotion
hVrckGxdGmU,Balonnya bakal pecah ga yaa?🤔🤔,Rezeki melimpah JPTOGEL77 makasih,Online Gambling Promotion
hVrckGxdGmU,Balonnya bakal pecah ga yaa?🤔🤔,makasih JPTOGEL77 udah ngebuat kemenangan perihal lazim gue,Online Gambling Promotion
hVrckGxdGmU,Balonnya bakal pecah ga yaa?🤔🤔,udah 5 gua main kali temu situs beneran gampang jp enak banget JPTOGEL77 bro,Online Gambling Promotion
hVrckGxdGmU,Balonnya bakal pecah ga yaa?🤔🤔,Gas tu gan JPTOGEL77 zeusnya nya galak tu aja tu ngasi gw dikasi maxwin,Online Gambling Promotion
hVrckGxdGmU,Balonnya bakal pecah ga yaa?🤔🤔,ajakin mabar temen bermain J P TO G E L 7 7 angkat topi sih kali bermain langsung kasih kemenangan server berhasil nih mantap memiliki broo,Online Gambling Promotion
hVrckGxdGmU,Balonnya bakal pecah ga yaa?🤔🤔,main jptogel77 udah gw rasakan mmg gacor,Online Gambling Promotion
hVrckGxdGmU,Balonnya bakal pecah ga yaa?🤔🤔,beda website beda kodrat bosku bermain situsu JPTOGEL77 udah kodrat bosku knapa brani bilang website kodrat karna ngerasa alangkah mudah nya maxwin web,Online Gambling Promotion
hVrckGxdGmU,Balonnya bakal pecah ga yaa?🤔🤔,SUPER SEKALI JPTOGEL77 MANTAP,Online Gambling Promotion
hVrckGxdGmU,Balonnya bakal pecah ga yaa?🤔🤔,SUPER MANTAP JPTOGEL77 TERBAIK PALING MANTAP DENGAN RTP DI ATAS 98 BAGUS BANGET SEMOGA HOKI SEMOGA BISA NULAR SAMA PELAYER LAIN,Online
hVrckGxdGmU,Balonnya bakal pecah ga yaa?🤔🤔,Beneran gak sih soalna ane udah dpt JP jptogel77,Online Gambling Promotion
hVrckGxdGmU,Balonnya bakal pecah ga yaa?🤔🤔,Awalnya ragu percaya maen s10t JPTOGEL77 kasih menang menerus,Online Gambling Promotion
hVrckGxdGmU,Balonnya bakal pecah ga yaa?🤔🤔,anjir jptogel77 situs kesukaan teman gw,Online Gambling Promotion
hVrckGxdGmU,Balonnya bakal pecah ga yaa?🤔🤔,Kalo nyari gacor JPTOGEL77 jawabannya bree karna gw main disana ksh menang breee cari aja google JPTOGEL77,Online Gambling Promotion
hVrckGxdGmU,Balonnya bakal pecah ga yaa?🤔🤔,g prnah bosan gua main JPTOGEL77 situs nya ga pelit kya situs2 nya main g lngsng ksh wd,Online Gambling Promotion
hVrckGxdGmU,Balonnya bakal pecah ga yaa?🤔🤔,nih galau rungkad coba main JPTOGEL77 seminggu join kasih JP gede brayy,Online Gambling Promotion
hVrckGxdGmU,Balonnya bakal pecah ga yaa?🤔🤔,Selalu nangis karna gapernah menang disitus coba coba main JPTOGEL77 langsung menang Sekarang gw member setia situs,Online Gambling Promotion
hVrckGxdGmU,Balonnya bakal pecah ga yaa?🤔🤔,mantap jptogel77 suka pecah scatter pantes rame,Online Gambling Promotion
hVrckGxdGmU,Balonnya bakal pecah ga yaa?🤔🤔,oke mantap JPTOGEL77 udah wd ya otw mabar teman jg,"udah withdraw ya otw mabar teman juga, Online Gambling Promotion"
hVrckGxdGmU,Balonnya bakal pecah ga yaa?🤔🤔,Gak deh,ERROR
hVrckGxdGmU,Balonnya bakal pecah ga yaa?🤔🤔,enak banget maxwin nya ngap Cuman situs JPTOGEL77 gw ngerasain indah nya maxwin,"ngap Cuman situs JPTOGEL77 gw ngerasain indahnya Maxwin, Online Gambling Promotion"
hVrckGxdGmU,Balonnya bakal pecah ga yaa?🤔🤔,Beda banget situs yg main berulang ulang modal gede menang JPTOGEL77 main aja uda dikasih maxwin top bgt situs,"main saja udah diberi maxwin atau bonus terbesar, situs iniOnline Gambling Promotion"
hVrckGxdGmU,Balonnya bakal pecah ga yaa?🤔🤔,Riwayat kalah ku situs sebelah cuman situs JPTOGEL77 penyelamat keuangan ku,Online Gambling Promotion
hVrckGxdGmU,Balonnya bakal pecah ga yaa?🤔🤔,sore sore gini nyantai main JPTOGEL77 dikasih maxwin hahaa Mudah maxwin,Online Gambling Promotion
hVrckGxdGmU,Balonnya bakal pecah ga yaa?🤔🤔,Cuman 35 menin main slt situs JPTOGEL77 asli gokik kali guys Gak bosan bener2 website yg gacor2 nya,"Gak bosan benar-benar website yang gacor2 nyawa, Online Gambling Promotion"
hVrckGxdGmU,Balonnya bakal pecah ga yaa?🤔🤔,g Habis Pikir Sama JPTOGEL77 kek gini nih,Online Gambling Promotion
hVrckGxdGmU,Balonnya bakal pecah ga yaa?🤔🤔,Cukup bagus bagus kali depo 30k dikasi wd 400 lumayan sensasi petir merah JPTOGEL77 cobain dah nihh,Online Gambling Promotion
hVrckGxdGmU,Balonnya bakal pecah ga yaa?🤔🤔,tengkiu bosku kasi teman2 setongkrongan traktiran makan minum enak semoga jaya JPTOGEL77,"semoga jaya JPTOGEL77, Online Gambling Promotion"
hVrckGxdGmU,Balonnya bakal pecah ga yaa?🤔🤔,Terimakasih JPTOGEL77 super hoki keren terpercaya nyata,Online Gambling Promotion
hVrckGxdGmU,Balonnya bakal pecah ga yaa?🤔🤔,pantes rame jptogel77 wkwkwkwkwk,Online Gambling Promotion
hVrckGxdGmU,Balonnya bakal pecah ga yaa?🤔🤔,pemula bermain modal saranin main JPTOGEL77 bang udah terjamin wd dibayar gacor,"bang udah terjamin wd dibayar gacor, Online Gambling Promotion"
hVrckGxdGmU,Balonnya bakal pecah ga yaa?🤔🤔,gaji umr uang tambahan mah udah party malming wkwkkwkw makasih JPTOGEL77,No Online Gambling Promotion
hVrckGxdGmU,Balonnya bakal pecah ga yaa?🤔🤔,main ni ya wee kasi tau main JPTOGEL77 depsoit gampang wede cepat kuyyy daftar wee jamin gacor,Online Gambling Promotion
hVrckGxdGmU,Balonnya bakal pecah ga yaa?🤔🤔,Gua cuman kali main doang kasih bagus eh main kasih bagus JPTOGEL77 Baru kali gua nemu s1tus bagus kek langka bener jumpa s1tus kasih wd,Online Gambling Promotion
hVrckGxdGmU,Balonnya bakal pecah ga yaa?🤔🤔,tontonan bocil,No Online Gambling Promotion
hVrckGxdGmU,Balonnya bakal pecah ga yaa?🤔🤔,udh tau balonya situ,No Online Gambling Promotion
hVrckGxdGmU,Balonnya bakal pecah ga yaa?🤔🤔,Kak Hati hati Kak,No Online Gambling Promotion
hVrckGxdGmU,Balonnya bakal pecah ga yaa?🤔🤔,Bosen liat nya,No Online Gambling Promotion
hVrckGxdGmU,Balonnya bakal pecah ga yaa?🤔🤔,kontennya maki ngebosenin,No Online Gambling Promotion
hVrckGxdGmU,Balonnya bakal pecah ga yaa?🤔🤔,Setingan,No Online Gambling Promotion
hVrckGxdGmU,Balonnya bakal pecah ga yaa?🤔🤔,G banget orang mendingan ga banget,No Online Gambling Promotion
hVrckGxdGmU,Balonnya bakal pecah ga yaa?🤔🤔,Pov cewek,No Online Gambling Promotion
hVrckGxdGmU,Balonnya bakal pecah ga yaa?🤔🤔,Kamu salah mah,ERROR
hVrckGxdGmU,Balonnya bakal pecah ga yaa?🤔🤔,Curang yg,No Online Gambling Promotion
hVrckGxdGmU,Balonnya bakal pecah ga yaa?🤔🤔,Kiri,ERROR
hVrckGxdGmU,Balonnya bakal pecah ga yaa?🤔🤔,Bosan,ERROR
hVrckGxdGmU,Balonnya bakal pecah ga yaa?🤔🤔,ngebosanin banget njirrr,No Online Gambling Promotion
hVrckGxdGmU,Balonnya bakal pecah ga yaa?🤔🤔,Gimick si gembel,No Online Gambling Promotion
hVrckGxdGmU,Balonnya bakal pecah ga yaa?🤔🤔,Konten nya aneh kaya udh tau gitu ngebosenin konten nya yg pilih yg ga balon nya kaya nya balon nya yg naroh g udh kasih tau nya yg pilih yg g bukti nya kena kena nya balon yg tambahin asli nya mh tuh biar rame aja nya udh kena balon doang video kaya gini yg kena nya biar rame nya sengaja kenain cuih najis bgt,"ya balonnya yang naroh ga udah kasih tau yang pilih yang g bukti, ya"
hVrckGxdGmU,Balonnya bakal pecah ga yaa?🤔🤔,Bacot,No Online Gambling Promotion
hVrckGxdGmU,Balonnya bakal pecah ga yaa?🤔🤔,Bodohkau,ERROR
hVrckGxdGmU,Balonnya bakal pecah ga yaa?🤔🤔,Ah gua cewe nya pilih kiri biar cewe nya mampus kalah woi kuga cewe pea kasih 2 balon lu licik,"kau yang coba pea kasih dua balon lu licik, No Online Gambling Promotion"
hVrckGxdGmU,Balonnya bakal pecah ga yaa?🤔🤔,Kurang,ERROR
hVrckGxdGmU,Balonnya bakal pecah ga yaa?🤔🤔,jelek bosen,No Online Gambling Promotion
hVrckGxdGmU,Balonnya bakal pecah ga yaa?🤔🤔,EZZZZZZZZZZZZZ,No Online Gambling Promotion
hVrckGxdGmU,Balonnya bakal pecah ga yaa?🤔🤔,Licik banget,No Online Gambling Promotion
hVrckGxdGmU,Balonnya bakal pecah ga yaa?🤔🤔,sengaja biar balon nya gku kena,No Online Gambling Promotion
hVrckGxdGmU,Balonnya bakal pecah ga yaa?🤔🤔,Kalau sich terserah MAS ANANG,No Online Gambling Promotion
hVrckGxdGmU,Balonnya bakal pecah ga yaa?🤔🤔,Pasti gaya gak tau,"gak tau, No Online Gambling Promotion"
hVrckGxdGmU,Balonnya bakal pecah ga yaa?🤔🤔,Gak lu bang setingan masak gak kena kena,"setingan, masak, gak kena kena, No Online Gambling Promotion"
hVrckGxdGmU,Balonnya bakal pecah ga yaa?🤔🤔,Apalahh komen nya penuh komen judol,Online Gambling Promotion
hVrckGxdGmU,Balonnya bakal pecah ga yaa?🤔🤔,Banyak kali promosi judol,Online Gambling Promotion
hVrckGxdGmU,Balonnya bakal pecah ga yaa?🤔🤔,Cemen,No Online Gambling Promotion
hVrckGxdGmU,Balonnya bakal pecah ga yaa?🤔🤔,Kak cowo kakak curang,No Online Gambling Promotion
hVrckGxdGmU,Balonnya bakal pecah ga yaa?🤔🤔,Main bangga,No Online Gambling Promotion
hVrckGxdGmU,Balonnya bakal pecah ga yaa?🤔🤔,apasih njr,No Online Gambling Promotion
hVrckGxdGmU,Balonnya bakal pecah ga yaa?🤔🤔,pura pura gaktau,No Online Gambling Promotion
hVrckGxdGmU,Balonnya bakal pecah ga yaa?🤔🤔,Konten nya ngeboseningoblok orang nya,No Online Gambling Promotion
hVrckGxdGmU,Balonnya bakal pecah ga yaa?🤔🤔,G anjg prik,No Online Gambling Promotion
hVrckGxdGmU,Balonnya bakal pecah ga yaa?🤔🤔,Gede balon cici,No Online Gambling Promotion
hVrckGxdGmU,Balonnya bakal pecah ga yaa?🤔🤔,Ternyata Mary menang,No Online Gambling Promotion
hVrckGxdGmU,Balonnya bakal pecah ga yaa?🤔🤔,lawak,No Online Gambling Promotion
hVrckGxdGmU,Balonnya bakal pecah ga yaa?🤔🤔,Ga,No Online Gambling Promotion
hVrckGxdGmU,Balonnya bakal pecah ga yaa?🤔🤔,Udah tau kali gak meletus,No Online Gambling Promotion
hVrckGxdGmU,Balonnya bakal pecah ga yaa?🤔🤔,Riwayat kalah ku situs sebelah cuman situs JPTOGEL77 penyelamat keuangan ku,Online Gambling Promotion
hVrckGxdGmU,Balonnya bakal pecah ga yaa?🤔🤔,cmn main JPTOGEL77 gw dpt teriakan mantap ayaaaaaang,"saya dapat teriakan mantap ayaaaaaang, Online Gambling Promotion"
hVrckGxdGmU,Balonnya bakal pecah ga yaa?🤔🤔,kacau masbrayitungan nya gak melencengtidak merugikan memberselalu memperkaya member JPTOGEL77,Online Gambling Promotion
hVrckGxdGmU,Balonnya bakal pecah ga yaa?🤔🤔,Sukses JPTOGEL77,Online Gambling Promotion
hVrckGxdGmU,Balonnya bakal pecah ga yaa?🤔🤔,JPTOGEL77 emang juara kepuasan bermain Cuan mengalir,Online Gambling Promotion
hVrckGxdGmU,Balonnya bakal pecah ga yaa?🤔🤔,Kakak dingin kecelakaan mobil bola basket,No Online Gambling Promotion
hVrckGxdGmU,Balonnya bakal pecah ga yaa?🤔🤔,bener liat kamera,No Online Gambling Promotion
hVrckGxdGmU,Balonnya bakal pecah ga yaa?🤔🤔,Wah ngomongin MANDALIKA77 keren sih,No Online Gambling Promotion
hVrckGxdGmU,Balonnya bakal pecah ga yaa?🤔🤔,Kalian udah coba MANDALIKA77 Recommended banget,No Online Gambling Promotion
hVrckGxdGmU,Balonnya bakal pecah ga yaa?🤔🤔,Segala urusan beres MANDALIKA77 mantap,No Online Gambling Promotion
hVrckGxdGmU,Balonnya bakal pecah ga yaa?🤔🤔,Hebat MANDALIKA77 solusi praktis,No Online Gambling Promotion
hVrckGxdGmU,Balonnya bakal pecah ga yaa?🤔🤔,Wah channel MANDALIKA77,No Online Gambling Promotion
hVrckGxdGmU,Balonnya bakal pecah ga yaa?🤔🤔,Keren abis MANDALIKA77 bikin mudah,No Online Gambling Promotion
hVrckGxdGmU,Balonnya bakal pecah ga yaa?🤔🤔,Mantul Layanan MANDALIKA7 bikin puas,No Online Gambling Promotion
hVrckGxdGmU,Balonnya bakal pecah ga yaa?🤔🤔,Terbantu banget MANDALIKA77 salut,No Online Gambling Promotion
hVrckGxdGmU,Balonnya bakal pecah ga yaa?🤔🤔,Sumpah penasaran bahas MANDALIKA77 kolom komentar,No Online Gambling Promotion
hVrckGxdGmU,Balonnya bakal pecah ga yaa?🤔🤔,Mantap Urusan lancar berkat MANDALIKA77,No Online Gambling Promotion
hVrckGxdGmU,Balonnya bakal pecah ga yaa?🤔🤔,Terimakasih MANDALIKA77 beneran nggak ribet,No Online Gambling Promotion
hVrckGxdGmU,Balonnya bakal pecah ga yaa?🤔🤔,Salut MANDALIKA77 on time,No Online Gambling Promotion
hVrckGxdGmU,Balonnya bakal pecah ga yaa?🤔🤔,Kepoin MANDALIKA77 manfaatnya,No Online Gambling Promotion
hVrckGxdGmU,Balonnya bakal pecah ga yaa?🤔🤔,Rupanya terbantu MANDALIKA77 keren,No Online Gambling Promotion
hVrckGxdGmU,Balonnya bakal pecah ga yaa?🤔🤔,Ada sih MANDALIKA77 Kok heboh banget,Online Gambling Promotion
hVrckGxdGmU,Balonnya bakal pecah ga yaa?🤔🤔,Serius deh MANDALIKA77 bikin mudah,No Online Gambling Promotion
hVrckGxdGmU,Balonnya bakal pecah ga yaa?🤔🤔,Wih viral nama MANDALIKA77,No Online Gambling Promotion
hVrckGxdGmU,Balonnya bakal pecah ga yaa?🤔🤔,Baru coba MANDALIKA77 prosesnya beneran cepet,Online Gambling Promotion
hVrckGxdGmU,Balonnya bakal pecah ga yaa?🤔🤔,Coba deh nggak nyangka MANDALIKA77 sepraktis,No Online Gambling Promotion
hVrckGxdGmU,Balonnya bakal pecah ga yaa?🤔🤔,Akhirnya paham orang ramein MANDALIKA77,No Online Gambling Promotion
hVrckGxdGmU,Balonnya bakal pecah ga yaa?🤔🤔,Thanks MANDALIKA77 hasilnya beneran real time,No Online Gambling Promotion
hVrckGxdGmU,Balonnya bakal pecah ga yaa?🤔🤔,Keren MANDALIKA77 tuh bener bener responsif,No Online Gambling Promotion
hVrckGxdGmU,Balonnya bakal pecah ga yaa?🤔🤔,Salut tim MANDALIKA77 tanggap profesional,No Online Gambling Promotion
hVrckGxdGmU,Balonnya bakal pecah ga yaa?🤔🤔,Kenapa banget nyebut MANDALIKA77 ya,No Online Gambling Promotion
hVrckGxdGmU,Balonnya bakal pecah ga yaa?🤔🤔,Baru aja pakai MANDALIKA77 semudah,No Online Gambling Promotion
hVrckGxdGmU,Balonnya bakal pecah ga yaa?🤔🤔,Tumben spam MANDALIKA77 layak dicoba,No Online Gambling Promotion
hVrckGxdGmU,Balonnya bakal pecah ga yaa?🤔🤔,Nggak bohong MANDALIKA77 rekomendasi terbaik,No Online Gambling Promotion
hVrckGxdGmU,Balonnya bakal pecah ga yaa?🤔🤔,Hari gini cari instan MANDALIKA77 solusinya,No Online Gambling Promotion
hVrckGxdGmU,Balonnya bakal pecah ga yaa?🤔🤔,Makin penasaran MANDALIKA77 orang cerita bagus,No Online Gambling Promotion
hVrckGxdGmU,Balonnya bakal pecah ga yaa?🤔🤔,Auto topik pembicaraan MANDALIKA77 emang keren,Online Gambling Promotion
hVrckGxdGmU,Balonnya bakal pecah ga yaa?🤔🤔,Kudu kasih jempol MANDALIKA77 top markotop,No Online Gambling Promotion
hVrckGxdGmU,Balonnya bakal pecah ga yaa?🤔🤔,Beneran top nggak nyesel coba MANDALIKA77,No Online Gambling Promotion
hVrckGxdGmU,Balonnya bakal pecah ga yaa?🤔🤔,Baru sadar MANDALIKA77 tuh viral,No Online Gambling Promotion
hVrckGxdGmU,Balonnya bakal pecah ga yaa?🤔🤔,Ini sih wajib dicoba MANDALIKA77 nggak main main,No Online Gambling Promotion
hVrckGxdGmU,Balonnya bakal pecah ga yaa?🤔🤔,Cepet aman terpercaya kesan MANDALIKA77,No Online Gambling Promotion
hVrckGxdGmU,Balonnya bakal pecah ga yaa?🤔🤔,Nggak nyesel saran teman MANDALIKA77 mantap,No Online Gambling Promotion
hVrckGxdGmU,Balonnya bakal pecah ga yaa?🤔🤔,Proses cepat MANDALIKA77 jagonya,No Online Gambling Promotion
hVrckGxdGmU,Balonnya bakal pecah ga yaa?🤔🤔,Kok Gaje,No Online Gambling Promotion
hVrckGxdGmU,Balonnya bakal pecah ga yaa?🤔🤔,Yuka,ERROR
hVrckGxdGmU,Balonnya bakal pecah ga yaa?🤔🤔,Ternyata main JPTOGEL77 bikin rezeki langsung gacir,Online Gambling Promotion
hVrckGxdGmU,Balonnya bakal pecah ga yaa?🤔🤔,member JPTOGEL77 Udah kasih maxwin gila sih situs asli ga salah cobaain situs JPTOGEL77 member setia,Online Gambling Promotion
hVrckGxdGmU,Balonnya bakal pecah ga yaa?🤔🤔,1210 Jangan tunggu Modal bareng JPTOGEL77,Online Gambling Promotion
hVrckGxdGmU,Balonnya bakal pecah ga yaa?🤔🤔,Dari sekian ling coba cman webb jptogel77 yg bikin betah bagus webbnya kasih maxwn gak takut jptogel77,"kasih maxwin, tidak takut jptogel77, Online Gambling Promotion"
hVrckGxdGmU,Balonnya bakal pecah ga yaa?🤔🤔,lumayan unutk beli peralatan rumah cari gugel J P TO G E L 7 7 Di link dp aja mekswin dp auto makan enak,No Online Gambling Promotion
hVrckGxdGmU,Balonnya bakal pecah ga yaa?🤔🤔,menang nya ga banyakyang ga bikin rungkadnaik sikit2 bukitini buktinya udah menang jptogel77di sambar kake zeusss wkkwkw,Online Gambling Promotion
hVrckGxdGmU,Balonnya bakal pecah ga yaa?🤔🤔,modal recehpun wd J P TO G E L 7 7 benar2 profit hasil main bermain main bermain sukses jutaan mantap webnya,Online Gambling Promotion
hVrckGxdGmU,Balonnya bakal pecah ga yaa?🤔🤔,percaya ama bro keluarga main JPTOGEL77 banget JP dibanding situs,"JP dibandingkan situs, Online Gambling Promotion"
hVrckGxdGmU,Balonnya bakal pecah ga yaa?🤔🤔,Saran ane main JPTOGEL77 gak pelit link nya gw mmber barusan main auto lgsung maxwin pdhal modal receh doang,"ga perlu linknya, gw akan mulai otomatis langsung maxwin dengan modal kecil sekarang , Online Gambling Promotion"
hVrckGxdGmU,Balonnya bakal pecah ga yaa?🤔🤔,menang nya ga banyakyang ga bikin rungkadnaik sikit bukitini buktinya udah menang JPTOGEL77di sambar kake zeusss wkkwkw,"buktinyaudahmenangJPTOGEL77disambarkakezeussswkkwkw, Online Gambling Promotion"
hVrckGxdGmU,Balonnya bakal pecah ga yaa?🤔🤔,bersyukur banget gw main situs JPTOGEL77 udah lunasin utang grgr main situs situs bener edan bro gampang menang,"grgr main situs situs yang benar edan bro, gampang menang, Online Gambling Promotion"
hVrckGxdGmU,Balonnya bakal pecah ga yaa?🤔🤔,coba cari JPTOGEL77 Mantap bosku makasih uda kasih saran main situs wd ku allhamdulliah lancar main,Online Gambling Promotion
hVrckGxdGmU,Balonnya bakal pecah ga yaa?🤔🤔,temen nyaranin bermain J P TO G E L 7 7 asian ngikutin saran temen wd,Online Gambling Promotion
hVrckGxdGmU,Balonnya bakal pecah ga yaa?🤔🤔,gapernah gw temui situs gampang menang JPTOGEL77,Online Gambling Promotion
hVrckGxdGmU,Balonnya bakal pecah ga yaa?🤔🤔,tidur auto spin J P TO G E L 7 7 bangun2 saldo udah battery lowbett ngantor senyam senyum macem udah gila cari aja google tu J P TO G E L 7 7,Online Gambling Promotion
hVrckGxdGmU,Balonnya bakal pecah ga yaa?🤔🤔,menang gak dibayar nih langgana gua aja bro JPTOGEL77 mantap deh gw u main tenang hp bunyi mulu wkkw,No Online Gambling Promotion
hVrckGxdGmU,Balonnya bakal pecah ga yaa?🤔🤔,asyik abang J P TO G E L 7 7 anjir terkejut kasih kemenangan kali menciptakan pas meleset,No Online Gambling Promotion
hVrckGxdGmU,Balonnya bakal pecah ga yaa?🤔🤔,JPTOGEL77 jackpot gk paham sehokinya,No Online Gambling Promotion
hVrckGxdGmU,Balonnya bakal pecah ga yaa?🤔🤔,temen nyaranin bermain J P TO G E L 7 7 asian ngikutin saran temen wd,Online Gambling Promotion
hVrckGxdGmU,Balonnya bakal pecah ga yaa?🤔🤔,Saya mimpi bos J P T O G E L 77,No Online Gambling Promotion
hVrckGxdGmU,Balonnya bakal pecah ga yaa?🤔🤔,beraniin bUAt dposit situs jptogel77 modal cekakdan negrasaain sensational nya ga rungkad main situs,Online Gambling Promotion
hVrckGxdGmU,Balonnya bakal pecah ga yaa?🤔🤔,aja bro gw main jptogel77 bener ngasih menang ga kyk situs nyedot,Online Gambling Promotion
hVrckGxdGmU,Balonnya bakal pecah ga yaa?🤔🤔,nyelot gak ribet MANTAB jptogel77gak rugi kalo main main WD gak sampe maxwin modal gw 2x lipat gas,Online Gambling Promotion
hVrckGxdGmU,Balonnya bakal pecah ga yaa?🤔🤔,coba cari J P T O G E L 77 Mantap bosku makasih uda kasih saran main situs wd ku allhamdulliah lancar main,Online Gambling Promotion
hVrckGxdGmU,Balonnya bakal pecah ga yaa?🤔🤔,SUPER MANTAP INI LINKTERBAIK PALING MANTAP DENGAN RTP DI ATAS 98WINRATE MEMBER BARU 99 BAGUS BANGET SEMOGA AJA BISA NULAR SAMA PELAYER LAINCARI DI GOOGLE J P TO G E L 7 7,ERROR
hVrckGxdGmU,Balonnya bakal pecah ga yaa?🤔🤔,ga cari untung menang segiini aja udah bersyukur banger gua game J P T O G E L 77 aja narik udah langsung masuk duit 2 menit aja,"udah bersyukur banger gua game J P T O G E L 77 aja narik udah langsung masuk duit 2 menit aja, No Online Gambling Promotion"
hVrckGxdGmU,Balonnya bakal pecah ga yaa?🤔🤔,gua pasukan jptogel77 bro udah setia gw main amanah gampang JP,"udah setia gw main amanah gampang JP, Online Gambling Promotion"
hVrckGxdGmU,Balonnya bakal pecah ga yaa?🤔🤔,J P TO G E L 7 7 auto win,No Online Gambling Promotion
hVrckGxdGmU,Balonnya bakal pecah ga yaa?🤔🤔,Gak maxwln provit segini main mahbaru nyoba udah kasih JP si JPTOGEL77 ni test aja,"yang udah kasih judi si JPTOGEL77 ni test aja, Online Gambling Promotion"
hVrckGxdGmU,Balonnya bakal pecah ga yaa?🤔🤔,asyik abang J P TO G E L 7 7 anjir terkejut kasih kemenangan kali menciptakan pas meleset,No Online Gambling Promotion
hVrckGxdGmU,Balonnya bakal pecah ga yaa?🤔🤔,MEMANG TERBUKTI TERBAIK DAN MANTAP NIH SITUS KEREN WAWW MANTAP asli SERVER TERBAIK bos jgn salah pilih BO rungkat member rutin dikasih MAXWIN amp turun Perkalian x250 x500 pecahan bagus Kontrol nafsu nya kalo udah MAXWIN lgsg WD Di sisakan Dikit BgDan Lanjut Main LagiMudah mudahan Di Tambah Lagi CARI DI GOOGLE JPTOGEL77,ERROR
hVrckGxdGmU,Balonnya bakal pecah ga yaa?🤔🤔,gapernah gw temui situs gampang menang Mandalika tujuhtujuh,Online Gambling Promotion
hVrckGxdGmU,Balonnya bakal pecah ga yaa?🤔🤔,tengkiu bosku kasi teman2 setongkrongan traktiran makan minum bagus mudah mudahan meningkat berhasil J P TO G E L 7 7,"kasi teman-teman sekongkrongan traktiran makan minum yang baik mudah mudahan meningkat berhasil jptogel77, Online Gambling Promotion"
hVrckGxdGmU,Balonnya bakal pecah ga yaa?🤔🤔,temenku saranin main Mandalika 77 coba iseng2 main situs eh dapettt jackpott udah cape banget gonta ganti situs mulu situs menghasilkan cuan,"coba iseng2 main situs, dapettt jackpot udah cape banget, gonta ganti situs mulu situs menghasilkan cuan, Online Gambling Promotion"
hVrckGxdGmU,Balonnya bakal pecah ga yaa?🤔🤔,mekswin J P TO G E L 7 7,Online Gambling Promotion
hVrckGxdGmU,Balonnya bakal pecah ga yaa?🤔🤔,JPTOGEL77 gua maen bentar aja lngsg WEDEY gede,Online Gambling Promotion
hVrckGxdGmU,Balonnya bakal pecah ga yaa?🤔🤔,jptogel77 juara maxwin,Online Gambling Promotion
hVrckGxdGmU,Balonnya bakal pecah ga yaa?🤔🤔,Modal receh hasil lumer mantap kali JPTOGEL77 sensasi maxwn berulang brooo kali nemu web seqacor chek langsung deh webbnya dp wd gesit prosesnya,Online Gambling Promotion
hVrckGxdGmU,Balonnya bakal pecah ga yaa?🤔🤔,percaya ama bro keluarga main jptogel77 banget JP dibanding situs,"JP dibanding situs, Online Gambling Promotion"
hVrckGxdGmU,Balonnya bakal pecah ga yaa?🤔🤔,0701 JPTOGEL77,Online Gambling Promotion
hVrckGxdGmU,Balonnya bakal pecah ga yaa?🤔🤔,u abis gak duitnya gara2 kalah pindah nih bagusnya u google J P TO G E L 7 7 aja betahh deh,No Online Gambling Promotion
hVrckGxdGmU,Balonnya bakal pecah ga yaa?🤔🤔,sensasi nya beda bro main jptogel77 udah sekampung temen gw main JP,Online Gambling Promotion
hVrckGxdGmU,Balonnya bakal pecah ga yaa?🤔🤔,lama2 bangkrut ni bossnya JPTOGEL77 profit trus main kemaren wkkwkw,Online Gambling Promotion
hVrckGxdGmU,Balonnya bakal pecah ga yaa?🤔🤔,main JPTOGEL77 aman2 jaya aja yah gua dikasi proses nariknya cepet maju bosku,Online Gambling Promotion
hVrckGxdGmU,Balonnya bakal pecah ga yaa?🤔🤔,Info seloter pakai link Bosku Karena link MLNDALIKL77 bikin Member Baru JPnya WD Perkalian X250 X500 scatter nya nyangkut dikasih pecahan bagus Mantap,Online
hVrckGxdGmU,Balonnya bakal pecah ga yaa?🤔🤔,Begitu mantap memuaskan Bermain MANDALIKA77 lancar hambatan rezeki mengalir deras,Online Gambling Promotion
hVrckGxdGmU,Balonnya bakal pecah ga yaa?🤔🤔,hidup gw enak brp main JPTOGEL77 nih situs rekomen gw bro,Online Gambling Promotion
hVrckGxdGmU,Balonnya bakal pecah ga yaa?🤔🤔,Pantesan aja teman sibuk ngajakin main JPTOGEL77 benaran tokcer bgt main langsung cair malam lumayan traktir teman2,Online Gambling Promotion
hVrckGxdGmU,Balonnya bakal pecah ga yaa?🤔🤔,gacir gila JPTOGEL77 bikin jepe trs,Online Gambling Promotion
hVrckGxdGmU,Balonnya bakal pecah ga yaa?🤔🤔,mantap gua cobain gampang dapatin sketernya Udh gitu dapatin sketer isinya tau nama nya nih coba cari google JPTOGEL77 dijiamin nagih,"gua cobain gampang dapat sketernya. Udah dapat sketernya? Tahu nama nya nih? Coba cari Google JPTOGEL77. Dijamin nagih, Online Gambling Promotion"
hVrckGxdGmU,Balonnya bakal pecah ga yaa?🤔🤔,Modal receh hasil lumer mantap kali JPTOGEL77 sensasi maxwn berulang brooo kali nemu web seqacor chek langsung deh webbnya dp wd gesit prosesnya,Online Gambling Promotion
hVrckGxdGmU,Balonnya bakal pecah ga yaa?🤔🤔,1 d trending gatuh J P TO G E L 7 7,No Online Gambling Promotion
hVrckGxdGmU,Balonnya bakal pecah ga yaa?🤔🤔,TRENDING 1 GILAA MAMEEEN J P T O G E L 77,No Online Gambling Promotion
hVrckGxdGmU,Balonnya bakal pecah ga yaa?🤔🤔,Tiap bingung cari cuan gk sengaja nemu s1tus JPTOGEL77 iseng nyoba main eh kasih Jepe tipis cuan setia main JPTOGEL77,Online Gambling Promotion
hVrckGxdGmU,Balonnya bakal pecah ga yaa?🤔🤔,Selamat ya kak trending 1 lohh akhirnyaa J P TO G E L 7 7,No Online Gambling Promotion
hVrckGxdGmU,Balonnya bakal pecah ga yaa?🤔🤔,JPTOGEL77 maen hoki,Online Gambling Promotion
hVrckGxdGmU,Balonnya bakal pecah ga yaa?🤔🤔,setia bro main J P TO G E L 7 7 udah ratusan situs bandingin tetep enak JPTOGEL77,Online Gambling Promotion
hVrckGxdGmU,Balonnya bakal pecah ga yaa?🤔🤔,bersyukur banget gw main situs Mandalika tujuhtujuh udah lunasin utang grgr main situs situs bener edan bro gampang menang,Online Gambling Promotion
hVrckGxdGmU,Balonnya bakal pecah ga yaa?🤔🤔,gw aja main JPTOGEL77 x100 kuy mabar biar cuan bang sore mantappp rekomend banget pokok nya situs broo,Online Gambling Promotion
hVrckGxdGmU,Balonnya bakal pecah ga yaa?🤔🤔,the bestt la server negri inisanagt beda server lokaludah ga berapling situs main J P TO G E L 7 7 aja,No Online Gambling Promotion
hVrckGxdGmU,Balonnya bakal pecah ga yaa?🤔🤔,provider game terbaik JPTOGEL77 salah milih webb perkalin serinng turun modal receh kasih wd main terbaik ni webb,"wd main terbaik ni webb, Online Gambling Promotion"
hVrckGxdGmU,Balonnya bakal pecah ga yaa?🤔🤔,Alhamdulillah rezeki lancar jaya berkat J P T O G E L 77,Online Gambling Promotion
hVrckGxdGmU,Balonnya bakal pecah ga yaa?🤔🤔,gak salah emang sodara gw maen jptogel77 hasilnya mantep bgt brooo maen bntaran doang udah dikasi narik gini kwkwkw makasih jptogel77 mantep,"maen bntaran doang udah dikasi narik gini kwkwkw makasih jptogel77 mantep, Online Gambling"
hVrckGxdGmU,Balonnya bakal pecah ga yaa?🤔🤔,Malam nyobain deposit pakai GOPAY modal 50 ribu jptogel77 Gak nyangka putaran aja langsung jackpot Udah coba server VIETNAM main game Buffalo King untungnya melimpah WD udah 4 juta mimpi,Udah coba server VIETNAM main game Buffalo King untungnya melimpah WD udah
hVrckGxdGmU,Balonnya bakal pecah ga yaa?🤔🤔,u abis gak duitnya gara2 kalah pindah nih bagusnya u google J P TO G E L 7 7 aja betahh deh,No Online Gambling Promotion
hVrckGxdGmU,Balonnya bakal pecah ga yaa?🤔🤔,Akhirrrnyaaa bagus konten abang coba main J P T O G E L 77,"coba main J P T O G E L 77, Online Gambling Promotion"
hVrckGxdGmU,Balonnya bakal pecah ga yaa?🤔🤔,Kalo gak coba nggak Rezaki bis ja J P T O G E L 77,"Resoki tidak akan mencoba J P T O G E L 77, No Online Gambling Promotion"
hVrckGxdGmU,Balonnya bakal pecah ga yaa?🤔🤔,mantap gua cobain gampang dapatin sketernya Udh gitu dapatin sketer isinya tau nama nya nih coba cari google Mandalika 77 dijiamin nagih,"gua cobain gampang dapat sketernya udh gitu dapat sketer isinya tau nama nya nih, coba cari Google Mandalika 77 dijamin nagih, Online Gambling Promotion"
hVrckGxdGmU,Balonnya bakal pecah ga yaa?🤔🤔,webb JPTOGEL77 ga kalah seru ya disni cair trus dr web JPTOGEL77 gokil mantap la jajan,Online Gambling Promotion
hVrckGxdGmU,Balonnya bakal pecah ga yaa?🤔🤔,tetangga gw sore main J P T O G E L 77,Online Gambling Promotion
hVrckGxdGmU,Balonnya bakal pecah ga yaa?🤔🤔,Paling kasih orang bahagia s1tus JPTOGEL77 pemain udah kasih kemenangan,Online Gambling Promotion
hVrckGxdGmU,Balonnya bakal pecah ga yaa?🤔🤔,J P TO G E L 7 7 bikin senyum gak berhenti mantap pol,No Online Gambling Promotion
hVrckGxdGmU,Balonnya bakal pecah ga yaa?🤔🤔,Gak maxwln provit segini main mahbaru nyoba udah kasih JP si MAnDALIKA77 ni test aja,"nyooba udah kasih judi si Mandalika77 ni test aja, Online Gambling Promotion"
hVrckGxdGmU,Balonnya bakal pecah ga yaa?🤔🤔,nyelot gak ribet MANTAB J P TO G E L 7 7 gak rugi kalo main main WD gak sampe maxwin modal gw 2x lipat gas,No Online Gambling Promotion
hVrckGxdGmU,Balonnya bakal pecah ga yaa?🤔🤔,aja nih isi saldo ku semenjak main JPTOGEL77 bawaan nya se4lalu hepy saldo jarang sesak nafas mantap matap nih situs nya,"matap nih situs nya, Online Gambling Promotion"
hVrckGxdGmU,Balonnya bakal pecah ga yaa?🤔🤔,webb JPTOGEL77 ga kalah seru ya disni cair trus dr web JPTOGEL77 gokil mantap la jajan,Online Gambling Promotion
hVrckGxdGmU,Balonnya bakal pecah ga yaa?🤔🤔,rngkad sempet putus asa sih main dapet referensi anak komunitas main JPTOGEL77 behhh semangat gw membara banget coy ngasi u google aja JPTOGEL77,Online Gambling Promotion
hVrckGxdGmU,Balonnya bakal pecah ga yaa?🤔🤔,Memang main jptogel77 untung saran teman menang,Online Gambling Promotion
hVrckGxdGmU,Balonnya bakal pecah ga yaa?🤔🤔,Slide FB turun turun isinya J P TO G E L 7 7 Penasaran cobain depo main bentar aja Ehhh MAXWINNN,Online Gambling Promotion
hVrckGxdGmU,Balonnya bakal pecah ga yaa?🤔🤔,ajakin mabar temen bermain J P TO G E L 7 7 angkat topi sih kali bermain langsung kasih kemenangan server berhasil nih mantap memiliki broo,Online Gambling Promotion
hVrckGxdGmU,Balonnya bakal pecah ga yaa?🤔🤔,Rezeki J P TO G E L 7 7 sungguh tiada tara nilainya terima kasih ya Allah berkat Mu,"terima kasih ya Allah berkatmu, No Online Gambling Promotion"
hVrckGxdGmU,Balonnya bakal pecah ga yaa?🤔🤔,bersandar teras rumah sembari ngopi bermain permainan nyelot jptogel77 nikmat sekaleh,Online Gambling Promotion
hVrckGxdGmU,Balonnya bakal pecah ga yaa?🤔🤔,situs tu kyk J P TO G E L 7 7 kasi wede lancar ga apa2,No Online Gambling Promotion
hVrckGxdGmU,Balonnya bakal pecah ga yaa?🤔🤔,JPTOGEL77 perhatian Lihat ditawarkannya,Online Gambling Promotion
hVrckGxdGmU,Balonnya bakal pecah ga yaa?🤔🤔,jptogel77 ngan ukur Duit ngalir permainan seru ora aya istirahatna Layanan oke banget abdi recom duh euy,Online Gambling Promotion
hVrckGxdGmU,Balonnya bakal pecah ga yaa?🤔🤔,Memang main J P TO G E L 7 7 untung saran teman menang,Online Gambling Promotion
hVrckGxdGmU,Balonnya bakal pecah ga yaa?🤔🤔,DisiniJ P T O G E L 77 sanggat senang,No Online Gambling Promotion
hVrckGxdGmU,Balonnya bakal pecah ga yaa?🤔🤔,edan web JPTOGEL77 gk bangkrut web nya kasih jepe gua udh 5 main kasih jepe mulu Kelen wajib main web JPTOGEL77 si wak,"udah 5 main kasih jepe mulu kelen wajib main web jptogel77 si wak, Online Gambling Promotion"
hVrckGxdGmU,Balonnya bakal pecah ga yaa?🤔🤔,edan web JPTOGEL77 gk bangkrut web nya kasih jepe gua udh 5 main kasih jepe mulu Kelen wajib main web J P TO G E L 7 7 si wak,Online Gambling Promotion
hVrckGxdGmU,Balonnya bakal pecah ga yaa?🤔🤔,JPTOGEL77 WEDEY gede cma maen bentar,Online Gambling Promotion
hVrckGxdGmU,Balonnya bakal pecah ga yaa?🤔🤔,JPTOGEL77 cba maen jekpot gede,No Online Gambling Promotion
hVrckGxdGmU,Balonnya bakal pecah ga yaa?🤔🤔,udah 5 gua main kali temu situs beneran gampang jp enak banget JPTOGEL77 bro,Online Gambling Promotion
hVrckGxdGmU,Balonnya bakal pecah ga yaa?🤔🤔,JPTOGEL77 main dikit saldo langsung byk,Online Gambling Promotion
hVrckGxdGmU,Balonnya bakal pecah ga yaa?🤔🤔,MEMANG TERBUKTI TERBAIK DAN MANTAP NIH SITUS KEREN WAWW MANTAP asli SERVER TERBAIK bos jgn salah pilih BO rungkat member rutin dikasih MAXWIN amp turun Perkalian x250 x500 pecahan bagus Kontrol nafsu nya kalo udah MAXWIN lgsg WD Di sisakan Dikit BgDan Lanjut Main LagiMudah mudahan Di Tambah Lagi CARI DI GOOGLE J P TO G E L 7 7,ERROR
hVrckGxdGmU,Balonnya bakal pecah ga yaa?🤔🤔,beres2 rumah nyepin pas dengar suaranya behhhhhh garang kaliii suara petirnya hahaha makasih ya J P T O G E L 77,Online Gambling Promotion
hVrckGxdGmU,Balonnya bakal pecah ga yaa?🤔🤔,adminnya nyaman Bener2 hoki main J P TO G E L 7 7 proses depo cepat mantap Livechat fast respon gak pindah web deh udah betah main,Online Gambling Promotion
hVrckGxdGmU,Balonnya bakal pecah ga yaa?🤔🤔,jptogel77 tempatnya jagoan judi lu nggak main belajar pro,"tidak main belajar pro, Online Gambling Promotion"
hVrckGxdGmU,Balonnya bakal pecah ga yaa?🤔🤔,Cuan gila gilaan J P TO G E L 7 7,No Online Gambling Promotion
hVrckGxdGmU,Balonnya bakal pecah ga yaa?🤔🤔,Malam nyobain deposit pakai GOPAY modal 50 ribu J P T O G E L 77 Gak nyangka putaran aja langsung jackpot Udah coba server VIETNAM main game Buffalo King untungnya melimpah WD udah 4 juta mimpi,"Gak nyangka putaran aja langsung jackpot. Udah coba server Vietnam main game Buffalo King, untungnya melimpah WD udah"
hVrckGxdGmU,Balonnya bakal pecah ga yaa?🤔🤔,bener teman situs emng keren banget laaabaru dep aja udah dapet menang jptogel77,Online Gambling Promotion
hVrckGxdGmU,Balonnya bakal pecah ga yaa?🤔🤔,provider game terbaik JPTOGEL77 salah milih webb perkalin serinng turun modal receh kasih wd main terbaik ni webb,Online Gambling Promotion
hVrckGxdGmU,Balonnya bakal pecah ga yaa?🤔🤔,bersyukur gw ga ketipu janji manis situs emang real gampang JP cuman jptogel77,"JP cuman jptogel77, Online Gambling Promotion"
hVrckGxdGmU,Balonnya bakal pecah ga yaa?🤔🤔,Paling mantap cuman webb JPTOGEL77 member dimanjain kasih cuan,Online Gambling Promotion
hVrckGxdGmU,Balonnya bakal pecah ga yaa?🤔🤔,ga nyarnin server abal abal dahgua udah tau main cari aja JPTOGEL77 ngab terbaikk situs sih teman wede coba deh ngab lumayan nambah2 isi dompet,Online Gambling Prom
hVrckGxdGmU,Balonnya bakal pecah ga yaa?🤔🤔,sensasi nya beda bro main jptogel77 udah sekampung temen gw main JP,"bro main judi slot jptogel77 udah sekampung teman gw main judi slot, Online Gambling Promotion"
hVrckGxdGmU,Balonnya bakal pecah ga yaa?🤔🤔,J P TO G E L 7 7 ngan ukur Duit ngalir permainan seru ora aya istirahatna Layanan oke banget abdi recom duh euy,No Online Gambling Promotion
hVrckGxdGmU,Balonnya bakal pecah ga yaa?🤔🤔,cobain bro bareng gw main jptogel77 udah gw seleksi ratusan situs mantap bro,"sudah saya seleksi ratusan situs mantap bro, Online Gambling Promotion"
hVrckGxdGmU,Balonnya bakal pecah ga yaa?🤔🤔,tengkiu bosku kasi teman2 setongkrongan traktiran makan minum bagus mudah mudahan meningkat berhasil J P TO G E L 7 7,Online Gambling Promotion
hVrckGxdGmU,Balonnya bakal pecah ga yaa?🤔🤔,the bestt la server negri inisanagt beda server lokaludah ga berapling situs main JPTOGEL77 aja,Online Gambling Promotion
hVrckGxdGmU,Balonnya bakal pecah ga yaa?🤔🤔,JPTOGEL77 terpopuler masakini,Online Gambling Promotion
hVrckGxdGmU,Balonnya bakal pecah ga yaa?🤔🤔,udah 5 gua main kali temu situs beneran gampang jp enak banget JPTOGEL77 bro,Online Gambling Promotion
hVrckGxdGmU,Balonnya bakal pecah ga yaa?🤔🤔,jptogel77Terpopuler masakini,Online Gambling Promotion
hVrckGxdGmU,Balonnya bakal pecah ga yaa?🤔🤔,modal halus jp paus J P TO G E L 7 7 untung gw kasi tau sodara gak sih gw masi maen sedot wc makasih J P TO G E L 7 7 jajannya,Online Gambling Promotion
hVrckGxdGmU,Balonnya bakal pecah ga yaa?🤔🤔,aja nih isi saldo ku semenjak main JPTOGEL77 bawaan nya se4lalu hepy saldo jarang sesak nafas mantap matap nih situs nya,Online Gambling Promotion
hVrckGxdGmU,Balonnya bakal pecah ga yaa?🤔🤔,tetangga gw sore main JPTOGEL77,Online Gambling Promotion
hVrckGxdGmU,Balonnya bakal pecah ga yaa?🤔🤔,server2 emang royal mesin nya lokal semalem gw maen jptogel77 menang gua wkkw google bro,Online Gambling Promotion
hVrckGxdGmU,Balonnya bakal pecah ga yaa?🤔🤔,nyari2 uang rokok dikasih uang jajan seminggu hahaha emng terbaik nih jptogel77,No Online Gambling Promotion
hVrckGxdGmU,Balonnya bakal pecah ga yaa?🤔🤔,main J P T O G E L 77 aman2 jaya aja yah gua dikasi proses nariknya cepet maju bosku,Online Gambling Promotion
hVrckGxdGmU,Balonnya bakal pecah ga yaa?🤔🤔,lumayan unutk beli peralatan rumah cari gugel jptogel77 Di link dp aja mekswin dp auto makan enak,No Online Gambling Promotion
hVrckGxdGmU,Balonnya bakal pecah ga yaa?🤔🤔,makasih banget loh JPTOGEL77 udah ngasih kesempatan ngerasain wd hasil maxwwin udh kunci akun ku gk wd,Online Gambling Promotion
hVrckGxdGmU,Balonnya bakal pecah ga yaa?🤔🤔,adminnya nyaman Bener2 hoki main JPTOGEL77 proses depo cepat mantap Livechat fast respon gak pindah web deh udah betah main,"sudah betah main, Online Gambling Promotion"
hVrckGxdGmU,Balonnya bakal pecah ga yaa?🤔🤔,Ternyata bgt dibilang teman gue main jptogel77 gampang bgt dapetin maxwin member positif WD,Online Gambling Promotion
hVrckGxdGmU,Balonnya bakal pecah ga yaa?🤔🤔,nikmat ngopi sembari nyelot momen maxwin nya langsung full senyum makasih website JPTOGEL77 udh ngasih maxwin meningkat senang mainnya,Online Gambling Promotion
hVrckGxdGmU,Balonnya bakal pecah ga yaa?🤔🤔,Perasaan x deh nemu situs kayak MLNDALIKL77 gak beli spin kasi gratis uda gitu dikasi Maxwin emg jos bgt ni JPTOGEL77 ga duanya deh,No Online Gambling Prom
hVrckGxdGmU,Balonnya bakal pecah ga yaa?🤔🤔,mantap bro jp JPTOGEL77 aja udah makasih udah kasih kemenangan,Online Gambling Promotion
hVrckGxdGmU,Balonnya bakal pecah ga yaa?🤔🤔,0242 bsa gtu wkwkwkw jptogel77,Online Gambling Promotion
hVrckGxdGmU,Balonnya bakal pecah ga yaa?🤔🤔,JPTOGEL77 cba langsung bawa pulang cuan gede,No Online Gambling Promotion
hVrckGxdGmU,Balonnya bakal pecah ga yaa?🤔🤔,0535 JPTOGEL77 ngadu nasib wkwkw,Online Gambling Promotion
hVrckGxdGmU,Balonnya bakal pecah ga yaa?🤔🤔,Modal 60 ribu maxwin segini brooo emang mantap nge disitus search google namanya JPTOGEL77,Online Gambling Promotion
hVrckGxdGmU,Balonnya bakal pecah ga yaa?🤔🤔,Mumpung gacornya gaskan aja bos J P T O G E L 77,Online Gambling Promotion
hVrckGxdGmU,Balonnya bakal pecah ga yaa?🤔🤔,bersandar teras rumah sembari ngopi bermain permainan nyelot J P TO G E L 7 7 nikmat sekaleh,Online Gambling Promotion
hVrckGxdGmU,Balonnya bakal pecah ga yaa?🤔🤔,jam segini main kakek jptogel77 bikin nagih lurr scatter nya gampang turun sketer perkalian nya konek,Online Gambling Promotion
hVrckGxdGmU,Balonnya bakal pecah ga yaa?🤔🤔,gak salah emang sodara gw maen J P TO G E L 7 7 hasilnya mantep bgt brooo maen bntaran doang udah dikasi narik gini kwkwkw makasih J P TO G E L 7 7 mantep,ERROR
hVrckGxdGmU,Balonnya bakal pecah ga yaa?🤔🤔,beres2 rumah nyepin pas dengar suaranya behhhhhh garang kaliii suara petirnya hahaha makasih y J P TO G E L 7 7,No Online Gambling Promotion
hVrckGxdGmU,Balonnya bakal pecah ga yaa?🤔🤔,Iseng cuman coba depo receh situs jptogel77 klau seandainya depo nggak kebayang mantap situs jptogel77 langsung gas aja bro rasakan dimanjain ni BO,"kalau seandainya deposit tidak kebayang mampu situs jptogel77 langsung gas aja bro rasakan dimanjain ni, Online Gambling Promotion"
hVrckGxdGmU,Balonnya bakal pecah ga yaa?🤔🤔,Paling kasih orang bahagia s1tus Mandalika 77 pemain udah kasih kemenangan,No Online Gambling Promotion
hVrckGxdGmU,Balonnya bakal pecah ga yaa?🤔🤔,Gak nyangka menang J P T O G E L 77 serasa mimpi siang bolong,No Online Gambling Promotion
hVrckGxdGmU,Balonnya bakal pecah ga yaa?🤔🤔,setia bro main jptogel77 udah ratusan situs bandingin tetep enak jptogel77,Online Gambling Promotion
hVrckGxdGmU,Balonnya bakal pecah ga yaa?🤔🤔,ga nyesel emang maen JPTOGEL77 enak bgt scatternya scaternya berisi manteplah JPTOGEL77,Online Gambling Promotion
hVrckGxdGmU,Balonnya bakal pecah ga yaa?🤔🤔,tidur auto spin jptogel77 bangun2 saldo udah battery lowbett ngantor senyam senyum macem udah gila cari aja google tu jptogel77,"udah battery lowbett ngantor senyam senyum macem udah gila cari aja google tu jptogel77, Online Gambling Promotion"
hVrckGxdGmU,Balonnya bakal pecah ga yaa?🤔🤔,situs tu kyk J P TO G E L 7 7 kasi wede lancar ga apa2,No Online Gambling Promotion
hVrckGxdGmU,Balonnya bakal pecah ga yaa?🤔🤔,JPTOGEL77 cba jepe gede lngsg,Online Gambling Promotion
hVrckGxdGmU,Balonnya bakal pecah ga yaa?🤔🤔,TRENDING 1 GILA LOOOO jptogel77,Online Gambling Promotion
hVrckGxdGmU,Balonnya bakal pecah ga yaa?🤔🤔,bener teman situs emng keren banget laaabaru dep aja udah dapet menang J P T O G E L 77,Online Gambling Promotion
hVrckGxdGmU,Balonnya bakal pecah ga yaa?🤔🤔,situs tu jptogel77 kasi wede lancar ga apa2,Online Gambling Promotion
hVrckGxdGmU,Balonnya bakal pecah ga yaa?🤔🤔,gua udah 5tahun main jptogel77 jangka profit gw ratusan juta bro emang beda web abalabal,Online Gambling Promotion
hVrckGxdGmU,Balonnya bakal pecah ga yaa?🤔🤔,Ini keren kak main J P T O G E L 77 kasi JP kak Nga sangka sih dapet seginiuntung aja Temen nyaranin Server Luar ngerasain MAXWIN,Online Gambling Promotion
hVrckGxdGmU,Balonnya bakal pecah ga yaa?🤔🤔,ga cari untung menang segiini aja udah bersyukur banger gua game jptogel77 aja narik udah langsung masuk duit 2 menit aja,"sudah bersyukur banger gua game jptogel77 aja, narik udah langsung masuk duit 2 menit aja, Online Gambling Promotion"
hVrckGxdGmU,Balonnya bakal pecah ga yaa?🤔🤔,modal recehpun wd J P TO G E L 7 7 benar2 profit hasil main bermain main bermain sukses jutaan mantap webnya,Online Gambling Promotion
hVrckGxdGmU,Balonnya bakal pecah ga yaa?🤔🤔,SUPER MANTAP INI LINKTERBAIK PALING MANTAP DENGAN RTP DI ATAS 98WINRATE MEMBER BARU 99 BAGUS BANGET SEMOGA AJA BISA NULAR SAMA PELAYER LAINCARI DI GOOGLE JPTOGEL77,ERROR
hVrckGxdGmU,Balonnya bakal pecah ga yaa?🤔🤔,modal halus jp paus J P TO G E L 7 7 untung gw kasi tau sodara gak sih gw masi maen sedot wc makasih J P TO G E L 7 7 jajannya,Online Gambling Promotion
hVrckGxdGmU,Balonnya bakal pecah ga yaa?🤔🤔,Ternyata bgt dibilang teman gue main JPTOGEL77 gampang bgt dapetin maxwin member positif WD,Online Gambling Promotion
hVrckGxdGmU,Balonnya bakal pecah ga yaa?🤔🤔,Hidup seru 108 jptogel77,Online Gambling Promotion
hVrckGxdGmU,Balonnya bakal pecah ga yaa?🤔🤔,Info seloter pakai link Bosku Karena link JPTOGEL77 bikin Member Baru JPnya WD Perkalian X250 X500 scatter nya nyangkut dikasih pecahan bagus Mantap,Online Gambling Prom
hVrckGxdGmU,Balonnya bakal pecah ga yaa?🤔🤔,nikmat ngopi sembari nyelot momen maxwin nya langsung full senyum makasih website jptogel77 udh ngasih maxwin meningkat senang mainnya,Online Gambling Promotion
hVrckGxdGmU,Balonnya bakal pecah ga yaa?🤔🤔,J P T O G E L 77 gacor menang,Online Gambling Promotion
hVrckGxdGmU,Balonnya bakal pecah ga yaa?🤔🤔,bersyukur gw ga ketipu janji manis situs emang real gampang JP cuman jptogel77,"gampang JP cuman jptogel77, Online Gambling Promotion"
hVrckGxdGmU,Balonnya bakal pecah ga yaa?🤔🤔,WAJIB COBA DI SINI BOS SUPER GACCOOORR YANG TERBARUCOBA PAKE SERVER THAILAND SERVER LUAR YANG SAYA PAKE RTP NYA DI ATAS 98 TANPA HARUS BUY PETIR x100 x250 x500 SUDAH PASTI KELUAR GASSSS LANGSUNG SEMOGA HOKINYA NULAR YA ABANG CARI GOOGLE J P TO G E L 7 7,ERROR
hVrckGxdGmU,Balonnya bakal pecah ga yaa?🤔🤔,Paling mantap cuman webb JPTOGEL77 member dimanjain kasih cuan,Online Gambling Promotion
hVrckGxdGmU,Balonnya bakal pecah ga yaa?🤔🤔,situs bagus rate kemenangan dibanding JPTOGEL77 situs panutan gw,Online Gambling Promotion
hVrckGxdGmU,Balonnya bakal pecah ga yaa?🤔🤔,Padahal moda tipis aja kasi Maxwin J P TO G E L 7 7 emg hoki bgt lha main disitus scternya gampang turun RTPnya akurat bgt buran cobain main JPTOGEL77,ERROR
hVrckGxdGmU,Balonnya bakal pecah ga yaa?🤔🤔,Waduh menang gue SCBD belanja pake duit kemenangan jptogel77 uang trakhirnemu situs barualhamdulilah d ksih jepe ngab,No Online Gambling Promotion
hVrckGxdGmU,Balonnya bakal pecah ga yaa?🤔🤔,Saran ane main jptogel77 gak pelit link nya gw mmber barusan main auto lgsung maxwin pdhal modal receh doang,"ga perlu linknya, gw mungkin baru saja main auto lgsung maxwin pada halaman receh doang, Online Gambling Promotion"
hVrckGxdGmU,Balonnya bakal pecah ga yaa?🤔🤔,Modal receh hasil lumer mantap kali JPTOGEL77 sensasi maxwln berulang brooo kali nemu web seqacor chek langsung deh webbnya dp wd gesit prosesnya,Online Gambling Promotion
hVrckGxdGmU,Balonnya bakal pecah ga yaa?🤔🤔,rngkad sempet putus asa sih main dapet referensi anak komunitas main JPTOGEL77 behhh semangat gw membara banget coy ngasi u google aja J P TO G E L 7 7,Online Gambling
hVrckGxdGmU,Balonnya bakal pecah ga yaa?🤔🤔,temenku saranin main JPTOGEL77 coba iseng2 main situs eh dapettt jackpott udah cape banget gonta ganti situs mulu situs menghasilkan cuan,"coba iseng2 main situs, dapettt jackpot udah cape banget gonta ganti situs mulu situs menghasilkan cuan, Online Gambling Promotion"
hVrckGxdGmU,Balonnya bakal pecah ga yaa?🤔🤔,gua pasukan jptogel77 bro udah setia gw main amanah gampang JP,"udah setia gw main amanah gampang JP, Online Gambling Promotion"
hVrckGxdGmU,Balonnya bakal pecah ga yaa?🤔🤔,Iseng cuman coba depo receh situs JPTOGEL77 klau seandainya depo nggak kebayang mantap situs JPTOGEL77 langsung gas aja bro rasakan dimanjain ni BO,Online Gambling Promotion
hVrckGxdGmU,Balonnya bakal pecah ga yaa?🤔🤔,ajakin mabar temen bermain J P TO G E L 7 7 angkat topi sih kali bermain langsung kasih kemenangan server berhasil nih mantap memiliki broo,Online Gambling Promotion
hVrckGxdGmU,Balonnya bakal pecah ga yaa?🤔🤔,JPTOGEL77 gua bru maen bentar lngsg jepe,Online Gambling Promotion
hVrckGxdGmU,Balonnya bakal pecah ga yaa?🤔🤔,JPTOGEL77 jackpot gampang banget gk percaya,"tidak percaya? , Online Gambling Promotion"
S31ywBQB63s,Pilih bahan tros!!,TERIMAKASIH JPTOGEL77 MENANG SUPER HOKI KEREN TEPERCAYA DAN NYATA,Online Gambling Promotion
S31ywBQB63s,Pilih bahan tros!!,Sudah situs yg ikuti satupun berhasil membuktikan kecuali JPTOGEL77,Online Gambling Promotion
S31ywBQB63s,Pilih bahan tros!!,gilaaa kasih wd JPTOGEL77 modal receh doang main,Online Gambling Promotion
S31ywBQB63s,Pilih bahan tros!!,makasihh bangeett temeenkuu udah kasih rekomend web JPTOGEL77 ga rungkad web sebela,Online Gambling Promotion
S31ywBQB63s,Pilih bahan tros!!,Sukses JPTOGEL77,Online Gambling Promotion
S31ywBQB63s,Pilih bahan tros!!,Makasih bang link gacir nya barusan WD gak lumayan kopi rokok mantap depo WD aman lancar jaya emang enak main JPTOGEL77 bang,Online Gambling Promotion
S31ywBQB63s,Pilih bahan tros!!,cmn main JPTOGEL77 gw dpt teriakan mantap ayaaaaaang,Online Gambling Promotion
S31ywBQB63s,Pilih bahan tros!!,JPTOGEL77 emang juara kepuasan bermain Cuan mengalir,Online Gambling Promotion
S31ywBQB63s,Pilih bahan tros!!,gachor banget AERO88 sumpah,No Online Gambling Promotion
S31ywBQB63s,Pilih bahan tros!!,AGUSTOTO gacig jepe gila,No Online Gambling Promotion
S31ywBQB63s,Pilih bahan tros!!,Utang lunas abidz main AGUSTOTO gila gacor,No Online Gambling Promotion
S31ywBQB63s,Pilih bahan tros!!,AGUSTOTO gachor abis auto kaya,No Online Gambling Promotion
S31ywBQB63s,Pilih bahan tros!!,Bikin ketagihan maen AGUSTOTO gachor bener,No Online Gambling Promotion
S31ywBQB63s,Pilih bahan tros!!,AXL777 auto maxwin,Online Gambling Promotion
S31ywBQB63s,Pilih bahan tros!!,AXL777 emang cuan abis,No Online Gambling Promotion
S31ywBQB63s,Pilih bahan tros!!,AERO88 bikin nagih gachor parah jepey,Online Gambling Promotion
S31ywBQB63s,Pilih bahan tros!!,Jepe ga berhenti AXL777,No Online Gambling Promotion
S31ywBQB63s,Pilih bahan tros!!,gachor banget AERO88 jepey gampang,No Online Gambling Promotion
S31ywBQB63s,Pilih bahan tros!!,AERO88 Depo 50 5 juta mantap,Online Gambling Promotion
S31ywBQB63s,Pilih bahan tros!!,mekswin gampang bgt AERO88,Online Gambling Promotion
S31ywBQB63s,Pilih bahan tros!!,halo ka,No Online Gambling Promotion
S31ywBQB63s,Pilih bahan tros!!,Salfok makanannya Salfok bajunya,No Online Gambling Promotion
S31ywBQB63s,Pilih bahan tros!!,Ah coba aja mbanya pilih nasi gmn ya,"cobainlah mbanyai pilih nasi gaknya, No Online Gambling Promotion"
S31ywBQB63s,Pilih bahan tros!!,Sprtinya maaf Soes gak ngembang yukuran e tetep gak bantat sih gak ngembang,No Online Gambling Promotion
S31ywBQB63s,Pilih bahan tros!!,Salfok sm baju ny,No Online Gambling Promotion
S31ywBQB63s,Pilih bahan tros!!,Aduh baju nya gogok nge fak yu,No Online Gambling Promotion
S31ywBQB63s,Pilih bahan tros!!,Kulit kakak sehat bgt,No Online Gambling Promotion
S31ywBQB63s,Pilih bahan tros!!,Kue sus,No Online Gambling Promotion
S31ywBQB63s,Pilih bahan tros!!,kue sus kak,No Online Gambling Promotion
S31ywBQB63s,Pilih bahan tros!!,Seruuu seruuu,No Online Gambling Promotion
S31ywBQB63s,Pilih bahan tros!!,Harusnya keburu kabur gak sih kakaknya dioven,No Online Gambling Promotion
S31ywBQB63s,Pilih bahan tros!!,Berkali kali main Olympus JPTOGEL77 hasilnya mantapp wee semoga ikutin saran Hokinya ya,Online Gambling Promotion
S31ywBQB63s,Pilih bahan tros!!,situs JPTOGEL77 bro gak makan orang mala kasih uang main disni makasi la uda recomen,Online Gambling Promotion
S31ywBQB63s,Pilih bahan tros!!,makasih JPTOGEL77 seumur umur kali lihat perkalian merah wd 3 juta modal 60k,Online Gambling Promotion
S31ywBQB63s,Pilih bahan tros!!,mantap bro JP tipis JPTOGEL77 ngakat aja udah lumayan makasih JPTOGEL77 udah kasih menang,Online Gambling Promotion
S31ywBQB63s,Pilih bahan tros!!,Aku udah daftar JPTOGEL77 semoga mantap,Online Gambling Promotion
S31ywBQB63s,Pilih bahan tros!!,main ni ya wee kasi tau main JPTOGEL77 depsoit gampang wede cepat kuyyy daftar wee jamin gacor,Online Gambling Promotion
S31ywBQB63s,Pilih bahan tros!!,PG Soft JPTOGEL77 bikin berasa kayak bos cuman situs gw dpt scatter hitam asli bro,Online Gambling Promotion
S31ywBQB63s,Pilih bahan tros!!,Cukup bagus bagus kali depo 30k dikasi wd 400 lumayan sensasi petir merah JPTOGEL77 cobain dah nihh,Online Gambling Promotion
S31ywBQB63s,Pilih bahan tros!!,Sukses terimakasih wd besarnya JPTOGEL77,Online Gambling Promotion
S31ywBQB63s,Pilih bahan tros!!,g prnah bosan gua main JPTOGEL77 situs nya ga pelit kya situs2 nya main g lngsng ksh wd,"situs2nya juga main langsung karena tidak ada yang perlu waktu, Online Gambling Promotion"
S31ywBQB63s,Pilih bahan tros!!,asu jptogel77 asli gacor mantapppp,Online Gambling Promotion
S31ywBQB63s,Pilih bahan tros!!,SUPER SEKALI JPTOGEL77 MANTAP,Online Gambling Promotion
S31ywBQB63s,Pilih bahan tros!!,scroll jptogel77 bre paten emg situs gw,Online Gambling Promotion
S31ywBQB63s,Pilih bahan tros!!,temen nyaranin bermain JPTOGEL77 asian ngikutin saran temen wd,Online Gambling Promotion
S31ywBQB63s,Pilih bahan tros!!,Beneran gak sih soalna ane udah dpt JP jptogel77,Online Gambling Promotion
S31ywBQB63s,Pilih bahan tros!!,semoga jptogel77 sukses amin,Online Gambling Promotion
S31ywBQB63s,Pilih bahan tros!!,Habis kesamber petirnya kakek main JPTOGEL77 scatternya gilagilaanputarannya bagus mantap kali main bang,Online Gambling Promotion
S31ywBQB63s,Pilih bahan tros!!,gw tau JPTOGEL77 komen asli bnrn gacor,Online Gambling Promotion
S31ywBQB63s,Pilih bahan tros!!,Beda banget situs yg main berulang ulang modal gede menang JPTOGEL77 main aja uda dikasih maxwin top bgt situs,"main aja udah diberi maxwin atau bonus teratas situs, Online Gambling Promotion"
S31ywBQB63s,Pilih bahan tros!!,Jangan tunggu2 deh bang alian coba main JPTOGEL77 asli kegacoran nya parah Buktikan aja main website nya JPTOGEL77,"coba main JPTOGEL77 asli kegacorannya. Buktikan aja main website nya JPTOGEL77, Online Gambling Promotion"
S31ywBQB63s,Pilih bahan tros!!,main server emang mantep ga turun naek nih jptogel77,No Online Gambling Promotion
S31ywBQB63s,Pilih bahan tros!!,kerap depo wd wd gw kerap wd depo abang rekomen web JPTOGEL77,Online Gambling Promotion
S31ywBQB63s,Pilih bahan tros!!,Jangan ragu main JPTOGEL77 kepuasan wd gede Cuan,No Online Gambling Promotion
S31ywBQB63s,Pilih bahan tros!!,gw main JPTOGEL77 sampe bikin 3 akun kirain rungkad salah eh wd mulu wkkwkwk,Online Gambling Promotion
S31ywBQB63s,Pilih bahan tros!!,Gila ya JPTOGEL77 dimana ashu terpercaya kagak nih,Online Gambling Promotion
S31ywBQB63s,Pilih bahan tros!!,gaji umr uang tambahan mah udah party malming wkwkkwkw makasih JPTOGEL77,No Online Gambling Promotion
S31ywBQB63s,Pilih bahan tros!!,jptogel77 maxwin pragmatic pg soft nya rame,Online Gambling Promotion
S31ywBQB63s,Pilih bahan tros!!,main jptogel77 udah gw rasakan mmg gacor,Online Gambling Promotion
S31ywBQB63s,Pilih bahan tros!!,Cuma kasi masukan aja Bang main JPTOGEL77 main sportif g Rungkad dikasi menang pokoknya cari tambahan alternatif main pokoknya mantap lha cek aj bang google nama nya JPTOGEL77,ERROR
S31ywBQB63s,Pilih bahan tros!!,sih ya JPTOGEL77 bocor,Online Gambling Promotion
S31ywBQB63s,Pilih bahan tros!!,cuan emg JPTOGEL77 modal 100k jd 4jt,Online Gambling Promotion
S31ywBQB63s,Pilih bahan tros!!,Saya depo barusan 3x wdnya 7 kali JPTOGEL77,Online Gambling Promotion
S31ywBQB63s,Pilih bahan tros!!,tmn gw jptogel77 rame bgt tuh situs bre gila,Online Gambling Promotion
S31ywBQB63s,Pilih bahan tros!!,keren banget JPTOGEL77 kerungkatan bro rasio kemenangannya banget gokil,"bro rasio kemenangannya banget gokil, Online Gambling Promotion"
S31ywBQB63s,Pilih bahan tros!!,Modal JPTOGEL77 dikasih pecahan Gak nyesel deh main Mantap,Online Gambling Promotion
S31ywBQB63s,Pilih bahan tros!!,main jptogel77 suaranya,Online Gambling Promotion
S31ywBQB63s,Pilih bahan tros!!,Harapan semoga kedepannya cuan ya situs JPTOGEL77 hati wajib sih main situs,"hati wajib sih main situs, Online Gambling Promotion"
S31ywBQB63s,Pilih bahan tros!!,terimakasih rekomendasi link gacornya kakak jptogel77,Online Gambling Promotion
S31ywBQB63s,Pilih bahan tros!!,situs terbesar kebanggan gw jptogel77,Online Gambling Promotion
S31ywBQB63s,Pilih bahan tros!!,kiraen admin beneran enak jptogel77 asu,Online Gambling Promotion
S31ywBQB63s,Pilih bahan tros!!,Makin seru JPTOGEL77 sltnya oke banget bonusnya bikin senang untung melimpah memberikaan cuan teruss nya emang gokil bangett,Online Gambling Promotion
S31ywBQB63s,Pilih bahan tros!!,Selalu nangis karna gapernah menang disitus coba coba main JPTOGEL77 langsung menang Sekarang gw member setia situs,"Sekarang gw member setia situs, Online Gambling Promotion"
S31ywBQB63s,Pilih bahan tros!!,proses nya cpt bgt gile JPTOGEL77,Online Gambling Promotion
S31ywBQB63s,Pilih bahan tros!!,seru banget main JPTOGEL77 Modal 100 menang gac0rnya diluar dugaan,Online Gambling Promotion
S31ywBQB63s,Pilih bahan tros!!,Capek bgt nemuin JPTOGEL77 trs,Online Gambling Promotion
S31ywBQB63s,Pilih bahan tros!!,bermain website langganan gw bro JPTOGEL77 ga butuh sertaan pola pola ga nyata emg situsnya bagus puteran sm pecahannya jg bagus gaskeun brooo bermain tipis2,Online Gambling Promotion
S31ywBQB63s,Pilih bahan tros!!,iya bgt yg menang JPTOGEL77,Online Gambling Promotion
S31ywBQB63s,Pilih bahan tros!!,mayan terusan JPTOGEL77,Online Gambling Promotion
S31ywBQB63s,Pilih bahan tros!!,Setiap kali menang JPTOGEL77,Online Gambling Promotion
S31ywBQB63s,Pilih bahan tros!!,suka banget main s1tus JPTOGEL77 pokoknya the best emg,Online Gambling Promotion
S31ywBQB63s,Pilih bahan tros!!,Sudah situs yg ikuti satupun berhasil membuktikan kecuali JPTOGEL77,No Online Gambling Promotion
S31ywBQB63s,Pilih bahan tros!!,gw gw JP jptogel77 sekebon ni manusia,Online Gambling Promotion
S31ywBQB63s,Pilih bahan tros!!,SUPER MANTAP SITUS JPTOGEL77 GAMPANG MENANGNYA,Online Gambling Promotion
S31ywBQB63s,Pilih bahan tros!!,Sungguh ku sangka sungguh ku duga new member auto cuan main JPTOGEL77 scatternya gampang kali keluarnya Pola acak gass keun,Online Gambling Promotion
S31ywBQB63s,Pilih bahan tros!!,yg main google aja JPTOGEL77 tar gw promosi,Online Gambling Promotion
S31ywBQB63s,Pilih bahan tros!!,Pragmatic nya JPTOGEL77 enak poll sih maen bet receh JP disana cari aja google JPTOGEL77,"pencarian sih maen betreceh JP di sana, cari aja Google JPTOGEL77, Online Gambling Promotion"
S31ywBQB63s,Pilih bahan tros!!,Gue MANDALIKA77 dikenal luas,No Online Gambling Promotion
S31ywBQB63s,Pilih bahan tros!!,Aman Sudah MANDALIKA77 terpercaya,No Online Gambling Promotion
S31ywBQB63s,Pilih bahan tros!!,Efisiensi nomor MANDALIKA77 andalannya,No Online Gambling Promotion
S31ywBQB63s,Pilih bahan tros!!,Sumpah deh MANDALIKA77 bikin gampang,No Online Gambling Promotion
S31ywBQB63s,Pilih bahan tros!!,Terbaik MANDALIKA77 sukses bantu orang cepat,No Online Gambling Promotion
S31ywBQB63s,Pilih bahan tros!!,Buat ragu coba MANDALIKA77 komentar,No Online Gambling Promotion
S31ywBQB63s,Pilih bahan tros!!,Setelah pakai gue bilang MANDALIKA77 layak diperhitungkan,No Online Gambling Promotion
S31ywBQB63s,Pilih bahan tros!!,Wajar kalo mempercayakan MANDALIKA77,No Online Gambling Promotion
S31ywBQB63s,Pilih bahan tros!!,Oke bener bener salut layanan MANDALIKA77,No Online Gambling Promotion
S31ywBQB63s,Pilih bahan tros!!,Wajar kalo popularitas MANDALIKA77 meledak hasilnya nyata,No Online Gambling Promotion
S31ywBQB63s,Pilih bahan tros!!,Kayaknya MANDALIKA77 trending nih,No Online Gambling Promotion
S31ywBQB63s,Pilih bahan tros!!,Takjub sistem MANDALIKA77 beneran nggak ribet,No Online Gambling Promotion
S31ywBQB63s,Pilih bahan tros!!,Wajarlah MANDALIKA77 dikagumi orang,No Online Gambling Promotion
S31ywBQB63s,Pilih bahan tros!!,Gue suka kecepatan prosesnya MANDALIKA77 emang juara,No Online Gambling Promotion
S31ywBQB63s,Pilih bahan tros!!,Cepat andal MANDALIKA77,No Online Gambling Promotion
S31ywBQB63s,Pilih bahan tros!!,Tiap buka YouTube bahas MANDALIKA77,No Online Gambling Promotion
S31ywBQB63s,Pilih bahan tros!!,Cara daftar MANDALIKA77 simpel cocok pemula,Online Gambling Promotion
S31ywBQB63s,Pilih bahan tros!!,Wih trending nih MANDALIKA77 bikin penasaran aja,No Online Gambling Promotion
S31ywBQB63s,Pilih bahan tros!!,Tiap nonton video aja promosiin MANDALIKA77,Online Gambling Promotion
S31ywBQB63s,Pilih bahan tros!!,Komunitas MANDALIKA77 solid banget salut,No Online Gambling Promotion
S31ywBQB63s,Pilih bahan tros!!,Bingung kenal MANDALIKA77,No Online Gambling Promotion
S31ywBQB63s,Pilih bahan tros!!,Interfacenya user friendly MANDALIKA77 bikin nyaman,No Online Gambling Promotion
S31ywBQB63s,Pilih bahan tros!!,Pake MANDALIKA77 susah move on,No Online Gambling Promotion
S31ywBQB63s,Pilih bahan tros!!,Bikin hidup simple MANDALIKA77,No Online Gambling Promotion
S31ywBQB63s,Pilih bahan tros!!,Kue sus,ERROR
S31ywBQB63s,Pilih bahan tros!!,pasienang,No Online Gambling Promotion
S31ywBQB63s,Pilih bahan tros!!,maudog,No Online Gambling Promotion
S31ywBQB63s,Pilih bahan tros!!,kue sus,No Online Gambling Promotion
S31ywBQB63s,Pilih bahan tros!!,Soes mini,No Online Gambling Promotion
S31ywBQB63s,Pilih bahan tros!!,Mau resep nya chef,ERROR
S31ywBQB63s,Pilih bahan tros!!,Enak banget kak siang gini semoga puasa afdhol buka puasa,No Online Gambling Promotion
S31ywBQB63s,Pilih bahan tros!!,Mirip kue sus,No Online Gambling Promotion
S31ywBQB63s,Pilih bahan tros!!,Gila sholat masjid gacor parah pahala nya,No Online Gambling Promotion
S31ywBQB63s,Pilih bahan tros!!,Akhirnya ngerasain nama nya maxwinemang mantap situs terpercaya JPTOGEL77 mayan buatk modal nongkrong temen temen broo,Online Gambling Promotion
S31ywBQB63s,Pilih bahan tros!!,gw tau JPTOGEL77 komen asli bnrn gacir,Online Gambling Promotion
S31ywBQB63s,Pilih bahan tros!!,makasihh bangeett temeenkuu udah kasih rekomend web JPTOGEL77 ga rungkad web sebela,"udah kasih rekomendasi web JPTOGEL77, ga rungkad website sebela, Online Gambling Promotion"
S31ywBQB63s,Pilih bahan tros!!,Saran coba JPTOGEL77 bg link nya gak pelit tu mmber uda psti dikasih JP tmn gw jga mawin disitu,"tu munggu udah diposting di kasih JP temen gw juga maxwin disitu, Online Gambling Promotion"
S31ywBQB63s,Pilih bahan tros!!,Up Up Upaku coba bang gacir sltnya ya JPTOGEL77 pantes rame kali comment hahaha,Online Gambling Promotion
S31ywBQB63s,Pilih bahan tros!!,Kk bikin churos berhasil gak berhasil,No Online Gambling Promotion
S31ywBQB63s,Pilih bahan tros!!,H0k1e banget DIBET4D Jeipe gede banget S3l0t G4C0r mantap,Online Gambling Promotion
S31ywBQB63s,Pilih bahan tros!!,G4C0r bener DIBET4D menang gede Jeipe gede,Online Gambling Promotion
S31ywBQB63s,Pilih bahan tros!!,DIBET4D gokil bener menang S3l0t G4C0r Jeipe gede,Online Gambling Promotion
S31ywBQB63s,Pilih bahan tros!!,DIBET4D juara abis Jeipe gede seru mainnya,No Online Gambling Promotion
S31ywBQB63s,Pilih bahan tros!!,H0k1e pisan DIBET4D Jeipe gede H0k1e,No Online Gambling Promotion
S31ywBQB63s,Pilih bahan tros!!,DIBET4D emang joss Menang gede S3l0t G4C0r,Online Gambling Promotion
S31ywBQB63s,Pilih bahan tros!!,DIBET4D emang joss S3l0t G4C0rnya ngasih Jeipe gede,Online Gambling Promotion
S31ywBQB63s,Pilih bahan tros!!,DIBET4D emang the best S3l0t G4C0rnya ngasih Jeipe gede,Online Gambling Promotion
S31ywBQB63s,Pilih bahan tros!!,DIBET4D emang the best S3l0t G4C0r kasih Jeipe,Online Gambling Promotion
S31ywBQB63s,Pilih bahan tros!!,Main DIBET4D menang gede Jeipe S3l0t G4C0r mulu,Online Gambling Promotion
S31ywBQB63s,Pilih bahan tros!!,Main DIBET4D menang S3l0t G4C0r beneran,Online Gambling Promotion
S31ywBQB63s,Pilih bahan tros!!,Menang gede DIBET4D Jeipe gede H0k1e,Online Gambling Promotion
S31ywBQB63s,Pilih bahan tros!!,Gila DIBET4D beneran G4C0r Menang gede,Online Gambling Promotion
S31ywBQB63s,Pilih bahan tros!!,G4C0r DIBET4D S3l0tnya kasih Jeipe gede,No Online Gambling Promotion
S31ywBQB63s,Pilih bahan tros!!,H0k1e banget main DIBET4D Jeipe gede S3l0t G4C0rnya super,Online Gambling Promotion
S31ywBQB63s,Pilih bahan tros!!,DIBET4D juara pisan Jeipe gede H0k1e,Online Gambling Promotion
S31ywBQB63s,Pilih bahan tros!!,Menang gede DIBET4D Jeipe gede S3l0t G4C0r the best,No Online Gambling Promotion
S31ywBQB63s,Pilih bahan tros!!,H0k1e banget main DIBET4D menang S3l0t G4C0r,Online Gambling Promotion
S31ywBQB63s,Pilih bahan tros!!,Menang gede DIBET4D Jeipe gede seru,No Online Gambling Promotion
S31ywBQB63s,Pilih bahan tros!!,Puas banget main DIBET4D S3l0t G4C0rnya bikin ketagihan,Online Gambling Promotion
S31ywBQB63s,Pilih bahan tros!!,Lah keju nya kak,No Online Gambling Promotion
S31ywBQB63s,Pilih bahan tros!!,Salut tim MANDALIKA77 tanggap profesional,No Online Gambling Promotion
S31ywBQB63s,Pilih bahan tros!!,Sekali coba langsung kelar urusan thanks MANDALIKA77,No Online Gambling Promotion
S31ywBQB63s,Pilih bahan tros!!,Kaget liat kolom komentar isinya MANDALIKA77 legit,No Online Gambling Promotion
S31ywBQB63s,Pilih bahan tros!!,Thanks MANDALIKA77 hasilnya beneran real time,No Online Gambling Promotion
S31ywBQB63s,Pilih bahan tros!!,Akhirnya paham orang ramein MANDALIKA77,No Online Gambling Promotion
