video_id,video_title,comment,label
ZshDHBFmkqU,Jangan salah pilih kotak😅,Itu yg bikin kotaknya sendiriya gampang tau lompat manayg sengaja biar ga curiga, No Online Gambling Promotion
ZshDHBFmkqU,Jangan salah pilih kotak😅,AaaaaaKalah,No Online Gambling Promotion
ZshDHBFmkqU,Jangan salah pilih kotak😅,Kasiha banget kk nya,No Online Gambling Promotion
ZshDHBFmkqU,Jangan salah pilih kotak😅,lucu lu bang,No Online Gambling Promotion
ZshDHBFmkqU,Jangan salah pilih kotak😅,Saran coba JPTOGEL77 bg link nya gak pelit tu mmber uda psti dikasih JP tmn gw jga mawin disitu,tu munggu udah diposting di kasih JP tim nya, saya juga main disitu, Online Gambling Promotion
ZshDHBFmkqU,Jangan salah pilih kotak😅,gila JPTOGEL77 member kasi JP trus,Online Gambling Promotion
ZshDHBFmkqU,Jangan salah pilih kotak😅,Akhirnya ngerasain nama nya maxwinemang mantap situs terpercaya JPTOGEL77 mayan buatk modal nongkrong temen temen broo,Online Gambling Promotion
ZshDHBFmkqU,Jangan salah pilih kotak😅,scam,No Online Gambling Promotion
ZshDHBFmkqU,Jangan salah pilih kotak😅,Makasih bang link gacir nya barusan WD gak lumayan kopi rokok mantap depo WD aman lancar jaya emang enak main JPTOGEL77 bang,Online Gambling Promotion
ZshDHBFmkqU,Jangan salah pilih kotak😅,Up Up Upaku coba bang gacir sltnya ya JPTOGEL77 pantes rame kali comment hahaha,Online Gambling Promotion
ZshDHBFmkqU,Jangan salah pilih kotak😅,Sepasang suami istri setia,ERROR
ZshDHBFmkqU,Jangan salah pilih kotak😅,Bisa ngintip bego hp,No Online Gambling Promotion
ZshDHBFmkqU,Jangan salah pilih kotak😅,Dasar GK de bikin konten,No Online Gambling Promotion
ZshDHBFmkqU,Jangan salah pilih kotak😅,Ih dasar niruin konten youtuber USA,No Online Gambling Promotion
ZshDHBFmkqU,Jangan salah pilih kotak😅,Dua duanya licik Kita subscribe,No Online Gambling Promotion
ZshDHBFmkqU,Jangan salah pilih kotak😅,DORA77 gacir menang,Online Gambling Promotion
ZshDHBFmkqU,Jangan salah pilih kotak😅,Kiri kak,No Online Gambling Promotion
ZshDHBFmkqU,Jangan salah pilih kotak😅,Curang,No Online Gambling Promotion
ZshDHBFmkqU,Jangan salah pilih kotak😅,Kanan,No Online Gambling Promotion
ZshDHBFmkqU,Jangan salah pilih kotak😅,Scam,No Online Gambling Promotion
ZshDHBFmkqU,Jangan salah pilih kotak😅,coba njier,No Online Gambling Promotion
ZshDHBFmkqU,Jangan salah pilih kotak😅,hahaha,No Online Gambling Promotion
ZshDHBFmkqU,Jangan salah pilih kotak😅,Yah kaya ginih mah curang orang warnanya ajah beda,No Online Gambling Promotion
ZshDHBFmkqU,Jangan salah pilih kotak😅,Alaiy,ERROR
ZshDHBFmkqU,Jangan salah pilih kotak😅,Curangggggggggggggggggggg,No Online Gambling Promotion
ZshDHBFmkqU,Jangan salah pilih kotak😅,Stres,ERROR
ZshDHBFmkqU,Jangan salah pilih kotak😅,Curanngggg orang boongin,No Online Gambling Promotion
ZshDHBFmkqU,Jangan salah pilih kotak😅,yg ngisi yg nginjek,No Online Gambling Promotion
ZshDHBFmkqU,Jangan salah pilih kotak😅,Orang mah ganti kertas kado nya,No Online Gambling Promotion
ZshDHBFmkqU,Jangan salah pilih kotak😅,Ih lego ranjau darat biar menantang kertas ganti besi gak ka,No Online Gambling Promotion
ZshDHBFmkqU,Jangan salah pilih kotak😅,KK nyacurang karna udah,No Online Gambling Promotion
ZshDHBFmkqU,Jangan salah pilih kotak😅,Mereka ngikutin wilisalim,No Online Gambling Promotion
ZshDHBFmkqU,Jangan salah pilih kotak😅,Kakak masti curanga,No Online Gambling Promotion
ZshDHBFmkqU,Jangan salah pilih kotak😅,Bang follow like Aku Nisa Savana follow nih nama Aqila Anisa sovana follow Maaf mengganggu video kakak urusan abang kakak,No Online Gambling Promotion
ZshDHBFmkqU,Jangan salah pilih kotak😅,Ceweknya ama cowoknya aja,No Online Gambling Promotion
ZshDHBFmkqU,Jangan salah pilih kotak😅,Dikit2 like dikit2 subscribe lawak,No Online Gambling Promotion
ZshDHBFmkqU,Jangan salah pilih kotak😅,bohomgan,No Online Gambling Promotion
ZshDHBFmkqU,Jangan salah pilih kotak😅,setingan,No Online Gambling Promotion
ZshDHBFmkqU,Jangan salah pilih kotak😅,Konten real ide menarik expresi nya lucu seru tonton puasa marah,tonton puasa marah, No Online Gambling Promotion
ZshDHBFmkqU,Jangan salah pilih kotak😅,Kertas kado nya btw beda ya,No Online Gambling Promotion
ZshDHBFmkqU,Jangan salah pilih kotak😅,ua ua ak tau,No Online Gambling Promotion
ZshDHBFmkqU,Jangan salah pilih kotak😅,niru konten orang jir,No Online Gambling Promotion
ZshDHBFmkqU,Jangan salah pilih kotak😅,udah settings biat doang kena,No Online Gambling Promotion
ZshDHBFmkqU,Jangan salah pilih kotak😅,Itu keliatan penutup lu gw bodoh gitu kocak lu,No Online Gambling Promotion
ZshDHBFmkqU,Jangan salah pilih kotak😅,gak tolok,No Online Gambling Promotion
ZshDHBFmkqU,Jangan salah pilih kotak😅,Tymoty,No Online Gambling Promotion
ZshDHBFmkqU,Jangan salah pilih kotak😅,Bang kaki lu gak patah,No Online Gambling Promotion
ZshDHBFmkqU,Jangan salah pilih kotak😅,Iya dikasih tau,No Online Gambling Promotion
ZshDHBFmkqU,Jangan salah pilih kotak😅,Pasti sakit kena Lego kayak ditusuk,No Online Gambling Promotion
ZshDHBFmkqU,Jangan salah pilih kotak😅,Setingan,No Online Gambling Promotion
ZshDHBFmkqU,Jangan salah pilih kotak😅,Keliatan gak sih hp nya,No Online Gambling Promotion
ZshDHBFmkqU,Jangan salah pilih kotak😅,cringe lu,No Online Gambling Promotion
ZshDHBFmkqU,Jangan salah pilih kotak😅,Emose,No Online Gambling Promotion
ZshDHBFmkqU,Jangan salah pilih kotak😅,2000,ERROR
ZshDHBFmkqU,Jangan salah pilih kotak😅,Memang cewe main curang,No Online Gambling Promotion
ZshDHBFmkqU,Jangan salah pilih kotak😅,Aku main salah milih,No Online Gambling Promotion
ZshDHBFmkqU,Jangan salah pilih kotak😅,Aku udah like udah follow hadiahnya nggak Natal konco,sudah follow, hadiahnya tidak Natal konto, No Online Gambling Promotion
ZshDHBFmkqU,Jangan salah pilih kotak😅,Ada ketawa kuntilanak,No Online Gambling Promotion
ZshDHBFmkqU,Jangan salah pilih kotak😅,Ngapain sih lu Gila kali lu y,No Online Gambling Promotion
ZshDHBFmkqU,Jangan salah pilih kotak😅,komennya judol,Online Gambling Promotion
ZshDHBFmkqU,Jangan salah pilih kotak😅,Gak maling gak viral,Gak viral, No Online Gambling Promotion
ZshDHBFmkqU,Jangan salah pilih kotak😅,kak copa pake paku payung,No Online Gambling Promotion
ZshDHBFmkqU,Jangan salah pilih kotak😅,PSKTM,ERROR
ZshDHBFmkqU,Jangan salah pilih kotak😅,Settigan,No Online Gambling Promotion
ZshDHBFmkqU,Jangan salah pilih kotak😅,Tebak iq,ERROR
ZshDHBFmkqU,Jangan salah pilih kotak😅,Curangggg banet,No Online Gambling Promotion
ZshDHBFmkqU,Jangan salah pilih kotak😅,Legonya lego ku,No Online Gambling Promotion
ZshDHBFmkqU,Jangan salah pilih kotak😅,Youtuber banget loh ya,ERROR
ZshDHBFmkqU,Jangan salah pilih kotak😅,Dibedain kertasnya cowonya ngalah,No Online Gambling Promotion
ZshDHBFmkqU,Jangan salah pilih kotak😅,Gjee banget anjjjj,No Online Gambling Promotion
ZshDHBFmkqU,Jangan salah pilih kotak😅,rak mutu,No Online Gambling Promotion
ZshDHBFmkqU,Jangan salah pilih kotak😅,Ga ber manfaat konten lu bro,No Online Gambling Promotion
ZshDHBFmkqU,Jangan salah pilih kotak😅,Garing,No Online Gambling Promotion
ZshDHBFmkqU,Jangan salah pilih kotak😅,harapkan sih jago banget,No Online Gambling Promotion
ZshDHBFmkqU,Jangan salah pilih kotak😅,Set,ERROR
ZshDHBFmkqU,Jangan salah pilih kotak😅,Waduh menang gue SCBD belanja pake duit kemenangan jptogel77 uang trakhirnemu situs barualhamdulilah d ksih jepe ngab,No Online Gambling Promotion
ZshDHBFmkqU,Jangan salah pilih kotak😅,temenku saranin main Mandalika 77 coba iseng2 main situs eh dapettt jackpott udah cape banget gonta ganti situs mulu situs menghasilkan cuan,coba iseng2 main situs, dapettt jackpot udah cape banget gonta ganti situs mulu situs menghasilkan cuan, Online Gambling Promotion
ZshDHBFmkqU,Jangan salah pilih kotak😅,Info seloter pakai link Bosku Karena link MLNDALIKL77 bikin Member Baru JPnya WD Perkalian X250 X500 scatter nya nyangkut dikasih pecahan bagus Mantap,
ZshDHBFmkqU,Jangan salah pilih kotak😅,nyelot gak ribet MANTAB J P TO G E L 7 7 gak rugi kalo main main WD gak sampe maxwin modal gw 2x lipat gas,No Online Gambling Promotion
ZshDHBFmkqU,Jangan salah pilih kotak😅,seneng bangun2 kumpulin nyawa main JPTOGEL77 langsung dikasi wekwekwek,Online Gambling Promotion
ZshDHBFmkqU,Jangan salah pilih kotak😅,MEMANG TERBUKTI TERBAIK DAN MANTAP NIH SITUS KEREN WAWW MANTAP asli SERVER TERBAIK bos jgn salah pilih BO rungkat member rutin dikasih MAXWIN amp turun Perkalian x250 x500 pecahan bagus Kontrol nafsu nya kalo udah MAXWIN lgsg WD Di sisakan Dikit BgDan Lanjut Main LagiMudah mudahan Di Tambah Lagi CARI DI GOOGLE JPTOGEL77,ERROR
ZshDHBFmkqU,Jangan salah pilih kotak😅,JPTOGEL77 gua maen bentar aja lngsg WEDEY gede,Online Gambling Promotion
ZshDHBFmkqU,Jangan salah pilih kotak😅,modal halus jp paus J P TO G E L 7 7 untung gw kasi tau sodara gak sih gw masi maen sedot wc makasih J P TO G E L 7 7 jajannya,Online Gambling Promotion
ZshDHBFmkqU,Jangan salah pilih kotak😅,gua pasukan jptogel77 bro udah setia gw main amanah gampang JP,udah setia gw main amanah gampang JP, Online Gambling Promotion
ZshDHBFmkqU,Jangan salah pilih kotak😅,jptogel77 ngan ukur Duit ngalir permainan seru ora aya istirahatna Layanan oke banget abdi recom duh euy,Online Gambling Promotion
ZshDHBFmkqU,Jangan salah pilih kotak😅,member langsung dikasih jajanan meningkat senang bermain J P TO G E L 7 7 sih gk ubah web ni,No Online Gambling Promotion
ZshDHBFmkqU,Jangan salah pilih kotak😅,menang gak dibayar nih langgana gua aja bro jptogel77 mantap deh gw u main tenang hp bunyi mulu wkkw,No Online Gambling Promotion
ZshDHBFmkqU,Jangan salah pilih kotak😅,Memang main jptogel77 untung saran teman menang,Online Gambling Promotion
ZshDHBFmkqU,Jangan salah pilih kotak😅,WAJIB COBA DI SINI BOS SUPER GACCOOORR YANG TERBARUCOBA PAKE SERVER THAILAND SERVER LUAR YANG SAYA PAKE RTP NYA DI ATAS 98 TANPA HARUS BUY PETIR x100 x250 x500 SUDAH PASTI KELUAR GASSSS LANGSUNG SEMOGA HOKINYA NULAR YA ABANG CARI GOOGLE J P TO G E L 7 7,ERROR
ZshDHBFmkqU,Jangan salah pilih kotak😅,percaya ama bro keluarga main jptogel77 banget JP dibanding situs,bro, keluarga saya main jptogel77 banget, JP dibandingkan situs, Online Gambling Promotion
ZshDHBFmkqU,Jangan salah pilih kotak😅,banget JPTOGEL77 cuan banget web nya gk depo gede2 depo receh kasih maxwin coba gan,gak deposit besar, deposit rezeki kasih maxwin, coba gan, Online Gambling Promotion
ZshDHBFmkqU,Jangan salah pilih kotak😅,server2 emang royal mesin nya lokal semalem gw maen J P TO G E L 7 7 menang gua wkkw google bro,saya mau main J P TO G E L 7 7, Online Gambling Promotion
ZshDHBFmkqU,Jangan salah pilih kotak😅,sensasi nya beda bro main jptogel77 udah sekampung temen gw main JP,Online Gambling Promotion
ZshDHBFmkqU,Jangan salah pilih kotak😅,gw aja main JPTOGEL77 x100 kuy mabar biar cuan bang sore mantappp rekomend banget pokok nya situs broo,Online Gambling Promotion
ZshDHBFmkqU,Jangan salah pilih kotak😅,ga nyarnin server abal abal dahgua udah tau main cari aja JPTOGEL77 ngab terbaikk situs sih teman wede coba deh ngab lumayan nambah2 isi dompet,Online Gambling Prom
ZshDHBFmkqU,Jangan salah pilih kotak😅,JPTOGEL77 cba bntr jepe gede lgnsung,Online Gambling Promotion
ZshDHBFmkqU,Jangan salah pilih kotak😅,Ternyata bgt dibilang teman gue main jptogel77 gampang bgt dapetin maxwin member positif WD,Online Gambling Promotion
ZshDHBFmkqU,Jangan salah pilih kotak😅,Senang banget rezeki terduga MANDALIKA77,No Online Gambling Promotion
ZshDHBFmkqU,Jangan salah pilih kotak😅,aja nih isi saldo ku semenjak main JPTOGEL77 bawaan nya se4lalu hepy saldo jarang sesak nafas mantap matap nih situs nya,matap nih situs nya, Online Gambling Promotion
ZshDHBFmkqU,Jangan salah pilih kotak😅,udah 5 gua main kali temu situs beneran gampang jp enak banget JPTOGEL77 bro,Online Gambling Promotion
ZshDHBFmkqU,Jangan salah pilih kotak😅,sensasi nya beda bro main jptogel77 udah sekampung temen gw main JP,Online Gambling Promotion
ZshDHBFmkqU,Jangan salah pilih kotak😅,JPTOGEL77 bro gw main gak pakai janji palsu bro cuman gw menang,saya main tidak menggunakan janji palsu bro, saya hanya menang, Online Gambling Promotion
ZshDHBFmkqU,Jangan salah pilih kotak😅,tengkiu bosku kasi teman2 setongkrongan traktiran makan minum bagus mudah mudahan meningkat berhasil J P TO G E L 7 7,No Online Gambling Promotion
ZshDHBFmkqU,Jangan salah pilih kotak😅,hidup gw enak brp main jptogel77 nih situs rekomen gw bro,Online Gambling Promotion
ZshDHBFmkqU,Jangan salah pilih kotak😅,Paling mantap cuman webb JPTOGEL77 member dimanjain kasih cuan,Online Gambling Promotion
ZshDHBFmkqU,Jangan salah pilih kotak😅,temenku saranin main JPTOGEL77 coba iseng2 main situs eh dapettt jackpott udah cape banget gonta ganti situs mulu situs menghasilkan cuan,Online Gambling Promotion
ZshDHBFmkqU,Jangan salah pilih kotak😅,tidur auto spin J P TO G E L 7 7 bangun2 saldo udah battery lowbett ngantor senyam senyum macem udah gila cari aja google tu J P TO G E L 7 7,Online Gambling Promotion
ZshDHBFmkqU,Jangan salah pilih kotak😅,jam segini main kakek JPTOGEL77 bikin nagih lurr scatter nya gampang turun sketer perkalian nya konek,Online Gambling Promotion
ZshDHBFmkqU,Jangan salah pilih kotak😅,Modal receh hasil lumer mantap kali JPTOGEL77 sensasi maxwn berulang brooo kali nemu web seqacor chek langsung deh webbnya dp wd gesit prosesnya,Online Gambling Promotion
ZshDHBFmkqU,Jangan salah pilih kotak😅,bersyukur gw ga ketipu janji manis situs emang real gampang JP cuman jptogel77,gampang JP cuman jptogel77, Online Gambling Promotion
ZshDHBFmkqU,Jangan salah pilih kotak😅,gak salah emang sodara gw maen jptogel77 hasilnya mantep bgt brooo maen bntaran doang udah dikasi narik gini kwkwkw makasih jptogel77 mantep,Online Gambling Promotion
ZshDHBFmkqU,Jangan salah pilih kotak😅,betah dah nongkrong situs jptogel77 kalo lihat rtp asli gak gagal rtpnya angkanya cuuy,Online Gambling Promotion
ZshDHBFmkqU,Jangan salah pilih kotak😅,udah 5 gua main kali temu situs beneran gampang jp enak banget JPTOGEL77 bro,Online Gambling Promotion
ZshDHBFmkqU,Jangan salah pilih kotak😅,TRENDING 1 GILA LOOOO jptogel77,Online Gambling Promotion
ZshDHBFmkqU,Jangan salah pilih kotak😅,main JPTOGEL77 Jarang2 ling bagus kali merasakan petir merah si kakek senang x hati hahaha,No Online Gambling Promotion
ZshDHBFmkqU,Jangan salah pilih kotak😅,intinya bermainlah sabar barbar kemenenangan sabar wkwk hiburan jadiin mata pencaharian gw main JPTOGEL77,Online Gambling Promotion
ZshDHBFmkqU,Jangan salah pilih kotak😅,JPTOGEL77 cba langsung bawa pulang cuan gede,Online Gambling Promotion
ZshDHBFmkqU,Jangan salah pilih kotak😅,lumayan unutk beli peralatan rumah cari gugel J P TO G E L 7 7 Di link dp aja mekswin dp auto makan enak,No Online Gambling Promotion
ZshDHBFmkqU,Jangan salah pilih kotak😅,gua pasukan jptogel77 bro udah setia gw main amanah gampang JP,udah setia gw main amanah gampang JP, Online Gambling Promotion
ZshDHBFmkqU,Jangan salah pilih kotak😅,aja nih isi saldo ku semenjak main JPTOGEL77 bawaan nya se4lalu hepy saldo jarang sesak nafas mantap matap nih situs nya,matap nih situs nya, Online Gambling Promotion
ZshDHBFmkqU,Jangan salah pilih kotak😅,gampang banget situs JPTOGEL77 turun perkalian nya member betah main main JPTOGEL77 aja rungkat ya bro,Online Gambling Promotion
ZshDHBFmkqU,Jangan salah pilih kotak😅,Selamat ya kak trending 1 lohh akhirnyaa J P TO G E L 7 7,No Online Gambling Promotion
ZshDHBFmkqU,Jangan salah pilih kotak😅,Gak maxwln provit segini main mahbaru nyoba udah kasih JP si JPTOGEL77 ni test aja,ya kasih JP si JPTOGEL77 ni test aja, Online Gambling Promotion
ZshDHBFmkqU,Jangan salah pilih kotak😅,0701 JPTOGEL77,Online Gambling Promotion
ZshDHBFmkqU,Jangan salah pilih kotak😅,Ternyata main JPTOGEL77 bikin rezeki langsung gacir,Online Gambling Promotion
ZshDHBFmkqU,Jangan salah pilih kotak😅,nikmat ngopi sembari nyelot momen maxwin nya langsung full senyum makasih website JPTOGEL77 udh ngasih maxwin meningkat senang mainnya,Online Gambling Promotion
ZshDHBFmkqU,Jangan salah pilih kotak😅,JPTOGEL77 gua bru maen bentar lngsg jepe,Online Gambling Promotion
ZshDHBFmkqU,Jangan salah pilih kotak😅,J P TO G E L 7 7 auto win,Online Gambling Promotion
ZshDHBFmkqU,Jangan salah pilih kotak😅,cobain bro bareng gw main Mandalika tujuhtujuh udah gw seleksi ratusan situs mantap bro,sudah saya seleksi ratusan situs mantap, No Online Gambling Promotion
ZshDHBFmkqU,Jangan salah pilih kotak😅,webb JPTOGEL77 ga kalah seru ya disni cair trus dr web JPTOGEL77 gokil mantap la jajan,Online Gambling Promotion
ZshDHBFmkqU,Jangan salah pilih kotak😅,udah gw coba bro bagus main JPTOGEL77 patut dibanggakan profitnya,Online Gambling Promotion
ZshDHBFmkqU,Jangan salah pilih kotak😅,Iseng cuman coba depo receh situs JPTOGEL77 klau seandainya depo nggak kebayang mantap situs JPTOGEL77 langsung gas aja bro rasakan dimanjain ni BO,kalau seandainya deposit tidak kebayang mampu situs JPTOGEL77 langsung gacor aja bro rasakan dimanjain ni BO, Online Gambling Prom
ZshDHBFmkqU,Jangan salah pilih kotak😅,Iseng cuman coba depo receh situs jptogel77 klau seandainya depo nggak kebayang mantap situs jptogel77 langsung gas aja bro rasakan dimanjain ni BO,kalau seandainya deposit tidak kebayang manfaat situs jptogel77 langsung gausa aja bro rasakan dimanjain ni, Online Gambling Promotion
ZshDHBFmkqU,Jangan salah pilih kotak😅,Gak maxwln provit segini main mahbaru nyoba udah kasih JP si MAnDALIKA77 ni test aja,nyooba udah kasih JP si MANDALIKA77 ni test aja, Online Gambling Promotion
ZshDHBFmkqU,Jangan salah pilih kotak😅,Modal 60 ribu maxwin segini brooo emang mantap nge disitus search google namanya JPTOGEL77,Online Gambling Promotion
ZshDHBFmkqU,Jangan salah pilih kotak😅,webb JPTOGEL77 ga kalah seru ya disni cair trus dr web JPTOGEL77 gokil mantap la jajan,cair trus dr web JPTOGEL77 gokil mantap la jajan, Online Gambling Promotion
ZshDHBFmkqU,Jangan salah pilih kotak😅,situs tu jptogel77 kasi wede lancar ga apa2,Online Gambling Promotion
ZshDHBFmkqU,Jangan salah pilih kotak😅,Akhirrrnyaaa bagus konten abang coba main J P T O G E L 77,coba main J P T O G E L 77, Online Gambling Promotion
ZshDHBFmkqU,Jangan salah pilih kotak😅,Memang main J P TO G E L 7 7 untung saran teman menang,Online Gambling Promotion
ZshDHBFmkqU,Jangan salah pilih kotak😅,beres2 rumah nyepin pas dengar suaranya behhhhhh garang kaliii suara petirnya hahaha makasih ya J P T O G E L 77,Online Gambling Promotion
ZshDHBFmkqU,Jangan salah pilih kotak😅,setia bro main jptogel77 udah ratusan situs bandingin tetep enak jptogel77,Online Gambling Promotion
ZshDHBFmkqU,Jangan salah pilih kotak😅,J P TO G E L 7 7 bikin senyum gak berhenti mantap pol,Online Gambling Promotion
ZshDHBFmkqU,Jangan salah pilih kotak😅,gak salah emang sodara gw maen J P TO G E L 7 7 hasilnya mantep bgt brooo maen bntaran doang udah dikasi narik gini kwkwkw makasih J P TO G E L 7 7 mantep,Online Gambling Promotion
ZshDHBFmkqU,Jangan salah pilih kotak😅,Paling mantap cuman webb JPTOGEL77 member dimanjain kasih cuan,Online Gambling Promotion
ZshDHBFmkqU,Jangan salah pilih kotak😅,Padahal moda tipis aja kasi Maxwin J P TO G E L 7 7 emg hoki bgt lha main disitus scternya gampang turun RTPnya akurat bgt buran cobain main JPTOGEL77,Online
ZshDHBFmkqU,Jangan salah pilih kotak😅,Jangan mikir buruan aja bosku J P T O G E L 77,No Online Gambling Promotion
ZshDHBFmkqU,Jangan salah pilih kotak😅,the bestt la server negri inisanagt beda server lokaludah ga berapling situs main JPTOGEL77 aja,Online Gambling Promotion
ZshDHBFmkqU,Jangan salah pilih kotak😅,menang nya ga banyakyang ga bikin rungkadnaik sikit2 bukitini buktinya udah menang jptogel77di sambar kake zeusss wkkwkw,Online Gambling Promotion
ZshDHBFmkqU,Jangan salah pilih kotak😅,ga cari untung menang segiini aja udah bersyukur banger gua game J P T O G E L 77 aja narik udah langsung masuk duit 2 menit aja,udah bersyukur banger gua game J P T O G E L 77 aja narik udah langsung masuk duit 2 menit aja, Online Gambling Promotion
ZshDHBFmkqU,Jangan salah pilih kotak😅,Akhirnya menang J P T O G E L 77 dengar cerita orng,Online Gambling Promotion
ZshDHBFmkqU,Jangan salah pilih kotak😅,member JPTOGEL77 Udah kasih maxwin gila sih situs asli ga salah cobaain situs JPTOGEL77 member setia,Online Gambling Promotion
ZshDHBFmkqU,Jangan salah pilih kotak😅,seneng bangun2 kumpulin nyawa main jptogel77 langsung dikasi wekwekwek,Online Gambling Promotion
ZshDHBFmkqU,Jangan salah pilih kotak😅,Dari sekian ling coba cman webb J P TO G E L 7 7 yg bikin betah bagus webbnya kasih maxwn gak takut J P TO G E L 7 7,webnya kasih maxwin, Online Gambling Promotion
ZshDHBFmkqU,Jangan salah pilih kotak😅,JPTOGEL77 maen hoki,Online Gambling Promotion
ZshDHBFmkqU,Jangan salah pilih kotak😅,coba cari J P T O G E L 77 Mantap bosku makasih uda kasih saran main situs wd ku allhamdulliah lancar main,Online Gambling Promotion
ZshDHBFmkqU,Jangan salah pilih kotak😅,lama2 bangkrut ni bossnya jptogel77 profit trus main kemaren wkkwkw,Online Gambling Promotion
ZshDHBFmkqU,Jangan salah pilih kotak😅,coba coba maen server thailand kasi tau sodara eh gile saldo nambah mulu awlkwkwkkw cari google J P T O G E L 77,cari Google J P T O G E L 77, Online Gambling Promotion
ZshDHBFmkqU,Jangan salah pilih kotak😅,Saran ane main jptogel77 gak pelit link nya gw mmber barusan main auto lgsung maxwin pdhal modal receh doang,ga perlu linknya, saya akan mulai main otomatis langsung maxwin dengan modal rezeki doang, Online Gambling Promotion
ZshDHBFmkqU,Jangan salah pilih kotak😅,mantap main udah dikasih menang aja MAnDALIKA77 modal receh wd haha,sudah diberi menang aja MANDALIKA77 modal reeh wd haha, Online Gambling Promotion
ZshDHBFmkqU,Jangan salah pilih kotak😅,ajakin mabar temen bermain J P TO G E L 7 7 angkat topi sih kali bermain langsung kasih kemenangan server berhasil nih mantap memiliki broo,Online Gambling Promotion
ZshDHBFmkqU,Jangan salah pilih kotak😅,gacir gila JPTOGEL77 bikin jepe trs,Online Gambling Promotion
ZshDHBFmkqU,Jangan salah pilih kotak😅,Begitu mantap memuaskan Bermain MANDALIKA77 lancar hambatan rezeki mengalir deras,Online Gambling Promotion
ZshDHBFmkqU,Jangan salah pilih kotak😅,nyari2 uang rokok dikasih uang jajan seminggu hahaha emng terbaik nih J P TO G E L 7 7,No Online Gambling Promotion
ZshDHBFmkqU,Jangan salah pilih kotak😅,J P T O G E L 77 gacor menang,Online Gambling Promotion
ZshDHBFmkqU,Jangan salah pilih kotak😅,Ternyata bgt dibilang teman gue main JPTOGEL77 gampang bgt dapetin maxwln member positif WD,Online Gambling Promotion
ZshDHBFmkqU,Jangan salah pilih kotak😅,seru bang J P T O G E L 77 Alhamdulillah pensaran ku terjawabkan mampir disni JPTOGEL77 jamin H0k1,Online Gambling Promotion
ZshDHBFmkqU,Jangan salah pilih kotak😅,Mumpung gacornya gaskan aja bos J P T O G E L 77,Online Gambling Promotion
ZshDHBFmkqU,Jangan salah pilih kotak😅,asik dikasih rezeki makasih bget y J P TO G E L 7 7 kudoakan webbnya bangkit biar kasih sIotter profit wkwk gk ambil pusing main J P TO G E L 7 7 bang siap2 WD aja pokoknya,ERROR
ZshDHBFmkqU,Jangan salah pilih kotak😅,lama2 bangkrut ni bossnya JPTOGEL77 profit trus main kemaren wkkwkw,No Online Gambling Promotion
ZshDHBFmkqU,Jangan salah pilih kotak😅,modal recehpun wd J P TO G E L 7 7 benar2 profit hasil main bermain main bermain sukses jutaan mantap webnya,Online Gambling Promotion
ZshDHBFmkqU,Jangan salah pilih kotak😅,Rezeki melimpah JPTOGEL77 makasih,Online Gambling Promotion
ZshDHBFmkqU,Jangan salah pilih kotak😅,Mandalika tujuhtujuh bro gw main gak pakai janji palsu bro cuman gw menang,gw main gak pakai janji palsu bro cuman gw menang, No Online Gambling Promotion
ZshDHBFmkqU,Jangan salah pilih kotak😅,tidur auto spin jptogel77 bangun2 saldo udah battery lowbett ngantor senyam senyum macem udah gila cari aja google tu jptogel77,Bangun2 saldo, battery lowbett, ngantor senyam senyum macem, udah gila cari aja google tu jptogel77, Online Gambling Promotion
ZshDHBFmkqU,Jangan salah pilih kotak😅,main J P T O G E L 77 Jarang2 ling bagus kali merasakan petir merah si kakek senang x hati hahaha,No Online Gambling Promotion
ZshDHBFmkqU,Jangan salah pilih kotak😅,asyik abang J P TO G E L 7 7 anjir terkejut kasih kemenangan kali menciptakan pas meleset,No Online Gambling Promotion
ZshDHBFmkqU,Jangan salah pilih kotak😅,Waduh menang gue SCBD belanja pake duit kemenangan J P TO G E L 7 7 uang trakhirnemu situs barualhamdulilah d ksih jepe ngab,No Online Gambling Promotion
ZshDHBFmkqU,Jangan salah pilih kotak😅,Modal receh hasil lumer mantap kali JPTOGEL77 sensasi maxwn berulang brooo kali nemu web seqacor chek langsung deh webbnya dp wd gesit prosesnya,Online Gambling Promotion
ZshDHBFmkqU,Jangan salah pilih kotak😅,mantap bro jp JPTOGEL77 aja udah makasih udah kasih kemenangan,udah makasih, udah kasih kemenangan, Online Gambling Promotion
ZshDHBFmkqU,Jangan salah pilih kotak😅,Saatnya bersinar 1312 jptogel77,Online Gambling Promotion
ZshDHBFmkqU,Jangan salah pilih kotak😅,Pantesan aja teman sibuk ngajakin main MAnDALIKA77 benaran tokcer bgt main langsung cair malam lumayan traktir teman2,No Online Gambling Promotion
ZshDHBFmkqU,Jangan salah pilih kotak😅,udah kali gue main jptogel77 wd meluncur aman bonus slalu,Online Gambling Promotion
ZshDHBFmkqU,Jangan salah pilih kotak😅,Modal receh hasil lumer mantap kali JPTOGEL77 sensasi maxwln berulang brooo kali nemu web seqacor chek langsung deh webbnya dp wd gesit prosesnya,Online Gambling Promotion
ZshDHBFmkqU,Jangan salah pilih kotak😅,beres2 rumah nyepin pas dengar suaranya behhhhhh garang kaliii suara petirnya hahaha makasih y J P TO G E L 7 7,No Online Gambling Promotion
ZshDHBFmkqU,Jangan salah pilih kotak😅,tetangga gw sore main JPTOGEL77,Online Gambling Promotion
ZshDHBFmkqU,Jangan salah pilih kotak😅,Perasaan x deh nemu situs kayak MLNDALIKL77 gak beli spin kasi gratis uda gitu dikasi Maxwin emg jos bgt ni JPTOGEL77 ga duanya deh,Online Gambling Promotion
ZshDHBFmkqU,Jangan salah pilih kotak😅,1012 JPTOGEL77 emang juara rezeki gak abisnya,Online Gambling Promotion
ZshDHBFmkqU,Jangan salah pilih kotak😅,Tak bole curang gakbolecurang,gak boleh curang, No Online Gambling Promotion
ZshDHBFmkqU,Jangan salah pilih kotak😅,main J P T O G E L 77 aman2 jaya aja yah gua dikasi proses nariknya cepet maju bosku,Online Gambling Promotion
ZshDHBFmkqU,Jangan salah pilih kotak😅,Malam nyobain deposit pakai GOPAY modal 50 ribu J P T O G E L 77 Gak nyangka putaran aja langsung jackpot Udah coba server VIETNAM main game Buffalo King untungnya melimpah WD udah 4 juta mimpi,Gak nyangka putaran aja langsung jackpot. Udah coba server VIETNAM main game Buffalo King untungnya melimpah
ZshDHBFmkqU,Jangan salah pilih kotak😅,J P TO G E L 7 7 mekswin depoin LIMPUL,Online Gambling Promotion
ZshDHBFmkqU,Jangan salah pilih kotak😅,Tiap bingung cari cuan gk sengaja nemu s1tus JPTOGEL77 iseng nyoba main eh kasih Jepe tipis cuan setia main JPTOGEL77,Online Gambling Promotion
ZshDHBFmkqU,Jangan salah pilih kotak😅,beraniin bUAt dposit situs jptogel77 modal cekakdan negrasaain sensational nya ga rungkad main situs,Online Gambling Promotion
ZshDHBFmkqU,Jangan salah pilih kotak😅,mantap bro jp JPTOGEL77 aja udah makasih udah kasih kemenangan,udah makasih, udah kasih kemenangan, Online Gambling Promotion
ZshDHBFmkqU,Jangan salah pilih kotak😅,member langsung dikasih jajanan meningkat senang bermain jptogel77 sih gk ubah web ni,Online Gambling Promotion
ZshDHBFmkqU,Jangan salah pilih kotak😅,Hidup seru 108 jptogel77,Online Gambling Promotion
ZshDHBFmkqU,Jangan salah pilih kotak😅,Paling kasih orang bahagia s1tus Mandalika 77 pemain udah kasih kemenangan,No Online Gambling Promotion
ZshDHBFmkqU,Jangan salah pilih kotak😅,Perasaan x deh nemu situs kayak JPTOGEL77 gak beli spin kasi gratis uda gitu dikasi Maxwin emg jos bgt ni JPTOGEL77 ga duanya deh,Online Gambling Promotion
ZshDHBFmkqU,Jangan salah pilih kotak😅,JPTOGEL77 tempatnya jagoan judi lu nggak main belajar pro,tidak main belajar pro, Online Gambling Promotion
ZshDHBFmkqU,Jangan salah pilih kotak😅,J P TO G E L 7 7 TERBAIKK jepe bro,No Online Gambling Promotion
ZshDHBFmkqU,Jangan salah pilih kotak😅,JPTOGEL77 tampil fitur,Online Gambling Promotion
ZshDHBFmkqU,Jangan salah pilih kotak😅,JPTOGEL77 gua coba bentar saldo langsung 2x lipat,Online Gambling Promotion
ZshDHBFmkqU,Jangan salah pilih kotak😅,nikmat ngopi sembari nyelot momen maxwin nya langsung full senyum makasih website jptogel77 udh ngasih maxwin meningkat senang mainnya,Online Gambling Promotion
ZshDHBFmkqU,Jangan salah pilih kotak😅,JPTOGEL77 jackpot gampang banget gk percaya,tidak percaya? , Online Gambling Promotion
ZshDHBFmkqU,Jangan salah pilih kotak😅,DisiniJ P T O G E L 77 sanggat senang,No Online Gambling Promotion
ZshDHBFmkqU,Jangan salah pilih kotak😅,bener teman situs emng keren banget laaabaru dep aja udah dapet menang J P T O G E L 77,Online Gambling Promotion
ZshDHBFmkqU,Jangan salah pilih kotak😅,beres2 rumah nyepin pas dengar suaranya behhhhhh garang kaliii suara petirnya hahaha makasih ya JPTOGEL77,Online Gambling Promotion
ZshDHBFmkqU,Jangan salah pilih kotak😅,Kalo gak coba nggak Rezaki bis ja J P T O G E L 77,Resoki tidak akan mencoba J P T O G E L 77, No Online Gambling Promotion
ZshDHBFmkqU,Jangan salah pilih kotak😅,rngkad sempet putus asa sih main dapet referensi anak komunitas main JPTOGEL77 behhh semangat gw membara banget coy ngasi u google aja JPTOGEL77,No Online Gambling Prom
ZshDHBFmkqU,Jangan salah pilih kotak😅,asik dikasih rezeki makasih bget y jptogel77 kudoakan webbnya bangkit biar kasih sIotter profit wkwk gk ambil pusing main jptogel77 bang siap2 WD aja pokoknya,ERROR
ZshDHBFmkqU,Jangan salah pilih kotak😅,bener teman situs emng keren banget laaabaru dep aja udah dapet menang jptogel77,Online Gambling Promotion
ZshDHBFmkqU,Jangan salah pilih kotak😅,member JPTOGEL77 Udah kasih maxwin gila sih situs asli ga salah cobaain situs JPTOGEL77 member setia,Online Gambling Promotion
ZshDHBFmkqU,Jangan salah pilih kotak😅,Tiap bingung cari cuan gk sengaja nemu s1tus jptogel77 iseng nyoba main eh kasih Jepe tipis2 cuan setia main jptogel77,Online Gambling Promotion
ZshDHBFmkqU,Jangan salah pilih kotak😅,edan web JPTOGEL77 gk bangkrut web nya kasih jepe gua udh 5 main kasih jepe mulu Kelen wajib main web J P TO G E L 7 7 si wak,Online Gambling Promotion
ZshDHBFmkqU,Jangan salah pilih kotak😅,setia bro main J P TO G E L 7 7 udah ratusan situs bandingin tetep enak JPTOGEL77,Online Gambling Promotion
ZshDHBFmkqU,Jangan salah pilih kotak😅,hati nemu web JPTOGEL77 berlega hati sehabis bermain kali selisih gw segini brayyy nangis saking senengnya,Online Gambling Promotion
ZshDHBFmkqU,Jangan salah pilih kotak😅,Pantesan aja teman sibuk ngajakin main JPTOGEL77 benaran tokcer bgt main langsung cair malam lumayan traktir teman2,Online Gambling Promotion
ZshDHBFmkqU,Jangan salah pilih kotak😅,Penasaran cerita orang orang menang JPTOGEL77 coba langsung dapet rezeki,cobakan langsung daftar dan dapatkan rezeki, Online Gambling Promotion
ZshDHBFmkqU,Jangan salah pilih kotak😅,udah gw coba bro bagus main jptogel77 patut dibanggakan profitnya,bro bagus main slot jptogel77 patut dibanggakan profitnya, Online Gambling Promotion
ZshDHBFmkqU,Jangan salah pilih kotak😅,aja bro gw main jptogel77 bener ngasih menang ga kyk situs nyedot,saya main judi slot jptogel77 benar ngasih menang, Online Gambling Promotion
ZshDHBFmkqU,Jangan salah pilih kotak😅,J P TO G E L 7 7 ngan ukur Duit ngalir permainan seru ora aya istirahatna Layanan oke banget abdi recom duh euy,No Online Gambling Promotion
ZshDHBFmkqU,Jangan salah pilih kotak😅,JPTOGEL77 cba maen jekpot gede,Online Gambling Promotion
ZshDHBFmkqU,Jangan salah pilih kotak😅,gapernah gw temui situs gampang menang JPTOGEL77,Online Gambling Promotion
ZshDHBFmkqU,Jangan salah pilih kotak😅,Dari sekian ling coba cman webb jptogel77 yg bikin betah bagus webbnya kasih maxwn gak takut jptogel77,webnya kasih maxwin, Online Gambling Promotion
ZshDHBFmkqU,Jangan salah pilih kotak😅,provider game terbaik JPTOGEL77 salah milih webb perkalin serinng turun modal receh kasih wd main terbaik ni webb,Online Gambling Promotion
ZshDHBFmkqU,Jangan salah pilih kotak😅,intinya bermainlah sabar barbar kemenenangan sabar wkwk hiburan jadiin mata pencaharian gw main JPTOGEL77,Online Gambling Promotion
ZshDHBFmkqU,Jangan salah pilih kotak😅,ga cari untung menang segiini aja udah bersyukur banger gua game jptogel77 aja narik udah langsung masuk duit 2 menit aja,sudah bersyukur bangga gua game jptogel77 aja, narik udah langsung masuk duit 2 menit aja, Online Gambling Promotion
ZshDHBFmkqU,Jangan salah pilih kotak😅,Ini keren kak main J P T O G E L 77 kasi JP kak Nga sangka sih dapet seginiuntung aja Temen nyaranin Server Luar ngerasain MAXWIN,Online Gambling Promotion
ZshDHBFmkqU,Jangan salah pilih kotak😅,asyik abang J P TO G E L 7 7 anjir terkejut kasih kemenangan kali menciptakan pas meleset,No Online Gambling Promotion
ZshDHBFmkqU,Jangan salah pilih kotak😅,seru bang JPTOGEL77 Alhamdulillah pensaran ku terjawabkan mampir disni JPTOGEL77 jamin H0k1,Online Gambling Promotion
ZshDHBFmkqU,Jangan salah pilih kotak😅,Slide FB turun turun isinya J P TO G E L 7 7 Penasaran cobain depo main bentar aja Ehhh MAXWINNN,Online Gambling Promotion
ZshDHBFmkqU,Jangan salah pilih kotak😅,mantap gua cobain gampang dapatin sketernya Udh gitu dapatin sketer isinya tau nama nya nih coba cari google Mandalika 77 dijiamin nagih,gua cobain gampang dapatin sketernya udh gitu dapatin sketer isinya tau nama nya nih, coba cari Google Mandalika 77 dijamin nagih, Online Gambling Promotion
ZshDHBFmkqU,Jangan salah pilih kotak😅,mantap main udah dikasih menang aja JPTOGEL77 modal receh wd haha,sudah didi kasih menang jptogel77 modal rezeki wadah haha, Online Gambling Promotion
ZshDHBFmkqU,Jangan salah pilih kotak😅,gua udah 5tahun main jptogel77 jangka profit gw ratusan juta bro emang beda web abal2,Online Gambling Promotion
ZshDHBFmkqU,Jangan salah pilih kotak😅,1210 Jangan tunggu Modal bareng JPTOGEL77,Online Gambling Promotion
ZshDHBFmkqU,Jangan salah pilih kotak😅,Modal 60 ribu maxwin segini brooo emang mantap nge disitus search google namanya MLNDALIKL77,No Online Gambling Promotion
ZshDHBFmkqU,Jangan salah pilih kotak😅,u abis gak duitnya gara2 kalah pindah nih bagusnya u google J P TO G E L 7 7 aja betahh deh,Online Gambling Promotion
ZshDHBFmkqU,Jangan salah pilih kotak😅,Rezeki J P TO G E L 7 7 sungguh tiada tara nilainya terima kasih ya Allah berkat Mu,terima kasih ya Allah berkat Mu, No Online Gambling Promotion
ZshDHBFmkqU,Jangan salah pilih kotak😅,bersyukur banget gw main situs Mandalika tujuhtujuh udah lunasin utang grgr main situs situs bener edan bro gampang menang,No Online Gambling Promotion
ZshDHBFmkqU,Jangan salah pilih kotak😅,JPTOGEL77 gua suka banget main mudah menangnya,Online Gambling Promotion
ZshDHBFmkqU,Jangan salah pilih kotak😅,modal halus jp paus J P TO G E L 7 7 untung gw kasi tau sodara gak sih gw masi maen sedot wc makasih J P TO G E L 7 7 jajannya,Online Gambling Promotion
ZshDHBFmkqU,Jangan salah pilih kotak😅,edan web JPTOGEL77 gk bangkrut web nya kasih jepe gua udh 5 main kasih jepe mulu Kelen wajib main web JPTOGEL77 si wak,udah 5 main kasih jepe mulu Kelen wajib main website JPTOGEL77 si wak, Online Gambling Promotion
ZshDHBFmkqU,Jangan salah pilih kotak😅,Trending 1 euy JPTOGEL77,No Online Gambling Promotion
ZshDHBFmkqU,Jangan salah pilih kotak😅,nyari2 uang rokok dikasih uang jajan seminggu hahaha emng terbaik nih jptogel77,No Online Gambling Promotion
ZshDHBFmkqU,Jangan salah pilih kotak😅,Slide FB turun turun isinya jptogel77 Penasaran cobain depo main bentar aja Ehhh MAXWINNN,penasaran cobain depo main bentar aja ehhh maxwinnn, Online Gambling Promotion
ZshDHBFmkqU,Jangan salah pilih kotak😅,u abis gak duitnya gara2 kalah pindah nih bagusnya u google J P TO G E L 7 7 aja betahh deh,u google j ptogel 7 7 aja betahh deh, Online Gambling Promotion
ZshDHBFmkqU,Jangan salah pilih kotak😅,jam segini main kakek jptogel77 bikin nagih lurr scatter nya gampang turun sketer perkalian nya konek,Online Gambling Promotion
ZshDHBFmkqU,Jangan salah pilih kotak😅,Alhamdulillah rezeki lancar jaya berkat J P T O G E L 77,Online Gambling Promotion
ZshDHBFmkqU,Jangan salah pilih kotak😅,Modal receh hasil lumer mantap kali JPTOGEL77 sensasi maxwln berulang brooo kali nemu web seqacor chek langsung deh webbnya dp wd gesit prosesnya,Online Gambling Promotion
ZshDHBFmkqU,Jangan salah pilih kotak😅,jptogel77 tempatnya jagoan judi lu nggak main belajar pro,tidak main belajar pro, Online Gambling Promotion
ZshDHBFmkqU,Jangan salah pilih kotak😅,SUPER MANTAP INI LINKTERBAIK PALING MANTAP DENGAN RTP DI ATAS 98WINRATE MEMBER BARU 99 BAGUS BANGET SEMOGA AJA BISA NULAR SAMA PELAYER LAINCARI DI GOOGLE J P TO G E L 7 7,ERROR
ZshDHBFmkqU,Jangan salah pilih kotak😅,Haadiir Mas JPTOGEL77,Online Gambling Promotion
ZshDHBFmkqU,Jangan salah pilih kotak😅,coba coba maen server thailand kasi tau sodara eh gile saldo nambah mulu awlkwkwkkw cari google JPTOGEL77,kasi tau saudara eh gile saldo naambah mulu awlkwkwkkw cari Google JPTOGEL77, Online Gambling Promotion
ZshDHBFmkqU,Jangan salah pilih kotak😅,gapernah gw temui situs gampang menang Mandalika tujuhtujuh,Online Gambling Promotion
ZshDHBFmkqU,Jangan salah pilih kotak😅,Saran ane main JPTOGEL77 gak pelit link nya gw mmber barusan main auto lgsung maxwin pdhal modal receh doang,ga perlu linknya, saya akan masuk otomatis ke maxwin dengan modal kecil sekarang , Online Gambling Promotion
ZshDHBFmkqU,Jangan salah pilih kotak😅,nyelot gak ribet MANTAB jptogel77gak rugi kalo main main WD gak sampe maxwin modal gw 2x lipat gas,Online Gambling Promotion
ZshDHBFmkqU,Jangan salah pilih kotak😅,Ternyata bgt dibilang teman gue main JPTOGEL77 gampang bgt dapetin maxwin member positif WD,Online Gambling Promotion
ZshDHBFmkqU,Jangan salah pilih kotak😅,Ini keren kak main jptogel77 kasi JP kak Nga sangka sih dapet seginiuntung aja Temen nyaranin Server Luar ngerasain MAXWIN,Online Gambling Promotion
ZshDHBFmkqU,Jangan salah pilih kotak😅,Cuan gila gilaan J P TO G E L 7 7,No Online Gambling Promotion
ZshDHBFmkqU,Jangan salah pilih kotak😅,bersyukur gw ga ketipu janji manis situs emang real gampang JP cuman jptogel77,Online Gambling Promotion
ZshDHBFmkqU,Jangan salah pilih kotak😅,gampang banget situs jptogel77 turun perkalian nya member betah main main jptogel77 aja rungkat ya bro,Online Gambling Promotion
ZshDHBFmkqU,Jangan salah pilih kotak😅,Saya mimpi bos J P T O G E L 77,No Online Gambling Promotion
ZshDHBFmkqU,Jangan salah pilih kotak😅,modal recehpun wd J P TO G E L 7 7 benar2 profit hasil main bermain main bermain sukses jutaan mantap webnya,Online Gambling Promotion
ZshDHBFmkqU,Jangan salah pilih kotak😅,banget JPTOGEL77 cuan banget web nya gk depo gede2 depo receh kasih maxwin coba gan,tidak depot besar atau sedikit, deposit yang diperlukan sangat rendah, maxwin coba juga, Online Gambling Promotion
ZshDHBFmkqU,Jangan salah pilih kotak😅,0242 bsa gtu wkwkwkw jptogel77,Online Gambling Promotion
ZshDHBFmkqU,Jangan salah pilih kotak😅,main jptogel77 bro enak banget gampang jp,Online Gambling Promotion
ZshDHBFmkqU,Jangan salah pilih kotak😅,udah kali gue main J P TO G E L 7 7 wd meluncur aman bonus slalu,wadah meluncur aman bonus selalu, Online Gambling Promotion
ZshDHBFmkqU,Jangan salah pilih kotak😅,JPTOGEL77 main dikit saldo langsung byk,Online Gambling Promotion
ZshDHBFmkqU,Jangan salah pilih kotak😅,server2 emang royal mesin nya lokal semalem gw maen jptogel77 menang gua wkkw google bro,Online Gambling Promotion
ZshDHBFmkqU,Jangan salah pilih kotak😅,sobat jptogel77 emang patut banggakan situs beneran gampang JP,Online Gambling Promotion
ZshDHBFmkqU,Jangan salah pilih kotak😅,jptogel77Terpopuler masakini,Online Gambling Promotion
ZshDHBFmkqU,Jangan salah pilih kotak😅,coba cari JPTOGEL77 Mantap bosku makasih uda kasih saran main situs wd ku allhamdulliah lancar main,Makasih udah kasih saran main situs wd ku. Allhamdullah lancar main, No Online Gambling Promotion
ZshDHBFmkqU,Jangan salah pilih kotak😅,situs bagus rate kemenangan dibanding JPTOGEL77 situs panutan gw,Online Gambling Promotion
ZshDHBFmkqU,Jangan salah pilih kotak😅,ga nyesel emang maen JPTOGEL77 enak bgt scatternya scaternya berisi manteplah JPTOGEL77,Online Gambling Promotion
ZshDHBFmkqU,Jangan salah pilih kotak😅,Gak nyangka menang J P T O G E L 77 serasa mimpi siang bolong,No Online Gambling Promotion
ZshDHBFmkqU,Jangan salah pilih kotak😅,JPTOGEL77 cba jepe gede lngsg,Online Gambling Promotion
ZshDHBFmkqU,Jangan salah pilih kotak😅,menang gak dibayar nih langgana gua aja bro JPTOGEL77 mantap deh gw u main tenang hp bunyi mulu wkkw,No Online Gambling Promotion
ZshDHBFmkqU,Jangan salah pilih kotak😅,hati nemu web J P TO G E L 7 7 berlega hati sehabis bermain kali selisih gw segini brayyy nangis saking senengnya,Online Gambling Promotion
ZshDHBFmkqU,Jangan salah pilih kotak😅,sobat jptogel77 emang patut banggakan situs beneran gampang JP,Online Gambling Promotion
ZshDHBFmkqU,Jangan salah pilih kotak😅,rngkad sempet putus asa sih main dapet referensi anak komunitas main JPTOGEL77 behhh semangat gw membara banget coy ngasi u google aja J P TO G E L 7 7,Online Gambling
ZshDHBFmkqU,Jangan salah pilih kotak😅,bersandar teras rumah sembari ngopi bermain permainan nyelot J P TO G E L 7 7 nikmat sekaleh,Online Gambling Promotion
ZshDHBFmkqU,Jangan salah pilih kotak😅,hidup gw enak brp main JPTOGEL77 nih situs rekomen gw bro,Online Gambling Promotion
ZshDHBFmkqU,Jangan salah pilih kotak😅,adminnya nyaman Bener2 hoki main JPTOGEL77 proses depo cepat mantap Livechat fast respon gak pindah web deh udah betah main,Online Gambling Promotion
ZshDHBFmkqU,Jangan salah pilih kotak😅,bersandar teras rumah sembari ngopi bermain permainan nyelot jptogel77 nikmat sekaleh,Online Gambling Promotion
ZshDHBFmkqU,Jangan salah pilih kotak😅,SUPER MANTAP INI LINKTERBAIK PALING MANTAP DENGAN RTP DI ATAS 98WINRATE MEMBER BARU 99 BAGUS BANGET SEMOGA AJA BISA NULAR SAMA PELAYER LAINCARI DI GOOGLE JPTOGEL77,ERROR
ZshDHBFmkqU,Jangan salah pilih kotak😅,temen nyaranin bermain J P TO G E L 7 7 asian ngikutin saran temen wd,No Online Gambling Promotion
ZshDHBFmkqU,Jangan salah pilih kotak😅,JPTOGEL77 WEDEY gede cma maen bentar,Online Gambling Promotion
ZshDHBFmkqU,Jangan salah pilih kotak😅,main JPTOGEL77 aman2 jaya aja yah gua dikasi proses nariknya cepet maju bosku,Online Gambling Promotion
ZshDHBFmkqU,Jangan salah pilih kotak😅,menang nya ga banyakyang ga bikin rungkadnaik sikit bukitini buktinya udah menang JPTOGEL77di sambar kake zeusss wkkwkw,buktinyaudahmenangJPTOGEL77disambarkakezeussswkkwkw, Online Gambling Promotion
ZshDHBFmkqU,Jangan salah pilih kotak😅,situs tu kyk J P TO G E L 7 7 kasi wede lancar ga apa2,No Online Gambling Promotion
ZshDHBFmkqU,Jangan salah pilih kotak😅,Coba main brooo member auto manjain web nya nama webnya MLNDALIKL77 nyoba eh nyangkut nih situs cari aja google MLNDALIKL77,brooo member auto manjain web nya nama webnya MLNDALIKL77, nyoba eh nyangkut nih situs cari aja Google MLNDALIKL77, Online Gambling Promotion
ZshDHBFmkqU,Jangan salah pilih kotak😅,main jptogel77 bro enak banget gampang jp,Online Gambling Promotion
ZshDHBFmkqU,Jangan salah pilih kotak😅,orang pilih subsribe like,No Online Gambling Promotion
ZshDHBFmkqU,Jangan salah pilih kotak😅,dikasih pola maxwin merasakan maxwin disitus JPTOGEL77 mantapp gacor banget,Online Gambling Promotion
ZshDHBFmkqU,Jangan salah pilih kotak😅,Makasih bang link gacor nya barusan WD gak lumayan kopi rokok mantap depo WD aman lancar jaya emang enak main JPTOGEL77 bang,Online Gambling Promotion
ZshDHBFmkqU,Jangan salah pilih kotak😅,Asli emang hoki bangett main situs JPTOGEL77 jarang bangett gw main rungkad manjain bangett gw main disni,Online Gambling Promotion
ZshDHBFmkqU,Jangan salah pilih kotak😅,Harapan semoga kedepannya cuan ya situs JPTOGEL77 hati wajib sih main situs,Online Gambling Promotion
ZshDHBFmkqU,Jangan salah pilih kotak😅,nih bray situs gacor inpo tetangga JPTOGEL77 seminggu join kasih JP gede brayy,Online Gambling Promotion
ZshDHBFmkqU,Jangan salah pilih kotak😅,pemula bermain modal saranin main JPTOGEL77 bang udah terjamin wd dibayar gacor,Online Gambling Promotion
ZshDHBFmkqU,Jangan salah pilih kotak😅,Gemetar bang main JPtogel77 kaget kali perkalian x500 langsung turun iseng gila sih ngerasain maxwin cari aja google JPtogel77,cari aja Google JPtogel77, Online Gambling Promotion
ZshDHBFmkqU,Jangan salah pilih kotak😅,Emang terbaik emang termantap terbaik nylot Jptogel77,Online Gambling Promotion
ZshDHBFmkqU,Jangan salah pilih kotak😅,gw kasi kisi2 lembut sikit bermain la jptogel77 anak nih brani kasi wr tinggi2 wkwkwkwk gas kapok,Online Gambling Promotion
ZshDHBFmkqU,Jangan salah pilih kotak😅,SUPER SEKALI JPTOGEL77 MANTAP,Online Gambling Promotion
ZshDHBFmkqU,Jangan salah pilih kotak😅,Gak kecewa main JPTOGEL77 slt on fire,Online Gambling Promotion
ZshDHBFmkqU,Jangan salah pilih kotak😅,jptogel77 SUPERRRRRR bosku gacor melayang,Online Gambling Promotion
ZshDHBFmkqU,Jangan salah pilih kotak😅,Saya depo barusan 3x wdnya 7 kali Jptogel77,Online Gambling Promotion
ZshDHBFmkqU,Jangan salah pilih kotak😅,Niat mo ngabesin sisa saldo JPTOGEL77 d kasih maxwin emng the best gak bikin kecewa si mantap BO gacor kali zeus nya bukain mesin perkalian JPTOGEL77,gak bikin kecewa si mantap BO gacor kali zeus nya buka mesin perkalian JPTOGEL7
ZshDHBFmkqU,Jangan salah pilih kotak😅,iseng coba jptogel77 bnrn JP wkwkwkwk keren,Online Gambling Promotion
ZshDHBFmkqU,Jangan salah pilih kotak😅,dah lu mendingan kek gw aja main Gaskeun JPTOGEL77 aman tentram wd,Online Gambling Promotion
ZshDHBFmkqU,Jangan salah pilih kotak😅,aja gw coba jptogel77 semalam lumayan dpt 2jt,Online Gambling Promotion
ZshDHBFmkqU,Jangan salah pilih kotak😅,Cukup bagus bagus kali depo 30k dikasi wd 400 lumayan sensasi petir merah JPTOGEL77 cobain dah nihh,Online Gambling Promotion
ZshDHBFmkqU,Jangan salah pilih kotak😅,Habis kesamber petirnya kakek main JPTOGEL77 scatternya gilagilaanputarannya bagus mantap kali main bang,Online Gambling Promotion
ZshDHBFmkqU,Jangan salah pilih kotak😅,Capek bgt nemuin jptogel77 trs,Online Gambling Promotion
ZshDHBFmkqU,Jangan salah pilih kotak😅,ga bikin kecewa kalo main JPTOGEL77 game nya bagusmpuatarannya bonuss mantap betull la,puataranannya bonuss mantap betul, Online Gambling Promotion
ZshDHBFmkqU,Jangan salah pilih kotak😅,lumayan menang 700rb JPTOGEL77 cuman depo 50 doang wkwk cari aja google JPTOGEL77,cari saja Google JPTOGEL77, Online Gambling Promotion
ZshDHBFmkqU,Jangan salah pilih kotak😅,SETINGAN,No Online Gambling Promotion
ZshDHBFmkqU,Jangan salah pilih kotak😅,g prnah bosan gua main jptogel77 situs nya ga pelit kya situs2 nya main g lngsng ksh wd,Online Gambling Promotion
ZshDHBFmkqU,Jangan salah pilih kotak😅,situs JPTOGEL77 bro gak makan orang mala kasih uang main disni makasi la uda recomen,bro gak makan orang mala kasih uang main disini makasi la uda recomend, Online Gambling Promotion
ZshDHBFmkqU,Jangan salah pilih kotak😅,gw gw JP jptogel77 sekebon ni manusia,Online Gambling Promotion
ZshDHBFmkqU,Jangan salah pilih kotak😅,makasihh bangeett temeenkuu udah kasih rekomend web JPtogel77 ga rungkad web sebela,udah kasih rekomendasi website JPtogel77 ga rungkad website sebela, Online Gambling Promotion
ZshDHBFmkqU,Jangan salah pilih kotak😅,oke mantap Jptogel77 udah wd ya otw mabar teman jg,udah withdraw ya otw mabar teman juga, Online Gambling Promotion
ZshDHBFmkqU,Jangan salah pilih kotak😅,nyesel bener maen jptogel77 depo receh wd berkali2 kalo dr ud kebeli tuh vespa matic wekekek HAHAHHAHA,Online Gambling Promotion
ZshDHBFmkqU,Jangan salah pilih kotak😅,main jptogel77 udah gw rasakan mmg gacor,Online Gambling Promotion
ZshDHBFmkqU,Jangan salah pilih kotak😅,JPTOGEL77 emang juara kepuasan bermain Cuan mengalir,Online Gambling Promotion
ZshDHBFmkqU,Jangan salah pilih kotak😅,Ngelag Enggak WD JALAN TERUS Jptogel77 emang top,Online Gambling Promotion
ZshDHBFmkqU,Jangan salah pilih kotak😅,JPTOGEL77 makasi uda ngasih keren pokoknya JPTOGEL77 sesuai pnya isi nya,Online Gambling Promotion
ZshDHBFmkqU,Jangan salah pilih kotak😅,SUPER MANTAPrasakan SENSASIONAL PGSOFT OLYMPUS SAMA PRINCES Lainnya JPTOGEL77,Online Gambling Promotion
ZshDHBFmkqU,Jangan salah pilih kotak😅,temen nyaranin bermain jptogel77 asian ngikutin saran temen wd,Online Gambling Promotion
ZshDHBFmkqU,Jangan salah pilih kotak😅,khawatir Hal orang pikirkan pikirkan Hal dirimu JPTOGEL77 gk percaya sih cocok buktiin memanglah website gacornya,gak percaya sih cocok buktiin memanglah website gacornya, No Online Gambling Promotion
ZshDHBFmkqU,Jangan salah pilih kotak😅,diberkahi kakek zeus nikmat ampun JPTOGEL77 toppppp,Online Gambling Promotion
ZshDHBFmkqU,Jangan salah pilih kotak😅,lumayan menang 700rb JPTOGEL77 cuman depo 50 doang wkwk cari aja google JPTOGEL77,cari saja Google JPTOGEL77, Online Gambling Promotion
ZshDHBFmkqU,Jangan salah pilih kotak😅,gw rungkad mandalika77 wkwkwkw tmn gw yg JP jptogel77,Online Gambling Promotion
ZshDHBFmkqU,Jangan salah pilih kotak😅,Sudah situs yg ikuti satupun berhasil membuktikan kecuali JptogeI77,No Online Gambling Promotion
ZshDHBFmkqU,Jangan salah pilih kotak😅,nya ketemu situs JPTOGEL77 JP coba dh lu gua aj kasih member,Online Gambling Promotion
ZshDHBFmkqU,Jangan salah pilih kotak😅,Saran coba JPTOGEL77 bg link nya gak pelit tu mmber uda psti dikasih JP tmn gw jga mawin disitu,tu mungkin udah pusti dikasih JP tmn gw juga mauwin disitu, Online Gambling Promotion
ZshDHBFmkqU,Jangan salah pilih kotak😅,jptogel77 MAKASIH BNRN ASIK JP AJA,Online Gambling Promotion
ZshDHBFmkqU,Jangan salah pilih kotak😅,oke jptogel77 gas gas gas,Online Gambling Promotion
ZshDHBFmkqU,Jangan salah pilih kotak😅,Keren euyy jptogel77,Online Gambling Promotion
ZshDHBFmkqU,Jangan salah pilih kotak😅,Awal sih ragu yah senang main JPTOGEL77 modal receehh doang lohhh,Online Gambling Promotion
ZshDHBFmkqU,Jangan salah pilih kotak😅,semoga jptogel77 sukses amin,Online Gambling Promotion
ZshDHBFmkqU,Jangan salah pilih kotak😅,SUPER MANTAP SITUS JPTOGEL77 GAMPANG MENANGNYA,Online Gambling Promotion
ZshDHBFmkqU,Jangan salah pilih kotak😅,sipaling ADA Di mana2 cok jptogel77 hduh,Online Gambling Promotion
ZshDHBFmkqU,Jangan salah pilih kotak😅,keren jptogel77 gampang kasih maxwin,Online Gambling Promotion
ZshDHBFmkqU,Jangan salah pilih kotak😅,Akhirnya ngerasain nama nya maxwinemang mantap situs terpercaya JPTOGEL77 mayan buatk modal nongkrong temen temen broo,situs terpercaya JPTOGEL77 mayan buatk modal nongkrong temen temen broo, Online Gambling Promotion
ZshDHBFmkqU,Jangan salah pilih kotak😅,anjir jptogel77 situs kesukaan teman gw,Online Gambling Promotion
ZshDHBFmkqU,Jangan salah pilih kotak😅,kacau masbrayitungan nya gak melencengtidak merugikan memberselalu memperkaya member JptogeI77,Online Gambling Promotion
ZshDHBFmkqU,Jangan salah pilih kotak😅,Cukup bagus bagus kali depo 30k dikasi wd 400 lumayan sensasi petir merah JPTOGEL77 cobain dah nihh,Online Gambling Promotion
ZshDHBFmkqU,Jangan salah pilih kotak😅,Jangan ragu main JPTOGEL77 kepuasan wd gede Cuan,No Online Gambling Promotion
ZshDHBFmkqU,Jangan salah pilih kotak😅,duduk dudukk ngopii enak nya mainn slt JPTOGEL77,Online Gambling Promotion
ZshDHBFmkqU,Jangan salah pilih kotak😅,serius nanya deh jptogel77,Online Gambling Promotion
ZshDHBFmkqU,Jangan salah pilih kotak😅,kali awak rasain JP 100juta JPTOGEL77,Online Gambling Promotion
ZshDHBFmkqU,Jangan salah pilih kotak😅,Lah gw gamau subscribe,No Online Gambling Promotion
ZshDHBFmkqU,Jangan salah pilih kotak😅,udah ciuuaan deh main JPTOGEL77 ga pindah situs lagikarena situs uadah kksih menang beneran udah nyaman bangetttttttt,Online Gambling Promotion
ZshDHBFmkqU,Jangan salah pilih kotak😅,Mau JptogeI77 terpercaya,Online Gambling Promotion
ZshDHBFmkqU,Jangan salah pilih kotak😅,pantes rame jptogel77 wkwkwkwkwk,Online Gambling Promotion
ZshDHBFmkqU,Jangan salah pilih kotak😅,GW sampe meledak nih JPTOGEL77 jd 45jt,Online Gambling Promotion
ZshDHBFmkqU,Jangan salah pilih kotak😅,Sudah,ERROR
ZshDHBFmkqU,Jangan salah pilih kotak😅,main JPTOGEL77 coba berkali kali main situs JPTOGEL77 terbukti W3De3 akun ku deh ga nyedot situsnya,Online Gambling Promotion
ZshDHBFmkqU,Jangan salah pilih kotak😅,Jangan tunggu2 deh bang alian coba main JPTOGEL77 asli kegacoran nya parah Buktikan aja main website nya JPTOGEL77,bang Alian coba main JPTOGEL77 asli kegacorannya parah. Buktikan aja main website nya JPTOGEL77, Online Gambling Promotion
ZshDHBFmkqU,Jangan salah pilih kotak😅,Pasti sebelem rekaman udah tau dimana kertas,No Online Gambling Promotion
ZshDHBFmkqU,Jangan salah pilih kotak😅,Berkali kali main Olympus JPTOGEL77 hasilnya mantapp wee semoga ikutin saran Hokinya ya,Online Gambling Promotion
ZshDHBFmkqU,Jangan salah pilih kotak😅,gaji umr uang tambahan mah udah party malming wkwkkwkw makasih JPTOGEL77,No Online Gambling Promotion
ZshDHBFmkqU,Jangan salah pilih kotak😅,udah langsung main JPTOGEL77 bang udah terjamin gacor banget zeusnya wkwkkwwk,Online Gambling Promotion
ZshDHBFmkqU,Jangan salah pilih kotak😅,tmn gw jptogel77 rame bgt tuh situs bre gila,Online Gambling Promotion
ZshDHBFmkqU,Jangan salah pilih kotak😅,member langsung dikasih jajanan meningkat senang bermain jptogel77 sih gk ubah web ni,Online Gambling Promotion
ZshDHBFmkqU,Jangan salah pilih kotak😅,adminnya nyaman Bener2 hoki main J P TO G E L 7 7 proses depo cepat mantap Livechat fast respon gak pindah web deh udah betah main,Online Gambling Promotion
ZshDHBFmkqU,Jangan salah pilih kotak😅,mantap gua cobain gampang dapatin sketernya Udh gitu dapatin sketer isinya tau nama nya nih coba cari google Mandalika 77 dijiamin nagih,udh gitu dapat sketernya itu tau nama nya nih coba cari google Mandalika 77 dijamin nagih, Online Gambling Promotion
ZshDHBFmkqU,Jangan salah pilih kotak😅,Akhirnya menang J P T O G E L 77 dengar cerita orng,Online Gambling Promotion
ZshDHBFmkqU,Jangan salah pilih kotak😅,Memang main jptogel77 untung saran teman menang,Online Gambling Promotion
ZshDHBFmkqU,Jangan salah pilih kotak😅,nyelot gak ribet MANTAB jptogel77gak rugi kalo main main WD gak sampe maxwin modal gw 2x lipat gas,Online Gambling Promotion
ZshDHBFmkqU,Jangan salah pilih kotak😅,Memang main J P TO G E L 7 7 untung saran teman menang,Online Gambling Promotion
ZshDHBFmkqU,Jangan salah pilih kotak😅,TRENDING 1 GILA LOOOO jptogel77,Online Gambling Promotion
ZshDHBFmkqU,Jangan salah pilih kotak😅,percaya ama bro keluarga main JPTOGEL77 banget JP dibanding situs,Online Gambling Promotion
ZshDHBFmkqU,Jangan salah pilih kotak😅,Paling mantap cuman webb JPTOGEL77 member dimanjain kasih cuan,Online Gambling Promotion
ZshDHBFmkqU,Jangan salah pilih kotak😅,kasih uang jg JPTOGEL77 lumayan nongki ngopi with teman teman besok wkwkw,Online Gambling Promotion
ZshDHBFmkqU,Jangan salah pilih kotak😅,Padahal moda tipis aja kasi Maxwin J P TO G E L 7 7 emg hoki bgt lha main disitus scternya gampang turun RTPnya akurat bgt buran cobain main JPTOGEL77,ERROR
ZshDHBFmkqU,Jangan salah pilih kotak😅,gue gak nyangka menang JPTOGEL77 Tempat,No Online Gambling Promotion
ZshDHBFmkqU,Jangan salah pilih kotak😅,Mumpung gacornya gaskan aja bos J P T O G E L 77,Online Gambling Promotion
ZshDHBFmkqU,Jangan salah pilih kotak😅,webb JPTOGEL77 ga kalah seru ya disni cair trus dr web JPTOGEL77 gokil mantap la jajan,Online Gambling Promotion
ZshDHBFmkqU,Jangan salah pilih kotak😅,Waduh menang gue SCBD belanja pake duit kemenangan J P TO G E L 7 7 uang trakhirnemu situs barualhamdulilah d ksih jepe ngab,No Online Gambling Promotion
ZshDHBFmkqU,Jangan salah pilih kotak😅,Paling mantap cuman webb JPTOGEL77 member dimanjain kasih cuan,Online Gambling Promotion
ZshDHBFmkqU,Jangan salah pilih kotak😅,hidup gw enak brp main jptogel77 nih situs rekomen gw bro,Online Gambling Promotion
ZshDHBFmkqU,Jangan salah pilih kotak😅,percaya ama bro keluarga main jptogel77 banget JP dibanding situs,JP dibanding situs, Online Gambling Promotion
ZshDHBFmkqU,Jangan salah pilih kotak😅,JPTOGEL77 tampil fitur,No Online Gambling Promotion
ZshDHBFmkqU,Jangan salah pilih kotak😅,server2 emang royal mesin nya lokal semalem gw maen J P TO G E L 7 7 menang gua wkkw google bro,Online Gambling Promotion
ZshDHBFmkqU,Jangan salah pilih kotak😅,Saran ane main jptogel77 gak pelit link nya gw mmber barusan main auto lgsung maxwin pdhal modal receh doang,ga perlu linknya, gw mau main otomatis langsung maxwin pada modal rezeki doang, Online Gambling Promotion
ZshDHBFmkqU,Jangan salah pilih kotak😅,jptogel77Terpopuler masakini,Online Gambling Promotion
ZshDHBFmkqU,Jangan salah pilih kotak😅,coba coba maen server thailand kasi tau sodara eh gile saldo nambah mulu awlkwkwkkw cari google J P T O G E L 77,No Online Gambling Promotion
ZshDHBFmkqU,Jangan salah pilih kotak😅,JPTOGEL77 WEDEY gede cma maen bentar,Online Gambling Promotion
ZshDHBFmkqU,Jangan salah pilih kotak😅,Modal receh hasil lumer mantap kali JPTOGEL77 sensasi maxwn berulang brooo kali nemu web seqacor chek langsung deh webbnya dp wd gesit prosesnya,Online Gambling Promotion
ZshDHBFmkqU,Jangan salah pilih kotak😅,beraniin bUAt dposit situs jptogel77 modal cekakdan negrasaain sensational nya ga rungkad main situs,Online Gambling Promotion
ZshDHBFmkqU,Jangan salah pilih kotak😅,nyari2 uang rokok dikasih uang jajan seminggu hahaha emng terbaik nih jptogel77,No Online Gambling Promotion
ZshDHBFmkqU,Jangan salah pilih kotak😅,ga nyarnin server abal abal dahgua udah tau main cari aja JPTOGEL77 ngab terbaikk situs sih teman wede coba deh ngab lumayan nambah2 isi dompet,Online Gambling Promotion
ZshDHBFmkqU,Jangan salah pilih kotak😅,udah gw coba bro bagus main jptogel77 patut dibanggakan profitnya,Online Gambling Promotion
ZshDHBFmkqU,Jangan salah pilih kotak😅,Dari sekian ling coba cman webb jptogel77 yg bikin betah bagus webbnya kasih maxwn gak takut jptogel77,webnya kasih maxwin, Online Gambling Promotion
ZshDHBFmkqU,Jangan salah pilih kotak😅,1012 JPTOGEL77 emang juara rezeki gak abisnya,Online Gambling Promotion
ZshDHBFmkqU,Jangan salah pilih kotak😅,JPTOGEL77 gua bru maen bentar lngsg jepe,No Online Gambling Promotion
ZshDHBFmkqU,Jangan salah pilih kotak😅,JPTOGEL77 terpopuler masakini,Online Gambling Promotion
ZshDHBFmkqU,Jangan salah pilih kotak😅,tengkiu bosku kasi teman2 setongkrongan traktiran makan minum bagus mudah mudahan meningkat berhasil J P TO G E L 7 7,No Online Gambling Promotion
ZshDHBFmkqU,Jangan salah pilih kotak😅,udah gw coba bro bagus main JPTOGEL77 patut dibanggakan profitnya,bagus main JPTOGEL77, patut dibanggakan profitnya, Online Gambling Promotion
ZshDHBFmkqU,Jangan salah pilih kotak😅,0535 JPTOGEL77 ngadu nasib wkwkw,Online Gambling Promotion
ZshDHBFmkqU,Jangan salah pilih kotak😅,bersandar teras rumah sembari ngopi bermain permainan nyelot jptogel77 nikmat sekaleh,Online Gambling Promotion
ZshDHBFmkqU,Jangan salah pilih kotak😅,udah kali gue main jptogel77 wd meluncur aman bonus slalu,Online Gambling Promotion
ZshDHBFmkqU,Jangan salah pilih kotak😅,gw aja main jptogel77 x100 kuy mabar biar cuan bang sore mantappp rekomend banget pokok nya situs broo,Online Gambling Promotion
ZshDHBFmkqU,Jangan salah pilih kotak😅,mantap gua cobain gampang dapatin sketernya Udh gitu dapatin sketer isinya tau nama nya nih coba cari google JPTOGEL77 dijiamin nagih,gua cobain gampang dapat sketernya udh gitu dapat sketer isinya tau nama nya nih, coba cari Google JPTOGEL77, Online Gambling Promotion
ZshDHBFmkqU,Jangan salah pilih kotak😅,lama2 bangkrut ni bossnya jptogel77 profit trus main kemaren wkkwkw,Online Gambling Promotion
ZshDHBFmkqU,Jangan salah pilih kotak😅,mantap bro jp JPTOGEL77 aja udah makasih udah kasih kemenangan,udah makasih, udah kasih kemenangan, Online Gambling Promotion
ZshDHBFmkqU,Jangan salah pilih kotak😅,Modal receh hasil lumer mantap kali JPTOGEL77 sensasi maxwln berulang brooo kali nemu web seqacor chek langsung deh webbnya dp wd gesit prosesnya,Online Gambling Promotion
ZshDHBFmkqU,Jangan salah pilih kotak😅,J P TO G E L 7 7 auto win,Online Gambling Promotion
ZshDHBFmkqU,Jangan salah pilih kotak😅,gw aja main JPTOGEL77 x100 kuy mabar biar cuan bang sore mantappp rekomend banget pokok nya situs broo,Online Gambling Promotion
ZshDHBFmkqU,Jangan salah pilih kotak😅,Modal receh hasil lumer mantap kali JPTOGEL77 sensasi maxwn berulang brooo kali nemu web seqacor chek langsung deh webbnya dp wd gesit prosesnya,Online Gambling Promotion
ZshDHBFmkqU,Jangan salah pilih kotak😅,nih jam segini dikasih JPTOGEL77,Online Gambling Promotion
ZshDHBFmkqU,Jangan salah pilih kotak😅,cobain aja bro main JPTOGEL77 gue coba main langsung dikasih profit,gue coba main langsung diberikan profit, Online Gambling Promotion
ZshDHBFmkqU,Jangan salah pilih kotak😅,mantap main udah dikasih menang aja JPTOGEL77 modal receh wd haha,sudah diberi menang jptogel77 modal rezeki wadah haha, Online Gambling Promotion
ZshDHBFmkqU,Jangan salah pilih kotak😅,Kalo gak coba nggak Rezaki bis ja J P T O G E L 77,Resoki tidak akan mencoba J P T O G E L 77, No Online Gambling Promotion
ZshDHBFmkqU,Jangan salah pilih kotak😅,TRENDING 1 GILAA MAMEEEN J P T O G E L 77,No Online Gambling Promotion
ZshDHBFmkqU,Jangan salah pilih kotak😅,rngkad sempet putus asa sih main dapet referensi anak komunitas main JPTOGEL77 behhh semangat gw membara banget coy ngasi u google aja J P TO G E L 7 7,Online Gambling
ZshDHBFmkqU,Jangan salah pilih kotak😅,situs tu kyk J P TO G E L 7 7 kasi wede lancar ga apa2,No Online Gambling Promotion
ZshDHBFmkqU,Jangan salah pilih kotak😅,gw kasi kisi2 halus sikit main la JPTOGEL77 anak nih brani kasi wr tinggi2 wkwkwkwk gas biar kapok,brani kasi warna tinggi2 wkwkwkwk gas biar kapok, Online Gambling Promotion
ZshDHBFmkqU,Jangan salah pilih kotak😅,banget JPTOGEL77 cuan banget web nya gk depo gede2 depo receh kasih maxwin coba gan,gak deposit besar, deposit rehat kasih maxwin, coba gan, Online Gambling Promotion
ZshDHBFmkqU,Jangan salah pilih kotak😅,JPTOGEL77 gua maen bentar aja lngsg WEDEY gede,Online Gambling Promotion
ZshDHBFmkqU,Jangan salah pilih kotak😅,Gw cok main kekgini trus gw keinjet berdarah cok,No Online Gambling Promotion
ZshDHBFmkqU,Jangan salah pilih kotak😅,main server emang mantep ga turun naek nih jptogel77,No Online Gambling Promotion
ZshDHBFmkqU,Jangan salah pilih kotak😅,hati nemu web J P TO G E L 7 7 berlega hati sehabis bermain kali selisih gw segini brayyy nangis saking senengnya,Online Gambling Promotion
ZshDHBFmkqU,Jangan salah pilih kotak😅,setia bro main jptogel77 udah ratusan situs bandingin tetep enak jptogel77,Online Gambling Promotion
ZshDHBFmkqU,Jangan salah pilih kotak😅,Mandalika tujuhtujuh bro gw main gak pakai janji palsu bro cuman gw menang,saya mainkan tidak menggunakan janji palsu bro, saya hanya menang, Online Gambling Promotion
ZshDHBFmkqU,Jangan salah pilih kotak😅,seru bang JPTOGEL77 Alhamdulillah pensaran ku terjawabkan mampir disni JPTOGEL77 jamin H0k1,Online Gambling Promotion
ZshDHBFmkqU,Jangan salah pilih kotak😅,tetangga gw sore main JPTOGEL77,Online Gambling Promotion
ZshDHBFmkqU,Jangan salah pilih kotak😅,main ni ya wee kasi tau main JPTOGEL77 depsoit gampang wede cepat kuyyy daftar wee jamin gacor,Online Gambling Promotion
ZshDHBFmkqU,Jangan salah pilih kotak😅,main disitus sebelah asik kalah depo semenjak kenal JPtogel77 lunas utang gw bre paten JPtogel77,Online Gambling Promotion
ZshDHBFmkqU,Jangan salah pilih kotak😅,makasih admin sahabat sahabat udah membujuk bermain jptogel77 gacor akut,Online Gambling Promotion
ZshDHBFmkqU,Jangan salah pilih kotak😅,kek jptogel77 gini situs mantap member wajib menang,member wajib menang, Online Gambling Promotion
ZshDHBFmkqU,Jangan salah pilih kotak😅,Tpi Jujur Gua main jptogel77 sih emg gg lgsg wede,Online Gambling Promotion
ZshDHBFmkqU,Jangan salah pilih kotak😅,Kakak wedein sketer s1tusnya JPTOGEL77 max mantapnya id tuh JPTOGEL77 sepele sketer brader,Online Gambling Promotion
ZshDHBFmkqU,Jangan salah pilih kotak😅,tengkiu bosku kasi teman2 setongkrongan traktiran makan minum enak semoga jaya jptogel77,Online Gambling Promotion
ZshDHBFmkqU,Jangan salah pilih kotak😅,Setiap kali menang JPTOGEL77,Online Gambling Promotion
ZshDHBFmkqU,Jangan salah pilih kotak😅,maacihhh abang bos gw ngerasain namanya wede cuannn gedek terbaik bermain web JPTOGEL77,gw ngerasakan namanya weda cuannn gedek terbaik bermain web JPTOGEL77, Online Gambling Promotion
ZshDHBFmkqU,Jangan salah pilih kotak😅,bnyk yg puas jptogel77 emg bnrn gacor ya slotnya ya,Online Gambling Promotion
ZshDHBFmkqU,Jangan salah pilih kotak😅,gimana carahnya daptar JptogeI77 kak,kak, Online Gambling Promotion
ZshDHBFmkqU,Jangan salah pilih kotak😅,Riwayat kalah ku situs sebelah cuman situs JPTOGEL77 penyelamat keuangan ku,No Online Gambling Promotion
ZshDHBFmkqU,Jangan salah pilih kotak😅,selamet alam memprihatinkan wkwk dorongan bermain JPTOGEL77 udah keuntungan game clam enventya astaga mantap memanglah lagak website nya bosskuu,udah keuntungan game clam enventya astaga mantap memanglah lagak website nya bosskuu, Online Gambling Promotion
ZshDHBFmkqU,Jangan salah pilih kotak😅,nikmat main JPTOGEL77 starlight princes ny menaburkan pesona tuh member era rungkad deh cuan harinya,Online Gambling Promotion
ZshDHBFmkqU,Jangan salah pilih kotak😅,nyesel bener maen jptogel77 depo receh wd berkali2 kalo dr ud kebeli tuh vespa matic wekekek HAHAHHAHA,Online Gambling Promotion
ZshDHBFmkqU,Jangan salah pilih kotak😅,adduuh settingan,No Online Gambling Promotion
ZshDHBFmkqU,Jangan salah pilih kotak😅,Luar orang baikberkah semoga rejekix berlipat gandadan slalu kesehatan JPTOGEL77 emang top,kesehatan JPTOGEL77 emang top, Online Gambling Promotion
ZshDHBFmkqU,Jangan salah pilih kotak😅,PG Soft JPTOGEL77 bikin berasa kayak bos cuman situs gw dpt scatter hitam asli bro,Online Gambling Promotion
ZshDHBFmkqU,Jangan salah pilih kotak😅,Ganas slt JPTOGEL77 modal narik sejuta om,Online Gambling Promotion
ZshDHBFmkqU,Jangan salah pilih kotak😅,Wah seru banget Gue gabung JPTOGEL77 langsung gas lingnya Main enak banget cuan,saya gabung JPTOGEL77 langsung, main enak banget cuan, Online Gambling Promotion
ZshDHBFmkqU,Jangan salah pilih kotak😅,mantap bro JP tipis JPTOGEL77 ngakat aja udah lumayan makasih JPTOGEL77 udah kasih menang,Online Gambling Promotion
ZshDHBFmkqU,Jangan salah pilih kotak😅,aduh cowonya kena lego,cowonya kena lega, No Online Gambling Promotion
ZshDHBFmkqU,Jangan salah pilih kotak😅,udah ciuuaan deh main JPTOGEL77 ga pindah situs lagikarena situs uadah kksih menang beneran udah nyaman bangetttttttt,Online Gambling Promotion
ZshDHBFmkqU,Jangan salah pilih kotak😅,Sukses terimakasih wd besarnya JPTOGEL77,Online Gambling Promotion
ZshDHBFmkqU,Jangan salah pilih kotak😅,udah kali gue main JPTOGEL77 wd meluncur aman bonus slalu,wd meluncur aman bonus selalu, Online Gambling Promotion
ZshDHBFmkqU,Jangan salah pilih kotak😅,keren banget jptogel77 kerungkatan bro rasio kemenangannya banget gokil,Online Gambling Promotion
ZshDHBFmkqU,Jangan salah pilih kotak😅,kiraen admin beneran enak jptogel77 asu,Online Gambling Promotion
ZshDHBFmkqU,Jangan salah pilih kotak😅,makasihh bangeett temeenkuu udah kasih rekomend web JPtogel77 ga rungkad web sebela,udah kasih rekomendasi web JPtogel77 ga rungkad website sebela, Online Gambling Promotion
ZshDHBFmkqU,Jangan salah pilih kotak😅,Saran gua si bang player coba JPtogel77 temen gua maxwin main cari aja google JPtogel77,Online Gambling Promotion
ZshDHBFmkqU,Jangan salah pilih kotak😅,makasih Jptogel77 seumur umur kali lihat perkalian merah wd 3 juta modal 60k,Online Gambling Promotion
ZshDHBFmkqU,Jangan salah pilih kotak😅,main JPTOGEL77 coba berkali kali main situs JPTOGEL77 terbukti W3De3 akun ku deh ga nyedot situsnya,Online Gambling Promotion
ZshDHBFmkqU,Jangan salah pilih kotak😅,Muadah mudahan bermanfaat coba JPTOGEL77 real asik mainnya,Online Gambling Promotion
ZshDHBFmkqU,Jangan salah pilih kotak😅,jptogel77 terbaik dah,Online Gambling Promotion
ZshDHBFmkqU,Jangan salah pilih kotak😅,makasih admin sahabat sahabat udah membujuk bermain jptogel77 gacor akut,Online Gambling Promotion
ZshDHBFmkqU,Jangan salah pilih kotak😅,suka bertemu ni link JPTOGEL77 nya udah web coba web ngasih terimakasih,Online Gambling Promotion
ZshDHBFmkqU,Jangan salah pilih kotak😅,main ni ya wee kasi tau main JPTOGEL77 depsoit gampang wede cepat kuyyy daftar wee jamin gacor,Online Gambling Promotion
ZshDHBFmkqU,Jangan salah pilih kotak😅,like doain menang main jptogel77,Online Gambling Promotion
ZshDHBFmkqU,Jangan salah pilih kotak😅,mantap bget ni bree ni situs bagi2 uang JPTOGEL77 rezeki butuh wkwk,Online Gambling Promotion
ZshDHBFmkqU,Jangan salah pilih kotak😅,best jptogel77 beneran gampang menang sl0t nya,Online Gambling Promotion
ZshDHBFmkqU,Jangan salah pilih kotak😅,tengkiu bosku kasi teman2 setongkrongan traktiran makan minum enak semoga jaya jptogel77,Online Gambling Promotion
ZshDHBFmkqU,Jangan salah pilih kotak😅,Kalo nyari gacor JPTOGEL77 jawabannya bree karna gw main disana ksh menang breee cari aja google JPTOGEL77,Online Gambling Promotion
ZshDHBFmkqU,Jangan salah pilih kotak😅,Saran coba JPTOGEL77 bg link nya gak pelit tu mmber uda psti dikasih JP tmn gw jga mawin disitu,tu mungkin udah pasti di kasih JP timun gw juga maxwin disitu, Online Gambling Promotion
ZshDHBFmkqU,Jangan salah pilih kotak😅,nice link bagus jptogel77,Online Gambling Promotion
ZshDHBFmkqU,Jangan salah pilih kotak😅,ga bikin kecewa kalo main JPTOGEL77 game nya bagusmpuatarannya bonuss mantap betull la,puataranannya bonuss mantap betul, Online Gambling Promotion
ZshDHBFmkqU,Jangan salah pilih kotak😅,situs JPTOGEL77 bro gak makan orang mala kasih uang main disni makasi la uda recomen,bro gak makan orang mala kasih uang main disini makasi la uda recomend, Online Gambling Promotion
ZshDHBFmkqU,Jangan salah pilih kotak😅,iseng iseng ajak doi main jptogel77 kaget ngeliat petirnya kek wkwk,Online Gambling Promotion
ZshDHBFmkqU,Jangan salah pilih kotak😅,Setingan unsub,No Online Gambling Promotion
ZshDHBFmkqU,Jangan salah pilih kotak😅,khawatir Hal orang pikirkan pikirkan Hal dirimu JPTOGEL77 gk percaya sih cocok buktiin memanglah website gacornya,gak percaya sih cocok buktiin memanglah website gacornya, No Online Gambling Promotion
ZshDHBFmkqU,Jangan salah pilih kotak😅,nyari2 link mantul kali ni gw setuju JPTOGEL77 gacor,Online Gambling Promotion
ZshDHBFmkqU,Jangan salah pilih kotak😅,gokilll mantul kali jptogel77 makasih info gacorny kakak,Online Gambling Promotion
ZshDHBFmkqU,Jangan salah pilih kotak😅,pantes kwn nyaman main jptogel77,Online Gambling Promotion
ZshDHBFmkqU,Jangan salah pilih kotak😅,Cara daftarx JPTOGEL77 gmn bos,Online Gambling Promotion
ZshDHBFmkqU,Jangan salah pilih kotak😅,JPTOGEL77 bnrn gacor bre,Online Gambling Promotion
ZshDHBFmkqU,Jangan salah pilih kotak😅,jptogel77 terbaik dah,Online Gambling Promotion
ZshDHBFmkqU,Jangan salah pilih kotak😅,sy main JPtogel77 doang mas ga pindah2 ya kadang loss ya ga sampe beli fortuner karaoke sih lc gw minimal 2 bos hahaha,Online Gambling Promotion
ZshDHBFmkqU,Jangan salah pilih kotak😅,khawatir Hal orang pikirkan pikirkan Hal dirimu JPTOGEL77 gk percaya sih cocok buktiin memanglah website gacornya,kami tidak percaya sih cocok bukti ini memanglah website gacor, No Online Gambling Promotion
ZshDHBFmkqU,Jangan salah pilih kotak😅,Gila ya Jptogel77 dimana ashu terpercaya kagak nih,Online Gambling Promotion
ZshDHBFmkqU,Jangan salah pilih kotak😅,jptogel77 pelunas utang gw cok WKWKWKWK,Online Gambling Promotion
ZshDHBFmkqU,Jangan salah pilih kotak😅,makasih jptogel77 udah ngebuat kemenangan perihal lazim gue,Online Gambling Promotion
ZshDHBFmkqU,Jangan salah pilih kotak😅,suka bertemu ni link JPTOGEL77 nya udah web coba web ngasih terimakasih,web ini sudah coba web, terima kasih, Online Gambling Promotion
ZshDHBFmkqU,Jangan salah pilih kotak😅,Mas suka JP bagusan cobain JPTOGEL77 gua narikk maunya gua rejeki kebagi play JPTOGEL77,Online Gambling Promotion
ZshDHBFmkqU,Jangan salah pilih kotak😅,kalo Jptogel77 yg kasih duit,Online Gambling Promotion
ZshDHBFmkqU,Jangan salah pilih kotak😅,enak banget maxwin nya ngap Cuman situs JPTOGEL77 gw ngerasain indah nya maxwin,Cuman situs JPTOGEL77 gw ngerasain indahnya maxwin, Online Gambling Promotion
ZshDHBFmkqU,Jangan salah pilih kotak😅,sore sore gini nyantai main JPTOGEL77 dikasih maxwin hahaa Mudah maxwin,Online Gambling Promotion
26BvH8U7PHA,Sedih banget.. 😭￼,Yang sabar ya kak wili salim,No Online Gambling Promotion
26BvH8U7PHA,Sedih banget.. 😭￼,Tema Bangkok ku suka nonton anime Barbie,No Online Gambling Promotion
26BvH8U7PHA,Sedih banget.. 😭￼,aja percayanya cantik temanmu,No Online Gambling Promotion
26BvH8U7PHA,Sedih banget.. 😭￼,Wili Salim sabar ya semoga tiktok Abang mudamudahan dibuka langi yg dukong lak,No Online Gambling Promotion
26BvH8U7PHA,Sedih banget.. 😭￼,Semangat,ERROR
26BvH8U7PHA,Sedih banget.. 😭￼,Wili bohong,No Online Gambling Promotion
26BvH8U7PHA,Sedih banget.. 😭￼,kak wili salim sedih percaya,No Online Gambling Promotion
26BvH8U7PHA,Sedih banget.. 😭￼,salah,No Online Gambling Promotion
26BvH8U7PHA,Sedih banget.. 😭￼,Bodoh,ERROR
26BvH8U7PHA,Sedih banget.. 😭￼,Yang sabar kak wili kasi,No Online Gambling Promotion
26BvH8U7PHA,Sedih banget.. 😭￼,Bang wilmei Tipu,No Online Gambling Promotion
26BvH8U7PHA,Sedih banget.. 😭￼,Aku blokir Vidio kemerekakenapa sih kena sialll Mulu sebenernya capek diblokir diblokir tu gk ketik sebenernya tu capek hidup penggen pengengen nangis digituin kemereka jahat kakak ngetik lega kakak like subrek semoga kakak sehat ya aminn terima kasih liat ceritaku GK like gapapa dah tobat,ERROR
26BvH8U7PHA,Sedih banget.. 😭￼,Kawili perca,No Online Gambling Promotion
26BvH8U7PHA,Sedih banget.. 😭￼,kasihanbloh nahan nangis ituloh gapapa kak wili semangat semoga rezeki nya berlimpah amin,No Online Gambling Promotion
26BvH8U7PHA,Sedih banget.. 😭￼,dasar,No Online Gambling Promotion
26BvH8U7PHA,Sedih banget.. 😭￼,KA Wili jaga sedih,No Online Gambling Promotion
26BvH8U7PHA,Sedih banget.. 😭￼,Tiktok maunya perempuan 2 yg sebeng joget2,No Online Gambling Promotion
26BvH8U7PHA,Sedih banget.. 😭￼,Semangat kak willy kontennya semoga sehat,No Online Gambling Promotion
26BvH8U7PHA,Sedih banget.. 😭￼,tik koyok babi,No Online Gambling Promotion
26BvH8U7PHA,Sedih banget.. 😭￼,Kak Willie semangat gapapa kak sedih semangat,No Online Gambling Promotion
26BvH8U7PHA,Sedih banget.. 😭￼,semagat kak wili salim semoga gak blokir,No Online Gambling Promotion
26BvH8U7PHA,Sedih banget.. 😭￼,aalke,No Online Gambling Promotion
26BvH8U7PHA,Sedih banget.. 😭￼,Makanya suka bohong teman teman udh hp 15 jt bagiin udh follow SUBCRIBE anggap pembohong ish ish ish blokir,No Online Gambling Promotion
26BvH8U7PHA,Sedih banget.. 😭￼,Kakak Willi kasian banget,No Online Gambling Promotion
26BvH8U7PHA,Sedih banget.. 😭￼,Davin,ERROR
26BvH8U7PHA,Sedih banget.. 😭￼,Yangsabar yahka akumau subscribe tube,aku mau subscribe tube, No Online Gambling Promotion
26BvH8U7PHA,Sedih banget.. 😭￼,Api,ERROR
26BvH8U7PHA,Sedih banget.. 😭￼,Sabar,No Online Gambling Promotion
26BvH8U7PHA,Sedih banget.. 😭￼,Udah sedih KK percaya ko kk,No Online Gambling Promotion
26BvH8U7PHA,Sedih banget.. 😭￼,Yang sabar ya kak Willy diblokir,No Online Gambling Promotion
26BvH8U7PHA,Sedih banget.. 😭￼,kapok lu wil rasain dibelokir,No Online Gambling Promotion
26BvH8U7PHA,Sedih banget.. 😭￼,Semangat ya kawili Yang dukung kak wili pencet,No Online Gambling Promotion
26BvH8U7PHA,Sedih banget.. 😭￼,Tetap semangat ya KApasti balasan nya yg sabar ya ka,No Online Gambling Promotion
26BvH8U7PHA,Sedih banget.. 😭￼,Ko blokir,No Online Gambling Promotion
26BvH8U7PHA,Sedih banget.. 😭￼,Udah sabar aja TikTok mu yg duplicate kmu yg tumbalnya semngat aja hidup bikin yg,No Online Gambling Promotion
26BvH8U7PHA,Sedih banget.. 😭￼,Semangat,ERROR
26BvH8U7PHA,Sedih banget.. 😭￼,Yang sabar ya ka wil,No Online Gambling Promotion
26BvH8U7PHA,Sedih banget.. 😭￼,Tiktoknya blokir,No Online Gambling Promotion
26BvH8U7PHA,Sedih banget.. 😭￼,Apaan sih aplikasi kecowak berat gua,No Online Gambling Promotion
26BvH8U7PHA,Sedih banget.. 😭￼,Ka sabar ya kak,No Online Gambling Promotion
26BvH8U7PHA,Sedih banget.. 😭￼,Bodo gua blokir gua gak suka lu,ga suka lu, No Online Gambling Promotion
26BvH8U7PHA,Sedih banget.. 😭￼,Gpp sedih kak willi tiktok diblokir tiktokaku sedih tiktok diblokir semangat ka willi,sedih TikTok diblokir semangat karena Willi, No Online Gambling Promotion
26BvH8U7PHA,Sedih banget.. 😭￼,Yang sabar ya,No Online Gambling Promotion
26BvH8U7PHA,Sedih banget.. 😭￼,Hey tiktok renting willy lo kaya membantu orang aja tu beneran,No Online Gambling Promotion
26BvH8U7PHA,Sedih banget.. 😭￼,Wili kumaitu,No Online Gambling Promotion
26BvH8U7PHA,Sedih banget.. 😭￼,tiktok nya blokir,No Online Gambling Promotion
26BvH8U7PHA,Sedih banget.. 😭￼,Maksud ku udah like,ERROR
26BvH8U7PHA,Sedih banget.. 😭￼,Lu boong gua hp,No Online Gambling Promotion
26BvH8U7PHA,Sedih banget.. 😭￼,Makannya teguran Allah,No Online Gambling Promotion
26BvH8U7PHA,Sedih banget.. 😭￼,Dont forget Allah Wiliii,No Online Gambling Promotion
26BvH8U7PHA,Sedih banget.. 😭￼,A kasihan A,No Online Gambling Promotion
26BvH8U7PHA,Sedih banget.. 😭￼,Wah kak Willi kasian banget gak bohong mantuin sabar ya semangat,mantuin sabar ya semangat, No Online Gambling Promotion
26BvH8U7PHA,Sedih banget.. 😭￼,Emng bnyakan bohong nya,No Online Gambling Promotion
26BvH8U7PHA,Sedih banget.. 😭￼,hmmmmmm,No Online Gambling Promotion
26BvH8U7PHA,Sedih banget.. 😭￼,Kak Willy sabar ya,No Online Gambling Promotion
26BvH8U7PHA,Sedih banget.. 😭￼,KA wili sabar ya oh iya hp aypon harga 1000 oh iya alamatnya cimuncang kecamatan Cicantayan kabupaten Sukabumi doain rejekinya lancar,oh iya HP apa harga 1000, oh iya alamatnya Cimuncang, kecamatan Cicantayan, kabupaten Sukabumi. Doain rejekinya lancar, No
26BvH8U7PHA,Sedih banget.. 😭￼,Ksos,No Online Gambling Promotion
26BvH8U7PHA,Sedih banget.. 😭￼,Sabar Ya Bang Wili,No Online Gambling Promotion
26BvH8U7PHA,Sedih banget.. 😭￼,Aku belokir tiktok,No Online Gambling Promotion
26BvH8U7PHA,Sedih banget.. 😭￼,sabar,No Online Gambling Promotion
26BvH8U7PHA,Sedih banget.. 😭￼,Kita Bantai Tiktok Memblokir Secara Sembarang,No Online Gambling Promotion
26BvH8U7PHA,Sedih banget.. 😭￼,Sabar ya kak willli semangat,No Online Gambling Promotion
26BvH8U7PHA,Sedih banget.. 😭￼,kak sabarnya Aku sedih,No Online Gambling Promotion
26BvH8U7PHA,Sedih banget.. 😭￼,Yang sabar ya KK wil,No Online Gambling Promotion
26BvH8U7PHA,Sedih banget.. 😭￼,Wilisalim,No Online Gambling Promotion
26BvH8U7PHA,Sedih banget.. 😭￼,TIKTOK JAHAT,No Online Gambling Promotion
26BvH8U7PHA,Sedih banget.. 😭￼,Foto editan,ERROR
26BvH8U7PHA,Sedih banget.. 😭￼,Kasih ya banget,No Online Gambling Promotion
26BvH8U7PHA,Sedih banget.. 😭￼,Kawili dukung abang,No Online Gambling Promotion
26BvH8U7PHA,Sedih banget.. 😭￼,Hasil kerjaan kakak gak sial sial,No Online Gambling Promotion
26BvH8U7PHA,Sedih banget.. 😭￼,Semangat ya bang dukung abang abang gak bohong butinya loh foto abang tunjukkin vidieo semangat ya bang orang dunia emang gugu sabar ya bang,gak bohong buatnya foto abang tunjukkan video, Semangat ya bang orang dunia emang gugup sabar ya bang, No Online Gambling Promotion
26BvH8U7PHA,Sedih banget.. 😭￼,Aku Uta Kak kupecaka,No Online Gambling Promotion
26BvH8U7PHA,Sedih banget.. 😭￼,Saya HP buka Willy,No Online Gambling Promotion
26BvH8U7PHA,Sedih banget.. 😭￼,Tiktok APUS,No Online Gambling Promotion
26BvH8U7PHA,Sedih banget.. 😭￼,Kwli,ERROR
26BvH8U7PHA,Sedih banget.. 😭￼,Kaka keristen,No Online Gambling Promotion
26BvH8U7PHA,Sedih banget.. 😭￼,Bg wil mintak gk ak lg pingin berangkatin umrah pingin mintak sepeda motor pcx nmx mintak mobil pajero plis bg wol ak udah folow plis bg will,tidak aku lagi peringkat umrah, ingin mintak sepeda motor PCX, ingin mintak mobil Pajero. Saya sudah follow, aku akan mungkin, Online Gambling Promotion
26BvH8U7PHA,Sedih banget.. 😭￼,adam,ERROR
26BvH8U7PHA,Sedih banget.. 😭￼,Kasihan banget kak willy,No Online Gambling Promotion
26BvH8U7PHA,Sedih banget.. 😭￼,Siyapa blokir siyapa kak,No Online Gambling Promotion
26BvH8U7PHA,Sedih banget.. 😭￼,Yah miskin gito,No Online Gambling Promotion
26BvH8U7PHA,Sedih banget.. 😭￼,Kak agama mu Islam kah,No Online Gambling Promotion
26BvH8U7PHA,Sedih banget.. 😭￼,Sabar bang,No Online Gambling Promotion
26BvH8U7PHA,Sedih banget.. 😭￼,Gkpp kak Willie live youtube,No Online Gambling Promotion
26BvH8U7PHA,Sedih banget.. 😭￼,Yang sabar yah KK wili,No Online Gambling Promotion
26BvH8U7PHA,Sedih banget.. 😭￼,Pamerria,No Online Gambling Promotion
26BvH8U7PHA,Sedih banget.. 😭￼,AKUENDAK benci Willy Salim bang,No Online Gambling Promotion
26BvH8U7PHA,Sedih banget.. 😭￼,Sabar banginsya Allah Abang dilindungi Allah SWTamin,No Online Gambling Promotion
26BvH8U7PHA,Sedih banget.. 😭￼,Semangat ya wili,No Online Gambling Promotion
26BvH8U7PHA,Sedih banget.. 😭￼,Yg sabar ya kak wili emg yg nge blokir org ngen kon an asu yg setuju org yg nge blokir ngen like,kak Wili engga yang nghe blokir orang yang ngen kon an asu yang setuju orang yang nghe blokir ngen like, No Online Gambling Promotion
26BvH8U7PHA,Sedih banget.. 😭￼,patung folow,No Online Gambling Promotion
26BvH8U7PHA,Sedih banget.. 😭￼,bikin masuk neraka kak wile semangat ya kak samaLike,No Online Gambling Promotion
26BvH8U7PHA,Sedih banget.. 😭￼,Sudah Wil Jangan Menangis Aku Dukun Kamu iya Aku Perjaya,iya aku perjaya, No Online Gambling Promotion
26BvH8U7PHA,Sedih banget.. 😭￼,Yg setuju tiktok ban like ga maksa,No Online Gambling Promotion
26BvH8U7PHA,Sedih banget.. 😭￼,sabar ya KA Wili laporin aja polisi,No Online Gambling Promotion
26BvH8U7PHA,Sedih banget.. 😭￼,Kasian semangat ya kak willie,No Online Gambling Promotion
26BvH8U7PHA,Sedih banget.. 😭￼,Sabar ya kak filme,No Online Gambling Promotion
26BvH8U7PHA,Sedih banget.. 😭￼,Sabar ya bang wili belokir,No Online Gambling Promotion
26BvH8U7PHA,Sedih banget.. 😭￼,Kasian wilisalim,No Online Gambling Promotion
26BvH8U7PHA,Sedih banget.. 😭￼,Padahal kak Willi baikknp blokir tiktok,No Online Gambling Promotion
26BvH8U7PHA,Sedih banget.. 😭￼,Kakak semangat ya,No Online Gambling Promotion
26BvH8U7PHA,Sedih banget.. 😭￼,Yang sabar ya KK Elif kembang seri,No Online Gambling Promotion
26BvH8U7PHA,Sedih banget.. 😭￼,Warna cat rumah eh emang udah yg eh eh ditenagai mobile BRAVIA,No Online Gambling Promotion
26BvH8U7PHA,Sedih banget.. 😭￼,Ka wili Indonesia,No Online Gambling Promotion
26BvH8U7PHA,Sedih banget.. 😭￼,Tiktok gak suka gak tiktok,No Online Gambling Promotion
26BvH8U7PHA,Sedih banget.. 😭￼,youtube,ERROR
26BvH8U7PHA,Sedih banget.. 😭￼,Kak wilisalim sabar ya ujian Allah SWT,No Online Gambling Promotion
26BvH8U7PHA,Sedih banget.. 😭￼,Kakwilisalinsemanganjangannaksis,No Online Gambling Promotion
26BvH8U7PHA,Sedih banget.. 😭￼,Kakak emang bohong dikasih hp,No Online Gambling Promotion
26BvH8U7PHA,Sedih banget.. 😭￼,Kakjang Sedih Aku Likekok,No Online Gambling Promotion
26BvH8U7PHA,Sedih banget.. 😭￼,Kesian Kak wiliyini tiktok ajar,No Online Gambling Promotion
26BvH8U7PHA,Sedih banget.. 😭￼,Bang bok dadi islam,No Online Gambling Promotion
26BvH8U7PHA,Sedih banget.. 😭￼,semoga tiktok blokir,No Online Gambling Promotion
26BvH8U7PHA,Sedih banget.. 😭￼,Jangan sedih tuhan berdoa amen,tuhan berdoa amen, No Online Gambling Promotion
26BvH8U7PHA,Sedih banget.. 😭￼,Yang sabar ya kak willi salim semoga kak semangat konten,No Online Gambling Promotion
26BvH8U7PHA,Sedih banget.. 😭￼,Memang tiktok gabisa dipercaya,No Online Gambling Promotion
26BvH8U7PHA,Sedih banget.. 😭￼,mampuslu wil,No Online Gambling Promotion
26BvH8U7PHA,Sedih banget.. 😭￼,Tetap semangat yah kak,No Online Gambling Promotion
26BvH8U7PHA,Sedih banget.. 😭￼,Udah bang nangis,No Online Gambling Promotion
26BvH8U7PHA,Sedih banget.. 😭￼,Semangat kak larut kesedihan,No Online Gambling Promotion
26BvH8U7PHA,Sedih banget.. 😭￼,Yang sabar ya kak wile,No Online Gambling Promotion
26BvH8U7PHA,Sedih banget.. 😭￼,Salim dengerin orang,No Online Gambling Promotion
26BvH8U7PHA,Sedih banget.. 😭￼,Bang bang sungai udang,No Online Gambling Promotion
26BvH8U7PHA,Sedih banget.. 😭￼,Yang Sabar Yah,No Online Gambling Promotion
26BvH8U7PHA,Sedih banget.. 😭￼,kak sibcribernya gausah nagis,No Online Gambling Promotion
26BvH8U7PHA,Sedih banget.. 😭￼,Sabar Kawili,No Online Gambling Promotion
26BvH8U7PHA,Sedih banget.. 😭￼,Kawilimintahapeaipong,No Online Gambling Promotion
26BvH8U7PHA,Sedih banget.. 😭￼,Akupercaya,ERROR
26BvH8U7PHA,Sedih banget.. 😭￼,Kawilijangsedi,No Online Gambling Promotion
26BvH8U7PHA,Sedih banget.. 😭￼,Sabar kak wilisali,No Online Gambling Promotion
26BvH8U7PHA,Sedih banget.. 😭￼,TikTok emg sosoan saspend akun bang Willie Salim bukti kalo bang Willie gk bohong semoga tiktok liat biar in akun bang Willie,No Online Gambling Promotion
26BvH8U7PHA,Sedih banget.. 😭￼,TikTok emangsuka aniaya salah akunnya gak papa adek blokir tetep solid,No Online Gambling Promotion
26BvH8U7PHA,Sedih banget.. 😭￼,kakakupercayakokakyangsabaryaka,kykangsabaryaka, No Online Gambling Promotion
26BvH8U7PHA,Sedih banget.. 😭￼,abang wili nangis abang wili jangannangis Elsa,Abang Wili jangan nangis Elsa, No Online Gambling Promotion
26BvH8U7PHA,Sedih banget.. 😭￼,Yang sabar ya ka willy ka willy sabar ya sabar,No Online Gambling Promotion
26BvH8U7PHA,Sedih banget.. 😭￼,sabar kakak Willy ko blokir,ko blokir, No Online Gambling Promotion
26BvH8U7PHA,Sedih banget.. 😭￼,Y,ERROR
26BvH8U7PHA,Sedih banget.. 😭￼,Kenapa kayak gitu sedih blokir ya Tik tok Tik tok kertas Tik tok bohong nggak bohong Billy Salim,No Online Gambling Promotion
26BvH8U7PHA,Sedih banget.. 😭￼,Ka Wili aipon,No Online Gambling Promotion
26BvH8U7PHA,Sedih banget.. 😭￼,ngeselin sedih kau Salim,No Online Gambling Promotion
26BvH8U7PHA,Sedih banget.. 😭￼,Kawili Jang Sedi Ya,No Online Gambling Promotion
26BvH8U7PHA,Sedih banget.. 😭￼,Sabar ya kk wilie kk kuat,No Online Gambling Promotion
26BvH8U7PHA,Sedih banget.. 😭￼,Jangan sedih will,ERROR
26BvH8U7PHA,Sedih banget.. 😭￼,Yang sabarnya kak Wili,No Online Gambling Promotion
26BvH8U7PHA,Sedih banget.. 😭￼,Sabar ya kak,No Online Gambling Promotion
26BvH8U7PHA,Sedih banget.. 😭￼,Hhhhhhhhh bohong lu,No Online Gambling Promotion
26BvH8U7PHA,Sedih banget.. 😭￼,yaa sabar,No Online Gambling Promotion
26BvH8U7PHA,Sedih banget.. 😭￼,Rasaintu sedih nggak kasih trima kasih tiktok,No Online Gambling Promotion
26BvH8U7PHA,Sedih banget.. 😭￼,Sabar kak,No Online Gambling Promotion
26BvH8U7PHA,Sedih banget.. 😭￼,Kasihan ka wili mening sucrab,No Online Gambling Promotion
26BvH8U7PHA,Sedih banget.. 😭￼,Bang willy semangan pernahmenyerah,No Online Gambling Promotion
26BvH8U7PHA,Sedih banget.. 😭￼,Bang telefon bang anak,No Online Gambling Promotion
26BvH8U7PHA,Sedih banget.. 😭￼,tiktok goplok,No Online Gambling Promotion
26BvH8U7PHA,Sedih banget.. 😭￼,Sedi alay pembohong,No Online Gambling Promotion
26BvH8U7PHA,Sedih banget.. 😭￼,Tetep semangat kak willie ngontennya,No Online Gambling Promotion
26BvH8U7PHA,Sedih banget.. 😭￼,Iya yg bohong mengatas namakan Minta uang admin,No Online Gambling Promotion
26BvH8U7PHA,Sedih banget.. 😭￼,Sabar bang wili salim semoga bisalagih lep wil,No Online Gambling Promotion
26BvH8U7PHA,Sedih banget.. 😭￼,Dt dyusf shst dipa sydt sydt,Online Gambling Promotion
26BvH8U7PHA,Sedih banget.. 😭￼,Kesian kak wiliy semangat kak,No Online Gambling Promotion
26BvH8U7PHA,Sedih banget.. 😭￼,Sabarya,ERROR
26BvH8U7PHA,Sedih banget.. 😭￼,kak Wili blogkir akun tiktok,No Online Gambling Promotion
26BvH8U7PHA,Sedih banget.. 😭￼,jgn cepat mengalah hikmah d sebalik yg semangat jgn stress dr jiran mu,jangan stress dr jirannya, No Online Gambling Promotion
26BvH8U7PHA,Sedih banget.. 😭￼,Sabar ya kak sedih,No Online Gambling Promotion
26BvH8U7PHA,Sedih banget.. 😭￼,Bohong lu wili,No Online Gambling Promotion
26BvH8U7PHA,Sedih banget.. 😭￼,grgr 10k yah,No Online Gambling Promotion
26BvH8U7PHA,Sedih banget.. 😭￼,Kk willi orang nya berbohong subscriber nya kk wilili orangnya ramah jujur we kawan kawan ayo Semangati kk wilili biyar kk wilili semangat kontennya ya setuju like dibawah iniya,kamu wilili orangnya ramah jujur we kawan-kawan ayo Semangati kamu wilili biar kamu wilili semangat kontennya ya
26BvH8U7PHA,Sedih banget.. 😭￼,DORA77 juara jepey gmpng,No Online Gambling Promotion
26BvH8U7PHA,Sedih banget.. 😭￼,DORA77 maxwin,No Online Gambling Promotion
26BvH8U7PHA,Sedih banget.. 😭￼,DORA77 gacir,Online Gambling Promotion
26BvH8U7PHA,Sedih banget.. 😭￼,DORA77 cuan banget,No Online Gambling Promotion
26BvH8U7PHA,Sedih banget.. 😭￼,DORA77 gachor ga matinya,No Online Gambling Promotion
26BvH8U7PHA,Sedih banget.. 😭￼,Akudikapungakunamanyputri,No Online Gambling Promotion
26BvH8U7PHA,Sedih banget.. 😭￼,Kakwiliakusudahsakkker,No Online Gambling Promotion
26BvH8U7PHA,Sedih banget.. 😭￼,Sabaryakakwili,No Online Gambling Promotion
26BvH8U7PHA,Sedih banget.. 😭￼,Oiya maap ka ganat zzypshy yati vepzzyrshycyt,No Online Gambling Promotion
26BvH8U7PHA,Sedih banget.. 😭￼,SABAR yaaaa Anak Ganteng Willy ALLAH MAHA TAHU TAKE CARE WT SEMANGAT YAAAA BuNur SPORE,No Online Gambling Promotion
26BvH8U7PHA,Sedih banget.. 😭￼,Yang sabar ya kak wilie percaya,No Online Gambling Promotion
26BvH8U7PHA,Sedih banget.. 😭￼,Sabar ya kak wiili,Kak Wiili, No Online Gambling Promotion
26BvH8U7PHA,Sedih banget.. 😭￼,Kak wili sabar ya,No Online Gambling Promotion
26BvH8U7PHA,Sedih banget.. 😭￼,Ksos,No Online Gambling Promotion
26BvH8U7PHA,Sedih banget.. 😭￼,Wily yg sabar Wily uji Allah sayangjgn takut karna disetiap kesusahan kesedihan kebahagiaan musabar yaaWily,Wily uji Allah sayangjgn takut karna disetiap kesusahan kesedihan kebahagiaan musabar, No Online Gambling Promotion
26BvH8U7PHA,Sedih banget.. 😭￼,Willi orang hati mu malaikat sabar yaa kak Willi,No Online Gambling Promotion
26BvH8U7PHA,Sedih banget.. 😭￼,Pengen hack tiktok aja,No Online Gambling Promotion
26BvH8U7PHA,Sedih banget.. 😭￼,kena PL kak Willie Yang sabar yaaaa,No Online Gambling Promotion
26BvH8U7PHA,Sedih banget.. 😭￼,Jang sabar ya bang,bang, No Online Gambling Promotion
26BvH8U7PHA,Sedih banget.. 😭￼,5000000,ERROR
26BvH8U7PHA,Sedih banget.. 😭￼,Sabar takdir sabar takdir biar Allah membalas perbuatan,No Online Gambling Promotion
26BvH8U7PHA,Sedih banget.. 😭￼,Tenang ya kak udah like sedih lihat ceritanya,sudah like sedih lihat ceritanya, No Online Gambling Promotion
26BvH8U7PHA,Sedih banget.. 😭￼,Ya allah sabar mas wiliiy,No Online Gambling Promotion
26BvH8U7PHA,Sedih banget.. 😭￼,Tenang ya bang sialan tiktok,sialan TikTok, No Online Gambling Promotion
26BvH8U7PHA,Sedih banget.. 😭￼,sabar yah bang,No Online Gambling Promotion
26BvH8U7PHA,Sedih banget.. 😭￼,Sabar cobaan bang,ERROR
26BvH8U7PHA,Sedih banget.. 😭￼,Semangat kak mending kakak wili cape istirahat aja kak,No Online Gambling Promotion
26BvH8U7PHA,Sedih banget.. 😭￼,SABAR WILLY ORG BAIK AJE BANYAK TANTANGAN NYA YA,No Online Gambling Promotion
26BvH8U7PHA,Sedih banget.. 😭￼,Kaa wilih sabar ya liat kak Wili pingin nangiss,No Online Gambling Promotion
26BvH8U7PHA,Sedih banget.. 😭￼,JGN K HWATIRSMOGA SUKSES TERUS,No Online Gambling Promotion
26BvH8U7PHA,Sedih banget.. 😭￼,sabar kagiti,No Online Gambling Promotion
26BvH8U7PHA,Sedih banget.. 😭￼,Wah tiktok pelajaran nih dah tangan melayang muka,No Online Gambling Promotion
26BvH8U7PHA,Sedih banget.. 😭￼,BANG AYAH AKU KERJA DEKET RUMAH KAMU LOHHH KEMAREN AKU LEWAT DEPAN RUMAH KAMUUU GEDE BNGT BANG KENAL AYAH AKU GK NAMA AYAH AKU NAZORI,aku kerja dekat rumah kamu lohh kemaren. Aku lewat depan rumah kamuuu gedeb ngk bnt bang Kenal. Ayah aku gk nama ayah aku nazori, No Online Gambling
26BvH8U7PHA,Sedih banget.. 😭￼,ya awah semoga cipan gembali,No Online Gambling Promotion
26BvH8U7PHA,Sedih banget.. 😭￼,Bacot,No Online Gambling Promotion
26BvH8U7PHA,Sedih banget.. 😭￼,Diselidiki tik tok blokir Saya bang willi orang Jangan blokir,Saya Bang Willi Orang Jangan Blokir, No Online Gambling Promotion
26BvH8U7PHA,Sedih banget.. 😭￼,Wah tiktok nih EMG kaya gini jg Karna gini gak daftar tiktok kasih reting tiktok 00,karena gini gak daftar tiktok kasih retiring tiktok 00, No Online Gambling Promotion
26BvH8U7PHA,Sedih banget.. 😭￼,yg sabar orang yg iri,No Online Gambling Promotion
26BvH8U7PHA,Sedih banget.. 😭￼,bokir nangis,No Online Gambling Promotion
26BvH8U7PHA,Sedih banget.. 😭￼,YG SABAR KAKADA rencana Tuhan yg indah,No Online Gambling Promotion
26BvH8U7PHA,Sedih banget.. 😭￼,Yang sabar ya bang willie,No Online Gambling Promotion
26BvH8U7PHA,Sedih banget.. 😭￼,Semangat kak Wili kak Wili dibilang bohong tik tok yg kak Wili bener bener Melaku nya Allah yg maha baikan Kak Wili,No Online Gambling Promotion
26BvH8U7PHA,Sedih banget.. 😭￼,tetep semangat bos contoh,No Online Gambling Promotion
26BvH8U7PHA,Sedih banget.. 😭￼,Yang sabar ya kak wilie,No Online Gambling Promotion
26BvH8U7PHA,Sedih banget.. 😭￼,Live youtube aja,No Online Gambling Promotion
26BvH8U7PHA,Sedih banget.. 😭￼,Yang sabar ya ka wili emang kaya gitu orang manusia blokir sabar sabar ya juaga nge live ya,No Online Gambling Promotion
26BvH8U7PHA,Sedih banget.. 😭￼,Sabar wilisemangat y orang jlny,No Online Gambling Promotion
26BvH8U7PHA,Sedih banget.. 😭￼,Sabar ya kak wili,No Online Gambling Promotion
26BvH8U7PHA,Sedih banget.. 😭￼,Hai KA Wili vina sabar ya KA Wili tetep semangat,No Online Gambling Promotion
26BvH8U7PHA,Sedih banget.. 😭￼,Yang sabar ya ka wili ujian allah sabar ka wili,No Online Gambling Promotion
26BvH8U7PHA,Sedih banget.. 😭￼,mgkin tiktoknya gak sengaja kepencet button block,No Online Gambling Promotion
26BvH8U7PHA,Sedih banget.. 😭￼,Yang udah dibawa umroh penjualan es teh sulsel kab Pangkep,No Online Gambling Promotion
26BvH8U7PHA,Sedih banget.. 😭￼,Udah kak Wili semangat ya,No Online Gambling Promotion
26BvH8U7PHA,Sedih banget.. 😭￼,tiktok reting ya rendah,No Online Gambling Promotion
26BvH8U7PHA,Sedih banget.. 😭￼,SI WILI,No Online Gambling Promotion
26BvH8U7PHA,Sedih banget.. 😭￼,SEMOGA MASUK SURGA,No Online Gambling Promotion
26BvH8U7PHA,Sedih banget.. 😭￼,TIKTOK JAHAT WILI TENAGN YANG SETUJU TIKTOK JAHAT PUS LIKE ATAU KAK WILI,No Online Gambling Promotion
26BvH8U7PHA,Sedih banget.. 😭￼,Sabar kak wil,No Online Gambling Promotion
26BvH8U7PHA,Sedih banget.. 😭￼,Tenagbil Gakpapabil Iebibaik Kamu Pikirkan Yanglan,No Online Gambling Promotion
26BvH8U7PHA,Sedih banget.. 😭￼,Sabar kak,No Online Gambling Promotion
26BvH8U7PHA,Sedih banget.. 😭￼,Bawa santai aja bro,No Online Gambling Promotion
26BvH8U7PHA,Sedih banget.. 😭￼,Semangat kak,ERROR
26BvH8U7PHA,Sedih banget.. 😭￼,Kak Wili sedih Aku udah subscribe lek Kak Wili penyelamat Dan kak Wili malaikat Aku suka nonton film kak Wili Dan kak Wili sedih,Aku udah subscribe lek, Kak Wili penyelamat, Dan kak Wili malaikat, Aku suka nonton film kak Wili, Dan kak Wili sedih, No Online Gambling Promotion
26BvH8U7PHA,Sedih banget.. 😭￼,KA percaya ko samakaka non ton Jagan sedi ya ganteng,No Online Gambling Promotion
26BvH8U7PHA,Sedih banget.. 😭￼,Maka nya gak sombong orang Willie benerann lakuin udah biar keluarga Willie aja tau gak bikin live,No Online Gambling Promotion
26BvH8U7PHA,Sedih banget.. 😭￼,Mana kasih hp udh subscribe udah follow bukti mna sedih kecewa sm kk willy boong,No Online Gambling Promotion
26BvH8U7PHA,Sedih banget.. 😭￼,Restu,ERROR
26BvH8U7PHA,Sedih banget.. 😭￼,Semoga rejekinya amin,No Online Gambling Promotion
26BvH8U7PHA,Sedih banget.. 😭￼,Jangan sedih kak wilie dukung kalu kak wilie,No Online Gambling Promotion
26BvH8U7PHA,Sedih banget.. 😭￼,Kak Wili sabar ya puasa,No Online Gambling Promotion
26BvH8U7PHA,Sedih banget.. 😭￼,Kak Willy akunku YouTube diblokir Google suka ngomong kasar lo,No Online Gambling Promotion
26BvH8U7PHA,Sedih banget.. 😭￼,Tetap semangat bang bantu org,No Online Gambling Promotion
26BvH8U7PHA,Sedih banget.. 😭￼,Udah kak gak papa bilang bohong kakak udah orang,No Online Gambling Promotion
26BvH8U7PHA,Sedih banget.. 😭￼,sabar ya ka,No Online Gambling Promotion
26BvH8U7PHA,Sedih banget.. 😭￼,Aku lahir udah percaya,No Online Gambling Promotion
26BvH8U7PHA,Sedih banget.. 😭￼,Yang sabar kak wili,No Online Gambling Promotion
26BvH8U7PHA,Sedih banget.. 😭￼,Itu Yg melaporkan Pastinya,ERROR
26BvH8U7PHA,Sedih banget.. 😭￼,Kamu coba pergi manado uda volow tida manado ya orang kaya ko manado ih bohong malas ikata ya orang kaya bogong,No Online Gambling Promotion
26BvH8U7PHA,Sedih banget.. 😭￼,Emang ka wili suka bantu orang kesusahan,No Online Gambling Promotion
26BvH8U7PHA,Sedih banget.. 😭￼,Sabar ya ka,No Online Gambling Promotion
26BvH8U7PHA,Sedih banget.. 😭￼,Semangattttt yg terbaik,No Online Gambling Promotion
26BvH8U7PHA,Sedih banget.. 😭￼,Sabar,No Online Gambling Promotion
26BvH8U7PHA,Sedih banget.. 😭￼,Tiktok klarifikasi,No Online Gambling Promotion
26BvH8U7PHA,Sedih banget.. 😭￼,Sabar ya,No Online Gambling Promotion
26BvH8U7PHA,Sedih banget.. 😭￼,Wili Kamu islam nggak,No Online Gambling Promotion
26BvH8U7PHA,Sedih banget.. 😭￼,Semang ya kak,No Online Gambling Promotion
26BvH8U7PHA,Sedih banget.. 😭￼,Semangat kk kanmasi yutub,No Online Gambling Promotion
26BvH8U7PHA,Sedih banget.. 😭￼,Itu ujian allah mengetes keesokan nya lipat gandakan nya qkan kali lipat,No Online Gambling Promotion
26BvH8U7PHA,Sedih banget.. 😭￼,Kak sabar ya kak Kami menghibur kakak Kami syg kakak Karna kakak banget Selalu kak cobaan dibalik cobaan kebahagian kakak Kakak sedih ya ikutan sedihh,Kamu menghibur kakak. Saya kakak karna kakak banget. Selalu kak cobaan dibalik cobaan kebahagian kakak. Kakak sedih ya ikutan
26BvH8U7PHA,Sedih banget.. 😭￼,Iya kak Willy berjuang tik tok udah nggak blokir deh semangat kau pilih dukung,udah tidak blokir deh semangat kau pilih dukung, No Online Gambling Promotion
26BvH8U7PHA,Sedih banget.. 😭￼,tta aat aya a k,No Online Gambling Promotion
26BvH8U7PHA,Sedih banget.. 😭￼,Kakb wiliy sabarya,No Online Gambling Promotion
26BvH8U7PHA,Sedih banget.. 😭￼,Ka Wili harussemangt,No Online Gambling Promotion
26BvH8U7PHA,Sedih banget.. 😭￼,Bintang 0 tiktok cuy setuju,No Online Gambling Promotion
26BvH8U7PHA,Sedih banget.. 😭￼,Smg jln kluarnya yg trbaikbuat willy,Online Gambling Promotion
26BvH8U7PHA,Sedih banget.. 😭￼,Jujur gua kecewa core,No Online Gambling Promotion
26BvH8U7PHA,Sedih banget.. 😭￼,Aku mengalahkan mrbes,No Online Gambling Promotion
26BvH8U7PHA,Sedih banget.. 😭￼,Di youtube ka willie youtube live youtube,No Online Gambling Promotion
26BvH8U7PHA,Sedih banget.. 😭￼,Sabar bang,No Online Gambling Promotion
26BvH8U7PHA,Sedih banget.. 😭￼,Tiktok parah banget wily salim blokir,No Online Gambling Promotion
26BvH8U7PHA,Sedih banget.. 😭￼,Bukannya wilisalim kristen vidio wilisalim makan biawak,No Online Gambling Promotion
26BvH8U7PHA,Sedih banget.. 😭￼,Mampus,No Online Gambling Promotion
26BvH8U7PHA,Sedih banget.. 😭￼,Semangat bang,No Online Gambling Promotion
26BvH8U7PHA,Sedih banget.. 😭￼,Semangat,ERROR
26BvH8U7PHA,Sedih banget.. 😭￼,Bohong lo,No Online Gambling Promotion
26BvH8U7PHA,Sedih banget.. 😭￼,Sabar kawili sabar manusia sabar,No Online Gambling Promotion
26BvH8U7PHA,Sedih banget.. 😭￼,Mampus haha,No Online Gambling Promotion
26BvH8U7PHA,Sedih banget.. 😭￼,Jangan,ERROR
26BvH8U7PHA,Sedih banget.. 😭￼,Kakak bngt,No Online Gambling Promotion
26BvH8U7PHA,Sedih banget.. 😭￼,Bang coba sholat taubat aja Mana Tau Allah jalan lurusya doa ajadeh,No Online Gambling Promotion
26BvH8U7PHA,Sedih banget.. 😭￼,Sabar ya,No Online Gambling Promotion
26BvH8U7PHA,Sedih banget.. 😭￼,Di blokir nya kahterus ng buka lg,No Online Gambling Promotion
26BvH8U7PHA,Sedih banget.. 😭￼,Sabar ya,No Online Gambling Promotion
26BvH8U7PHA,Sedih banget.. 😭￼,Sabar ya wilisalim,No Online Gambling Promotion
26BvH8U7PHA,Sedih banget.. 😭￼,Kasihan Aku percaya kalo kak wili gak bohong liat kak wili gak bohong Aku percaya seratus persen,Lihat kak wili gak bohong, No Online Gambling Promotion
26BvH8U7PHA,Sedih banget.. 😭￼,Siapa bilang kak Wilie bohong kak Wilie hati ngebantu orang mampuh semoga rezekinya berlimpah,No Online Gambling Promotion
26BvH8U7PHA,Sedih banget.. 😭￼,ga pusingin tik tokkan viral dg lainyng positifsaluut dg koh,No Online Gambling Promotion
26BvH8U7PHA,Sedih banget.. 😭￼,Bangkasihkaliyabang,No Online Gambling Promotion
26BvH8U7PHA,Sedih banget.. 😭￼,Bentaraku benarkan livenya biar Willie orang dunia,No Online Gambling Promotion
26BvH8U7PHA,Sedih banget.. 😭￼,Akun Willie salim kasih kalo ga salahin balikin akun bikin error,No Online Gambling Promotion
26BvH8U7PHA,Sedih banget.. 😭￼,Sabar kksmngttiktok tolong donk org,tolong donk org, No Online Gambling Promotion
26BvH8U7PHA,Sedih banget.. 😭￼,Tapi,ERROR
26BvH8U7PHA,Sedih banget.. 😭￼,Halah ga papa kasih balikin,No Online Gambling Promotion
26BvH8U7PHA,Sedih banget.. 😭￼,UIN Salim bohong,No Online Gambling Promotion
26BvH8U7PHA,Sedih banget.. 😭￼,Y memeng iPhone udah follow bukti ya bukti ya kasih bukti ya kalo kasih iPhone gak salah ya,bukti yang diterima ya bukti ya kalo diberikan iPhone tidak ada yang salah ya, No Online Gambling Promotion
26BvH8U7PHA,Sedih banget.. 😭￼,Willy make shemagh pake peci,No Online Gambling Promotion
26BvH8U7PHA,Sedih banget.. 😭￼,L tiktok in the chat,No Online Gambling Promotion
26BvH8U7PHA,Sedih banget.. 😭￼,kak wili,No Online Gambling Promotion
26BvH8U7PHA,Sedih banget.. 😭￼,Kakwilisabar,No Online Gambling Promotion
26BvH8U7PHA,Sedih banget.. 😭￼,Sabar adik wilie hikmah nya,No Online Gambling Promotion
26BvH8U7PHA,Sedih banget.. 😭￼,Tiktok aneh arus ranting 00010 Tiktok stres Tiktok anj Tiktok,No Online Gambling Promotion
26BvH8U7PHA,Sedih banget.. 😭￼,Yang sabar ya bang Willie semangat ayo bang GK sedih semangat ya bang,semangat ayo Bang GK, sedih semangat ya Bang, No Online Gambling Promotion
26BvH8U7PHA,Sedih banget.. 😭￼,Tiktok gajelas kek kont mending hapus ajah riles tu namanya tiktok titok tiktok gada otak plaggaran gjls ma3n blok gitu ajah sumpah kesel bet deh sabar ya kak willy,No Online Gambling Promotion
26BvH8U7PHA,Sedih banget.. 😭￼,Kasian blokir,No Online Gambling Promotion
26BvH8U7PHA,Sedih banget.. 😭￼,Yang sabar ya bang willie Tiktok babi,No Online Gambling Promotion
26BvH8U7PHA,Sedih banget.. 😭￼,Sabarya Puasaloh,No Online Gambling Promotion
26BvH8U7PHA,Sedih banget.. 😭￼,Sabar ya ka wilie,No Online Gambling Promotion
26BvH8U7PHA,Sedih banget.. 😭￼,Aku like semoga umur ya amin,No Online Gambling Promotion
26BvH8U7PHA,Sedih banget.. 😭￼,Yang sabar ya kak wieli Orang,No Online Gambling Promotion
26BvH8U7PHA,Sedih banget.. 😭￼,itukan mesjid kota berlian tinggal situ,No Online Gambling Promotion
26BvH8U7PHA,Sedih banget.. 😭￼,Semangat kak wil pantang menyerah semangat,No Online Gambling Promotion
26BvH8U7PHA,Sedih banget.. 😭￼,Yang sabar ya kak wille salim Mungkin tiktok tu bodoh kak wille nggak boong,No Online Gambling Promotion
26BvH8U7PHA,Sedih banget.. 😭￼,Tiktoknya jahat bgt sumpahkak eillie sampek nangisyg sabar ya kak williesemoga aja pihaj tiktok nge lihat video kak willie yg iniaamiinnn,No Online Gambling Promotion
26BvH8U7PHA,Sedih banget.. 😭￼,sabar y kak willie,No Online Gambling Promotion
26BvH8U7PHA,Sedih banget.. 😭￼,Kakak sabar kakak Tik tok kakak berbau nggak papa lihat kakak kakak sedih pengen kakak senang,No Online Gambling Promotion
26BvH8U7PHA,Sedih banget.. 😭￼,Nggak papa ya kak sabar ya kak kakak,No Online Gambling Promotion
26BvH8U7PHA,Sedih banget.. 😭￼,Kasihan banget kawin semoga kak Willy nggak diblokir,No Online Gambling Promotion
26BvH8U7PHA,Sedih banget.. 😭￼,Sabar bos jga d buka lgi,No Online Gambling Promotion
26BvH8U7PHA,Sedih banget.. 😭￼,g ku k og k lh v jt,No Online Gambling Promotion
26BvH8U7PHA,Sedih banget.. 😭￼,Dah muslim,No Online Gambling Promotion
26BvH8U7PHA,Sedih banget.. 😭￼,Astafirullah sabar ya,No Online Gambling Promotion
26BvH8U7PHA,Sedih banget.. 😭￼,Wah tiktok nih hapus YG PUNYA TIKTOK HAPUS,No Online Gambling Promotion
26BvH8U7PHA,Sedih banget.. 😭￼,sedih,No Online Gambling Promotion
26BvH8U7PHA,Sedih banget.. 😭￼,Yang sabar ya percaya,No Online Gambling Promotion
26BvH8U7PHA,Sedih banget.. 😭￼,Youre a funny little gangnam style,No Online Gambling Promotion
26BvH8U7PHA,Sedih banget.. 😭￼,Yang sabar ya Kak Willie Tuhan Yesus tau Kakak org serahkan Tuhan Yesus Pasti hikmahnya Berkat Kak Willie,No Online Gambling Promotion
26BvH8U7PHA,Sedih banget.. 😭￼,Bah sedih bah gak GK ngurus,No Online Gambling Promotion
26BvH8U7PHA,Sedih banget.. 😭￼,Abg willihituh berbagi,No Online Gambling Promotion
26BvH8U7PHA,Sedih banget.. 😭￼,sabar kak Willie semoga Allah pahala,No Online Gambling Promotion
26BvH8U7PHA,Sedih banget.. 😭￼,sabar kak Willy,No Online Gambling Promotion
26BvH8U7PHA,Sedih banget.. 😭￼,bang,No Online Gambling Promotion
26BvH8U7PHA,Sedih banget.. 😭￼,Bener ga si ka KK omsetnya kegedean x,No Online Gambling Promotion
26BvH8U7PHA,Sedih banget.. 😭￼,Aku Paket Lengkap,No Online Gambling Promotion
26BvH8U7PHA,Sedih banget.. 😭￼,Kak wili yg sabar yaa semoga kebaikan kak wili dibalas tuhan,semoga kebajikan Kak Wili di balas Tuhan, No Online Gambling Promotion
26BvH8U7PHA,Sedih banget.. 😭￼,tk udh bnr nya live block 20 gua tk live udh block block tk happy,tidak ada yang blokir (tidak) live udah blokir block tidak happy, No Online Gambling Promotion
26BvH8U7PHA,Sedih banget.. 😭￼,Sabarya kak willi sabar insyaallah balas allah,No Online Gambling Promotion
26BvH8U7PHA,Sedih banget.. 😭￼,Sabar ya kak wiliy,No Online Gambling Promotion
26BvH8U7PHA,Sedih banget.. 😭￼,Sama kak Willy tiktok nya hapus akunnya blokir,No Online Gambling Promotion
26BvH8U7PHA,Sedih banget.. 😭￼,Bang wili iphone belajar ujian sekolah plissss,No Online Gambling Promotion
26BvH8U7PHA,Sedih banget.. 😭￼,Parah bet tiktok,No Online Gambling Promotion
26BvH8U7PHA,Sedih banget.. 😭￼,Yang sabar ya,No Online Gambling Promotion
26BvH8U7PHA,Sedih banget.. 😭￼,Hxhd GG durndu,No Online Gambling Promotion
26BvH8U7PHA,Sedih banget.. 😭￼,Gemna bang wili kaliyan bangt,No Online Gambling Promotion
26BvH8U7PHA,Sedih banget.. 😭￼,Tenan kak wili kak wili Laki laki,No Online Gambling Promotion
26BvH8U7PHA,Sedih banget.. 😭￼,Klo kakka islam kaka berdoa kepadaa allah buruk dihilangkan mak na allah mengabulkan apapun hamba nya berusaha langsung langsung terwujudd,maka Allah mengabulkan apapun hamba nya berusaha langsung-langsung terwujud, No Online Gambling Promotion
26BvH8U7PHA,Sedih banget.. 😭￼,sabar bang,No Online Gambling Promotion
26BvH8U7PHA,Sedih banget.. 😭￼,Kak coba keumroh,No Online Gambling Promotion
26BvH8U7PHA,Sedih banget.. 😭￼,kasihan,No Online Gambling Promotion
26BvH8U7PHA,Sedih banget.. 😭￼,bantu komen 5 kali,No Online Gambling Promotion
26BvH8U7PHA,Sedih banget.. 😭￼,Hilmi,ERROR
26BvH8U7PHA,Sedih banget.. 😭￼,sabar ajseperti aq sabar yg,No Online Gambling Promotion
26BvH8U7PHA,Sedih banget.. 😭￼,Tiktok parah andai olaystore ban tiktok perrmanen parah banget tiktok kasian banget bg willy salim,No Online Gambling Promotion
26BvH8U7PHA,Sedih banget.. 😭￼,Yg sabar ya kak semoga ketmu ka willi,No Online Gambling Promotion
26BvH8U7PHA,Sedih banget.. 😭￼,Mawili sabar ya sehat ya,No Online Gambling Promotion
26BvH8U7PHA,Sedih banget.. 😭￼,Yang sabar ya ka willie,No Online Gambling Promotion
26BvH8U7PHA,Sedih banget.. 😭￼,Sabar ya ka Wili ngonten YouTube,No Online Gambling Promotion
26BvH8U7PHA,Sedih banget.. 😭￼,Bang Aku Kan Kristen tetp cerita nabi bernama Ayub kekayaannya diambil Tuhan Tapi dikembalikan 2 kali lipat Aku doain ya bang salamtoleransi,tapi dikembalikan dua kali lipat. Aku doain ya, Bang salam toleransi, No Online Gambling Promotion
26BvH8U7PHA,Sedih banget.. 😭￼,Ayo kak Wily semangat menyerah ya ayo semangat,No Online Gambling Promotion
26BvH8U7PHA,Sedih banget.. 😭￼,khansa,No Online Gambling Promotion
26BvH8U7PHA,Sedih banget.. 😭￼,ABiyU,No Online Gambling Promotion
26BvH8U7PHA,Sedih banget.. 😭￼,Sabar bg dunia bnyk cobaan berdoa Tuhan urusannya mudahkan,No Online Gambling Promotion
26BvH8U7PHA,Sedih banget.. 😭￼,sabar ya wili semangat,No Online Gambling Promotion
26BvH8U7PHA,Sedih banget.. 😭￼,Matahp,No Online Gambling Promotion
26BvH8U7PHA,Sedih banget.. 😭￼,Yang sabar ya bang,No Online Gambling Promotion
26BvH8U7PHA,Sedih banget.. 😭￼,titto babi akugak suka titto bacok,No Online Gambling Promotion
26BvH8U7PHA,Sedih banget.. 😭￼,Iya kakak aja kasih HP iPhone bikin Tik tok ku aja capek bikinnya nggak akun kali kakak kasih iPhone biar biar dikasih handphone Tapi kakak kasih paahal Sorong eh Sorong,aja capek bikinnya nggak akun kali kakak kasih iPhone biar biar dikasih handphone. Tapi kakak kasih pa
26BvH8U7PHA,Sedih banget.. 😭￼,Kaa,No Online Gambling Promotion
26BvH8U7PHA,Sedih banget.. 😭￼,Mau HP Android terbaru,No Online Gambling Promotion
26BvH8U7PHA,Sedih banget.. 😭￼,kasian,No Online Gambling Promotion
26BvH8U7PHA,Sedih banget.. 😭￼,Kakwilsabaraku sayang kakwillisalim,No Online Gambling Promotion
26BvH8U7PHA,Sedih banget.. 😭￼,Yang sabar k wili,No Online Gambling Promotion
26BvH8U7PHA,Sedih banget.. 😭￼,Tiktok puasa bikin wili sedih kesel ayo ledekin tiktok orang,No Online Gambling Promotion
26BvH8U7PHA,Sedih banget.. 😭￼,Kak willi tetaplah jd orang smoga dimudahkan urusannya smoga sellqu lindunganNya smoga Allah memberidan hidayah dek wili rezeki yg berlimpah ruah Aamiin YRA,No Online Gam
26BvH8U7PHA,Sedih banget.. 😭￼,Betol bttol,No Online Gambling Promotion
26BvH8U7PHA,Sedih banget.. 😭￼,Yang sabar ya ka wili,No Online Gambling Promotion
26BvH8U7PHA,Sedih banget.. 😭￼,Aku percaya ka wili,No Online Gambling Promotion
26BvH8U7PHA,Sedih banget.. 😭￼,Loh kak wille salim agama nya islam pikir kristen kak wille salim umroh ya,pikir Kristen kak Wille Salim umroh ya, No Online Gambling Promotion
26BvH8U7PHA,Sedih banget.. 😭￼,Bang Akusuda Blok kir,No Online Gambling Promotion
26BvH8U7PHA,Sedih banget.. 😭￼,Mana iPhone janji,No Online Gambling Promotion
26BvH8U7PHA,Sedih banget.. 😭￼,Sabar Wille rendah tiktok,No Online Gambling Promotion
26BvH8U7PHA,Sedih banget.. 😭￼,Yang sabar ya kak Willy semangat Ngontennya semoga reseki,No Online Gambling Promotion
26BvH8U7PHA,Sedih banget.. 😭￼,Tiktok ajar Padahal willy berusaha,No Online Gambling Promotion
26BvH8U7PHA,Sedih banget.. 😭￼,Sabar Yakak Wili,No Online Gambling Promotion
26BvH8U7PHA,Sedih banget.. 😭￼,Kak Wili Sambar Aja Kak Wili Kak Harus Tetap Semangat Yah Kak Wili,kak harus tetap semangat yah, No Online Gambling Promotion
26BvH8U7PHA,Sedih banget.. 😭￼,Sabar ya kak wili,No Online Gambling Promotion
26BvH8U7PHA,Sedih banget.. 😭￼,Kawilbenar,No Online Gambling Promotion
26BvH8U7PHA,Sedih banget.. 😭￼,Tiktok gitu willy salim tiktok nya sabar ya willy salim,No Online Gambling Promotion
26BvH8U7PHA,Sedih banget.. 😭￼,sabar kak,No Online Gambling Promotion
26BvH8U7PHA,Sedih banget.. 😭￼,P,ERROR
26BvH8U7PHA,Sedih banget.. 😭￼,Sabar kak willy,No Online Gambling Promotion
26BvH8U7PHA,Sedih banget.. 😭￼,Sabar bg ujian,No Online Gambling Promotion
26BvH8U7PHA,Sedih banget.. 😭￼,Yang Sabar Ya kak Wili,No Online Gambling Promotion
26BvH8U7PHA,Sedih banget.. 😭￼,Jangan marah,No Online Gambling Promotion
26BvH8U7PHA,Sedih banget.. 😭￼,Kak willy sabar ya kak semoga tik tok nya gak blokir,semoga TikToknya ga blokir, No Online Gambling Promotion
26BvH8U7PHA,Sedih banget.. 😭￼,Ka Sabar,No Online Gambling Promotion
26BvH8U7PHA,Sedih banget.. 😭￼,Sabar ya ko,Ko, No Online Gambling Promotion
26BvH8U7PHA,Sedih banget.. 😭￼,dasar,No Online Gambling Promotion
26BvH8U7PHA,Sedih banget.. 😭￼,Gara gara gini,No Online Gambling Promotion
26BvH8U7PHA,Sedih banget.. 😭￼,sabar ya bang timktok tolol,tim ktuk tolong, No Online Gambling Promotion
26BvH8U7PHA,Sedih banget.. 😭￼,Ya dengerin ngomong udah bodoh ruangan gang tempel,No Online Gambling Promotion
26BvH8U7PHA,Sedih banget.. 😭￼,Kasian,No Online Gambling Promotion
26BvH8U7PHA,Sedih banget.. 😭￼,Kak wili cobaan tuhan maha esa semangat kak,No Online Gambling Promotion
26BvH8U7PHA,Sedih banget.. 😭￼,Tiktok cina pergi aja cina protes aja kak wili,Cina protest aja, Kak Willy, No Online Gambling Promotion
26BvH8U7PHA,Sedih banget.. 😭￼,Lu tau gak lu blokir,No Online Gambling Promotion
26BvH8U7PHA,Sedih banget.. 😭￼,Mampus,No Online Gambling Promotion
26BvH8U7PHA,Sedih banget.. 😭￼,Bapak nya bohongin Willie Salim kena azab,No Online Gambling Promotion
26BvH8U7PHA,Sedih banget.. 😭￼,Yang sabar ya kak wili ujian sabar ya kak dukung kak wili,No Online Gambling Promotion
26BvH8U7PHA,Sedih banget.. 😭￼,Sabar ya Kak Nanti Kita bareng bareng Benerin ya kak wili,Nanti Kita bersama-sama Benerin ya kak Wili, No Online Gambling Promotion
26BvH8U7PHA,Sedih banget.. 😭￼,Kasian kak willy kasian like,No Online Gambling Promotion
26BvH8U7PHA,Sedih banget.. 😭￼,Sabar yak kk,No Online Gambling Promotion
26BvH8U7PHA,Sedih banget.. 😭￼,Kasihan wile salim,No Online Gambling Promotion
26BvH8U7PHA,Sedih banget.. 😭￼,Sabar ya bang,No Online Gambling Promotion
26BvH8U7PHA,Sedih banget.. 😭￼,kasihan bgt kak willie yg sabar yg kak willie,No Online Gambling Promotion
26BvH8U7PHA,Sedih banget.. 😭￼,udah sabar kak wili Ramadan sabarr nya,No Online Gambling Promotion
26BvH8U7PHA,Sedih banget.. 😭￼,Iya Wili Salim nipu,No Online Gambling Promotion
26BvH8U7PHA,Sedih banget.. 😭￼,Kaka Wili sabar nya,No Online Gambling Promotion
Yx4w92z_KDM,ICE CREAM KOPI,sigh manis bagaima cok,No Online Gambling Promotion
Yx4w92z_KDM,ICE CREAM KOPI,Wkwkwkwk nuangin aer aja udah ketauan kebanyakan,No Online Gambling Promotion
Yx4w92z_KDM,ICE CREAM KOPI,Tetangga,ERROR
Yx4w92z_KDM,ICE CREAM KOPI,Ini tetangga,No Online Gambling Promotion
Yx4w92z_KDM,ICE CREAM KOPI,Gelas nya aa kembar gelas kitaa,No Online Gambling Promotion
Yx4w92z_KDM,ICE CREAM KOPI,Ya allah gw puasa loh,saya puasa, No Online Gambling Promotion
Yx4w92z_KDM,ICE CREAM KOPI,Wkwk pas masukin air panas botol auto po ra mlonyot eh mlonyot tenan,No Online Gambling Promotion
Yx4w92z_KDM,ICE CREAM KOPI,Vio aduk air panasnya jgan pake botol mineral,No Online Gambling Promotion
Yx4w92z_KDM,ICE CREAM KOPI,Ga segalon,No Online Gambling Promotion
Yx4w92z_KDM,ICE CREAM KOPI,Hihi lucubanget tante bule gimana,No Online Gambling Promotion
Yx4w92z_KDM,ICE CREAM KOPI,Klo ga enak tetangga,No Online Gambling Promotion
Yx4w92z_KDM,ICE CREAM KOPI,Nah bule Rusia acakadul nongol,Bule Rusia acak-acak nongol, No Online Gambling Promotion
Yx4w92z_KDM,ICE CREAM KOPI,Masa sisa kopi gelas jg dibagi tetangga,No Online Gambling Promotion
Yx4w92z_KDM,ICE CREAM KOPI,Makin lucu aja nih orang,No Online Gambling Promotion
Yx4w92z_KDM,ICE CREAM KOPI,Gelas nya kayak rumah,No Online Gambling Promotion
Yx4w92z_KDM,ICE CREAM KOPI,Keliatannya pilih es krim coklat yg dalamnya coklatdi video yg dicontoh Frau Viola warnanya coklat banget,No Online Gambling Promotion
Yx4w92z_KDM,ICE CREAM KOPI,You so pretty,ERROR
Yx4w92z_KDM,ICE CREAM KOPI,You so pretty,No Online Gambling Promotion
Yx4w92z_KDM,ICE CREAM KOPI,kaka kalo pake botol utk shake yg anget panas jgn la pake botol PET pake botol yg grade nya bagus,janganlah pakai botol PET, pakai botol yang grade nyanya bagus, No Online Gambling Promotion
Yx4w92z_KDM,ICE CREAM KOPI,Kamu gak puasa,No Online Gambling Promotion
Yx4w92z_KDM,ICE CREAM KOPI,Pastilah Manisair esnya kebanyakan,No Online Gambling Promotion
Yx4w92z_KDM,ICE CREAM KOPI,Biasanya kasih air gula tambahan susues batu ya gak manis pakai air gula,gak manis pakai air gula, No Online Gambling Promotion
Yx4w92z_KDM,ICE CREAM KOPI,lg puasa,No Online Gambling Promotion
Yx4w92z_KDM,ICE CREAM KOPI,Kbnyakan air,No Online Gambling Promotion
Yx4w92z_KDM,ICE CREAM KOPI,Waduh meleot nih coy,No Online Gambling Promotion
Yx4w92z_KDM,ICE CREAM KOPI,Waduh melet nih coy,No Online Gambling Promotion
Yx4w92z_KDM,ICE CREAM KOPI,Waduh melet coy,No Online Gambling Promotion
Yx4w92z_KDM,ICE CREAM KOPI,Bule cuy,No Online Gambling Promotion
Yx4w92z_KDM,ICE CREAM KOPI,hati2 bekas plastik terkena panas ianya menyebab kanser,No Online Gambling Promotion
Yx4w92z_KDM,ICE CREAM KOPI,Aku puasa bu,No Online Gambling Promotion
Yx4w92z_KDM,ICE CREAM KOPI,Gak puasa ya,No Online Gambling Promotion
Yx4w92z_KDM,ICE CREAM KOPI,Woy kelas sm sumpah,No Online Gambling Promotion
Yx4w92z_KDM,ICE CREAM KOPI,ngga puasa kak,No Online Gambling Promotion
Yx4w92z_KDM,ICE CREAM KOPI,Gelasnya gede mba,No Online Gambling Promotion
Yx4w92z_KDM,ICE CREAM KOPI,kayaknya kakak nya makai air kebanyakann maniass,No Online Gambling Promotion
Yx4w92z_KDM,ICE CREAM KOPI,gelasnya teralu manis,No Online Gambling Promotion
Yx4w92z_KDM,ICE CREAM KOPI,Gelasnya segede gayung sih,No Online Gambling Promotion
Yx4w92z_KDM,ICE CREAM KOPI,meleot coy,No Online Gambling Promotion
Yx4w92z_KDM,ICE CREAM KOPI,Langsung dinilai manis,No Online Gambling Promotion
Yx4w92z_KDM,ICE CREAM KOPI,Kopi coklat dikasih gula tetep paitnya amit2,No Online Gambling Promotion
Yx4w92z_KDM,ICE CREAM KOPI,Dia laki pa cewek,No Online Gambling Promotion
Yx4w92z_KDM,ICE CREAM KOPI,Apa aja yg dimasukkan yg kelihatam cm ys creamnya susu,No Online Gambling Promotion
Yx4w92z_KDM,ICE CREAM KOPI,Di negara nya ambil es batu rumah gak berlu keprok keprok,No Online Gambling Promotion
Yx4w92z_KDM,ICE CREAM KOPI,Engga puasa,No Online Gambling Promotion
Yx4w92z_KDM,ICE CREAM KOPI,Kalian puasa gak puasa ngumpul,No Online Gambling Promotion
Yx4w92z_KDM,ICE CREAM KOPI,Beliau org Rusia kelakuan emak emak indo banget,No Online Gambling Promotion
Yx4w92z_KDM,ICE CREAM KOPI,Cek pase mbk nek omong YaAllah,No Online Gambling Promotion
Yx4w92z_KDM,ICE CREAM KOPI,Kangen bgt mug kyk gt Dulu keknya deh Tp pecah mug jumbo,No Online Gambling Promotion
Yx4w92z_KDM,ICE CREAM KOPI,Mbuh miss mbuhh Ngakak tok mesti,mau daftar judi online?, No Online Gambling Promotion
Yx4w92z_KDM,ICE CREAM KOPI,ya allah,No Online Gambling Promotion
Yx4w92z_KDM,ICE CREAM KOPI,Nah sdh kukira ga manis gelasnya segede gaban,No Online Gambling Promotion
Yx4w92z_KDM,ICE CREAM KOPI,Air nya kebanyakan teh,No Online Gambling Promotion
Yx4w92z_KDM,ICE CREAM KOPI,Meleot coy,No Online Gambling Promotion
Yx4w92z_KDM,ICE CREAM KOPI,Jangan pake air panas kocok kopinya,No Online Gambling Promotion
Yx4w92z_KDM,ICE CREAM KOPI,Bule tau bahasa MELEYOT COY,No Online Gambling Promotion
Yx4w92z_KDM,ICE CREAM KOPI,air panas bancuh dlm botol plastik,No Online Gambling Promotion
Yx4w92z_KDM,ICE CREAM KOPI,Humorku sebatas meloyot choy,No Online Gambling Promotion
Yx4w92z_KDM,ICE CREAM KOPI,Megantropus paleojavanicus,ERROR
Yx4w92z_KDM,ICE CREAM KOPI,Pruuppp ahhh manis,No Online Gambling Promotion
Yx4w92z_KDM,ICE CREAM KOPI,ngakak bgt pas ahhkurang manis,No Online Gambling Promotion
Yx4w92z_KDM,ICE CREAM KOPI,Selamat ramadhan,ERROR
Yx4w92z_KDM,ICE CREAM KOPI,cedap nya suka,No Online Gambling Promotion
Yx4w92z_KDM,ICE CREAM KOPI,Halo bang,ERROR
Yx4w92z_KDM,ICE CREAM KOPI,Ii puase,No Online Gambling Promotion
Yx4w92z_KDM,ICE CREAM KOPI,Yang pnting,ERROR
Yx4w92z_KDM,ICE CREAM KOPI,Gak enak tetangga,No Online Gambling Promotion
Yx4w92z_KDM,ICE CREAM KOPI,Wow,No Online Gambling Promotion
Yx4w92z_KDM,ICE CREAM KOPI,Gelasnya legend banget liat kakek minum kuku bima pake gelas Jadi kangen,lihat kakek minum kuku bima pake gelas. Jadi kangen, No Online Gambling Promotion
Yx4w92z_KDM,ICE CREAM KOPI,Kurang manis wkwkwk Padahal udah banget gulanya,No Online Gambling Promotion
Yx4w92z_KDM,ICE CREAM KOPI,Banyak airnya tu,No Online Gambling Promotion
Yx4w92z_KDM,ICE CREAM KOPI,meleyot coy manis,No Online Gambling Promotion
Yx4w92z_KDM,ICE CREAM KOPI,Kakean banyu mbakyu,No Online Gambling Promotion
Yx4w92z_KDM,ICE CREAM KOPI,Uhuy,No Online Gambling Promotion
Yx4w92z_KDM,ICE CREAM KOPI,Are you Islam,ERROR
Yx4w92z_KDM,ICE CREAM KOPI,Ya Allah,No Online Gambling Promotion
Yx4w92z_KDM,ICE CREAM KOPI,Air panas nya kebanyakan,No Online Gambling Promotion
Yx4w92z_KDM,ICE CREAM KOPI,Jangan tuh pake botol gitu dipanasin bpo nya larut,No Online Gambling Promotion
Yx4w92z_KDM,ICE CREAM KOPI,Ya iya manis air panasmu buanyak gitu,manis air panasmu banyak itu, No Online Gambling Promotion
Yx4w92z_KDM,ICE CREAM KOPI,Violaaagiliran g enak kasih tetangga,No Online Gambling Promotion
Yx4w92z_KDM,ICE CREAM KOPI,Waduh Peleot Coy,No Online Gambling Promotion
Yx4w92z_KDM,ICE CREAM KOPI,Waduh meleot cuiiyyyy,No Online Gambling Promotion
Yx4w92z_KDM,ICE CREAM KOPI,Mba bule islam ya pake hijab bonus mba bule negara,No Online Gambling Promotion
Yx4w92z_KDM,ICE CREAM KOPI,I dont know why but i love this video,ERROR
Yx4w92z_KDM,ICE CREAM KOPI,Agak kaget ya gw Waduh meleyot coy,No Online Gambling Promotion
Yx4w92z_KDM,ICE CREAM KOPI,Micro plastic Selamat menikmati,No Online Gambling Promotion
Yx4w92z_KDM,ICE CREAM KOPI,sruppppppppahhhhhhhh manis gk ekspek loh gua,No Online Gambling Promotion
Yx4w92z_KDM,ICE CREAM KOPI,Makanya jang airnya,No Online Gambling Promotion
Yx4w92z_KDM,ICE CREAM KOPI,Aduh puasa,No Online Gambling Promotion
Yx4w92z_KDM,ICE CREAM KOPI,Singkat padat manis,No Online Gambling Promotion
Yx4w92z_KDM,ICE CREAM KOPI,Ya allah Udh pribumi bngt tuh,No Online Gambling Promotion
Yx4w92z_KDM,ICE CREAM KOPI,Riweuh riweuh,No Online Gambling Promotion
Yx4w92z_KDM,ICE CREAM KOPI,Wuih bahasa Jawa nya udah mumpuni aparti mleot,No Online Gambling Promotion
Yx4w92z_KDM,ICE CREAM KOPI,tetangga beb,No Online Gambling Promotion
Yx4w92z_KDM,ICE CREAM KOPI,Iyalah manis gelas lu segede gaban gak ngikutin persis kayak video,tidak ngikutin persis seperti video, No Online Gambling Promotion
Yx4w92z_KDM,ICE CREAM KOPI,Yang puasa like gak maksa,No Online Gambling Promotion
Yx4w92z_KDM,ICE CREAM KOPI,Kenapa nontonnya pas puasa,No Online Gambling Promotion
Yx4w92z_KDM,ICE CREAM KOPI,Maghrib,No Online Gambling Promotion
Yx4w92z_KDM,ICE CREAM KOPI,Aku Aus,No Online Gambling Promotion
Yx4w92z_KDM,ICE CREAM KOPI,Eh ga puasa,No Online Gambling Promotion
Yx4w92z_KDM,ICE CREAM KOPI,mukanya kek garnacho,No Online Gambling Promotion
Yx4w92z_KDM,ICE CREAM KOPI,Kirain mamanya tufel,No Online Gambling Promotion
Yx4w92z_KDM,ICE CREAM KOPI,Teteh lucu pisan,No Online Gambling Promotion
Yx4w92z_KDM,ICE CREAM KOPI,manis,No Online Gambling Promotion
Yx4w92z_KDM,ICE CREAM KOPI,Minuman namanya es cokelat anget,No Online Gambling Promotion
Yx4w92z_KDM,ICE CREAM KOPI,Ya Allah puasa dikasihi,No Online Gambling Promotion
Yx4w92z_KDM,ICE CREAM KOPI,Kak puasa Jadinya kepengen,No Online Gambling Promotion
Yx4w92z_KDM,ICE CREAM KOPI,Air nya kebanyakan ga manis,No Online Gambling Promotion
Yx4w92z_KDM,ICE CREAM KOPI,Nicee,ERROR
Yx4w92z_KDM,ICE CREAM KOPI,Hahaahahahha pas meletoy nya lucu,No Online Gambling Promotion
Yx4w92z_KDM,ICE CREAM KOPI,Kurang gede gelas nya,No Online Gambling Promotion
Yx4w92z_KDM,ICE CREAM KOPI,Sudah kuduga manis,No Online Gambling Promotion
Yx4w92z_KDM,ICE CREAM KOPI,Sabar aja pas bilang YA ALLAH slay aja ok,"slay aja ok, No Online Gambling Promotion"
Yx4w92z_KDM,ICE CREAM KOPI,Kurang manis gelasnya kegedean mbaa,No Online Gambling Promotion
Yx4w92z_KDM,ICE CREAM KOPI,Lagi puasa,No Online Gambling Promotion
Yx4w92z_KDM,ICE CREAM KOPI,Fyp pas ditengah puasa Mantapp,No Online Gambling Promotion
Yx4w92z_KDM,ICE CREAM KOPI,Harusnya kasih gula,No Online Gambling Promotion
Yx4w92z_KDM,ICE CREAM KOPI,Inikan puasa,No Online Gambling Promotion
Yx4w92z_KDM,ICE CREAM KOPI,Enk banget pas bilang aduh meleot cuy,Online Gambling Promotion
Yx4w92z_KDM,ICE CREAM KOPI,contohnya pake gelas ukuran normal buatnya pake gelas ukuran jumbo,"buatnya pake gelas ukuran jumbo, No Online Gambling Promotion"
Yx4w92z_KDM,ICE CREAM KOPI,Ngakak nya pas bilang meleyot cuy,No Online Gambling Promotion
Yx4w92z_KDM,ICE CREAM KOPI,Emily Armstrong mode syariah,No Online Gambling Promotion
Yx4w92z_KDM,ICE CREAM KOPI,Baru kali liat bule cwek wajahnya kayak,No Online Gambling Promotion
Yx4w92z_KDM,ICE CREAM KOPI,Sabar bre maghrib nya,No Online Gambling Promotion
Yx4w92z_KDM,ICE CREAM KOPI,Kebanyakan airnya,No Online Gambling Promotion
Yx4w92z_KDM,ICE CREAM KOPI,Huhu kurng manisssalah gelas maah,No Online Gambling Promotion
Yx4w92z_KDM,ICE CREAM KOPI,suka bgt ni bule,No Online Gambling Promotion
Yx4w92z_KDM,ICE CREAM KOPI,Singkat padat mains,No Online Gambling Promotion
Yx4w92z_KDM,ICE CREAM KOPI,engak puasa ya,No Online Gambling Promotion
Yx4w92z_KDM,ICE CREAM KOPI,Plastik plus hot water Nice you have eating poison,No Online Gambling Promotion
Yx4w92z_KDM,ICE CREAM KOPI,Tak puasa,No Online Gambling Promotion
Yx4w92z_KDM,ICE CREAM KOPI,Siapa yg nonton pas puasa,No Online Gambling Promotion
Yx4w92z_KDM,ICE CREAM KOPI,Gelasnya kegedean,No Online Gambling Promotion
Yx4w92z_KDM,ICE CREAM KOPI,Kebnayakan air,No Online Gambling Promotion
Yx4w92z_KDM,ICE CREAM KOPI,puasa nontonnya siang,No Online Gambling Promotion
Yx4w92z_KDM,ICE CREAM KOPI,Ya allahhhh she say,No Online Gambling Promotion
Yx4w92z_KDM,ICE CREAM KOPI,Aku nontonya pas puasa,No Online Gambling Promotion
Yx4w92z_KDM,ICE CREAM KOPI,Meleyot cuyyyyy,No Online Gambling Promotion
Yx4w92z_KDM,ICE CREAM KOPI,Ya Allah gelas legend,No Online Gambling Promotion
Yx4w92z_KDM,ICE CREAM KOPI,Ini tetangga Udah icip manis dikasih tetangga,No Online Gambling Promotion
Yx4w92z_KDM,ICE CREAM KOPI,Ini tetangga beb,"tetangga beb, No Online Gambling Promotion"
Yx4w92z_KDM,ICE CREAM KOPI,that ice cream magnum pls boikot,No Online Gambling Promotion
Yx4w92z_KDM,ICE CREAM KOPI,Kegedean gelasnya well,No Online Gambling Promotion
Yx4w92z_KDM,ICE CREAM KOPI,dingin panas dinginauto Anyang ayangn,No Online Gambling Promotion
Yx4w92z_KDM,ICE CREAM KOPI,Gelas thanos,No Online Gambling Promotion
Yx4w92z_KDM,ICE CREAM KOPI,Diabetes tipe 10 manis hadeeeehhhh,No Online Gambling Promotion
Yx4w92z_KDM,ICE CREAM KOPI,Jir gelas,No Online Gambling Promotion
Yx4w92z_KDM,ICE CREAM KOPI,Tadi siang ketemu mas agus sma mba viola Beda bngt d youtube sma asliyjauh lbh cntik aslinya lho mba viola,No Online Gambling Promotion
Yx4w92z_KDM,ICE CREAM KOPI,Yang nonton nya puasa ngumpul ya,No Online Gambling Promotion
Yx4w92z_KDM,ICE CREAM KOPI,mleot coyy,No Online Gambling Promotion
Yx4w92z_KDM,ICE CREAM KOPI,Cek komposisi es cream nya es cream yg bahan babi alias non halal,No Online Gambling Promotion
Yx4w92z_KDM,ICE CREAM KOPI,Gelasss nya ya Allah krang gde gx tuh hhhh,No Online Gambling Promotion
Yx4w92z_KDM,ICE CREAM KOPI,Isakalmumi,No Online Gambling Promotion
Yx4w92z_KDM,ICE CREAM KOPI,Aku pikir name dark USA Dari Indonesia,ERROR
Yx4w92z_KDM,ICE CREAM KOPI,Minuman beracun,No Online Gambling Promotion
Yx4w92z_KDM,ICE CREAM KOPI,YA Aallaaaaaaah,No Online Gambling Promotion
Yx4w92z_KDM,ICE CREAM KOPI,KAK MARSMELLOWNYA YG HALAL KAN RATA2 MENGANDUNG BABI LHO KAK,No Online Gambling Promotion
Yx4w92z_KDM,ICE CREAM KOPI,Wkwkwk,No Online Gambling Promotion
Yx4w92z_KDM,ICE CREAM KOPI,Waduh meleot guys sumpah ketawa,No Online Gambling Promotion
Yx4w92z_KDM,ICE CREAM KOPI,Massay Allah kayanya enak,No Online Gambling Promotion
Yx4w92z_KDM,ICE CREAM KOPI,Kukira bule bulek,No Online Gambling Promotion
Yx4w92z_KDM,ICE CREAM KOPI,Sudah tercampur orang indo,No Online Gambling Promotion
Yx4w92z_KDM,ICE CREAM KOPI,Experiment kaya gitu,No Online Gambling Promotion
Yx4w92z_KDM,ICE CREAM KOPI,Cocok banget buka puasa,No Online Gambling Promotion
Yx4w92z_KDM,ICE CREAM KOPI,Lagi puasa hadeuuhh,No Online Gambling Promotion
Yx4w92z_KDM,ICE CREAM KOPI,Mantap kak,No Online Gambling Promotion
Yx4w92z_KDM,ICE CREAM KOPI,gelasnya kegedean atuh bubda,No Online Gambling Promotion
Yx4w92z_KDM,ICE CREAM KOPI,tk orng luarr pas ngomong aduh meleyot woi bru ngeh,No Online Gambling Promotion
Yx4w92z_KDM,ICE CREAM KOPI,Kata meleot cuyngakak abis,No Online Gambling Promotion
Yx4w92z_KDM,ICE CREAM KOPI,Bule masak Bule bikin jus ketawa,No Online Gambling Promotion
Yx4w92z_KDM,ICE CREAM KOPI,Diawali keribetan tengahi penuh kesabaran Kurang manis,No Online Gambling Promotion
Yx4w92z_KDM,ICE CREAM KOPI,Kegedean gelasnya,No Online Gambling Promotion
Yx4w92z_KDM,ICE CREAM KOPI,Buka,ERROR
Yx4w92z_KDM,ICE CREAM KOPI,haduh puasa,No Online Gambling Promotion
Yx4w92z_KDM,ICE CREAM KOPI,Gokil mug nya,No Online Gambling Promotion
Yx4w92z_KDM,ICE CREAM KOPI,Malah kaaih tetangga,No Online Gambling Promotion
Yx4w92z_KDM,ICE CREAM KOPI,Manis banget,No Online Gambling Promotion
Yx4w92z_KDM,ICE CREAM KOPI,Singkat Kurang Manis,ERROR
Yx4w92z_KDM,ICE CREAM KOPI,Kenapa nontonnya pas puasa yaa,No Online Gambling Promotion
Yx4w92z_KDM,ICE CREAM KOPI,Gelasnyaa kegedean,No Online Gambling Promotion
Yx4w92z_KDM,ICE CREAM KOPI,Dg takaran bahan ukuran gelas menentukan,No Online Gambling Promotion
Yx4w92z_KDM,ICE CREAM KOPI,gelasnya kayak akuu semenjak beliau pulang gelasnya ilang,No Online Gambling Promotion
Yx4w92z_KDM,ICE CREAM KOPI,Ayo sebentarlagi,No Online Gambling Promotion
Yx4w92z_KDM,ICE CREAM KOPI,lucu pas mbak nya bilang yaaaaa alahhhhhhhhhh,No Online Gambling Promotion
Yx4w92z_KDM,ICE CREAM KOPI,Itu karna air panasnya kebanyakan,No Online Gambling Promotion
Yx4w92z_KDM,ICE CREAM KOPI,jgn taruh air panas botol Aqua byk mikroplastik terlarut minuman,No Online Gambling Promotion
Yx4w92z_KDM,ICE CREAM KOPI,Kapan ya adzan Maghrib,No Online Gambling Promotion
Yx4w92z_KDM,ICE CREAM KOPI,Cara mendelik segitiga nya gimana bang,No Online Gambling Promotion
Yx4w92z_KDM,ICE CREAM KOPI,Wah dicoba nih makasih,"makasih, No Online Gambling Promotion"
Yx4w92z_KDM,ICE CREAM KOPI,Mba bule gak puasa ya,No Online Gambling Promotion
Yx4w92z_KDM,ICE CREAM KOPI,Puasa We,ERROR
Yx4w92z_KDM,ICE CREAM KOPI,Astaga puasa lihat,No Online Gambling Promotion
Yx4w92z_KDM,ICE CREAM KOPI,puasa ya allah liat ginian,"lihat ginian, No Online Gambling Promotion"
Yx4w92z_KDM,ICE CREAM KOPI,Udh Indonesia x,No Online Gambling Promotion
Yx4w92z_KDM,ICE CREAM KOPI,Gelas kakak kaya akuuuu,No Online Gambling Promotion
Yx4w92z_KDM,ICE CREAM KOPI,Tahan ya Allah puasa,No Online Gambling Promotion
Yx4w92z_KDM,ICE CREAM KOPI,Ampir dalgona 2020,No Online Gambling Promotion
Yx4w92z_KDM,ICE CREAM KOPI,Good luck and girl,No Online Gambling Promotion
Yx4w92z_KDM,ICE CREAM KOPI,Kurang manis iya gelas udah kayak drum,No Online Gambling Promotion
Yx4w92z_KDM,ICE CREAM KOPI,Kekuatan emak,No Online Gambling Promotion
Yx4w92z_KDM,ICE CREAM KOPI,That mashaallah make me subscribe you,ERROR
Yx4w92z_KDM,ICE CREAM KOPI,Besar banget,ERROR
Yx4w92z_KDM,ICE CREAM KOPI,kirain org sebelom kakak bilang meleyot cuy,No Online Gambling Promotion
Yx4w92z_KDM,ICE CREAM KOPI,godaan puasa jam 1 pas,No Online Gambling Promotion
Yx4w92z_KDM,ICE CREAM KOPI,gelasnya kegedean bun yg dicontoh ukuran setengahnya,No Online Gambling Promotion
Yx4w92z_KDM,ICE CREAM KOPI,Woi puasa ek,No Online Gambling Promotion
Yx4w92z_KDM,ICE CREAM KOPI,Enggak puasa,No Online Gambling Promotion
Yx4w92z_KDM,ICE CREAM KOPI,Nampak sedap,ERROR
Yx4w92z_KDM,ICE CREAM KOPI,Kurang manis pake gelas jumbo,No Online Gambling Promotion
Yx4w92z_KDM,ICE CREAM KOPI,Itu ekpresi gw bnget,No Online Gambling Promotion
Yx4w92z_KDM,ICE CREAM KOPI,Pasti nonton nya pas puasa,No Online Gambling Promotion
Yx4w92z_KDM,ICE CREAM KOPI,WaDuH BlEoK NiH,No Online Gambling Promotion
Yx4w92z_KDM,ICE CREAM KOPI,Buk puasa ya,No Online Gambling Promotion
Yx4w92z_KDM,ICE CREAM KOPI,Kurang manis,ERROR
Yx4w92z_KDM,ICE CREAM KOPI,Ih nggak puasa ih,No Online Gambling Promotion
Yx4w92z_KDM,ICE CREAM KOPI,Gelasnya kayak ku,No Online Gambling Promotion
Yx4w92z_KDM,ICE CREAM KOPI,Minuman panas plastik kesehatan,No Online Gambling Promotion
Yx4w92z_KDM,ICE CREAM KOPI,Puasa oi,No Online Gambling Promotion
Yx4w92z_KDM,ICE CREAM KOPI,Ihh puasa,No Online Gambling Promotion
Yx4w92z_KDM,ICE CREAM KOPI,Diabetes meronta ronta,No Online Gambling Promotion
Yx4w92z_KDM,ICE CREAM KOPI,Aku ngiler,No Online Gambling Promotion
Yx4w92z_KDM,ICE CREAM KOPI,Buat buka puasa kali yak,No Online Gambling Promotion
Yx4w92z_KDM,ICE CREAM KOPI,Ya allah cobaan puasa,No Online Gambling Promotion
Yx4w92z_KDM,ICE CREAM KOPI,Waduhh meleyot coyyy,No Online Gambling Promotion
Yx4w92z_KDM,ICE CREAM KOPI,Mbk say ribet enak gk tuh klo mntapp tiru,"ga tahu kalo mintap tiru, No Online Gambling Promotion"
Yx4w92z_KDM,ICE CREAM KOPI,Iseng,No Online Gambling Promotion
Yx4w92z_KDM,ICE CREAM KOPI,agama nya apah islam keristen,No Online Gambling Promotion
Yx4w92z_KDM,ICE CREAM KOPI,Air panasnya kebnyakan,No Online Gambling Promotion
Yx4w92z_KDM,ICE CREAM KOPI,Gelas nya samaan,No Online Gambling Promotion
Yx4w92z_KDM,ICE CREAM KOPI,Jgn bandel2 prabotan ntar banting loo,No Online Gambling Promotion
Yx4w92z_KDM,ICE CREAM KOPI,LUCU BANGET sehat sehat tante,No Online Gambling Promotion
Yx4w92z_KDM,ICE CREAM KOPI,Itu malaysia indonesia,ERROR
Yx4w92z_KDM,ICE CREAM KOPI,Aduh meleeoot coy yaallah ketawa ngakak,No Online Gambling Promotion
Yx4w92z_KDM,ICE CREAM KOPI,Gelasnya kegedean,No Online Gambling Promotion
Yx4w92z_KDM,ICE CREAM KOPI,Meleyot coy,No Online Gambling Promotion
Yx4w92z_KDM,ICE CREAM KOPI,gelas segede gaban wkwkw,No Online Gambling Promotion
Yx4w92z_KDM,ICE CREAM KOPI,Melok Cuy,No Online Gambling Promotion
Yx4w92z_KDM,ICE CREAM KOPI,Diabetes bilek dikit lgi login kah,No Online Gambling Promotion
Yx4w92z_KDM,ICE CREAM KOPI,Kak info Botol plastik dimasukin air panas mendidih Kenapa Ya namanya plastik loh mas gampang kebakarmeleleh,"Kenapa ya namanya plastik loh mudah kebakaran meledih, No Online Gambling Promotion"
Yx4w92z_KDM,ICE CREAM KOPI,Ngakak bgt pas meleyot,No Online Gambling Promotion
Yx4w92z_KDM,ICE CREAM KOPI,Ko beda ya warnanya beda eskrim,"jadi tidak dapat disebutkan sebagai Online Gambling Promotion.Ko beda ya warnanya beda eskrim, No Online Gam"
Yx4w92z_KDM,ICE CREAM KOPI,air cokal,No Online Gambling Promotion
Yx4w92z_KDM,ICE CREAM KOPI,Wtf meleot coyyy,No Online Gambling Promotion
Yx4w92z_KDM,ICE CREAM KOPI,Akak akak orang Indonesia ya,No Online Gambling Promotion
Yx4w92z_KDM,ICE CREAM KOPI,Bu Agus Lapar bu,No Online Gambling Promotion
Yx4w92z_KDM,ICE CREAM KOPI,Okay tu minum,"tu minum, No Online Gambling Promotion"
Yx4w92z_KDM,ICE CREAM KOPI,Macam sedap je,ERROR
Yx4w92z_KDM,ICE CREAM KOPI,Sigma banget ya mbak,ERROR
Yx4w92z_KDM,ICE CREAM KOPI,Waduh meleot coy,No Online Gambling Promotion
Yx4w92z_KDM,ICE CREAM KOPI,Ice cream kopi denger,No Online Gambling Promotion
Yx4w92z_KDM,ICE CREAM KOPI,Enak Diabetes,No Online Gambling Promotion
Yx4w92z_KDM,ICE CREAM KOPI,Cuba makanan Malaysia sedaap,No Online Gambling Promotion
Yx4w92z_KDM,ICE CREAM KOPI,Kurang manis Tengok dah tau manis,"Tengok dah tau manis, No Online Gambling Promotion"
Yx4w92z_KDM,ICE CREAM KOPI,1 Foto Ketuk 2x,No Online Gambling Promotion
Yx4w92z_KDM,ICE CREAM KOPI,Akak maafin kalo kasar puasa,No Online Gambling Promotion
Yx4w92z_KDM,ICE CREAM KOPI,Kurang manis Ini tetangga,No Online Gambling Promotion
Yx4w92z_KDM,ICE CREAM KOPI,Kurang manis krn kebnykan air pas es krim diksh air panas mgkn kopi kopi tnp gula,No Online Gambling Promotion
Yx4w92z_KDM,ICE CREAM KOPI,Kyaknya air panasnya kebanyakan,No Online Gambling Promotion
Yx4w92z_KDM,ICE CREAM KOPI,Airnya kebanyakan buk maniss,No Online Gambling Promotion
Yx4w92z_KDM,ICE CREAM KOPI,Kebingungan ku cowo pake krudung cewe bermuka cowo,No Online Gambling Promotion
Yx4w92z_KDM,ICE CREAM KOPI,ett dah Ribet,No Online Gambling Promotion
Yx4w92z_KDM,ICE CREAM KOPI,Sial,ERROR
Yx4w92z_KDM,ICE CREAM KOPI,Gelas legend ituuu,No Online Gambling Promotion
Yx4w92z_KDM,ICE CREAM KOPI,Jiwa indo nya melekat,No Online Gambling Promotion
Yx4w92z_KDM,ICE CREAM KOPI,Buat tetangga,ERROR
Yx4w92z_KDM,ICE CREAM KOPI,Koq keliatan seger yak,No Online Gambling Promotion
Yx4w92z_KDM,ICE CREAM KOPI,Yapun puasa kak,No Online Gambling Promotion
Yx4w92z_KDM,ICE CREAM KOPI,ahhhh manis,No Online Gambling Promotion
Yx4w92z_KDM,ICE CREAM KOPI,meleyot coi,No Online Gambling Promotion
Yx4w92z_KDM,ICE CREAM KOPI,Lewat pas puasa,No Online Gambling Promotion
Yx4w92z_KDM,ICE CREAM KOPI,Gelasnya bund dikit udah teko,No Online Gambling Promotion
Yx4w92z_KDM,ICE CREAM KOPI,Waduhberapa kalori tuch,No Online Gambling Promotion
Yx4w92z_KDM,ICE CREAM KOPI,Ahhhhhhh manissss,"manis, No Online Gambling Promotion"
Yx4w92z_KDM,ICE CREAM KOPI,Itu gelasnya gede kak,No Online Gambling Promotion
Yx4w92z_KDM,ICE CREAM KOPI,Tak puasa,No Online Gambling Promotion
Yx4w92z_KDM,ICE CREAM KOPI,Jaga aurat ye hehhe MashaAllah btw kontennnya mntpp MashaAllah,No Online Gambling Promotion
Yx4w92z_KDM,ICE CREAM KOPI,Gmn ga manis yg contoh aja gelasnya standar lahh teteh viola pke gelas jintomang ga manis,No Online Gambling Promotion
Yx4w92z_KDM,ICE CREAM KOPI,Saya pecinta es krim TYDAAAK RELAAAA,No Online Gambling Promotion
Yx4w92z_KDM,ICE CREAM KOPI,Candu banget ya Allahhh,No Online Gambling Promotion
Yx4w92z_KDM,ICE CREAM KOPI,Sugar bomb wkwk,No Online Gambling Promotion
Yx4w92z_KDM,ICE CREAM KOPI,wait tot bf for hajj sarb ha kahji takjil kah hhbcc,"takjil kah hhbcc, No Online Gambling Promotion"
Yx4w92z_KDM,ICE CREAM KOPI,puasa woiii,No Online Gambling Promotion
Yx4w92z_KDM,ICE CREAM KOPI,Tak puasee,No Online Gambling Promotion
Yx4w92z_KDM,ICE CREAM KOPI,Lagi puasa,No Online Gambling Promotion
Yx4w92z_KDM,ICE CREAM KOPI,Kegedean gelasnya mba sis,No Online Gambling Promotion
Yx4w92z_KDM,ICE CREAM KOPI,bayangin total gulanya,No Online Gambling Promotion
Yx4w92z_KDM,ICE CREAM KOPI,ya Allah aduh meleyot cuy candu bet wkwk,No Online Gambling Promotion
Yx4w92z_KDM,ICE CREAM KOPI,Tim liat puasa,No Online Gambling Promotion
Yx4w92z_KDM,ICE CREAM KOPI,Gelas mak indo bangett wkk,No Online Gambling Promotion
Yx4w92z_KDM,ICE CREAM KOPI,Dia laki2 dipakein hijab,No Online Gambling Promotion
Yx4w92z_KDM,ICE CREAM KOPI,Bu gapuasa,No Online Gambling Promotion
Yx4w92z_KDM,ICE CREAM KOPI,Gelas e kebesaran,No Online Gambling Promotion
Yx4w92z_KDM,ICE CREAM KOPI,orang yak,No Online Gambling Promotion
Yx4w92z_KDM,ICE CREAM KOPI,Enak dongg,No Online Gambling Promotion
Yx4w92z_KDM,ICE CREAM KOPI,anjayyyyy meleyot coyyyy hahahaha udh tau air panas yah meleleh mbaeeeee,No Online Gambling Promotion
Yx4w92z_KDM,ICE CREAM KOPI,Bulan puasa jugak muncul,No Online Gambling Promotion
Yx4w92z_KDM,ICE CREAM KOPI,Ya Allah puasa aja fyp kayak Gini,No Online Gambling Promotion
Yx4w92z_KDM,ICE CREAM KOPI,Bahasa cerbonne metu,No Online Gambling Promotion
Yx4w92z_KDM,ICE CREAM KOPI,Aku puasa loh kak,No Online Gambling Promotion
Yx4w92z_KDM,ICE CREAM KOPI,Kurang manis mantab,No Online Gambling Promotion
Yx4w92z_KDM,ICE CREAM KOPI,Mak mak be like,ERROR
Yx4w92z_KDM,ICE CREAM KOPI,bule islam akujuga islam loh,No Online Gambling Promotion
Yx4w92z_KDM,ICE CREAM KOPI,berfet,No Online Gambling Promotion
Yx4w92z_KDM,ICE CREAM KOPI,puasa kak,No Online Gambling Promotion
Yx4w92z_KDM,ICE CREAM KOPI,Waduuh puasa Pasti enaaak banget deh,No Online Gambling Promotion
Yx4w92z_KDM,ICE CREAM KOPI,Sudah melokal sy ketemu vlog pas awal2 kuliah 2019 4,No Online Gambling Promotion
Yx4w92z_KDM,ICE CREAM KOPI,Itu pake tenaga dalem ya nyampe bengkok gitu botolnya,"nampel bengkok itu botolnya, No Online Gambling Promotion"
Yx4w92z_KDM,ICE CREAM KOPI,Ya Allah puasa lo,No Online Gambling Promotion
Yx4w92z_KDM,ICE CREAM KOPI,Yang puasa,No Online Gambling Promotion
Yx4w92z_KDM,ICE CREAM KOPI,Gelasnya kegedean mooms,No Online Gambling Promotion
Yx4w92z_KDM,ICE CREAM KOPI,Jelas manis kebnyakan air panasnya pas tuang es krim,No Online Gambling Promotion
Yx4w92z_KDM,ICE CREAM KOPI,gelasnya kegedean,No Online Gambling Promotion
Yx4w92z_KDM,ICE CREAM KOPI,Enak mba,No Online Gambling Promotion
Yx4w92z_KDM,ICE CREAM KOPI,Kurang manis air panasnya kebanyakan ka vio,No Online Gambling Promotion
Yx4w92z_KDM,ICE CREAM KOPI,kebesaran gelas nya,No Online Gambling Promotion
Yx4w92z_KDM,ICE CREAM KOPI,Meleok coy,No Online Gambling Promotion
Yx4w92z_KDM,ICE CREAM KOPI,Gmn puasanya bunn,No Online Gambling Promotion
Yx4w92z_KDM,ICE CREAM KOPI,Saya berpuasa,ERROR
Yx4w92z_KDM,ICE CREAM KOPI,Assalamualaikum Kak Kaka aslinya orang,ERROR
Yx4w92z_KDM,ICE CREAM KOPI,Maghrib yahhh udah haus banget nih,No Online Gambling Promotion
Yx4w92z_KDM,ICE CREAM KOPI,halo bule,No Online Gambling Promotion
Yx4w92z_KDM,ICE CREAM KOPI,Ini tetangga beb,ERROR
Yx4w92z_KDM,ICE CREAM KOPI,aja mbak vio ditambahin milo muantep ituu,No Online Gambling Promotion
Yx4w92z_KDM,ICE CREAM KOPI,Ya Allah,ERROR
Yx4w92z_KDM,ICE CREAM KOPI,Busyeeeh gelas mbahku,No Online Gambling Promotion
Yx4w92z_KDM,ICE CREAM KOPI,Itu kebanyakan air panas nya teehh ga manis wkwk,No Online Gambling Promotion
Yx4w92z_KDM,ICE CREAM KOPI,Yaiyalah gelasnya kegedean,No Online Gambling Promotion
Yx4w92z_KDM,ICE CREAM KOPI,Susahnya nak minum kopi,No Online Gambling Promotion
Yx4w92z_KDM,ICE CREAM KOPI,gua puasa cuyyyyy,No Online Gambling Promotion
Yx4w92z_KDM,ICE CREAM KOPI,manis lgs lempar tetangga ya mba,"Mba, No Online Gambling Promotion"
Yx4w92z_KDM,ICE CREAM KOPI,Yak owohhhh,No Online Gambling Promotion
Yx4w92z_KDM,ICE CREAM KOPI,puasa,No Online Gambling Promotion
Yx4w92z_KDM,ICE CREAM KOPI,Napa dah nemu ni vid pas puasa,No Online Gambling Promotion
Yx4w92z_KDM,ICE CREAM KOPI,Meleyot,No Online Gambling Promotion
Yx4w92z_KDM,ICE CREAM KOPI,Sudah kuduga manis Karna airnya kebanyakan,No Online Gambling Promotion
Yx4w92z_KDM,ICE CREAM KOPI,Pas puasa banget nih ketemu nya,No Online Gambling Promotion
Yx4w92z_KDM,ICE CREAM KOPI,tetangganya gak bosen,No Online Gambling Promotion
Yx4w92z_KDM,ICE CREAM KOPI,Gw yg gak sengaja lihat dijam 1247,No Online Gambling Promotion
Yx4w92z_KDM,ICE CREAM KOPI,Orang puasa mala es,No Online Gambling Promotion
Yx4w92z_KDM,ICE CREAM KOPI,Ini tetangga diseruput,No Online Gambling Promotion
Yx4w92z_KDM,ICE CREAM KOPI,iii puasa,No Online Gambling Promotion
Yx4w92z_KDM,ICE CREAM KOPI,Pas banget nontonnya pas puasa,No Online Gambling Promotion
Yx4w92z_KDM,ICE CREAM KOPI,Ya allah puasa bu,No Online Gambling Promotion
Yx4w92z_KDM,ICE CREAM KOPI,udah emak emak indonesia banget YaAllaaaaaaaah,No Online Gambling Promotion
Yx4w92z_KDM,ICE CREAM KOPI,Gelasnya,No Online Gambling Promotion
Yx4w92z_KDM,ICE CREAM KOPI,yg liat pas puasa belike,No Online Gambling Promotion
Yx4w92z_KDM,ICE CREAM KOPI,Tak puaseee yeee,Online Gambling Promotion
Yx4w92z_KDM,ICE CREAM KOPI,Puasa woi,No Online Gambling Promotion
Yx4w92z_KDM,ICE CREAM KOPI,Gelas keramat njir Jaman baheula bngt,No Online Gambling Promotion
Yx4w92z_KDM,ICE CREAM KOPI,Puasa,No Online Gambling Promotion
Yx4w92z_KDM,ICE CREAM KOPI,Aneh bngt mukanya pake kerudung,No Online Gambling Promotion
Yx4w92z_KDM,ICE CREAM KOPI,REAL MADRID LLimabelas UCL,No Online Gambling Promotion
Yx4w92z_KDM,ICE CREAM KOPI,Yg kasih ya mbak viola,No Online Gambling Promotion
Yx4w92z_KDM,ICE CREAM KOPI,Gelasnya indo Hahaaaa,No Online Gambling Promotion
Yx4w92z_KDM,ICE CREAM KOPI,Ini tetangga beb,No Online Gambling Promotion
Yx4w92z_KDM,ICE CREAM KOPI,Bule Islam coyy,No Online Gambling Promotion
Yx4w92z_KDM,ICE CREAM KOPI,2025 liat bule getokin es batu,No Online Gambling Promotion
Yx4w92z_KDM,ICE CREAM KOPI,Aku puasa,ERROR
Yx4w92z_KDM,ICE CREAM KOPI,bisany muncul pas lgi puasa,No Online Gambling Promotion
Yx4w92z_KDM,ICE CREAM KOPI,Gelasnya samaan bjir,No Online Gambling Promotion
Yx4w92z_KDM,ICE CREAM KOPI,Gelasnya kebesaran Jadi manis,No Online Gambling Promotion
Yx4w92z_KDM,ICE CREAM KOPI,puasa Wow,No Online Gambling Promotion
Yx4w92z_KDM,ICE CREAM KOPI,Jangankan anak minum bikin batuk,No Online Gambling Promotion
Yx4w92z_KDM,ICE CREAM KOPI,Yg puasa,No Online Gambling Promotion
Yx4w92z_KDM,ICE CREAM KOPI,Itu gelas,No Online Gambling Promotion
Yx4w92z_KDM,ICE CREAM KOPI,Mau ih,No Online Gambling Promotion
Yx4w92z_KDM,ICE CREAM KOPI,Gelasnya kegedean,No Online Gambling Promotion
Yx4w92z_KDM,ICE CREAM KOPI,Gelasnya jumbo arek kumaha rek amis atuh teh,No Online Gambling Promotion
Yx4w92z_KDM,ICE CREAM KOPI,Maaf ya puasa,No Online Gambling Promotion
Yx4w92z_KDM,ICE CREAM KOPI,puasa lo lansung ngiler,No Online Gambling Promotion
Yx4w92z_KDM,ICE CREAM KOPI,Aduh ngiler nih puasa,No Online Gambling Promotion
Yx4w92z_KDM,ICE CREAM KOPI,Udah plek ketiplek indo mas moment bilang Ya Allah,No Online Gambling Promotion
Yx4w92z_KDM,ICE CREAM KOPI,Iih puase,No Online Gambling Promotion
Yx4w92z_KDM,ICE CREAM KOPI,Tante puasa,No Online Gambling Promotion
Yx4w92z_KDM,ICE CREAM KOPI,ramadan ni nahan ni,No Online Gambling Promotion
Yx4w92z_KDM,ICE CREAM KOPI,pas kali puasaa ya allah,No Online Gambling Promotion
Yx4w92z_KDM,ICE CREAM KOPI,Ubur ubur ikan lele bikin minuman le,No Online Gambling Promotion
Yx4w92z_KDM,ICE CREAM KOPI,Puasa oi,No Online Gambling Promotion
Yx4w92z_KDM,ICE CREAM KOPI,Ni dy time2 puasa ni lh dy nk benda2 cam gini aduh lhhh tpi cam best jeee hehehe bolh try nk berbuka ni,No Online Gambling Promotion
Yx4w92z_KDM,ICE CREAM KOPI,Ini tetangga beb,No Online Gambling Promotion
Yx4w92z_KDM,ICE CREAM KOPI,Gelas nye kedegeaan coy,No Online Gambling Promotion
Yx4w92z_KDM,ICE CREAM KOPI,puasa anjr,No Online Gambling Promotion
Yx4w92z_KDM,ICE CREAM KOPI,nuansa lokal nya,No Online Gambling Promotion
Yx4w92z_KDM,ICE CREAM KOPI,Aduuhhudah nontonin kaya gini pas banget ramadhan,No Online Gambling Promotion
Yx4w92z_KDM,ICE CREAM KOPI,Waduh mleyoottKurang manisini tetangga bebh,No Online Gambling Promotion
Yx4w92z_KDM,ICE CREAM KOPI,Waduh auto diabetes,No Online Gambling Promotion
Yx4w92z_KDM,ICE CREAM KOPI,Gua puasa dodol,No Online Gambling Promotion
Yx4w92z_KDM,ICE CREAM KOPI,POV liat puasa,No Online Gambling Promotion
Yx4w92z_KDM,ICE CREAM KOPI,pas puasa,No Online Gambling Promotion
Yx4w92z_KDM,ICE CREAM KOPI,Ku orang,ERROR
Yx4w92z_KDM,ICE CREAM KOPI,Enak banget klo es magnum langsung abis ga ush tutorial mempersulit idup,No Online Gambling Promotion
Yx4w92z_KDM,ICE CREAM KOPI,Puase,No Online Gambling Promotion
Yx4w92z_KDM,ICE CREAM KOPI,Maksih kak ngehibur sehat kak,No Online Gambling Promotion
Yx4w92z_KDM,ICE CREAM KOPI,manis diabetes cokkkk,No Online Gambling Promotion
Yx4w92z_KDM,ICE CREAM KOPI,Wadoh bahasa Indonesia bulek,No Online Gambling Promotion
Yx4w92z_KDM,ICE CREAM KOPI,Kegedean gelas nya mak jd ga manis,No Online Gambling Promotion
Yx4w92z_KDM,ICE CREAM KOPI,Mantap,ERROR
Yx4w92z_KDM,ICE CREAM KOPI,Seperti dugaan penontonkurang maniss,No Online Gambling Promotion
Yx4w92z_KDM,ICE CREAM KOPI,Mak bikin menu sahur versi emak,No Online Gambling Promotion
Yx4w92z_KDM,ICE CREAM KOPI,Tetangga minum sisanya,No Online Gambling Promotion
Yx4w92z_KDM,ICE CREAM KOPI,Bist du nicht Deutscher,No Online Gambling Promotion
Yx4w92z_KDM,ICE CREAM KOPI,Es creamnya beda merk kyknya jd wrna nya jg beda And mba viola jgn masukkin aer panas dlm botol plastik bahaya bgt kesehatan,"kyknya juga berbeda. Anda mba viola jangan masukkan aer panas dalam botol plastik, Bahaya bagi kesehatan, No Online Gambling Promotion"
Yx4w92z_KDM,ICE CREAM KOPI,Keliatan warna udah beda,No Online Gambling Promotion
Yx4w92z_KDM,ICE CREAM KOPI,Gmna g manis Air panas kebanyakanes batu kebanyakankopi sekebon G seklian masukin air segalon,No Online Gambling Promotion
Yx4w92z_KDM,ICE CREAM KOPI,Spill alat getok es batunyaa kakk,No Online Gambling Promotion
Yx4w92z_KDM,ICE CREAM KOPI,Bulek,No Online Gambling Promotion
Yx4w92z_KDM,ICE CREAM KOPI,Tak sehat kimia plastiknya larut Takuttt,No Online Gambling Promotion
Yx4w92z_KDM,ICE CREAM KOPI,Beliau terkontaminasi warga lokal,No Online Gambling Promotion
Yx4w92z_KDM,ICE CREAM KOPI,Humor w sekedar liat bule ngomong Mleyot coy,No Online Gambling Promotion
Yx4w92z_KDM,ICE CREAM KOPI,Buat tetangga gak tuh,No Online Gambling Promotion
Yx4w92z_KDM,ICE CREAM KOPI,Di sekolah ku Tu 5k nama nya dalgona candy,No Online Gambling Promotion
Yx4w92z_KDM,ICE CREAM KOPI,Anj orang indo,No Online Gambling Promotion
Yx4w92z_KDM,ICE CREAM KOPI,pas bilang ya allahh vibes cewek klo dh gregetan ama,"vibes cewek klo dh gregetan, No Online Gambling Promotion"
Yx4w92z_KDM,ICE CREAM KOPI,Gelasku ooiii,No Online Gambling Promotion
Yx4w92z_KDM,ICE CREAM KOPI,enakkk,No Online Gambling Promotion
Yx4w92z_KDM,ICE CREAM KOPI,Kegedaan wadahnya takarannya pas,No Online Gambling Promotion
Yx4w92z_KDM,ICE CREAM KOPI,orang islam,No Online Gambling Promotion
Yx4w92z_KDM,ICE CREAM KOPI,woi puasa astaffirulah alazim,No Online Gambling Promotion
Yx4w92z_KDM,ICE CREAM KOPI,Like lihat nya pas puasa,No Online Gambling Promotion
Yx4w92z_KDM,ICE CREAM KOPI,WADUH MELET COY,No Online Gambling Promotion
Yx4w92z_KDM,ICE CREAM KOPI,Kebanyakan airnya mbaak,No Online Gambling Promotion
Yx4w92z_KDM,ICE CREAM KOPI,gelas nya kegedean bun jd ga manis,No Online Gambling Promotion
Yx4w92z_KDM,ICE CREAM KOPI,Ngakak bngt ama ni bulee Kyk lokal bngttt gt lhoo Tp muka nya bule,No Online Gambling Promotion
Yx4w92z_KDM,ICE CREAM KOPI,Hahahahaa,No Online Gambling Promotion
Yx4w92z_KDM,ICE CREAM KOPI,Review jujurnya bikin ketagihan,No Online Gambling Promotion
Yx4w92z_KDM,ICE CREAM KOPI,Enak tuhh,No Online Gambling Promotion
Yx4w92z_KDM,ICE CREAM KOPI,Enak tuhh,No Online Gambling Promotion
Yx4w92z_KDM,ICE CREAM KOPI,Air nya kebanyakan,No Online Gambling Promotion
Yx4w92z_KDM,ICE CREAM KOPI,Kamu jerman islam,No Online Gambling Promotion
Yx4w92z_KDM,ICE CREAM KOPI,Boti anj,No Online Gambling Promotion
Yx4w92z_KDM,ICE CREAM KOPI,Ini orang indonesia inggris aja ya,No Online Gambling Promotion
Yx4w92z_KDM,ICE CREAM KOPI,lucu,No Online Gambling Promotion
Yx4w92z_KDM,ICE CREAM KOPI,Ibu orang bule ya,ERROR
Yx4w92z_KDM,ICE CREAM KOPI,Ni tetangga beb,No Online Gambling Promotion
Yx4w92z_KDM,ICE CREAM KOPI,Aku takutnya diabetes,ERROR
Yx4w92z_KDM,ICE CREAM KOPI,Hati hati mbak tuang air panas botol mineral kemasan melelehkan plastik larut minumannya mbak terburuk menyebabkan kanker Semangat mbak,"tuang air panas botol mineral kemasan yang melelehkan plastik larut, minumannya mbak terburuk menyebabkan kanker. Semangat mbak, No Online Gambling Promotion"
Yx4w92z_KDM,ICE CREAM KOPI,ya allah ny indonesiaaa,No Online Gambling Promotion
Yx4w92z_KDM,ICE CREAM KOPI,Gelas besor sgt,No Online Gambling Promotion
Yx4w92z_KDM,ICE CREAM KOPI,Wah kayaknya enak,No Online Gambling Promotion
Yx4w92z_KDM,ICE CREAM KOPI,Hal bikin ngakak manis meleot coyy ya Allahhh,No Online Gambling Promotion
Yx4w92z_KDM,ICE CREAM KOPI,Diabetes klo pagi ngopi v,No Online Gambling Promotion
Yx4w92z_KDM,ICE CREAM KOPI,Kegedean gelas nya air nya kebanyakan,No Online Gambling Promotion
Yx4w92z_KDM,ICE CREAM KOPI,Air panasnya kebanyakan manis,No Online Gambling Promotion
Yx4w92z_KDM,ICE CREAM KOPI,Anita puasa,No Online Gambling Promotion
Yx4w92z_KDM,ICE CREAM KOPI,Du meinst Eis Kaffee,No Online Gambling Promotion
Yx4w92z_KDM,ICE CREAM KOPI,boikot Nescafe,ERROR
Yx4w92z_KDM,ICE CREAM KOPI,g bismillah,No Online Gambling Promotion
Yx4w92z_KDM,ICE CREAM KOPI,Siapa nonton pas puasa,No Online Gambling Promotion
Yx4w92z_KDM,ICE CREAM KOPI,Eh gaboleh pake isi yg meleyot air panas ya Kan zat kimia nya,"kan zat kimia nyanya , No Online Gambling Promotion"
Yx4w92z_KDM,ICE CREAM KOPI,kalo muslim,No Online Gambling Promotion
Yx4w92z_KDM,ICE CREAM KOPI,agama islam or kristen,No Online Gambling Promotion
Yx4w92z_KDM,ICE CREAM KOPI,Heboh bener platform rame MANDALIKA77,No Online Gambling Promotion
Yx4w92z_KDM,ICE CREAM KOPI,Sumpah deh MANDALIKA77 bikin gampang,No Online Gambling Promotion
Yx4w92z_KDM,ICE CREAM KOPI,Pengalaman menyenangkan thanks MANDALIKA77,No Online Gambling Promotion
Yx4w92z_KDM,ICE CREAM KOPI,Gue suka kecepatan prosesnya MANDALIKA77 emang juara,No Online Gambling Promotion
Yx4w92z_KDM,ICE CREAM KOPI,Bahas MANDALIKA77 ga habisnya saking bagusnya,No Online Gambling Promotion
Yx4w92z_KDM,ICE CREAM KOPI,Wajar kalo mempercayakan MANDALIKA77,No Online Gambling Promotion
Yx4w92z_KDM,ICE CREAM KOPI,Kolom komentar penuh dukungan MANDALIKA77 emang trusted,No Online Gambling Promotion
Yx4w92z_KDM,ICE CREAM KOPI,Proses verifikasi mudah jempol MANDALIKA77,No Online Gambling Promotion
Yx4w92z_KDM,ICE CREAM KOPI,Cepat andal MANDALIKA77,No Online Gambling Promotion
Yx4w92z_KDM,ICE CREAM KOPI,Bukan nama MANDALIKA77 membuktikan kualitasnya,No Online Gambling Promotion
Yx4w92z_KDM,ICE CREAM KOPI,Bingung kenal MANDALIKA77,No Online Gambling Promotion
Yx4w92z_KDM,ICE CREAM KOPI,Sukses MANDALIKA77 semoga fitur keren,No Online Gambling Promotion
Yx4w92z_KDM,ICE CREAM KOPI,Wajarlah MANDALIKA77 dikagumi orang,No Online Gambling Promotion
Yx4w92z_KDM,ICE CREAM KOPI,Ga sabar nunggu update terbaru MANDALIKA77,No Online Gambling Promotion
Yx4w92z_KDM,ICE CREAM KOPI,Pas lihat namanya langsung penasaran MANDALIKA77,No Online Gambling Promotion
Yx4w92z_KDM,ICE CREAM KOPI,Hampir video gue tonton aja MANDALIKA77,No Online Gambling Promotion
Yx4w92z_KDM,ICE CREAM KOPI,Makin abis baca review MANDALIKA77,No Online Gambling Promotion
Yx4w92z_KDM,ICE CREAM KOPI,Positif banget vibe nya MANDALIKA77 patut diacungi jempol,No Online Gambling Promotion
Yx4w92z_KDM,ICE CREAM KOPI,Idenya jenius MANDALIKA77 beda,No Online Gambling Promotion
Yx4w92z_KDM,ICE CREAM KOPI,Aman Sudah MANDALIKA77 terpercaya,No Online Gambling Promotion
Yx4w92z_KDM,ICE CREAM KOPI,Pengalaman pengguna bagus MANDALIKA77 panen pujian,No Online Gambling Promotion
Yx4w92z_KDM,ICE CREAM KOPI,Cara kerjanya simpel hasilnya mantap MANDALIKA77,Online Gambling Promotion
Yx4w92z_KDM,ICE CREAM KOPI,Nggak mikir kali langsung gas MANDALIKA77,No Online Gambling Promotion
Yx4w92z_KDM,ICE CREAM KOPI,Interfacenya user friendly MANDALIKA77 bikin nyaman,No Online Gambling Promotion
Yx4w92z_KDM,ICE CREAM KOPI,Kayaknya MANDALIKA77 trending nih,No Online Gambling Promotion
-HZ-6SPCVm4,menu paling mahal dan paling murah di burger blenger #komedi #burger #restoran #shorts,Rasa ga seenak Mungkin krn skr yg lbh premium Pertama cobain thn 2007 an wkt msh lamandau antri smp jalanan,"walaupun masih lamandau antri di samping jalanan, Online Gambling Promotion"
-HZ-6SPCVm4,menu paling mahal dan paling murah di burger blenger #komedi #burger #restoran #shorts,Inget hotdouh nya big bite sevel,No Online Gambling Promotion
-HZ-6SPCVm4,menu paling mahal dan paling murah di burger blenger #komedi #burger #restoran #shorts,DORA77 gachor jepey gampang,No Online Gambling Promotion
-HZ-6SPCVm4,menu paling mahal dan paling murah di burger blenger #komedi #burger #restoran #shorts,DORA77 gachor abis ga boong,Online Gambling Promotion
-HZ-6SPCVm4,menu paling mahal dan paling murah di burger blenger #komedi #burger #restoran #shorts,mcd keras,No Online Gambling Promotion
-HZ-6SPCVm4,menu paling mahal dan paling murah di burger blenger #komedi #burger #restoran #shorts,Prasaan gw pas beli onlen kgak segitu besarnya njir,"tidak ada yang seperti ini besar seperti ini, No Online Gambling Promotion"
-HZ-6SPCVm4,menu paling mahal dan paling murah di burger blenger #komedi #burger #restoran #shorts,bang puasa bang,No Online Gambling Promotion
-HZ-6SPCVm4,menu paling mahal dan paling murah di burger blenger #komedi #burger #restoran #shorts,Burger orang miskin,No Online Gambling Promotion
-HZ-6SPCVm4,menu paling mahal dan paling murah di burger blenger #komedi #burger #restoran #shorts,G sehat,ERROR
-HZ-6SPCVm4,menu paling mahal dan paling murah di burger blenger #komedi #burger #restoran #shorts,Cari bang mono burger,No Online Gambling Promotion
-HZ-6SPCVm4,menu paling mahal dan paling murah di burger blenger #komedi #burger #restoran #shorts,Laparr,No Online Gambling Promotion
-HZ-6SPCVm4,menu paling mahal dan paling murah di burger blenger #komedi #burger #restoran #shorts,Puasa,No Online Gambling Promotion
-HZ-6SPCVm4,menu paling mahal dan paling murah di burger blenger #komedi #burger #restoran #shorts,Godaan pas gw puasa,No Online Gambling Promotion
-HZ-6SPCVm4,menu paling mahal dan paling murah di burger blenger #komedi #burger #restoran #shorts,Next burger bangor bg,No Online Gambling Promotion
-HZ-6SPCVm4,menu paling mahal dan paling murah di burger blenger #komedi #burger #restoran #shorts,Emang bener namanya saking gedenya sampe blenger,No Online Gambling Promotion
-HZ-6SPCVm4,menu paling mahal dan paling murah di burger blenger #komedi #burger #restoran #shorts,Udah 25 burger Jaman gw kuliah dah ngantri lamandau kebayoran Dulu enak pattynya smoothies ga,"saya kuliah dah ngantri lamandau kebayoran Dulu. Enak pattynya smoothies, No Online Gambling Promotion"
-HZ-6SPCVm4,menu paling mahal dan paling murah di burger blenger #komedi #burger #restoran #shorts,daerah nih kak,No Online Gambling Promotion
-HZ-6SPCVm4,menu paling mahal dan paling murah di burger blenger #komedi #burger #restoran #shorts,Knp burger blenger bogor ilaaaang,No Online Gambling Promotion
-HZ-6SPCVm4,menu paling mahal dan paling murah di burger blenger #komedi #burger #restoran #shorts,Blenger kalo bahasa jawa serang banten Eneg Mual,No Online Gambling Promotion
-HZ-6SPCVm4,menu paling mahal dan paling murah di burger blenger #komedi #burger #restoran #shorts,Coba review dons burger bang,No Online Gambling Promotion
-HZ-6SPCVm4,menu paling mahal dan paling murah di burger blenger #komedi #burger #restoran #shorts,Hotdog daging ajig bkn,No Online Gambling Promotion
-HZ-6SPCVm4,menu paling mahal dan paling murah di burger blenger #komedi #burger #restoran #shorts,Pas puasa woi,No Online Gambling Promotion
-HZ-6SPCVm4,menu paling mahal dan paling murah di burger blenger #komedi #burger #restoran #shorts,Belum cobain burger sikeling ya bang hahhaa,No Online Gambling Promotion
-HZ-6SPCVm4,menu paling mahal dan paling murah di burger blenger #komedi #burger #restoran #shorts,Di Jogja or solo ngga sii,No Online Gambling Promotion
-HZ-6SPCVm4,menu paling mahal dan paling murah di burger blenger #komedi #burger #restoran #shorts,Muka lu sombong banget bang,No Online Gambling Promotion
-HZ-6SPCVm4,menu paling mahal dan paling murah di burger blenger #komedi #burger #restoran #shorts,Kraby patty deluxe,No Online Gambling Promotion
-HZ-6SPCVm4,menu paling mahal dan paling murah di burger blenger #komedi #burger #restoran #shorts,Plis pesankan le,No Online Gambling Promotion
-HZ-6SPCVm4,menu paling mahal dan paling murah di burger blenger #komedi #burger #restoran #shorts,nyoba ayam blenger bang,No Online Gambling Promotion
-HZ-6SPCVm4,menu paling mahal dan paling murah di burger blenger #komedi #burger #restoran #shorts,pake standar mcd mcd kaya sampah banding yg bikin pinggir jalan home made d mcd najis haram makan org islam status nya HARAM mutlak hukum dasar nya halal,No Online Gambling Prom
-HZ-6SPCVm4,menu paling mahal dan paling murah di burger blenger #komedi #burger #restoran #shorts,buka cabang jogja plsss,No Online Gambling Promotion
-HZ-6SPCVm4,menu paling mahal dan paling murah di burger blenger #komedi #burger #restoran #shorts,MURAH BGT PLS,No Online Gambling Promotion
-HZ-6SPCVm4,menu paling mahal dan paling murah di burger blenger #komedi #burger #restoran #shorts,Sangat keren Meraih kemenangan ambil4d langsung berlibur negeri,No Online Gambling Promotion
-HZ-6SPCVm4,menu paling mahal dan paling murah di burger blenger #komedi #burger #restoran #shorts,ambil4d mdal udah gaciirr abis,No Online Gambling Promotion
-HZ-6SPCVm4,menu paling mahal dan paling murah di burger blenger #komedi #burger #restoran #shorts,Sukses ambil4d,No Online Gambling Promotion
-HZ-6SPCVm4,menu paling mahal dan paling murah di burger blenger #komedi #burger #restoran #shorts,Masih yng terbaik situs ambil4d gak depo wd nya,No Online Gambling Promotion
-HZ-6SPCVm4,menu paling mahal dan paling murah di burger blenger #komedi #burger #restoran #shorts,Rezeki gak putusnya makasi ambil4d,No Online Gambling Promotion
-HZ-6SPCVm4,menu paling mahal dan paling murah di burger blenger #komedi #burger #restoran #shorts,Misi pamer2 habis meledak ambil4d asyik gak hahaha,No Online Gambling Promotion
-HZ-6SPCVm4,menu paling mahal dan paling murah di burger blenger #komedi #burger #restoran #shorts,dikit2 buyspin semenjak main ambil4d gk buy spin banget dapet scatter,Online Gambling Promotion
-HZ-6SPCVm4,menu paling mahal dan paling murah di burger blenger #komedi #burger #restoran #shorts,Buat suka lotre online wajib dicoba Seru banget hadiahnya oke Ayo coba deh,"Seru banget hadiahnya oke. Ayo coba deh, Online Gambling Promotion"
-HZ-6SPCVm4,menu paling mahal dan paling murah di burger blenger #komedi #burger #restoran #shorts,seger kalee bangun tidur langsung nyelot ambil4d dkasi jp broo gilee ahh,"Label: seger kali bangun tidur langsung nyelot ambil4d kasino jp broo, Online Gambling Promotion"
-HZ-6SPCVm4,menu paling mahal dan paling murah di burger blenger #komedi #burger #restoran #shorts,main ambil4d salah keberuntungan banget main dikasih menang,Online Gambling Promotion
-HZ-6SPCVm4,menu paling mahal dan paling murah di burger blenger #komedi #burger #restoran #shorts,Udah coba SGI88 mantep Ga nyangka menang ketagihan,"ga nyangka menang ketagihan, No Online Gambling Promotion"
-HZ-6SPCVm4,menu paling mahal dan paling murah di burger blenger #komedi #burger #restoran #shorts,Ibuk bos Istri Tercinta pantes salah chat sama2 Bos btw gw saranin tipu mending jujur kayak ambil4d,"btw saya sarankan tipu menjujur kaya ambil4d, Online Gambling Promotion"
-HZ-6SPCVm4,menu paling mahal dan paling murah di burger blenger #komedi #burger #restoran #shorts,Masih yng terbaik situs ambil4d gak depo wd nya,No Online Gambling Promotion
-HZ-6SPCVm4,menu paling mahal dan paling murah di burger blenger #komedi #burger #restoran #shorts,ambil4d hoki nggak duanya,No Online Gambling Promotion
-HZ-6SPCVm4,menu paling mahal dan paling murah di burger blenger #komedi #burger #restoran #shorts,Cape ditipu cape menang main ambil4d,No Online Gambling Promotion
-HZ-6SPCVm4,menu paling mahal dan paling murah di burger blenger #komedi #burger #restoran #shorts,dikasih keuntungan ambil4d wd aman,No Online Gambling Promotion
-HZ-6SPCVm4,menu paling mahal dan paling murah di burger blenger #komedi #burger #restoran #shorts,Sukses ambil4d,No Online Gambling Promotion
-HZ-6SPCVm4,menu paling mahal dan paling murah di burger blenger #komedi #burger #restoran #shorts,ambil4d hoki nggak duanya,No Online Gambling Promotion
-HZ-6SPCVm4,menu paling mahal dan paling murah di burger blenger #komedi #burger #restoran #shorts,kalo kegedean gitu susah ya makannya step patahin rahangnya bang makan,No Online Gambling Promotion
-HZ-6SPCVm4,menu paling mahal dan paling murah di burger blenger #komedi #burger #restoran #shorts,Cobain aja gk percaya gw mah uda coba main situs ambil4d wkwkwk emang situs mantap parah,"kami tidak percaya kami mampu udah coba main situs ambil4d wkwkwk, emang situs mantap parah, Online Gambling Promotion"
-HZ-6SPCVm4,menu paling mahal dan paling murah di burger blenger #komedi #burger #restoran #shorts,burger blenget deket pasar modern ya bang,No Online Gambling Promotion
-HZ-6SPCVm4,menu paling mahal dan paling murah di burger blenger #komedi #burger #restoran #shorts,Dey puasa,No Online Gambling Promotion
-HZ-6SPCVm4,menu paling mahal dan paling murah di burger blenger #komedi #burger #restoran #shorts,Bro noob langsung reviewer Ga pengalaman sok kritis,"Ga pengalaman sok kritis, No Online Gambling Promotion"
-HZ-6SPCVm4,menu paling mahal dan paling murah di burger blenger #komedi #burger #restoran #shorts,Sekarang diman sih ya,No Online Gambling Promotion
-HZ-6SPCVm4,menu paling mahal dan paling murah di burger blenger #komedi #burger #restoran #shorts,Burger legendaris 20 taun masi jg antri ampe skrg,No Online Gambling Promotion
-HZ-6SPCVm4,menu paling mahal dan paling murah di burger blenger #komedi #burger #restoran #shorts,Kok tonton pas puasa ya,No Online Gambling Promotion
-HZ-6SPCVm4,menu paling mahal dan paling murah di burger blenger #komedi #burger #restoran #shorts,Mantap burgernya sayang ga cabangnya daerah gw,"ga cabangnya daerah gw, No Online Gambling Promotion"
-HZ-6SPCVm4,menu paling mahal dan paling murah di burger blenger #komedi #burger #restoran #shorts,normal burger in us,ERROR
-HZ-6SPCVm4,menu paling mahal dan paling murah di burger blenger #komedi #burger #restoran #shorts,Alamak lihat pas puasa,No Online Gambling Promotion
-HZ-6SPCVm4,menu paling mahal dan paling murah di burger blenger #komedi #burger #restoran #shorts,Video puasa,ERROR
-HZ-6SPCVm4,menu paling mahal dan paling murah di burger blenger #komedi #burger #restoran #shorts,Kok ga sesuai bang bro menu buger blenger daerah Kemayoran niat beli cuman ga semurah vidio,"niat beli cuman ga semurah video, No Online Gambling Promotion"
-HZ-6SPCVm4,menu paling mahal dan paling murah di burger blenger #komedi #burger #restoran #shorts,GADA OBATT BURGER BLENGER MAKNYUS,No Online Gambling Promotion
-HZ-6SPCVm4,menu paling mahal dan paling murah di burger blenger #komedi #burger #restoran #shorts,bangor enk tuh murah,No Online Gambling Promotion
-HZ-6SPCVm4,menu paling mahal dan paling murah di burger blenger #komedi #burger #restoran #shorts,Sayang dijakarta 12 disana emang sdh langganan,No Online Gambling Promotion
-HZ-6SPCVm4,menu paling mahal dan paling murah di burger blenger #komedi #burger #restoran #shorts,Gede banget nyangkut behel ka,No Online Gambling Promotion
-HZ-6SPCVm4,menu paling mahal dan paling murah di burger blenger #komedi #burger #restoran #shorts,Memang seenak rotinya enak,No Online Gambling Promotion
-HZ-6SPCVm4,menu paling mahal dan paling murah di burger blenger #komedi #burger #restoran #shorts,Selalu rame nih,No Online Gambling Promotion
-HZ-6SPCVm4,menu paling mahal dan paling murah di burger blenger #komedi #burger #restoran #shorts,Kadal yg Spaling tau gaji guru,No Online Gambling Promotion
-HZ-6SPCVm4,menu paling mahal dan paling murah di burger blenger #komedi #burger #restoran #shorts,Bang beli bang kyjgug,No Online Gambling Promotion
-HZ-6SPCVm4,menu paling mahal dan paling murah di burger blenger #komedi #burger #restoran #shorts,Coba Burgertard bg,No Online Gambling Promotion
-HZ-6SPCVm4,menu paling mahal dan paling murah di burger blenger #komedi #burger #restoran #shorts,Cuma ni burger bikin gw pas nangis karna dipaksa abisin sm nyokap wkwkwk,No Online Gambling Promotion
-HZ-6SPCVm4,menu paling mahal dan paling murah di burger blenger #komedi #burger #restoran #shorts,Weledalah gede banget,No Online Gambling Promotion
-HZ-6SPCVm4,menu paling mahal dan paling murah di burger blenger #komedi #burger #restoran #shorts,gilaa bener bener blenger mah wkwk,No Online Gambling Promotion
-HZ-6SPCVm4,menu paling mahal dan paling murah di burger blenger #komedi #burger #restoran #shorts,Di outlet graha raya ya bang,"Ya Bang, No Online Gambling Promotion"
-HZ-6SPCVm4,menu paling mahal dan paling murah di burger blenger #komedi #burger #restoran #shorts,Bang coba burger RAX bg enk bgt,"cobak burger RAX begenangan, No Online Gambling Promotion"
-HZ-6SPCVm4,menu paling mahal dan paling murah di burger blenger #komedi #burger #restoran #shorts,Suka banget jaman sekolah,No Online Gambling Promotion
-HZ-6SPCVm4,menu paling mahal dan paling murah di burger blenger #komedi #burger #restoran #shorts,Sesuai namanya sampe blenger,No Online Gambling Promotion
-HZ-6SPCVm4,menu paling mahal dan paling murah di burger blenger #komedi #burger #restoran #shorts,Di graha kah,No Online Gambling Promotion
-HZ-6SPCVm4,menu paling mahal dan paling murah di burger blenger #komedi #burger #restoran #shorts,Real blenger,No Online Gambling Promotion
-HZ-6SPCVm4,menu paling mahal dan paling murah di burger blenger #komedi #burger #restoran #shorts,boti,No Online Gambling Promotion
-HZ-6SPCVm4,menu paling mahal dan paling murah di burger blenger #komedi #burger #restoran #shorts,Kentang mekdi enak dr mn sih anyep,No Online Gambling Promotion
-HZ-6SPCVm4,menu paling mahal dan paling murah di burger blenger #komedi #burger #restoran #shorts,ownernya ga kepikiran bikin cabang bekasi yak,No Online Gambling Promotion
-HZ-6SPCVm4,menu paling mahal dan paling murah di burger blenger #komedi #burger #restoran #shorts,burger blenger vs burger bangor,No Online Gambling Promotion
-HZ-6SPCVm4,menu paling mahal dan paling murah di burger blenger #komedi #burger #restoran #shorts,Halllooo,No Online Gambling Promotion
-HZ-6SPCVm4,menu paling mahal dan paling murah di burger blenger #komedi #burger #restoran #shorts,P,ERROR
-HZ-6SPCVm4,menu paling mahal dan paling murah di burger blenger #komedi #burger #restoran #shorts,30rb Sama kek cheese whopper supreme nya BK,No Online Gambling Promotion
-HZ-6SPCVm4,menu paling mahal dan paling murah di burger blenger #komedi #burger #restoran #shorts,Lgi puasa mlh fyp,No Online Gambling Promotion
-HZ-6SPCVm4,menu paling mahal dan paling murah di burger blenger #komedi #burger #restoran #shorts,didearah ciledug namanya peko burger enak banget worth it,No Online Gambling Promotion
-HZ-6SPCVm4,menu paling mahal dan paling murah di burger blenger #komedi #burger #restoran #shorts,Gede kayak korupsi pertamina,No Online Gambling Promotion
-HZ-6SPCVm4,menu paling mahal dan paling murah di burger blenger #komedi #burger #restoran #shorts,Buset tuh burgerngemri amatmurah,No Online Gambling Promotion
-HZ-6SPCVm4,menu paling mahal dan paling murah di burger blenger #komedi #burger #restoran #shorts,Ini burger bertahan udah 20 thn jaman 10rb gw makan emang enak sih,"harga 10 rupiah, saya makan emang enak, No Online Gambling Promotion"
-HZ-6SPCVm4,menu paling mahal dan paling murah di burger blenger #komedi #burger #restoran #shorts,Lu bawa roti burger lg 2 burger bang,No Online Gambling Promotion
-HZ-6SPCVm4,menu paling mahal dan paling murah di burger blenger #komedi #burger #restoran #shorts,Hayo puasa ngiler kah,No Online Gambling Promotion
-HZ-6SPCVm4,menu paling mahal dan paling murah di burger blenger #komedi #burger #restoran #shorts,Dan puasa haaaaaah,No Online Gambling Promotion
-HZ-6SPCVm4,menu paling mahal dan paling murah di burger blenger #komedi #burger #restoran #shorts,Wkwkwk langganan bini gua bg,No Online Gambling Promotion
-HZ-6SPCVm4,menu paling mahal dan paling murah di burger blenger #komedi #burger #restoran #shorts,Main animal kaiser bang,No Online Gambling Promotion
-HZ-6SPCVm4,menu paling mahal dan paling murah di burger blenger #komedi #burger #restoran #shorts,Pakai nasi bg enak tu,No Online Gambling Promotion
-HZ-6SPCVm4,menu paling mahal dan paling murah di burger blenger #komedi #burger #restoran #shorts,Graha raya ya Menurut gw enak sih cuman hotdog nya enakan burger bangor,"Menurut gw enak sih hanya hotdog nya enakan burger bangor, No Online Gambling Promotion"
-HZ-6SPCVm4,menu paling mahal dan paling murah di burger blenger #komedi #burger #restoran #shorts,Burger Bangor,No Online Gambling Promotion
-HZ-6SPCVm4,menu paling mahal dan paling murah di burger blenger #komedi #burger #restoran #shorts,Big mac lokal,No Online Gambling Promotion
-HZ-6SPCVm4,menu paling mahal dan paling murah di burger blenger #komedi #burger #restoran #shorts,Godaan puasa cuyy,No Online Gambling Promotion
-HZ-6SPCVm4,menu paling mahal dan paling murah di burger blenger #komedi #burger #restoran #shorts,kacauu kemurahan sih segitu kalimantan kena 50rb keatas,No Online Gambling Promotion
-HZ-6SPCVm4,menu paling mahal dan paling murah di burger blenger #komedi #burger #restoran #shorts,Njir coba gua,No Online Gambling Promotion
-HZ-6SPCVm4,menu paling mahal dan paling murah di burger blenger #komedi #burger #restoran #shorts,Jirr pas puasa jumpa vidio gini,No Online Gambling Promotion
-HZ-6SPCVm4,menu paling mahal dan paling murah di burger blenger #komedi #burger #restoran #shorts,Lawless burgerbar menangis,No Online Gambling Promotion
-HZ-6SPCVm4,menu paling mahal dan paling murah di burger blenger #komedi #burger #restoran #shorts,Pesanakan le,ERROR
-HZ-6SPCVm4,menu paling mahal dan paling murah di burger blenger #komedi #burger #restoran #shorts,Kalau jakarta kayaknya wajib mampir sih,No Online Gambling Promotion
-HZ-6SPCVm4,menu paling mahal dan paling murah di burger blenger #komedi #burger #restoran #shorts,Cuma jakarta ygy,No Online Gambling Promotion
-HZ-6SPCVm4,menu paling mahal dan paling murah di burger blenger #komedi #burger #restoran #shorts,Bro segede 30 ribu Murah bgtt,No Online Gambling Promotion
-HZ-6SPCVm4,menu paling mahal dan paling murah di burger blenger #komedi #burger #restoran #shorts,tiru content org,No Online Gambling Promotion
-HZ-6SPCVm4,menu paling mahal dan paling murah di burger blenger #komedi #burger #restoran #shorts,Yang Gampang MAXWIN udah MPO365 BOSKUU GASKEN FREEBET 200K,Online Gambling Promotion
-HZ-6SPCVm4,menu paling mahal dan paling murah di burger blenger #komedi #burger #restoran #shorts,M4in SOR76 J4ckP0tnya mantep,No Online Gambling Promotion
-HZ-6SPCVm4,menu paling mahal dan paling murah di burger blenger #komedi #burger #restoran #shorts,M4in SOR76 H0K1 henti,No Online Gambling Promotion
-HZ-6SPCVm4,menu paling mahal dan paling murah di burger blenger #komedi #burger #restoran #shorts,M4in SOR76 H0K1,No Online Gambling Promotion
-HZ-6SPCVm4,menu paling mahal dan paling murah di burger blenger #komedi #burger #restoran #shorts,Bergabung buktikan SOR76,No Online Gambling Promotion
-HZ-6SPCVm4,menu paling mahal dan paling murah di burger blenger #komedi #burger #restoran #shorts,M4in SOR76 kemenangan,No Online Gambling Promotion
-HZ-6SPCVm4,menu paling mahal dan paling murah di burger blenger #komedi #burger #restoran #shorts,Di SOR76 H0K1,No Online Gambling Promotion
-HZ-6SPCVm4,menu paling mahal dan paling murah di burger blenger #komedi #burger #restoran #shorts,M4in SOR76 J4ckP0tna G3d3 pisan,No Online Gambling Promotion
-HZ-6SPCVm4,menu paling mahal dan paling murah di burger blenger #komedi #burger #restoran #shorts,M4in SOR76 J4ckP0t bingung nunggu J4ckP0t,No Online Gambling Promotion
-HZ-6SPCVm4,menu paling mahal dan paling murah di burger blenger #komedi #burger #restoran #shorts,Gacor pisan langsung H0K1 SOR76,Online Gambling Promotion
-HZ-6SPCVm4,menu paling mahal dan paling murah di burger blenger #komedi #burger #restoran #shorts,M4in SOR76 J4ckP0t langsung salah pencet tombol kasian,Online Gambling Promotion
-HZ-6SPCVm4,menu paling mahal dan paling murah di burger blenger #komedi #burger #restoran #shorts,Keberuntungan SOR76 sibuk nunggu menang ditemukan,No Online Gambling Promotion
-HZ-6SPCVm4,menu paling mahal dan paling murah di burger blenger #komedi #burger #restoran #shorts,M4in SOR76 J4ckP0t G3d3,No Online Gambling Promotion
-HZ-6SPCVm4,menu paling mahal dan paling murah di burger blenger #komedi #burger #restoran #shorts,M4in SOR76 langsung dapet J4ckP0t,No Online Gambling Promotion
-HZ-6SPCVm4,menu paling mahal dan paling murah di burger blenger #komedi #burger #restoran #shorts,M4in SOR76 J4ckP0t langsung turun harap dapet 5k lucu banget,Online Gambling Promotion
-HZ-6SPCVm4,menu paling mahal dan paling murah di burger blenger #komedi #burger #restoran #shorts,Di SOR76 J4ckP0t takut narik saldo,No Online Gambling Promotion
-HZ-6SPCVm4,menu paling mahal dan paling murah di burger blenger #komedi #burger #restoran #shorts,M4in SOR76 J4ckP0t langsung,No Online Gambling Promotion
-HZ-6SPCVm4,menu paling mahal dan paling murah di burger blenger #komedi #burger #restoran #shorts,H0K1 SOR76 stuck emang kalah H0K1,No Online Gambling Promotion
-HZ-6SPCVm4,menu paling mahal dan paling murah di burger blenger #komedi #burger #restoran #shorts,M4in SOR76 H0K1 terusan,No Online Gambling Promotion
-HZ-6SPCVm4,menu paling mahal dan paling murah di burger blenger #komedi #burger #restoran #shorts,Keberuntungan SOR76 berharap dapet bonus mesin nggak,Online Gambling Promotion
-HZ-6SPCVm4,menu paling mahal dan paling murah di burger blenger #komedi #burger #restoran #shorts,Keberuntungan nyata SOR76,No Online Gambling Promotion
-HZ-6SPCVm4,menu paling mahal dan paling murah di burger blenger #komedi #burger #restoran #shorts,Ni algoritma youtube napa dah pas puasa yg muncul makanan minuman,No Online Gambling Promotion
-HZ-6SPCVm4,menu paling mahal dan paling murah di burger blenger #komedi #burger #restoran #shorts,akirnya ketemu yutuber bleger bluger rumah uti gua deket rumah uti gua,No Online Gambling Promotion
-HZ-6SPCVm4,menu paling mahal dan paling murah di burger blenger #komedi #burger #restoran #shorts,tanboy kun nyoba,No Online Gambling Promotion
-HZ-6SPCVm4,menu paling mahal dan paling murah di burger blenger #komedi #burger #restoran #shorts,Halal gak,No Online Gambling Promotion
-HZ-6SPCVm4,menu paling mahal dan paling murah di burger blenger #komedi #burger #restoran #shorts,Burger Bangor bangg coba,No Online Gambling Promotion
-HZ-6SPCVm4,menu paling mahal dan paling murah di burger blenger #komedi #burger #restoran #shorts,pas puasa,No Online Gambling Promotion
-HZ-6SPCVm4,menu paling mahal dan paling murah di burger blenger #komedi #burger #restoran #shorts,Mojos burger bali bang,No Online Gambling Promotion
-HZ-6SPCVm4,menu paling mahal dan paling murah di burger blenger #komedi #burger #restoran #shorts,Terbaik,ERROR
-HZ-6SPCVm4,menu paling mahal dan paling murah di burger blenger #komedi #burger #restoran #shorts,Gede banget kek gaji direksi pertamina korupsi GUEDE BANGET,No Online Gambling Promotion
-HZ-6SPCVm4,menu paling mahal dan paling murah di burger blenger #komedi #burger #restoran #shorts,Di kampus kota gua jual surma isi nya bener bener ga pelit udah telur kentang goreng cuman8k sampe netes netes Tapi kolesterol,"udah telur kentang goreng cuman8k sampe netes netes. Tapi kolesterol, No Online Gambling Promotion"
-HZ-6SPCVm4,menu paling mahal dan paling murah di burger blenger #komedi #burger #restoran #shorts,800 kalori kali,No Online Gambling Promotion
-HZ-6SPCVm4,menu paling mahal dan paling murah di burger blenger #komedi #burger #restoran #shorts,Kentang mcdi enak iya mcdi tuh,No Online Gambling Promotion
-HZ-6SPCVm4,menu paling mahal dan paling murah di burger blenger #komedi #burger #restoran #shorts,ngomongnya kek iben sambal bakar ya khas bgt tuh diserak serakin,No Online Gambling Promotion
-HZ-6SPCVm4,menu paling mahal dan paling murah di burger blenger #komedi #burger #restoran #shorts,udah bener burger bener udah ga kaya,"udah gak kaya, No Online Gambling Promotion"
-HZ-6SPCVm4,menu paling mahal dan paling murah di burger blenger #komedi #burger #restoran #shorts,Kaya youtuber america ko ya konsep nya,No Online Gambling Promotion
-HZ-6SPCVm4,menu paling mahal dan paling murah di burger blenger #komedi #burger #restoran #shorts,Burger bangor,No Online Gambling Promotion
-HZ-6SPCVm4,menu paling mahal dan paling murah di burger blenger #komedi #burger #restoran #shorts,Ini dibali gak ya,No Online Gambling Promotion
-HZ-6SPCVm4,menu paling mahal dan paling murah di burger blenger #komedi #burger #restoran #shorts,Burger Bangor kak,No Online Gambling Promotion
-HZ-6SPCVm4,menu paling mahal dan paling murah di burger blenger #komedi #burger #restoran #shorts,Sesuai namanya bang Blenger ya udah ukurannya gede2 bang,"ya udah ukurannya besar2, No Online Gambling Promotion"
-HZ-6SPCVm4,menu paling mahal dan paling murah di burger blenger #komedi #burger #restoran #shorts,Burger belengas,No Online Gambling Promotion
-HZ-6SPCVm4,menu paling mahal dan paling murah di burger blenger #komedi #burger #restoran #shorts,Beuuhhh kangen burger blenger ah males,No Online Gambling Promotion
-HZ-6SPCVm4,menu paling mahal dan paling murah di burger blenger #komedi #burger #restoran #shorts,Uh ngiler,No Online Gambling Promotion
-HZ-6SPCVm4,menu paling mahal dan paling murah di burger blenger #komedi #burger #restoran #shorts,Sama backsoundnya burger BIZZARE,No Online Gambling Promotion
-HZ-6SPCVm4,menu paling mahal dan paling murah di burger blenger #komedi #burger #restoran #shorts,Hotdog pake roti tawar,No Online Gambling Promotion
-HZ-6SPCVm4,menu paling mahal dan paling murah di burger blenger #komedi #burger #restoran #shorts,Surabaya,ERROR
-HZ-6SPCVm4,menu paling mahal dan paling murah di burger blenger #komedi #burger #restoran #shorts,gw makan burger lokal harga 35rb dikit dagingnya kek triplek tipisnya Taekk taekk gw bilang,"Taekk taekk saya katakan , No Online Gambling Promotion"
-HZ-6SPCVm4,menu paling mahal dan paling murah di burger blenger #komedi #burger #restoran #shorts,Gua makan burger blenger sampe besok gede bet wkwk,No Online Gambling Promotion
-HZ-6SPCVm4,menu paling mahal dan paling murah di burger blenger #komedi #burger #restoran #shorts,Pasti fourdun,No Online Gambling Promotion
-HZ-6SPCVm4,menu paling mahal dan paling murah di burger blenger #komedi #burger #restoran #shorts,Cuma 30rb udah segede aja,No Online Gambling Promotion
-HZ-6SPCVm4,menu paling mahal dan paling murah di burger blenger #komedi #burger #restoran #shorts,Aelah bg 1010,No Online Gambling Promotion
-HZ-6SPCVm4,menu paling mahal dan paling murah di burger blenger #komedi #burger #restoran #shorts,Masih pegang Burger Double Stacker Wendys sih,No Online Gambling Promotion
-HZ-6SPCVm4,menu paling mahal dan paling murah di burger blenger #komedi #burger #restoran #shorts,Sikat aja bang mumpung badan msh ga peduli kalori kalori,No Online Gambling Promotion
-HZ-6SPCVm4,menu paling mahal dan paling murah di burger blenger #komedi #burger #restoran #shorts,Ada gak yg kayak gua makan burger dagingnya d pisahin rotisayurnya jdi yg d makan dluan sayurnya rotinya trus dagingnya comot kentang,No Online Gambling Promotion
-HZ-6SPCVm4,menu paling mahal dan paling murah di burger blenger #komedi #burger #restoran #shorts,Kenapa mendengar soundtrack jojo golden wind,No Online Gambling Promotion
-HZ-6SPCVm4,menu paling mahal dan paling murah di burger blenger #komedi #burger #restoran #shorts,Bang coba cobain burger bangir bang harga nya nasih padang lohh,"coba cobain burger bangkir bang harga nyata padang lo, No Online Gambling Promotion"
-HZ-6SPCVm4,menu paling mahal dan paling murah di burger blenger #komedi #burger #restoran #shorts,suka sih tp susah nyari nya jarang yg deket,No Online Gambling Promotion
-HZ-6SPCVm4,menu paling mahal dan paling murah di burger blenger #komedi #burger #restoran #shorts,Kebablasan bang,No Online Gambling Promotion
-HZ-6SPCVm4,menu paling mahal dan paling murah di burger blenger #komedi #burger #restoran #shorts,Wizzmie bang,No Online Gambling Promotion
-HZ-6SPCVm4,menu paling mahal dan paling murah di burger blenger #komedi #burger #restoran #shorts,Kirain gw burger plenger,No Online Gambling Promotion
-HZ-6SPCVm4,menu paling mahal dan paling murah di burger blenger #komedi #burger #restoran #shorts,ku gada anjayy,No Online Gambling Promotion
-HZ-6SPCVm4,menu paling mahal dan paling murah di burger blenger #komedi #burger #restoran #shorts,Tanboy kun langsung habis,No Online Gambling Promotion
-HZ-6SPCVm4,menu paling mahal dan paling murah di burger blenger #komedi #burger #restoran #shorts,wibu,No Online Gambling Promotion
-HZ-6SPCVm4,menu paling mahal dan paling murah di burger blenger #komedi #burger #restoran #shorts,bang lupa mampir bosque barber gw kerja disana,No Online Gambling Promotion
-HZ-6SPCVm4,menu paling mahal dan paling murah di burger blenger #komedi #burger #restoran #shorts,Blenger langsung pas abis makan,No Online Gambling Promotion
-HZ-6SPCVm4,menu paling mahal dan paling murah di burger blenger #komedi #burger #restoran #shorts,Bang rumahku Deket situ kwkw,No Online Gambling Promotion
-HZ-6SPCVm4,menu paling mahal dan paling murah di burger blenger #komedi #burger #restoran #shorts,baayar cuman POTA69,No Online Gambling Promotion
-HZ-6SPCVm4,menu paling mahal dan paling murah di burger blenger #komedi #burger #restoran #shorts,gacor POTA69,Online Gambling Promotion
-HZ-6SPCVm4,menu paling mahal dan paling murah di burger blenger #komedi #burger #restoran #shorts,Bang fortune ya klo iya brati dkt sklah ak,No Online Gambling Promotion
-HZ-6SPCVm4,menu paling mahal dan paling murah di burger blenger #komedi #burger #restoran #shorts,Wihdi lihat nya enak burger nya,No Online Gambling Promotion
-HZ-6SPCVm4,menu paling mahal dan paling murah di burger blenger #komedi #burger #restoran #shorts,Burger bangor bang,No Online Gambling Promotion
-HZ-6SPCVm4,menu paling mahal dan paling murah di burger blenger #komedi #burger #restoran #shorts,Ukurannya mantep sih cmn terlaku asin persaosannya bgt Makan burgernya aja gk kelar2 saking asinnya,No Online Gambling Promotion
-HZ-6SPCVm4,menu paling mahal dan paling murah di burger blenger #komedi #burger #restoran #shorts,sebenernya kalo ngomong enak si ga tergolong b banget Tapi kalo harga tergolong EKONOMIS BANGEEETTTTTTT cocok sensasi makan burger sampe puas wkwkwkwk,"Tapi kalo harga tergolong ekonomis bangeeettttttt cocok sensasi makan burger sampe puas wkwkwkwk, No Online Gambling Prom"
-HZ-6SPCVm4,menu paling mahal dan paling murah di burger blenger #komedi #burger #restoran #shorts,OST Giorno,ERROR
-HZ-6SPCVm4,menu paling mahal dan paling murah di burger blenger #komedi #burger #restoran #shorts,Aelah hotdog normal 15 ribu,No Online Gambling Promotion
-HZ-6SPCVm4,menu paling mahal dan paling murah di burger blenger #komedi #burger #restoran #shorts,Burger bangor bg,No Online Gambling Promotion
-HZ-6SPCVm4,menu paling mahal dan paling murah di burger blenger #komedi #burger #restoran #shorts,Tolol gw tolong kesedak ml gw ejek mati,No Online Gambling Promotion
-HZ-6SPCVm4,menu paling mahal dan paling murah di burger blenger #komedi #burger #restoran #shorts,Bang graha raya si kayu gede 2,No Online Gambling Promotion
-HZ-6SPCVm4,menu paling mahal dan paling murah di burger blenger #komedi #burger #restoran #shorts,Tiap nonton video aja promosiin MANDALIKA77,Online Gambling Promotion
-HZ-6SPCVm4,menu paling mahal dan paling murah di burger blenger #komedi #burger #restoran #shorts,Bebas drama prosesnya transparan MANDALIKA77 emang gokil,No Online Gambling Promotion
-HZ-6SPCVm4,menu paling mahal dan paling murah di burger blenger #komedi #burger #restoran #shorts,Butuh rekomendasi Gue MANDALIKA77 kali,No Online Gambling Promotion
-HZ-6SPCVm4,menu paling mahal dan paling murah di burger blenger #komedi #burger #restoran #shorts,Kaget urusan lancar coba MANDALIKA77,No Online Gambling Promotion
-HZ-6SPCVm4,menu paling mahal dan paling murah di burger blenger #komedi #burger #restoran #shorts,Kalo butuh cepat langsung MANDALIKA77 deh,No Online Gambling Promotion
-HZ-6SPCVm4,menu paling mahal dan paling murah di burger blenger #komedi #burger #restoran #shorts,Orang orang bilang MANDALIKA77 the next big thing,No Online Gambling Promotion
-HZ-6SPCVm4,menu paling mahal dan paling murah di burger blenger #komedi #burger #restoran #shorts,Pasang target cepat Coba MANDALIKA77 langsung beres,Online Gambling Promotion
-HZ-6SPCVm4,menu paling mahal dan paling murah di burger blenger #komedi #burger #restoran #shorts,Tiap buka YouTube bahas MANDALIKA77,No Online Gambling Promotion
-HZ-6SPCVm4,menu paling mahal dan paling murah di burger blenger #komedi #burger #restoran #shorts,Minimal ganti muka,ERROR
-HZ-6SPCVm4,menu paling mahal dan paling murah di burger blenger #komedi #burger #restoran #shorts,gilak hot dog segede 18 k kalo pinggir jalan 23k,"kalo pinggir jalan 23k, No Online Gambling Promotion"
-HZ-6SPCVm4,menu paling mahal dan paling murah di burger blenger #komedi #burger #restoran #shorts,Makanan fav gw bang zaman SMA emang ngga burger blenger mestinya cobain hotdog yg XL bang dapet sosisnya yg daging cincang atasnya maknyusss banget,"mestinya cobain hotdog yg XL bang dapet sosisnya yg daging cincang atasnya maknyusss banget, No Online"
-HZ-6SPCVm4,menu paling mahal dan paling murah di burger blenger #komedi #burger #restoran #shorts,Bang coba riview burger bangor,No Online Gambling Promotion
-HZ-6SPCVm4,menu paling mahal dan paling murah di burger blenger #komedi #burger #restoran #shorts,H0k1e banget dapet Jeipe gede DIBET4D,Online Gambling Promotion
-HZ-6SPCVm4,menu paling mahal dan paling murah di burger blenger #komedi #burger #restoran #shorts,H0k1e banget DIBET4D menang gede Jeipe mulu,Online Gambling Promotion
-HZ-6SPCVm4,menu paling mahal dan paling murah di burger blenger #komedi #burger #restoran #shorts,DIBET4D G4C0r banget Jeipenya bener bener,No Online Gambling Promotion
-HZ-6SPCVm4,menu paling mahal dan paling murah di burger blenger #komedi #burger #restoran #shorts,DIBET4D emang G4C0r Menang S3l0t,Online Gambling Promotion
-HZ-6SPCVm4,menu paling mahal dan paling murah di burger blenger #komedi #burger #restoran #shorts,H0k1e pisan DIBET4D Jeipe gede ketagihan mainna,No Online Gambling Promotion
-HZ-6SPCVm4,menu paling mahal dan paling murah di burger blenger #komedi #burger #restoran #shorts,G4C0r parah DIBET4D Jeipe gede nggak habisnya,No Online Gambling Promotion
-HZ-6SPCVm4,menu paling mahal dan paling murah di burger blenger #komedi #burger #restoran #shorts,DIBET4D emang gokil Jeipe gede S3l0t G4C0rnya seru,No Online Gambling Promotion
-HZ-6SPCVm4,menu paling mahal dan paling murah di burger blenger #komedi #burger #restoran #shorts,DIBET4D ngasih Jeipe S3l0t G4C0r menang gede,Online Gambling Promotion
-HZ-6SPCVm4,menu paling mahal dan paling murah di burger blenger #komedi #burger #restoran #shorts,DIBET4D ni emang top menang S3l0t G4C0r mantap,Online Gambling Promotion
-HZ-6SPCVm4,menu paling mahal dan paling murah di burger blenger #komedi #burger #restoran #shorts,DIBET4D juara Jeipe gede S3l0t G4C0r the best,No Online Gambling Promotion
-HZ-6SPCVm4,menu paling mahal dan paling murah di burger blenger #komedi #burger #restoran #shorts,DIBET4D juara abis Jeipe gede H0k1e,No Online Gambling Promotion
-HZ-6SPCVm4,menu paling mahal dan paling murah di burger blenger #komedi #burger #restoran #shorts,H0k1e banget DIBET4D Jeipe gede mulu S3l0t G4C0r seru,Online Gambling Promotion
-HZ-6SPCVm4,menu paling mahal dan paling murah di burger blenger #komedi #burger #restoran #shorts,DIBET4D kasih terbaik S3l0t G4C0r H0k1e,Online Gambling Promotion
-HZ-6SPCVm4,menu paling mahal dan paling murah di burger blenger #komedi #burger #restoran #shorts,Gokil banget Jeipe gede DIBET4D bikin ketagihan semangat mainnya,No Online Gambling Promotion
-HZ-6SPCVm4,menu paling mahal dan paling murah di burger blenger #komedi #burger #restoran #shorts,Menang gede DIBET4D Jeipe gede ketagihan,No Online Gambling Promotion
-HZ-6SPCVm4,menu paling mahal dan paling murah di burger blenger #komedi #burger #restoran #shorts,G4C0r parah menang gede DIBET4D,Online Gambling Promotion
-HZ-6SPCVm4,menu paling mahal dan paling murah di burger blenger #komedi #burger #restoran #shorts,Kalo makan burger tebel gitu ditekan gepeng burgernya,"tekan gepeng burgernya, No Online Gambling Promotion"
-HZ-6SPCVm4,menu paling mahal dan paling murah di burger blenger #komedi #burger #restoran #shorts,DIBET4D the best S3l0t G4C0r bikin menang,Online Gambling Promotion
-HZ-6SPCVm4,menu paling mahal dan paling murah di burger blenger #komedi #burger #restoran #shorts,G4C0r banget DIBET4D Menang gede S3l0tnya mantap,Online Gambling Promotion
-HZ-6SPCVm4,menu paling mahal dan paling murah di burger blenger #komedi #burger #restoran #shorts,DIBET4D ni gokil banget menang gede mulu Jeipe gede,Online Gambling Promotion
-HZ-6SPCVm4,menu paling mahal dan paling murah di burger blenger #komedi #burger #restoran #shorts,Menang gede DIBET4D Jeipe gede H0k1e,Online Gambling Promotion
-HZ-6SPCVm4,menu paling mahal dan paling murah di burger blenger #komedi #burger #restoran #shorts,Tolooong burger blemger enak buangeett wooiyyygw makan burger yg dobelnya udha enak Pas makan hotdog xl yg extra chili DHUUAARRR ENAAK BUANGEETT,"Pas makan hotdog XL yang extra chili DHUUAARRR ENAAK BUANGEETT, No"
-HZ-6SPCVm4,menu paling mahal dan paling murah di burger blenger #komedi #burger #restoran #shorts,Jaman kuliah pondok labu ni burger buka sampe 10 kemarin makan burger blenger harga 18 skr 22 rb buset nikkkmaaaaat,"makan burger blenger harga 18 skr 22 rb buset nikkmaaaat, No Online Gambling Promotion"
-HZ-6SPCVm4,menu paling mahal dan paling murah di burger blenger #komedi #burger #restoran #shorts,Kalau nyari depo minimal Jaminan WD gede TOWERTOTO,No Online Gambling Promotion
-HZ-6SPCVm4,menu paling mahal dan paling murah di burger blenger #komedi #burger #restoran #shorts,Blenger enak bgt emangg suka beli yg ruko Versailles,No Online Gambling Promotion
-HZ-6SPCVm4,menu paling mahal dan paling murah di burger blenger #komedi #burger #restoran #shorts,Dr yg murah abal2,No Online Gambling Promotion
-HZ-6SPCVm4,menu paling mahal dan paling murah di burger blenger #komedi #burger #restoran #shorts,Burger bangor meme,No Online Gambling Promotion
-HZ-6SPCVm4,menu paling mahal dan paling murah di burger blenger #komedi #burger #restoran #shorts,Semua enak duit,No Online Gambling Promotion
-HZ-6SPCVm4,menu paling mahal dan paling murah di burger blenger #komedi #burger #restoran #shorts,M4in SOR76 J4ckP0t berharap dapet 100k,Online Gambling Promotion
-HZ-6SPCVm4,menu paling mahal dan paling murah di burger blenger #komedi #burger #restoran #shorts,M4in SOR76 dapet J4ckP0t G3d3,Online Gambling Promotion
-HZ-6SPCVm4,menu paling mahal dan paling murah di burger blenger #komedi #burger #restoran #shorts,H0K1 murni M4in SOR76,No Online Gambling Promotion
-HZ-6SPCVm4,menu paling mahal dan paling murah di burger blenger #komedi #burger #restoran #shorts,Menang SOR76 gokil,No Online Gambling Promotion
-HZ-6SPCVm4,menu paling mahal dan paling murah di burger blenger #komedi #burger #restoran #shorts,Gacor habis SOR76 terbaik,No Online Gambling Promotion
-HZ-6SPCVm4,menu paling mahal dan paling murah di burger blenger #komedi #burger #restoran #shorts,M4in SOR76 J4ckP0t terusan nunggu keberuntungan kasian,No Online Gambling Promotion
-HZ-6SPCVm4,menu paling mahal dan paling murah di burger blenger #komedi #burger #restoran #shorts,M4in SOR76 J4ckP0t langsung H0K1 ngocor seru banget,No Online Gambling Promotion
-HZ-6SPCVm4,menu paling mahal dan paling murah di burger blenger #komedi #burger #restoran #shorts,H0K1 tiada henti SOR76 emang juara,No Online Gambling Promotion
-HZ-6SPCVm4,menu paling mahal dan paling murah di burger blenger #komedi #burger #restoran #shorts,H0K1 parah dapet J4ckP0t SOR76,No Online Gambling Promotion
-HZ-6SPCVm4,menu paling mahal dan paling murah di burger blenger #komedi #burger #restoran #shorts,Keberuntungan terusan SOR76 J4ckP0t langsung turun,No Online Gambling Promotion
-HZ-6SPCVm4,menu paling mahal dan paling murah di burger blenger #komedi #burger #restoran #shorts,Di SOR76 J4ckP0t henti berharap dapet modal,No Online Gambling Promotion
-HZ-6SPCVm4,menu paling mahal dan paling murah di burger blenger #komedi #burger #restoran #shorts,M4in SOR76 J4ckP0t bingung klik,No Online Gambling Promotion
-HZ-6SPCVm4,menu paling mahal dan paling murah di burger blenger #komedi #burger #restoran #shorts,H0K1 menang SOR76,No Online Gambling Promotion
-HZ-6SPCVm4,menu paling mahal dan paling murah di burger blenger #komedi #burger #restoran #shorts,M4in SOR76 menang terusan,No Online Gambling Promotion
-HZ-6SPCVm4,menu paling mahal dan paling murah di burger blenger #komedi #burger #restoran #shorts,Pasti menang SOR76 juara,No Online Gambling Promotion
-HZ-6SPCVm4,menu paling mahal dan paling murah di burger blenger #komedi #burger #restoran #shorts,M4in SOR76 J4ckP0t muter muter arah,No Online Gambling Promotion
-HZ-6SPCVm4,menu paling mahal dan paling murah di burger blenger #komedi #burger #restoran #shorts,M4in SOR76 H0K1,No Online Gambling Promotion
-HZ-6SPCVm4,menu paling mahal dan paling murah di burger blenger #komedi #burger #restoran #shorts,El calladorra cas diaz,No Online Gambling Promotion
-HZ-6SPCVm4,menu paling mahal dan paling murah di burger blenger #komedi #burger #restoran #shorts,Cona,No Online Gambling Promotion
-HZ-6SPCVm4,menu paling mahal dan paling murah di burger blenger #komedi #burger #restoran #shorts,Blenger bosen,ERROR
-HZ-6SPCVm4,menu paling mahal dan paling murah di burger blenger #komedi #burger #restoran #shorts,Wajar kalo mempercayakan JPTOGEL77,Online Gambling Promotion
-HZ-6SPCVm4,menu paling mahal dan paling murah di burger blenger #komedi #burger #restoran #shorts,Kalo coba JPTOGEL77 ketinggalan zaman,Online Gambling Promotion
-HZ-6SPCVm4,menu paling mahal dan paling murah di burger blenger #komedi #burger #restoran #shorts,Bukan kaleng kaleng JPTOGEL77 memuaskan,No Online Gambling Promotion
-HZ-6SPCVm4,menu paling mahal dan paling murah di burger blenger #komedi #burger #restoran #shorts,Hampir video gue tonton aja JPTOGEL77,Online Gambling Promotion
-HZ-6SPCVm4,menu paling mahal dan paling murah di burger blenger #komedi #burger #restoran #shorts,Programnya prosedurnya simple JPTOGEL77 top,Online Gambling Promotion
-HZ-6SPCVm4,menu paling mahal dan paling murah di burger blenger #komedi #burger #restoran #shorts,Komentar khusus bilang JPTOGEL77 jempolan,Online Gambling Promotion
-HZ-6SPCVm4,menu paling mahal dan paling murah di burger blenger #komedi #burger #restoran #shorts,Buat ragu coba JPTOGEL77 komentar,No Online Gambling Promotion
-HZ-6SPCVm4,menu paling mahal dan paling murah di burger blenger #komedi #burger #restoran #shorts,dem burger porsi org amrik ditembak indo cman 30rb lg klo Cirebon mah gas,"coma 30 rb lg kalo Cirebon mah gas, No Online Gambling Promotion"
-HZ-6SPCVm4,menu paling mahal dan paling murah di burger blenger #komedi #burger #restoran #shorts,kiraen admin beneran enak jptogel77 asu,Online Gambling Promotion
-HZ-6SPCVm4,menu paling mahal dan paling murah di burger blenger #komedi #burger #restoran #shorts,Sungguh ku sangka sungguh ku duga new member auto cuan main JPTOGEL77 scatternya gampang kali keluarnya Pola acak gass keun,Online Gambling Promotion
-HZ-6SPCVm4,menu paling mahal dan paling murah di burger blenger #komedi #burger #restoran #shorts,nih jptogel77 pantes bnyk yg promoin gila gampang JP nya,Online Gambling Promotion
-HZ-6SPCVm4,menu paling mahal dan paling murah di burger blenger #komedi #burger #restoran #shorts,jptogel77 Kebanggan rakyat situs terpercaya,Online Gambling Promotion
-HZ-6SPCVm4,menu paling mahal dan paling murah di burger blenger #komedi #burger #restoran #shorts,Setiap kali menang JPTOGEL77,Online Gambling Promotion
-HZ-6SPCVm4,menu paling mahal dan paling murah di burger blenger #komedi #burger #restoran #shorts,nice link bagus jptogel77,Online Gambling Promotion
-HZ-6SPCVm4,menu paling mahal dan paling murah di burger blenger #komedi #burger #restoran #shorts,SUPER SEKALI JPTOGEL77 MANTAP,Online Gambling Promotion
-HZ-6SPCVm4,menu paling mahal dan paling murah di burger blenger #komedi #burger #restoran #shorts,makasihh bangeett temeenkuu udah kasih rekomend web JPtogel77 ga rungkad web sebela,Online Gambling Promotion
-HZ-6SPCVm4,menu paling mahal dan paling murah di burger blenger #komedi #burger #restoran #shorts,emang ya jptogel77 gampang menang,Online Gambling Promotion
-HZ-6SPCVm4,menu paling mahal dan paling murah di burger blenger #komedi #burger #restoran #shorts,selamet alam memprihatinkan wkwk dorongan bermain JPTOGEL77 udah keuntungan game clam enventya astaga mantap memanglah lagak website nya bosskuu,"udah keuntungan game clam enventya astaga mantap memanglah lagak website nya bosskuu, Online Gambling Promotion"
-HZ-6SPCVm4,menu paling mahal dan paling murah di burger blenger #komedi #burger #restoran #shorts,dah lu mendingan kek gw aja main Gaskeun JPTOGEL77 aman tentram wd,Online Gambling Promotion
-HZ-6SPCVm4,menu paling mahal dan paling murah di burger blenger #komedi #burger #restoran #shorts,jptogel77 ramai nih tmn gw maen situ skrg,Online Gambling Promotion
-HZ-6SPCVm4,menu paling mahal dan paling murah di burger blenger #komedi #burger #restoran #shorts,pantes rame jptogel77 wkwkwkwkwk,Online Gambling Promotion
-HZ-6SPCVm4,menu paling mahal dan paling murah di burger blenger #komedi #burger #restoran #shorts,GW sampe meledak nih JPTOGEL77 jd 45jt,Online Gambling Promotion
-HZ-6SPCVm4,menu paling mahal dan paling murah di burger blenger #komedi #burger #restoran #shorts,nyari2 link mantul kali ni gw setuju JPTOGEL77 gacor,Online Gambling Promotion
-HZ-6SPCVm4,menu paling mahal dan paling murah di burger blenger #komedi #burger #restoran #shorts,jptogel77 asu bnrn gacor,Online Gambling Promotion
-HZ-6SPCVm4,menu paling mahal dan paling murah di burger blenger #komedi #burger #restoran #shorts,gw rungkad mandalika77 wkwkwkw tmn gw yg JP jptogel77,Online Gambling Promotion
-HZ-6SPCVm4,menu paling mahal dan paling murah di burger blenger #komedi #burger #restoran #shorts,seru banget main JPTOGEL77 Modal 100 menang gac0rnya diluar dugaan,Online Gambling Promotion
-HZ-6SPCVm4,menu paling mahal dan paling murah di burger blenger #komedi #burger #restoran #shorts,Terimakasih JPTOGEL77 super hoki keren terpercaya nyata,Online Gambling Promotion
-HZ-6SPCVm4,menu paling mahal dan paling murah di burger blenger #komedi #burger #restoran #shorts,terimakasih rekomendasi link gacornya kakak jptogel77,Online Gambling Promotion
-HZ-6SPCVm4,menu paling mahal dan paling murah di burger blenger #komedi #burger #restoran #shorts,enak banget maxwin nya ngap Cuman situs JPTOGEL77 gw ngerasain indah nya maxwin,"situs JPTOGEL77 gw ngerasain indahnya maxwin, Online Gambling Promotion"
-HZ-6SPCVm4,menu paling mahal dan paling murah di burger blenger #komedi #burger #restoran #shorts,main ni ya wee kasi tau main JPTOGEL77 depsoit gampang wede cepat kuyyy daftar wee jamin gacor,"kasi tau main JPTOGEL77 deposit gampang wede cepat. Kuyyy daftar, jamin gacor.Label: Online Gambling Promotion"
-HZ-6SPCVm4,menu paling mahal dan paling murah di burger blenger #komedi #burger #restoran #shorts,main situs cuman umbar janji manis emang beneran UNTUNG main situs JPTOGEL77 ku gak menang eh dapet wEdEan,Online Gambling Promotion
-HZ-6SPCVm4,menu paling mahal dan paling murah di burger blenger #komedi #burger #restoran #shorts,JPTOGEL77 bro Pagmatic nya viral maxwin grup sebelah bro situs JPTOGEL77,Online Gambling Promotion
-HZ-6SPCVm4,menu paling mahal dan paling murah di burger blenger #komedi #burger #restoran #shorts,temen nyaranin bermain jptogel77 asian ngikutin saran temen wd,Online Gambling Promotion
-HZ-6SPCVm4,menu paling mahal dan paling murah di burger blenger #komedi #burger #restoran #shorts,sih ya jptogel77 bocor,Online Gambling Promotion
-HZ-6SPCVm4,menu paling mahal dan paling murah di burger blenger #komedi #burger #restoran #shorts,main JPTOGEL77 coba berkali kali main situs JPTOGEL77 terbukti W3De3 akun ku deh ga nyedot situsnya,Online Gambling Promotion
-HZ-6SPCVm4,menu paling mahal dan paling murah di burger blenger #komedi #burger #restoran #shorts,Cukup bagus bagus kali depo 30k dikasi wd 400 lumayan sensasi petir merah JPTOGEL77 cobain dah nihh,"lumayan sensasi petir merah JPTOGEL77, cobain dah nihh, Online Gambling Promotion"
-HZ-6SPCVm4,menu paling mahal dan paling murah di burger blenger #komedi #burger #restoran #shorts,mantap bro JP tipis JPTOGEL77 ngakat aja udah lumayan makasih JPTOGEL77 udah kasih menang,Online Gambling Promotion
-HZ-6SPCVm4,menu paling mahal dan paling murah di burger blenger #komedi #burger #restoran #shorts,Gua aja 2 pindah situs aja total kekalahan 80jt coba jptogel77 perlahan harta,"coba slot jptogel77 perlahan, Online Gambling Promotion"
-HZ-6SPCVm4,menu paling mahal dan paling murah di burger blenger #komedi #burger #restoran #shorts,kali awak rasain JP 100juta JPTOGEL77,Online Gambling Promotion
-HZ-6SPCVm4,menu paling mahal dan paling murah di burger blenger #komedi #burger #restoran #shorts,like doain menang main jptogel77,Online Gambling Promotion
-HZ-6SPCVm4,menu paling mahal dan paling murah di burger blenger #komedi #burger #restoran #shorts,Makasih bang link gacor nya barusan WD gak lumayan kopi rokok mantap depo WD aman lancar jaya emang enak main JPTOGEL77 bang,Online Gambling Promotion
-HZ-6SPCVm4,menu paling mahal dan paling murah di burger blenger #komedi #burger #restoran #shorts,Saya depo barusan 3x wdnya 7 kali Jptogel77,Online Gambling Promotion
-HZ-6SPCVm4,menu paling mahal dan paling murah di burger blenger #komedi #burger #restoran #shorts,makasih Jptogel77 seumur umur kali lihat perkalian merah wd 3 juta modal 60k,"kali ini lihat perkalian merah winnings diterima 3 juta modal 60 ribu, Online Gambling Promotion"
-HZ-6SPCVm4,menu paling mahal dan paling murah di burger blenger #komedi #burger #restoran #shorts,udah ciuuaan deh main JPTOGEL77 ga pindah situs lagikarena situs uadah kksih menang beneran udah nyaman bangetttttttt,"udah nyaman bangetttttttt, Online Gambling Promotion"
-HZ-6SPCVm4,menu paling mahal dan paling murah di burger blenger #komedi #burger #restoran #shorts,mantap bro JP tipis JPtogel77 ngangkat aja udah lumayan makasih JPtogel77 udah kasih kemenangan,"terima kasih JPtogel77, Online Gambling Promotion"
-HZ-6SPCVm4,menu paling mahal dan paling murah di burger blenger #komedi #burger #restoran #shorts,Burger bangor,No Online Gambling Promotion
-HZ-6SPCVm4,menu paling mahal dan paling murah di burger blenger #komedi #burger #restoran #shorts,makasih admin sahabat sahabat udah membujuk bermain jptogel77 gacor akut,Online Gambling Promotion
-HZ-6SPCVm4,menu paling mahal dan paling murah di burger blenger #komedi #burger #restoran #shorts,situs JPTOGEL77 bro gak makan orang mala kasih uang main disni makasi la uda recomen,"bro gak makan orang mala kasih uang main disini makasi la uda recomend, Online Gambling Promotion"
-HZ-6SPCVm4,menu paling mahal dan paling murah di burger blenger #komedi #burger #restoran #shorts,makasih infonya kwnkwn jptogel77 ane dh daftar jg ya semoga amanah,"semoga amanah, Online Gambling Promotion"
-HZ-6SPCVm4,menu paling mahal dan paling murah di burger blenger #komedi #burger #restoran #shorts,oke jptogel77 gas gas gas,Online Gambling Promotion
-HZ-6SPCVm4,menu paling mahal dan paling murah di burger blenger #komedi #burger #restoran #shorts,gila JPTOGEL77 member kasi JP trus gaskeun selagi ngasih situsnya aman,Online Gambling Promotion
-HZ-6SPCVm4,menu paling mahal dan paling murah di burger blenger #komedi #burger #restoran #shorts,Beneran gak sih soalna ane udah dpt JP jptogel77,Online Gambling Promotion
-HZ-6SPCVm4,menu paling mahal dan paling murah di burger blenger #komedi #burger #restoran #shorts,SUPER MANTAPrasakan SENSASIONAL PGSOFT OLYMPUS SAMA PRINCES Lainnya JPTOGEL77,Online Gambling Promotion
-HZ-6SPCVm4,menu paling mahal dan paling murah di burger blenger #komedi #burger #restoran #shorts,situs terbesar kebanggan gw jptogel77,Online Gambling Promotion
-HZ-6SPCVm4,menu paling mahal dan paling murah di burger blenger #komedi #burger #restoran #shorts,Mau Depo Berapapun Disini Uda Pasti Auto Wede Nama Situsnya Nih Gua Bocorin Cari Aja Digoogle JPTOGEL77 Pasti Ketemu,Online Gambling Promotion
-HZ-6SPCVm4,menu paling mahal dan paling murah di burger blenger #komedi #burger #restoran #shorts,gaji umr uang tambahan mah udah party malming wkwkkwkw makasih JPTOGEL77,Online Gambling Promotion
-HZ-6SPCVm4,menu paling mahal dan paling murah di burger blenger #komedi #burger #restoran #shorts,heran lihat postingan pda JP jdi penasaran coba main receha ehh beneran JP seneng banget dooonggg slot gacor gampang maxwin pragmatic play JPTOGEL77 nama situsnya bro,Online Gam
-HZ-6SPCVm4,menu paling mahal dan paling murah di burger blenger #komedi #burger #restoran #shorts,g prnah bosan gua main jptogel77 situs nya ga pelit kya situs2 nya main g lngsng ksh wd,"kyasitus2nyamainglngksawd, No Online Gambling Promotion"
-HZ-6SPCVm4,menu paling mahal dan paling murah di burger blenger #komedi #burger #restoran #shorts,JPTOGEL77 slot gacor Mantul Terus Gelem Cuan,Online Gambling Promotion
-HZ-6SPCVm4,menu paling mahal dan paling murah di burger blenger #komedi #burger #restoran #shorts,fak 9th gw gamakan makan 2016,No Online Gambling Promotion
-HZ-6SPCVm4,menu paling mahal dan paling murah di burger blenger #komedi #burger #restoran #shorts,mcd kentangnya 5 kentang,No Online Gambling Promotion
-HZ-6SPCVm4,menu paling mahal dan paling murah di burger blenger #komedi #burger #restoran #shorts,Lah daerah Deket rumah gw,No Online Gambling Promotion
-HZ-6SPCVm4,menu paling mahal dan paling murah di burger blenger #komedi #burger #restoran #shorts,Bisa sparring dons burger,No Online Gambling Promotion
-HZ-6SPCVm4,menu paling mahal dan paling murah di burger blenger #komedi #burger #restoran #shorts,Bang hot dog pake daging babi,No Online Gambling Promotion
-HZ-6SPCVm4,menu paling mahal dan paling murah di burger blenger #komedi #burger #restoran #shorts,patokan enaknya kentang MCD wkwkwk,No Online Gambling Promotion
-HZ-6SPCVm4,menu paling mahal dan paling murah di burger blenger #komedi #burger #restoran #shorts,Sayang ga Bandung,No Online Gambling Promotion
-HZ-6SPCVm4,menu paling mahal dan paling murah di burger blenger #komedi #burger #restoran #shorts,Plis bang geprek sai,"bang geprek saja, No Online Gambling Promotion"
-HZ-6SPCVm4,menu paling mahal dan paling murah di burger blenger #komedi #burger #restoran #shorts,Geprek sai bang,No Online Gambling Promotion
-HZ-6SPCVm4,menu paling mahal dan paling murah di burger blenger #komedi #burger #restoran #shorts,Ok Boikot MD beralih produk lokal,No Online Gambling Promotion
-HZ-6SPCVm4,menu paling mahal dan paling murah di burger blenger #komedi #burger #restoran #shorts,Bangggg infooo,No Online Gambling Promotion
-HZ-6SPCVm4,menu paling mahal dan paling murah di burger blenger #komedi #burger #restoran #shorts,Bang graha bukangw ngeliat lu soalny,No Online Gambling Promotion
-HZ-6SPCVm4,menu paling mahal dan paling murah di burger blenger #komedi #burger #restoran #shorts,Kata mimin coba AMBIL4D gni polanya akun test dlu langsung 2 x lipat langsung tarik weede Dp gak ngangkat byarin dlu tembak lg dp kasih terbukti bener emang,Online Gambling
-HZ-6SPCVm4,menu paling mahal dan paling murah di burger blenger #komedi #burger #restoran #shorts,Soryy yah sombong banget win AMBIL4D,"sombong banget menang AMBIL4D, Online Gambling Promotion"
-HZ-6SPCVm4,menu paling mahal dan paling murah di burger blenger #komedi #burger #restoran #shorts,Pasti AMBIL4D,No Online Gambling Promotion
-HZ-6SPCVm4,menu paling mahal dan paling murah di burger blenger #komedi #burger #restoran #shorts,Menaruh harapan AMBIL4D beneran kabulkan Asik gan coba gih mendingan,"coba juga mendekan , Online Gambling Promotion"
-HZ-6SPCVm4,menu paling mahal dan paling murah di burger blenger #komedi #burger #restoran #shorts,Perasaan bener ikutin gw pas liat namanya aja bawa hoky yaudah gas ken terbukti AMBIL4D,Online Gambling Promotion
-HZ-6SPCVm4,menu paling mahal dan paling murah di burger blenger #komedi #burger #restoran #shorts,Pengen coba aura coba aja AMBIL4D brayy asikkk bener kasih mulu,No Online Gambling Promotion
-HZ-6SPCVm4,menu paling mahal dan paling murah di burger blenger #komedi #burger #restoran #shorts,ramai yah AMBIL4D fb iseng coba cari daftar owh ngerti dah beda gampang banget cari 100 200 pantes yg ikutan,"ngerti dah beda gampang cari 100 200 pemain yang ikutan, Online Gambling Promotion"
-HZ-6SPCVm4,menu paling mahal dan paling murah di burger blenger #komedi #burger #restoran #shorts,gk suka kasih seharian AMBIL4D gw dah rasakan perbedaannya mending gas aja langsung,"gw dah rasakan perbedaannya mending gas aja langsung, No Online Gambling Promotion"
-HZ-6SPCVm4,menu paling mahal dan paling murah di burger blenger #komedi #burger #restoran #shorts,mumpung gampang menghasilkan AMBIL4D aja,Online Gambling Promotion
-HZ-6SPCVm4,menu paling mahal dan paling murah di burger blenger #komedi #burger #restoran #shorts,Jam segini gacor bosku Arahin kaya semalam yaa supaaya menang hehe udah ajak temen main diisini JOIN aja AMBIL4D,"udah ajak temen main disini JOIN aja Ambil4D, Online Gambling Promotion"
-HZ-6SPCVm4,menu paling mahal dan paling murah di burger blenger #komedi #burger #restoran #shorts,Anti Rungkat No gimikk Fakta AMBIL4D Jelas mudah gampang Jpee berhasil harinya,No Online Gambling Promotion
-HZ-6SPCVm4,menu paling mahal dan paling murah di burger blenger #komedi #burger #restoran #shorts,Emang semantap AMBIL4D emang mantap terbukti udah 2 minggu cair,No Online Gambling Promotion
-HZ-6SPCVm4,menu paling mahal dan paling murah di burger blenger #komedi #burger #restoran #shorts,blenger bahasa orang2 timur odoh ya,No Online Gambling Promotion
-HZ-6SPCVm4,menu paling mahal dan paling murah di burger blenger #komedi #burger #restoran #shorts,Makan burger hotdog mikirin kalori Hedeh Ya ngga makn broooo,No Online Gambling Promotion
-HZ-6SPCVm4,menu paling mahal dan paling murah di burger blenger #komedi #burger #restoran #shorts,Bang kaya deket kayu gede,No Online Gambling Promotion
-HZ-6SPCVm4,menu paling mahal dan paling murah di burger blenger #komedi #burger #restoran #shorts,Emang gokil burger blenger,No Online Gambling Promotion
-HZ-6SPCVm4,menu paling mahal dan paling murah di burger blenger #komedi #burger #restoran #shorts,Deket rumaaa rame antri bet,"ramai antri bet, No Online Gambling Promotion"
-HZ-6SPCVm4,menu paling mahal dan paling murah di burger blenger #komedi #burger #restoran #shorts,Yg dimakan pakai nasi kayaknya enak,No Online Gambling Promotion
-HZ-6SPCVm4,menu paling mahal dan paling murah di burger blenger #komedi #burger #restoran #shorts,bng segitu dibilang gede cobain main kemayoran coba cari burger holic yg sekolah al mudasir langsung kaget ukuran burger nya,"cobain main kemayoran, coba cari burger holic yang sekolah Al Mudasir langsung kaget ukuran burgernya, No Online Gambling Promotion"
-HZ-6SPCVm4,menu paling mahal dan paling murah di burger blenger #komedi #burger #restoran #shorts,Burger enak bnyak memori dr jaman SMA duluskrng gua udah 35 haha,"gua udah 35 haha, No Online Gambling Promotion"
-HZ-6SPCVm4,menu paling mahal dan paling murah di burger blenger #komedi #burger #restoran #shorts,bg aduin aimi gacoan,No Online Gambling Promotion
-HZ-6SPCVm4,menu paling mahal dan paling murah di burger blenger #komedi #burger #restoran #shorts,ajg 30K gw bangor murah,No Online Gambling Promotion
-HZ-6SPCVm4,menu paling mahal dan paling murah di burger blenger #komedi #burger #restoran #shorts,bener bener blenger itumah,No Online Gambling Promotion
-HZ-6SPCVm4,menu paling mahal dan paling murah di burger blenger #komedi #burger #restoran #shorts,Perasaan tulisan nya blenger burger,No Online Gambling Promotion
-HZ-6SPCVm4,menu paling mahal dan paling murah di burger blenger #komedi #burger #restoran #shorts,HotDog pakai daging Daging 4n71ng kah,No Online Gambling Promotion
-HZ-6SPCVm4,menu paling mahal dan paling murah di burger blenger #komedi #burger #restoran #shorts,Burger legend inget suka pesen temen2 kantor,No Online Gambling Promotion
-HZ-6SPCVm4,menu paling mahal dan paling murah di burger blenger #komedi #burger #restoran #shorts,Giorno Giovanna Ost jirlah,No Online Gambling Promotion
-HZ-6SPCVm4,menu paling mahal dan paling murah di burger blenger #komedi #burger #restoran #shorts,Bang cobain burger holic dah bang,"cobain burger holic dah bang, No Online Gambling Promotion"
-HZ-6SPCVm4,menu paling mahal dan paling murah di burger blenger #komedi #burger #restoran #shorts,Sesuai nama burger belenger,No Online Gambling Promotion
-HZ-6SPCVm4,menu paling mahal dan paling murah di burger blenger #komedi #burger #restoran #shorts,Enak cabangnya,No Online Gambling Promotion
-HZ-6SPCVm4,menu paling mahal dan paling murah di burger blenger #komedi #burger #restoran #shorts,Sejak kentang mcd enak,No Online Gambling Promotion
-HZ-6SPCVm4,menu paling mahal dan paling murah di burger blenger #komedi #burger #restoran #shorts,Bang blenger nya graha ya,No Online Gambling Promotion
-HZ-6SPCVm4,menu paling mahal dan paling murah di burger blenger #komedi #burger #restoran #shorts,gede banget kayak korup pertamina aja,No Online Gambling Promotion
-HZ-6SPCVm4,menu paling mahal dan paling murah di burger blenger #komedi #burger #restoran #shorts,Maaf nya menunjukan Kalimantan,No Online Gambling Promotion
-HZ-6SPCVm4,menu paling mahal dan paling murah di burger blenger #komedi #burger #restoran #shorts,Burger plenger,No Online Gambling Promotion
-HZ-6SPCVm4,menu paling mahal dan paling murah di burger blenger #komedi #burger #restoran #shorts,Bang coba jaslafh,No Online Gambling Promotion
-HZ-6SPCVm4,menu paling mahal dan paling murah di burger blenger #komedi #burger #restoran #shorts,Burger bangor bangk,No Online Gambling Promotion
-HZ-6SPCVm4,menu paling mahal dan paling murah di burger blenger #komedi #burger #restoran #shorts,pengen yak buka cabang jogja,No Online Gambling Promotion
-HZ-6SPCVm4,menu paling mahal dan paling murah di burger blenger #komedi #burger #restoran #shorts,Dari burger blenger mmng gg ngalahin,"mungkin ingin ngalahkan (mengulang), No Online Gambling Promotion"
-HZ-6SPCVm4,menu paling mahal dan paling murah di burger blenger #komedi #burger #restoran #shorts,Lagi graha Raya kyaknya,No Online Gambling Promotion
-HZ-6SPCVm4,menu paling mahal dan paling murah di burger blenger #komedi #burger #restoran #shorts,Mending beli nasi padang,No Online Gambling Promotion
-HZ-6SPCVm4,menu paling mahal dan paling murah di burger blenger #komedi #burger #restoran #shorts,maap bg lu kayak wibu,No Online Gambling Promotion
-HZ-6SPCVm4,menu paling mahal dan paling murah di burger blenger #komedi #burger #restoran #shorts,Lah mah deket rumah gw anjir,No Online Gambling Promotion
-HZ-6SPCVm4,menu paling mahal dan paling murah di burger blenger #komedi #burger #restoran #shorts,Itu Deket pasar moderen ya Deket rumah gua,No Online Gambling Promotion
-HZ-6SPCVm4,menu paling mahal dan paling murah di burger blenger #komedi #burger #restoran #shorts,Ini emang enak banget cma franchise nya cma d jakarta tanggerang Bekasi niih,No Online Gambling Promotion
-HZ-6SPCVm4,menu paling mahal dan paling murah di burger blenger #komedi #burger #restoran #shorts,Bagaimana kg rame burger blengger orang retonyh,No Online Gambling Promotion
-HZ-6SPCVm4,menu paling mahal dan paling murah di burger blenger #komedi #burger #restoran #shorts,Murah bgt Gass,No Online Gambling Promotion
-HZ-6SPCVm4,menu paling mahal dan paling murah di burger blenger #komedi #burger #restoran #shorts,Noh rm8 murah,No Online Gambling Promotion
-HZ-6SPCVm4,menu paling mahal dan paling murah di burger blenger #komedi #burger #restoran #shorts,Bang coba burger bangor,"cobak burger bangor, No Online Gambling Promotion"
-HZ-6SPCVm4,menu paling mahal dan paling murah di burger blenger #komedi #burger #restoran #shorts,perasaan gua udah ngeblock lu beranda gua anj muka lo kek ktttl,No Online Gambling Promotion
-HZ-6SPCVm4,menu paling mahal dan paling murah di burger blenger #komedi #burger #restoran #shorts,Yang double emang favorit gua ganjel pas makan gua teken biar muat masuk mulut,No Online Gambling Promotion
-HZ-6SPCVm4,menu paling mahal dan paling murah di burger blenger #komedi #burger #restoran #shorts,Gue Udah nyoba burger indonesia sampe alaska Burger Blenger burger nggak enak gue makan,"burger tidak enak, Gua makan, No Online Gambling Promotion"
-HZ-6SPCVm4,menu paling mahal dan paling murah di burger blenger #komedi #burger #restoran #shorts,Hi makan gugul panas hot dog hot tu panas dog tu guguk,"tu panas dog tu guguk, No Online Gambling Promotion"
-HZ-6SPCVm4,menu paling mahal dan paling murah di burger blenger #komedi #burger #restoran #shorts,Di solo,ERROR
-HZ-6SPCVm4,menu paling mahal dan paling murah di burger blenger #komedi #burger #restoran #shorts,Coba Moko burger bang,No Online Gambling Promotion
-HZ-6SPCVm4,menu paling mahal dan paling murah di burger blenger #komedi #burger #restoran #shorts,Kolesterol AKHIRNYA AKU BISA MEMULAI PENYERBUAN,No Online Gambling Promotion
-HZ-6SPCVm4,menu paling mahal dan paling murah di burger blenger #komedi #burger #restoran #shorts,Sa ae p ler kek utang negara situ ngelawak Channel food bahas politics,No Online Gambling Promotion
-HZ-6SPCVm4,menu paling mahal dan paling murah di burger blenger #komedi #burger #restoran #shorts,ttp mahal,No Online Gambling Promotion
-HZ-6SPCVm4,menu paling mahal dan paling murah di burger blenger #komedi #burger #restoran #shorts,Jauh bre enakan hotdoknya banget burgernya,No Online Gambling Promotion
-HZ-6SPCVm4,menu paling mahal dan paling murah di burger blenger #komedi #burger #restoran #shorts,Abu janda food vloger,ERROR
-HZ-6SPCVm4,menu paling mahal dan paling murah di burger blenger #komedi #burger #restoran #shorts,Lebih gede klasmen liga korupsi indonesia,No Online Gambling Promotion
-HZ-6SPCVm4,menu paling mahal dan paling murah di burger blenger #komedi #burger #restoran #shorts,ga iya tp serasa garemnya sekilo klw porsi tp kualitas Mc D French fries ga 100 kentang 52 bahan tambahan makannya enak kasian perut kasih ultra proses food,No Online
-HZ-6SPCVm4,menu paling mahal dan paling murah di burger blenger #komedi #burger #restoran #shorts,kalo gua udh ga enak burgernya trus kaya tulang rangu gitu kadang nyangkut gigi pr _,"tetapi tulang rambutnya terlalu keras sehingga menggigit pr, No Online Gambling Promotion"
-HZ-6SPCVm4,menu paling mahal dan paling murah di burger blenger #komedi #burger #restoran #shorts,graha raya deket rumah gua,No Online Gambling Promotion
-HZ-6SPCVm4,menu paling mahal dan paling murah di burger blenger #komedi #burger #restoran #shorts,Menu murah gaji karyawan murah Menu mahal gaji karyawan mahal,No Online Gambling Promotion
-HZ-6SPCVm4,menu paling mahal dan paling murah di burger blenger #komedi #burger #restoran #shorts,Alamatnya dimana om,No Online Gambling Promotion
-HZ-6SPCVm4,menu paling mahal dan paling murah di burger blenger #komedi #burger #restoran #shorts,Kaget gw konotoI,No Online Gambling Promotion
-HZ-6SPCVm4,menu paling mahal dan paling murah di burger blenger #komedi #burger #restoran #shorts,sayangnya cabangnya dikit,No Online Gambling Promotion
-HZ-6SPCVm4,menu paling mahal dan paling murah di burger blenger #komedi #burger #restoran #shorts,beli X2 request dibelah biar ga repot megang nya tinggal ngomong aja pas lg pesan kasir request telurnya bentuk dadar gak suka telur ceplok,hanya ngobrol saja pas lagi pesan kasir request telurnya bentuk dadar (tidak suka telur ce
-HZ-6SPCVm4,menu paling mahal dan paling murah di burger blenger #komedi #burger #restoran #shorts,graha raya,No Online Gambling Promotion
-HZ-6SPCVm4,menu paling mahal dan paling murah di burger blenger #komedi #burger #restoran #shorts,Lah kaya vortune,No Online Gambling Promotion
-HZ-6SPCVm4,menu paling mahal dan paling murah di burger blenger #komedi #burger #restoran #shorts,Burger langganan emang jos,No Online Gambling Promotion
-HZ-6SPCVm4,menu paling mahal dan paling murah di burger blenger #komedi #burger #restoran #shorts,Paling wort it asli ga berubah,No Online Gambling Promotion
-HZ-6SPCVm4,menu paling mahal dan paling murah di burger blenger #komedi #burger #restoran #shorts,Enakan Hotdog nya Burger 910 Hotdog 9510,No Online Gambling Promotion
-HZ-6SPCVm4,menu paling mahal dan paling murah di burger blenger #komedi #burger #restoran #shorts,Cobain burger holic bg,No Online Gambling Promotion
-HZ-6SPCVm4,menu paling mahal dan paling murah di burger blenger #komedi #burger #restoran #shorts,Banyak banget video orang ajah komentar promosi jui,Online Gambling Promotion
-HZ-6SPCVm4,menu paling mahal dan paling murah di burger blenger #komedi #burger #restoran #shorts,Bg headphone kali2 d review napa jgn properti doang,No Online Gambling Promotion
-HZ-6SPCVm4,menu paling mahal dan paling murah di burger blenger #komedi #burger #restoran #shorts,BG Medan yg,No Online Gambling Promotion
-HZ-6SPCVm4,menu paling mahal dan paling murah di burger blenger #komedi #burger #restoran #shorts,fyi blenger bahasa jawa bosenpuas konteks makanan,No Online Gambling Promotion
-HZ-6SPCVm4,menu paling mahal dan paling murah di burger blenger #komedi #burger #restoran #shorts,Lebay,No Online Gambling Promotion
-HZ-6SPCVm4,menu paling mahal dan paling murah di burger blenger #komedi #burger #restoran #shorts,Traffic bun bang,No Online Gambling Promotion
-HZ-6SPCVm4,menu paling mahal dan paling murah di burger blenger #komedi #burger #restoran #shorts,Sumpah gw yg makan dibikin nyerah Ama burger,No Online Gambling Promotion
-HZ-6SPCVm4,menu paling mahal dan paling murah di burger blenger #komedi #burger #restoran #shorts,Bang klo hotdog cobain menunya Circle K deh Hotdog burger wrapkebab 20rb Hotdog saus bolognese nya juara,No Online Gambling Promotion
-HZ-6SPCVm4,menu paling mahal dan paling murah di burger blenger #komedi #burger #restoran #shorts,Jujur burger ga enak yg gw makan,No Online Gambling Promotion
-HZ-6SPCVm4,menu paling mahal dan paling murah di burger blenger #komedi #burger #restoran #shorts,hotdog ikea aja 30 50k k gitu luparada size nyalahh 18k crazy bgt size nya,No Online Gambling Promotion
-HZ-6SPCVm4,menu paling mahal dan paling murah di burger blenger #komedi #burger #restoran #shorts,Di surabaya ga ya,No Online Gambling Promotion
-HZ-6SPCVm4,menu paling mahal dan paling murah di burger blenger #komedi #burger #restoran #shorts,graha orang ciledoex,No Online Gambling Promotion
-HZ-6SPCVm4,menu paling mahal dan paling murah di burger blenger #komedi #burger #restoran #shorts,Kalo kalimantan gwe dah angkat tangan dah,No Online Gambling Promotion
-HZ-6SPCVm4,menu paling mahal dan paling murah di burger blenger #komedi #burger #restoran #shorts,dons burger bang,No Online Gambling Promotion
-HZ-6SPCVm4,menu paling mahal dan paling murah di burger blenger #komedi #burger #restoran #shorts,Blenger BSD Langganan gw jaman kuliahntahun 2010 2013,No Online Gambling Promotion
-HZ-6SPCVm4,menu paling mahal dan paling murah di burger blenger #komedi #burger #restoran #shorts,ni fav ponakan wkt 2 th skrg dah 20 th tau jd fav g,No Online Gambling Promotion
-HZ-6SPCVm4,menu paling mahal dan paling murah di burger blenger #komedi #burger #restoran #shorts,Jir gede 30 doang,No Online Gambling Promotion
-HZ-6SPCVm4,menu paling mahal dan paling murah di burger blenger #komedi #burger #restoran #shorts,gua suka ni burger pas jaman smp 13 14 Setelah lulus SMP udh gapernah beli beli pas kuliah Rasanya udh berubah ga seenak Bisa bilang the best jamannya klo menang aja,
-HZ-6SPCVm4,menu paling mahal dan paling murah di burger blenger #komedi #burger #restoran #shorts,Blenger arti nya jawa bosen klo disambung burger membosankan,No Online Gambling Promotion
-HZ-6SPCVm4,menu paling mahal dan paling murah di burger blenger #komedi #burger #restoran #shorts,Balikpapan Ko nda ya,No Online Gambling Promotion
-HZ-6SPCVm4,menu paling mahal dan paling murah di burger blenger #komedi #burger #restoran #shorts,DIBET4D kasih terbaik S3l0t G4C0r bikin menang gede,Online Gambling Promotion
-HZ-6SPCVm4,menu paling mahal dan paling murah di burger blenger #komedi #burger #restoran #shorts,Menang DIBET4D S3l0t G4C0r,Online Gambling Promotion
-HZ-6SPCVm4,menu paling mahal dan paling murah di burger blenger #komedi #burger #restoran #shorts,DIBET4D ni the best S3l0t G4C0rnya kasih Jeipe gede,Online Gambling Promotion
-HZ-6SPCVm4,menu paling mahal dan paling murah di burger blenger #komedi #burger #restoran #shorts,Puas banget main DIBET4D S3l0t G4C0r kasih Jeipe,Online Gambling Promotion
-HZ-6SPCVm4,menu paling mahal dan paling murah di burger blenger #komedi #burger #restoran #shorts,DIBET4D juara Jeipe gede ketagihan main S3l0t G4C0r,Online Gambling Promotion
-HZ-6SPCVm4,menu paling mahal dan paling murah di burger blenger #komedi #burger #restoran #shorts,Main DIBET4D menang gede S3l0t G4C0r nggak bohong,No Online Gambling Promotion
-HZ-6SPCVm4,menu paling mahal dan paling murah di burger blenger #komedi #burger #restoran #shorts,Main DIBET4D Jeipe gede S3l0t G4C0r nggak bohong,No Online Gambling Promotion
-HZ-6SPCVm4,menu paling mahal dan paling murah di burger blenger #komedi #burger #restoran #shorts,H0k1e DIBET4D S3l0t G4C0r kasih Jeipe gede,"kasih jeipe gede, Online Gambling Promotion"
-HZ-6SPCVm4,menu paling mahal dan paling murah di burger blenger #komedi #burger #restoran #shorts,H0k1e pisan DIBET4D Jeipe gede seru banget,Online Gambling Promotion
-HZ-6SPCVm4,menu paling mahal dan paling murah di burger blenger #komedi #burger #restoran #shorts,Menang gede DIBET4D S3l0t G4C0rnya ngasih Jeipe,Online Gambling Promotion
-HZ-6SPCVm4,menu paling mahal dan paling murah di burger blenger #komedi #burger #restoran #shorts,Bigmcd aja 45k broMasa 30,"Masa 30, No Online Gambling Promotion"
-HZ-6SPCVm4,menu paling mahal dan paling murah di burger blenger #komedi #burger #restoran #shorts,Bang lu tau gak blenger bahasa jawa bosen kalo makan gak bosen,"lu tau gak blanger bahasa Jawa bosan kalo makan gak bosan, No Online Gambling Promotion"
-HZ-6SPCVm4,menu paling mahal dan paling murah di burger blenger #komedi #burger #restoran #shorts,Plenger,No Online Gambling Promotion
-HZ-6SPCVm4,menu paling mahal dan paling murah di burger blenger #komedi #burger #restoran #shorts,cobain burger si keling bg lokasi dimedan,No Online Gambling Promotion
-HZ-6SPCVm4,menu paling mahal dan paling murah di burger blenger #komedi #burger #restoran #shorts,Enakan bangor blenger,No Online Gambling Promotion
-HZ-6SPCVm4,menu paling mahal dan paling murah di burger blenger #komedi #burger #restoran #shorts,kentang mcd ga enak brok,No Online Gambling Promotion
-HZ-6SPCVm4,menu paling mahal dan paling murah di burger blenger #komedi #burger #restoran #shorts,Blenger beneran njir,No Online Gambling Promotion
-HZ-6SPCVm4,menu paling mahal dan paling murah di burger blenger #komedi #burger #restoran #shorts,burger nya kali lipat gede nya burger deket indomaret deket rumah gua,"burger dekat Indomaret dekat rumah gua, No Online Gambling Promotion"
-HZ-6SPCVm4,menu paling mahal dan paling murah di burger blenger #komedi #burger #restoran #shorts,Tabur kentang Taro kentang,No Online Gambling Promotion
-HZ-6SPCVm4,menu paling mahal dan paling murah di burger blenger #komedi #burger #restoran #shorts,Ini daging anjingbabi Atau halal setauku sih hot dog haram v,No Online Gambling Promotion
-HZ-6SPCVm4,menu paling mahal dan paling murah di burger blenger #komedi #burger #restoran #shorts,halo,No Online Gambling Promotion
-HZ-6SPCVm4,menu paling mahal dan paling murah di burger blenger #komedi #burger #restoran #shorts,Dkt rumah gua,"gua, No Online Gambling Promotion"
-HZ-6SPCVm4,menu paling mahal dan paling murah di burger blenger #komedi #burger #restoran #shorts,Ahh I hear Il Vento Doro,No Online Gambling Promotion
-HZ-6SPCVm4,menu paling mahal dan paling murah di burger blenger #komedi #burger #restoran #shorts,seneng banget blenger ga jauh2 sektor 1,No Online Gambling Promotion
-HZ-6SPCVm4,menu paling mahal dan paling murah di burger blenger #komedi #burger #restoran #shorts,Menacing Burger,ERROR
-HZ-6SPCVm4,menu paling mahal dan paling murah di burger blenger #komedi #burger #restoran #shorts,Deket rumah gw Tanggerang graha raya soting ny,No Online Gambling Promotion
-HZ-6SPCVm4,menu paling mahal dan paling murah di burger blenger #komedi #burger #restoran #shorts,Coba burger bangor bang,No Online Gambling Promotion
-HZ-6SPCVm4,menu paling mahal dan paling murah di burger blenger #komedi #burger #restoran #shorts,Berliner Imbiss wijaya smp 12beugh kalcer bener tu bang legend 90s,No Online Gambling Promotion
-HZ-6SPCVm4,menu paling mahal dan paling murah di burger blenger #komedi #burger #restoran #shorts,Bukannya burger belenger lambang nya hijau ya Ko beda sih,"labelnya hijau ya Ko, Beda sih, No Online Gambling Promotion"
-HZ-6SPCVm4,menu paling mahal dan paling murah di burger blenger #komedi #burger #restoran #shorts,Makan kepala kambing bg,No Online Gambling Promotion
-HZ-6SPCVm4,menu paling mahal dan paling murah di burger blenger #komedi #burger #restoran #shorts,wow,No Online Gambling Promotion
-HZ-6SPCVm4,menu paling mahal dan paling murah di burger blenger #komedi #burger #restoran #shorts,Chili dog udah sip kalokesini,No Online Gambling Promotion
-HZ-6SPCVm4,menu paling mahal dan paling murah di burger blenger #komedi #burger #restoran #shorts,Bang burger king,No Online Gambling Promotion
-HZ-6SPCVm4,menu paling mahal dan paling murah di burger blenger #komedi #burger #restoran #shorts,Bang burger king,No Online Gambling Promotion
-HZ-6SPCVm4,menu paling mahal dan paling murah di burger blenger #komedi #burger #restoran #shorts,Bang burger king,ERROR
-HZ-6SPCVm4,menu paling mahal dan paling murah di burger blenger #komedi #burger #restoran #shorts,kalo nyari murah kenyang burger blenger juaranya,No Online Gambling Promotion
-HZ-6SPCVm4,menu paling mahal dan paling murah di burger blenger #komedi #burger #restoran #shorts,Halo,ERROR
-HZ-6SPCVm4,menu paling mahal dan paling murah di burger blenger #komedi #burger #restoran #shorts,Kono Giorno Giovanna yume ga Aru,No Online Gambling Promotion
-HZ-6SPCVm4,menu paling mahal dan paling murah di burger blenger #komedi #burger #restoran #shorts,052 semangat bang,No Online Gambling Promotion
-HZ-6SPCVm4,menu paling mahal dan paling murah di burger blenger #komedi #burger #restoran #shorts,gede banget kayak utang negara,No Online Gambling Promotion
Yssst9UaglI,COBAIN OCTOPUS CREPES TAKO SENBEI JEPANG,Jadi kasiian gurita nya syahadat pulak,No Online Gambling Promotion
Yssst9UaglI,COBAIN OCTOPUS CREPES TAKO SENBEI JEPANG,Mas nya persis deniy ww,No Online Gambling Promotion
Yssst9UaglI,COBAIN OCTOPUS CREPES TAKO SENBEI JEPANG,Di jepang gurita gede adonan Di indo adonan gurita kecik,No Online Gambling Promotion
Yssst9UaglI,COBAIN OCTOPUS CREPES TAKO SENBEI JEPANG,Yg ko gurita nya,No Online Gambling Promotion
Yssst9UaglI,COBAIN OCTOPUS CREPES TAKO SENBEI JEPANG,beni gingsul,No Online Gambling Promotion
Yssst9UaglI,COBAIN OCTOPUS CREPES TAKO SENBEI JEPANG,ga amis Po enak,No Online Gambling Promotion
Yssst9UaglI,COBAIN OCTOPUS CREPES TAKO SENBEI JEPANG,mending peyek ga si,No Online Gambling Promotion
Yssst9UaglI,COBAIN OCTOPUS CREPES TAKO SENBEI JEPANG,Berapaan ka,No Online Gambling Promotion
Yssst9UaglI,COBAIN OCTOPUS CREPES TAKO SENBEI JEPANG,2 3 menit dibilang,No Online Gambling Promotion
Yssst9UaglI,COBAIN OCTOPUS CREPES TAKO SENBEI JEPANG,Mending beli nasi Padang,ERROR
Yssst9UaglI,COBAIN OCTOPUS CREPES TAKO SENBEI JEPANG,nunggu 2 3 menit dibilang cewe emang gitu ya,No Online Gambling Promotion
Yssst9UaglI,COBAIN OCTOPUS CREPES TAKO SENBEI JEPANG,Kenapa ya kaki Indonesia jualan gk niat kayak tulus Porsi harganya mahal beda negeri Gk jau2 bandingkan kaki yg Malaysia Thailand Vietnam kaki mrk sukai warga lokal turis mancanegara,"Gak jauh bandingkan kaki yg Malaysia Thailand Vietnam kaki mrk suka warga lokal turis mancanegara, No Online"
Yssst9UaglI,COBAIN OCTOPUS CREPES TAKO SENBEI JEPANG,Abangnya sigma,ERROR
Yssst9UaglI,COBAIN OCTOPUS CREPES TAKO SENBEI JEPANG,mahal,No Online Gambling Promotion
Yssst9UaglI,COBAIN OCTOPUS CREPES TAKO SENBEI JEPANG,Jajan fosil,No Online Gambling Promotion
Yssst9UaglI,COBAIN OCTOPUS CREPES TAKO SENBEI JEPANG,Emang halal,No Online Gambling Promotion
Yssst9UaglI,COBAIN OCTOPUS CREPES TAKO SENBEI JEPANG,Peyek,No Online Gambling Promotion
Yssst9UaglI,COBAIN OCTOPUS CREPES TAKO SENBEI JEPANG,perbandingan guritanya,No Online Gambling Promotion
Yssst9UaglI,COBAIN OCTOPUS CREPES TAKO SENBEI JEPANG,Mahal,ERROR
Yssst9UaglI,COBAIN OCTOPUS CREPES TAKO SENBEI JEPANG,Mana guritanya,No Online Gambling Promotion
Yssst9UaglI,COBAIN OCTOPUS CREPES TAKO SENBEI JEPANG,Pernah beli yg octopus ga berani makan serem bentuknya pas udh press,No Online Gambling Promotion
Yssst9UaglI,COBAIN OCTOPUS CREPES TAKO SENBEI JEPANG,Baju abang nyah kek baju AKB 48,No Online Gambling Promotion
Yssst9UaglI,COBAIN OCTOPUS CREPES TAKO SENBEI JEPANG,mah crepes sidik jari octopus,No Online Gambling Promotion
Yssst9UaglI,COBAIN OCTOPUS CREPES TAKO SENBEI JEPANG,Tepung aja mah tuh,No Online Gambling Promotion
Yssst9UaglI,COBAIN OCTOPUS CREPES TAKO SENBEI JEPANG,BerM4in cucuk212 H0K1,No Online Gambling Promotion
Yssst9UaglI,COBAIN OCTOPUS CREPES TAKO SENBEI JEPANG,Di cucuk212 H0K1 muter muter kayak kucing mengejar ekor,No Online Gambling Promotion
Yssst9UaglI,COBAIN OCTOPUS CREPES TAKO SENBEI JEPANG,H0K1 maksimal M4in cucuk212,No Online Gambling Promotion
Yssst9UaglI,COBAIN OCTOPUS CREPES TAKO SENBEI JEPANG,H0K1 terusan cucuk212,No Online Gambling Promotion
Yssst9UaglI,COBAIN OCTOPUS CREPES TAKO SENBEI JEPANG,Keberuntungan sok cucuk212,No Online Gambling Promotion
Yssst9UaglI,COBAIN OCTOPUS CREPES TAKO SENBEI JEPANG,H0K1 cucuk212 ngejar ngejar keberuntungan nggak,No Online Gambling Promotion
Yssst9UaglI,COBAIN OCTOPUS CREPES TAKO SENBEI JEPANG,M4in cucuk212 J4ckP0t G3d3 H0K1 seru,No Online Gambling Promotion
Yssst9UaglI,COBAIN OCTOPUS CREPES TAKO SENBEI JEPANG,M4in cucuk212 J4ckP0t langsung turun H0K1 terusan mantap,No Online Gambling Promotion
Yssst9UaglI,COBAIN OCTOPUS CREPES TAKO SENBEI JEPANG,H0K1 cucuk212 menang terusan,No Online Gambling Promotion
Yssst9UaglI,COBAIN OCTOPUS CREPES TAKO SENBEI JEPANG,M4in cucuk212 menang G3d3,No Online Gambling Promotion
Yssst9UaglI,COBAIN OCTOPUS CREPES TAKO SENBEI JEPANG,Jual tapioka balutan gurita,No Online Gambling Promotion
Yssst9UaglI,COBAIN OCTOPUS CREPES TAKO SENBEI JEPANG,kagak pecah tuh gurita nya,No Online Gambling Promotion
Yssst9UaglI,COBAIN OCTOPUS CREPES TAKO SENBEI JEPANG,Udh gtu doang Mending beli nasi padang,"Mendung beli nasi padang, No Online Gambling Promotion"
Yssst9UaglI,COBAIN OCTOPUS CREPES TAKO SENBEI JEPANG,Guritan nyh kekecilan,No Online Gambling Promotion
Yssst9UaglI,COBAIN OCTOPUS CREPES TAKO SENBEI JEPANG,Kenyang kagak mahal iya,No Online Gambling Promotion
Yssst9UaglI,COBAIN OCTOPUS CREPES TAKO SENBEI JEPANG,M4in menang cucuk212,No Online Gambling Promotion
Yssst9UaglI,COBAIN OCTOPUS CREPES TAKO SENBEI JEPANG,M4in cucuk212 H0K1 mantap,No Online Gambling Promotion
Yssst9UaglI,COBAIN OCTOPUS CREPES TAKO SENBEI JEPANG,M4in cucuk212 H0K1 terusan,No Online Gambling Promotion
Yssst9UaglI,COBAIN OCTOPUS CREPES TAKO SENBEI JEPANG,Keberuntungan cucuk212 bingung mikir M4in gimana,No Online Gambling Promotion
Yssst9UaglI,COBAIN OCTOPUS CREPES TAKO SENBEI JEPANG,M4in cucuk212 H0K1 muter muter aja,No Online Gambling Promotion
Yssst9UaglI,COBAIN OCTOPUS CREPES TAKO SENBEI JEPANG,Keberuntungan cucuk212 bingung nggak H0K1 H0K1,No Online Gambling Promotion
Yssst9UaglI,COBAIN OCTOPUS CREPES TAKO SENBEI JEPANG,M4in cucuk212 gak kalah,No Online Gambling Promotion
Yssst9UaglI,COBAIN OCTOPUS CREPES TAKO SENBEI JEPANG,M4in cucuk212 J4ckP0t langsung turun H0K1 terusan mantap,No Online Gambling Promotion
Yssst9UaglI,COBAIN OCTOPUS CREPES TAKO SENBEI JEPANG,M4in H0K1 cucuk212,No Online Gambling Promotion
Yssst9UaglI,COBAIN OCTOPUS CREPES TAKO SENBEI JEPANG,Luar menang cucuk212 gak bohong,No Online Gambling Promotion
Yssst9UaglI,COBAIN OCTOPUS CREPES TAKO SENBEI JEPANG,Menang cucuk212,No Online Gambling Promotion
Yssst9UaglI,COBAIN OCTOPUS CREPES TAKO SENBEI JEPANG,M4in cucuk212 menang henti,No Online Gambling Promotion
Yssst9UaglI,COBAIN OCTOPUS CREPES TAKO SENBEI JEPANG,Gaspol Aja SIni kakak ku cucuk212,No Online Gambling Promotion
Yssst9UaglI,COBAIN OCTOPUS CREPES TAKO SENBEI JEPANG,M4in cucuk212 J4ckP0t H0K1 hadir henti seru abis,No Online Gambling Promotion
Yssst9UaglI,COBAIN OCTOPUS CREPES TAKO SENBEI JEPANG,Adeknya cantik,ERROR
Yssst9UaglI,COBAIN OCTOPUS CREPES TAKO SENBEI JEPANG,Pas jepang gurita adonan dikit pas indo adonan gurita itil,No Online Gambling Promotion
Yssst9UaglI,COBAIN OCTOPUS CREPES TAKO SENBEI JEPANG,Harganya bergejolak,No Online Gambling Promotion
Yssst9UaglI,COBAIN OCTOPUS CREPES TAKO SENBEI JEPANG,45RB modal 5rb untung 40rb,Online Gambling Promotion
Yssst9UaglI,COBAIN OCTOPUS CREPES TAKO SENBEI JEPANG,Acumalaka hohohahahahaha,No Online Gambling Promotion
Yssst9UaglI,COBAIN OCTOPUS CREPES TAKO SENBEI JEPANG,45rb make cucu nya gurita,No Online Gambling Promotion
Yssst9UaglI,COBAIN OCTOPUS CREPES TAKO SENBEI JEPANG,Itu sih emaknya cumi gurita,No Online Gambling Promotion
Yssst9UaglI,COBAIN OCTOPUS CREPES TAKO SENBEI JEPANG,gambar guritanya gede efek impor guritanya menciut berevolusi cumimakin kecjl aj either promote provoke ukurannya wkwkwk,No Online Gambling Promotion
Yssst9UaglI,COBAIN OCTOPUS CREPES TAKO SENBEI JEPANG,Anjay pake alat molding,No Online Gambling Promotion
Yssst9UaglI,COBAIN OCTOPUS CREPES TAKO SENBEI JEPANG,Itu cumi,No Online Gambling Promotion
Yssst9UaglI,COBAIN OCTOPUS CREPES TAKO SENBEI JEPANG,transmart,No Online Gambling Promotion
Yssst9UaglI,COBAIN OCTOPUS CREPES TAKO SENBEI JEPANG,Cuminya Mungil banget gak kayak jepang,No Online Gambling Promotion
Yssst9UaglI,COBAIN OCTOPUS CREPES TAKO SENBEI JEPANG,Kalo jepang namanya okonomiyaki,No Online Gambling Promotion
Yssst9UaglI,COBAIN OCTOPUS CREPES TAKO SENBEI JEPANG,40k sampah,No Online Gambling Promotion
Yssst9UaglI,COBAIN OCTOPUS CREPES TAKO SENBEI JEPANG,Yang jual wota wkwkwkw,No Online Gambling Promotion
Yssst9UaglI,COBAIN OCTOPUS CREPES TAKO SENBEI JEPANG,Cuminya seupil,No Online Gambling Promotion
Yssst9UaglI,COBAIN OCTOPUS CREPES TAKO SENBEI JEPANG,Yang jual kaya bayu skak,No Online Gambling Promotion
Yssst9UaglI,COBAIN OCTOPUS CREPES TAKO SENBEI JEPANG,Itu udah murah ya kerja jepang seporsi gua beli 1800 yen 198000 harganya variatif tergantung kecilnya gurita Kalau komen mahal target pasarnya ya cocoknya jajan takoyaki abang2 10rb an aja,198000 harganya variatif tergantung kecilnya gurita. Kalau komen mahal target pasarnya ya cocokny
Yssst9UaglI,COBAIN OCTOPUS CREPES TAKO SENBEI JEPANG,kirain fotocopy,No Online Gambling Promotion
Yssst9UaglI,COBAIN OCTOPUS CREPES TAKO SENBEI JEPANG,Jualan gimmick,No Online Gambling Promotion
Yssst9UaglI,COBAIN OCTOPUS CREPES TAKO SENBEI JEPANG,45k Buat ckup 1x seminggu,No Online Gambling Promotion
Yssst9UaglI,COBAIN OCTOPUS CREPES TAKO SENBEI JEPANG,Cuk mahal dikit mending sate njing,No Online Gambling Promotion
Yssst9UaglI,COBAIN OCTOPUS CREPES TAKO SENBEI JEPANG,Ga ngotak untungnya,No Online Gambling Promotion
Yssst9UaglI,COBAIN OCTOPUS CREPES TAKO SENBEI JEPANG,Adonan nya 99 hadee,No Online Gambling Promotion
Yssst9UaglI,COBAIN OCTOPUS CREPES TAKO SENBEI JEPANG,Indo crepes garnis gurita Jepang gurita garnis crepes,No Online Gambling Promotion
Yssst9UaglI,COBAIN OCTOPUS CREPES TAKO SENBEI JEPANG,Krepes,ERROR
Yssst9UaglI,COBAIN OCTOPUS CREPES TAKO SENBEI JEPANG,Nama ig adik mu ka,ERROR
Yssst9UaglI,COBAIN OCTOPUS CREPES TAKO SENBEI JEPANG,Lah gurita udang haram alkitab,No Online Gambling Promotion
Yssst9UaglI,COBAIN OCTOPUS CREPES TAKO SENBEI JEPANG,Waah si ber peri hewan an,No Online Gambling Promotion
Yssst9UaglI,COBAIN OCTOPUS CREPES TAKO SENBEI JEPANG,1 gurita krispy 2 trigu Krispy gurita,No Online Gambling Promotion
Yssst9UaglI,COBAIN OCTOPUS CREPES TAKO SENBEI JEPANG,kebanyakan adonan cuminya seuptit,No Online Gambling Promotion
Yssst9UaglI,COBAIN OCTOPUS CREPES TAKO SENBEI JEPANG,Yg jepang sebanding gurita sam tepung tepung 85 gurita 25,No Online Gambling Promotion
Yssst9UaglI,COBAIN OCTOPUS CREPES TAKO SENBEI JEPANG,Makan adonan,No Online Gambling Promotion
Yssst9UaglI,COBAIN OCTOPUS CREPES TAKO SENBEI JEPANG,Crepes bro krepes gundulmu,No Online Gambling Promotion
Yssst9UaglI,COBAIN OCTOPUS CREPES TAKO SENBEI JEPANG,Kalo babon gurita jepang kalo indo mah gurita netes,No Online Gambling Promotion
Yssst9UaglI,COBAIN OCTOPUS CREPES TAKO SENBEI JEPANG,Pengen modal cepat,No Online Gambling Promotion
Yssst9UaglI,COBAIN OCTOPUS CREPES TAKO SENBEI JEPANG,adenya cakep cik,No Online Gambling Promotion
Yssst9UaglI,COBAIN OCTOPUS CREPES TAKO SENBEI JEPANG,Kirain guritanya segede seuprit ya Mana adonannya banget,"Mana adonannya banget, No Online Gambling Promotion"
Yssst9UaglI,COBAIN OCTOPUS CREPES TAKO SENBEI JEPANG,Wkwkwkwk rugi kebanyakan adonannya kocak,No Online Gambling Promotion
Yssst9UaglI,COBAIN OCTOPUS CREPES TAKO SENBEI JEPANG,2 3 menit kirain sampe stngh jam kocak,No Online Gambling Promotion
Yssst9UaglI,COBAIN OCTOPUS CREPES TAKO SENBEI JEPANG,45rb makan tepung geprek,No Online Gambling Promotion
Yssst9UaglI,COBAIN OCTOPUS CREPES TAKO SENBEI JEPANG,Salfok baju abangnya tulisannya JAKARTA48,No Online Gambling Promotion
Yssst9UaglI,COBAIN OCTOPUS CREPES TAKO SENBEI JEPANG,Guritanya bayi press,No Online Gambling Promotion
Yssst9UaglI,COBAIN OCTOPUS CREPES TAKO SENBEI JEPANG,Definisi iklan vs realita,ERROR
Yssst9UaglI,COBAIN OCTOPUS CREPES TAKO SENBEI JEPANG,Bayi gurita,No Online Gambling Promotion
Yssst9UaglI,COBAIN OCTOPUS CREPES TAKO SENBEI JEPANG,Liat krupuk gurita keinget bochhi dkk dipantai Gambar krupuk guritanya gambar asli,No Online Gambling Promotion
Yssst9UaglI,COBAIN OCTOPUS CREPES TAKO SENBEI JEPANG,Dikira kalo gurita nya gede beli kadang klo ngomong berasa bener,No Online Gambling Promotion
Yssst9UaglI,COBAIN OCTOPUS CREPES TAKO SENBEI JEPANG,versi lite,No Online Gambling Promotion
Yssst9UaglI,COBAIN OCTOPUS CREPES TAKO SENBEI JEPANG,Kenapa harga 45 50k gurita Harga stand nya mahal bre takut bangkar,"tidak takut bangkrak, No Online Gambling Promotion"
Yssst9UaglI,COBAIN OCTOPUS CREPES TAKO SENBEI JEPANG,Kak direy kakak,No Online Gambling Promotion
Yssst9UaglI,COBAIN OCTOPUS CREPES TAKO SENBEI JEPANG,Cantikkkk,No Online Gambling Promotion
Yssst9UaglI,COBAIN OCTOPUS CREPES TAKO SENBEI JEPANG,Gurita 1 Adonan 99,No Online Gambling Promotion
Yssst9UaglI,COBAIN OCTOPUS CREPES TAKO SENBEI JEPANG,Kirain 2 3 jam anjir menit doang lho,No Online Gambling Promotion
Yssst9UaglI,COBAIN OCTOPUS CREPES TAKO SENBEI JEPANG,ya wajar aja guritanya oraang murah jepang harganya berpikir pintar netizen,No Online Gambling Promotion
Yssst9UaglI,COBAIN OCTOPUS CREPES TAKO SENBEI JEPANG,Gurita Cumi,No Online Gambling Promotion
Yssst9UaglI,COBAIN OCTOPUS CREPES TAKO SENBEI JEPANG,Yg jualan mukanya kya orng indo,No Online Gambling Promotion
Yssst9UaglI,COBAIN OCTOPUS CREPES TAKO SENBEI JEPANG,Guritanya upil,No Online Gambling Promotion
Yssst9UaglI,COBAIN OCTOPUS CREPES TAKO SENBEI JEPANG,Mahal bgt gurita putih jmh 35 k perkilo,No Online Gambling Promotion
Yssst9UaglI,COBAIN OCTOPUS CREPES TAKO SENBEI JEPANG,Kayak logo film alien gimanaa gitu kwwk,No Online Gambling Promotion
Yssst9UaglI,COBAIN OCTOPUS CREPES TAKO SENBEI JEPANG,Muahaln,No Online Gambling Promotion
Yssst9UaglI,COBAIN OCTOPUS CREPES TAKO SENBEI JEPANG,Buset mh jualan trigu mass,No Online Gambling Promotion
Yssst9UaglI,COBAIN OCTOPUS CREPES TAKO SENBEI JEPANG,Adeknya ka,No Online Gambling Promotion
Yssst9UaglI,COBAIN OCTOPUS CREPES TAKO SENBEI JEPANG,perbedaan nyata guritanya,No Online Gambling Promotion
Yssst9UaglI,COBAIN OCTOPUS CREPES TAKO SENBEI JEPANG,Gurita 5060 kg Di kasi biji harga 40 rb Cepat Naik Haji owner nya Kalau yg beli,No Online Gambling Promotion
Yssst9UaglI,COBAIN OCTOPUS CREPES TAKO SENBEI JEPANG,gurita matang,No Online Gambling Promotion
Yssst9UaglI,COBAIN OCTOPUS CREPES TAKO SENBEI JEPANG,2 3 menit,No Online Gambling Promotion
Yssst9UaglI,COBAIN OCTOPUS CREPES TAKO SENBEI JEPANG,Itu gurita semut bgt,No Online Gambling Promotion
Yssst9UaglI,COBAIN OCTOPUS CREPES TAKO SENBEI JEPANG,Di jepang jualnya real gurita Di indo jualnya real tepung,"Di Indonesia jualnya real tepung, No Online Gambling Promotion"
Yssst9UaglI,COBAIN OCTOPUS CREPES TAKO SENBEI JEPANG,Jual tepung 45 ribu,No Online Gambling Promotion
Yssst9UaglI,COBAIN OCTOPUS CREPES TAKO SENBEI JEPANG,Mantapp pengen nyobain 367 kakak,"367 kakak, No Online Gambling Promotion"
Yssst9UaglI,COBAIN OCTOPUS CREPES TAKO SENBEI JEPANG,Octopus nya pre school,No Online Gambling Promotion
Yssst9UaglI,COBAIN OCTOPUS CREPES TAKO SENBEI JEPANG,Beda banget versi asli jepang pke gurita yg mala pke gurita banget,No Online Gambling Promotion
Yssst9UaglI,COBAIN OCTOPUS CREPES TAKO SENBEI JEPANG,Baju nya JKT48,No Online Gambling Promotion
Yssst9UaglI,COBAIN OCTOPUS CREPES TAKO SENBEI JEPANG,Kemahalan,No Online Gambling Promotion
Yssst9UaglI,COBAIN OCTOPUS CREPES TAKO SENBEI JEPANG,pembeda ori kw yaa udah keliatan yaa,No Online Gambling Promotion
Yssst9UaglI,COBAIN OCTOPUS CREPES TAKO SENBEI JEPANG,Itu gurita baby cumi,No Online Gambling Promotion
Yssst9UaglI,COBAIN OCTOPUS CREPES TAKO SENBEI JEPANG,adek lu nihv,No Online Gambling Promotion
Yssst9UaglI,COBAIN OCTOPUS CREPES TAKO SENBEI JEPANG,Ska bngt,No Online Gambling Promotion
Yssst9UaglI,COBAIN OCTOPUS CREPES TAKO SENBEI JEPANG,Kemahalan ga si cuy terserah,No Online Gambling Promotion
Yssst9UaglI,COBAIN OCTOPUS CREPES TAKO SENBEI JEPANG,baby Squid,No Online Gambling Promotion
Yssst9UaglI,COBAIN OCTOPUS CREPES TAKO SENBEI JEPANG,Adek nya,No Online Gambling Promotion
Yssst9UaglI,COBAIN OCTOPUS CREPES TAKO SENBEI JEPANG,mandang mending mandang mending target pasar nya kaum mandang mending,No Online Gambling Promotion
Yssst9UaglI,COBAIN OCTOPUS CREPES TAKO SENBEI JEPANG,Mamang Tsukasakamen rider Decade nyasar,No Online Gambling Promotion
Yssst9UaglI,COBAIN OCTOPUS CREPES TAKO SENBEI JEPANG,Namanya kw cok samain jepang asli,No Online Gambling Promotion
Yssst9UaglI,COBAIN OCTOPUS CREPES TAKO SENBEI JEPANG,Klw yg jepang guritany gemoyyg indo guritanya stunting,No Online Gambling Promotion
Yssst9UaglI,COBAIN OCTOPUS CREPES TAKO SENBEI JEPANG,1 biji gurita 45 ribu Mending seafood Bakaran Udah kenyang 2 orang,"Mendengar seafood Bakaran Udah kenyal 2 orang, No Online Gambling Promotion"
Yssst9UaglI,COBAIN OCTOPUS CREPES TAKO SENBEI JEPANG,55rb 45rb muahal,"00 Rp 45.000,00 (money), No Online Gambling Promotion"
Yssst9UaglI,COBAIN OCTOPUS CREPES TAKO SENBEI JEPANG,Janin gurita,No Online Gambling Promotion
Yssst9UaglI,COBAIN OCTOPUS CREPES TAKO SENBEI JEPANG,Ini namanya krepes adonan Gurita nya aksesoris,No Online Gambling Promotion
Yssst9UaglI,COBAIN OCTOPUS CREPES TAKO SENBEI JEPANG,Kok gurita nya kekecilan nya,No Online Gambling Promotion
Yssst9UaglI,COBAIN OCTOPUS CREPES TAKO SENBEI JEPANG,Kecil gurita nya wkwkw mah gurita nya gede,"mah gurita nya gede, No Online Gambling Promotion"
Yssst9UaglI,COBAIN OCTOPUS CREPES TAKO SENBEI JEPANG,Asekkkk gurita sablon,No Online Gambling Promotion
Yssst9UaglI,COBAIN OCTOPUS CREPES TAKO SENBEI JEPANG,Di jepang full cumi klo indonesia full adonan,No Online Gambling Promotion
Yssst9UaglI,COBAIN OCTOPUS CREPES TAKO SENBEI JEPANG,Biasa beli Indonesia,No Online Gambling Promotion
Yssst9UaglI,COBAIN OCTOPUS CREPES TAKO SENBEI JEPANG,Enak,No Online Gambling Promotion
Yssst9UaglI,COBAIN OCTOPUS CREPES TAKO SENBEI JEPANG,Kebiasaan jajanan negeri masuk indo langsung berkurang kualitasnya Asli jepangnya guritanya gede knp masuk indo jd menciut,"Asli jepangnya guritananya gede, No Online Gambling Promotion"
Yssst9UaglI,COBAIN OCTOPUS CREPES TAKO SENBEI JEPANG,Di jepang dgn penghasilan 30 50 jthrg makanan sktr 40 100rbdi indo penghasilan 3 5jt hrg makanan 40 50rb sedihnya gurita mini,penghasilan 3-5 jt harga makanan 4
Yssst9UaglI,COBAIN OCTOPUS CREPES TAKO SENBEI JEPANG,Yg bilang gurita ny emg lu bkin gituan,No Online Gambling Promotion
Yssst9UaglI,COBAIN OCTOPUS CREPES TAKO SENBEI JEPANG,baby gurita,No Online Gambling Promotion
Yssst9UaglI,COBAIN OCTOPUS CREPES TAKO SENBEI JEPANG,Kirain 2 jam,No Online Gambling Promotion
Yssst9UaglI,COBAIN OCTOPUS CREPES TAKO SENBEI JEPANG,Gurita mini,ERROR
Yssst9UaglI,COBAIN OCTOPUS CREPES TAKO SENBEI JEPANG,DIBET4D emang the best S3l0t G4C0rnya ngasih Jeipe gede,Online Gambling Promotion
Yssst9UaglI,COBAIN OCTOPUS CREPES TAKO SENBEI JEPANG,DIBET4D juara parah Jeipe gede seru main S3l0t G4C0r,Online Gambling Promotion
Yssst9UaglI,COBAIN OCTOPUS CREPES TAKO SENBEI JEPANG,G4C0r banget DIBET4D menang gede,Online Gambling Promotion
Yssst9UaglI,COBAIN OCTOPUS CREPES TAKO SENBEI JEPANG,G4C0r parah DIBET4D Jeipe gede main seru,No Online Gambling Promotion
Yssst9UaglI,COBAIN OCTOPUS CREPES TAKO SENBEI JEPANG,H0k1e pisan deh DIBET4D Jeipe gede seru,No Online Gambling Promotion
Yssst9UaglI,COBAIN OCTOPUS CREPES TAKO SENBEI JEPANG,H0k1e pisan deh main DIBET4D Jeipe gede seru,No Online Gambling Promotion
Yssst9UaglI,COBAIN OCTOPUS CREPES TAKO SENBEI JEPANG,H0k1e banget main DIBET4D Jeipe gede seru,Online Gambling Promotion
Yssst9UaglI,COBAIN OCTOPUS CREPES TAKO SENBEI JEPANG,DIBET4D emang gokil S3l0t G4C0r Jeipe gede,No Online Gambling Promotion
Yssst9UaglI,COBAIN OCTOPUS CREPES TAKO SENBEI JEPANG,DIBET4D mah gokil pisan Jeipe gede seru,No Online Gambling Promotion
Yssst9UaglI,COBAIN OCTOPUS CREPES TAKO SENBEI JEPANG,DIBET4D emang keren S3l0t G4C0rnya kasih Jeipe,Online Gambling Promotion
Yssst9UaglI,COBAIN OCTOPUS CREPES TAKO SENBEI JEPANG,Menang gede mulu DIBET4D Jeipe gede seru mainnya,No Online Gambling Promotion
Yssst9UaglI,COBAIN OCTOPUS CREPES TAKO SENBEI JEPANG,DIBET4D mah gokil pisan Jeipe gede seru mainna,No Online Gambling Promotion
Yssst9UaglI,COBAIN OCTOPUS CREPES TAKO SENBEI JEPANG,S3l0t G4C0r DIBET4D bikin H0k1e Menang,Online Gambling Promotion
Yssst9UaglI,COBAIN OCTOPUS CREPES TAKO SENBEI JEPANG,DIBET4D ni gokil kali Jeipe gede seru mainnya,Online Gambling Promotion
Yssst9UaglI,COBAIN OCTOPUS CREPES TAKO SENBEI JEPANG,Menang gede DIBET4D Jeipe gede S3l0t G4C0r seru,Online Gambling Promotion
Yssst9UaglI,COBAIN OCTOPUS CREPES TAKO SENBEI JEPANG,DIBET4D kasih kejutan S3l0t G4C0r menang,Online Gambling Promotion
Yssst9UaglI,COBAIN OCTOPUS CREPES TAKO SENBEI JEPANG,DIBET4D emang gokil menang gede S3l0t G4C0r,Online Gambling Promotion
Yssst9UaglI,COBAIN OCTOPUS CREPES TAKO SENBEI JEPANG,video serem banget makanannya,No Online Gambling Promotion
Yssst9UaglI,COBAIN OCTOPUS CREPES TAKO SENBEI JEPANG,Di tempatku namanya peyek,No Online Gambling Promotion
Yssst9UaglI,COBAIN OCTOPUS CREPES TAKO SENBEI JEPANG,2 3 min,No Online Gambling Promotion
Yssst9UaglI,COBAIN OCTOPUS CREPES TAKO SENBEI JEPANG,Anjay yg versi indo pake nya baby octopus imut,No Online Gambling Promotion
Yssst9UaglI,COBAIN OCTOPUS CREPES TAKO SENBEI JEPANG,Makasih infonyauntuk dihindari,No Online Gambling Promotion
Yssst9UaglI,COBAIN OCTOPUS CREPES TAKO SENBEI JEPANG,Gak sesuai iklan,No Online Gambling Promotion
Yssst9UaglI,COBAIN OCTOPUS CREPES TAKO SENBEI JEPANG,Daerah mna,No Online Gambling Promotion
Yssst9UaglI,COBAIN OCTOPUS CREPES TAKO SENBEI JEPANG,Jajanan kaga tipis gitu kaya tisu,No Online Gambling Promotion
Yssst9UaglI,COBAIN OCTOPUS CREPES TAKO SENBEI JEPANG,Bedanya cemilan jepang adaptasi indo,No Online Gambling Promotion
Yssst9UaglI,COBAIN OCTOPUS CREPES TAKO SENBEI JEPANG,ga aneh org indo kalo jualan ya gitu,No Online Gambling Promotion
Yssst9UaglI,COBAIN OCTOPUS CREPES TAKO SENBEI JEPANG,Gurita nya bet Besaran umpan pancing ku,No Online Gambling Promotion
Yssst9UaglI,COBAIN OCTOPUS CREPES TAKO SENBEI JEPANG,Di indo mah gurita aja dikorupsi kecildibanyakin adonanya tpi harga 40rbn,"namun harga 40 ribuan, No Online Gambling Promotion"
Yssst9UaglI,COBAIN OCTOPUS CREPES TAKO SENBEI JEPANG,Ga worth it harganya kemahalan gurita,No Online Gambling Promotion
Yssst9UaglI,COBAIN OCTOPUS CREPES TAKO SENBEI JEPANG,heran netizen aja yg diprotes sehari hidup lu ga protes ga jepang guritanya harganya mahal ntar guritanya gede trus dijual mahal protes lu aja banyakan protes,"ga protes ga jepang guritnya harganya mahal ntar guritnya gede trus dijual mahal protes, No Online Gambling Promotion"
Yssst9UaglI,COBAIN OCTOPUS CREPES TAKO SENBEI JEPANG,Kayak pres sablon kaos,No Online Gambling Promotion
Yssst9UaglI,COBAIN OCTOPUS CREPES TAKO SENBEI JEPANG,Aku suka sosis,ERROR
Yssst9UaglI,COBAIN OCTOPUS CREPES TAKO SENBEI JEPANG,gurita beda klz wkwkwk emprit indonesia knapa si g estetika makanannya tu dr yg ori,No Online Gambling Promotion
Yssst9UaglI,COBAIN OCTOPUS CREPES TAKO SENBEI JEPANG,59 harganya kak,No Online Gambling Promotion
Yssst9UaglI,COBAIN OCTOPUS CREPES TAKO SENBEI JEPANG,Baju Jepang muka Jawa,No Online Gambling Promotion
Yssst9UaglI,COBAIN OCTOPUS CREPES TAKO SENBEI JEPANG,Kebanyakan adonanya guritanya,No Online Gambling Promotion
Yssst9UaglI,COBAIN OCTOPUS CREPES TAKO SENBEI JEPANG,Gurita nya 40rb mehonk cokk,No Online Gambling Promotion
Yssst9UaglI,COBAIN OCTOPUS CREPES TAKO SENBEI JEPANG,Beda jepang beda indo Yg jepang gurita yg indo cumi,"Yang Jepang Gurita Yang Indonesia Cumi, No Online Gambling Promotion"
Yssst9UaglI,COBAIN OCTOPUS CREPES TAKO SENBEI JEPANG,Padahal harga gurita murahknpa banget trs harganya semahal itubpk ku klo dapet gurita segede tangan org dewasa kadang suka ga laku buanginharga 45k klo beliin gurita makan org,ku klo dapet gurita segede tangan org dewasa kadang suka ga laku buangin harga 45k klo beli
Yssst9UaglI,COBAIN OCTOPUS CREPES TAKO SENBEI JEPANG,gurita ny bgtadonan ny doang,No Online Gambling Promotion
Yssst9UaglI,COBAIN OCTOPUS CREPES TAKO SENBEI JEPANG,Harganya gk fi ceritain,No Online Gambling Promotion
Yssst9UaglI,COBAIN OCTOPUS CREPES TAKO SENBEI JEPANG,klo dijepang guritanya lumayan gede sih jd pas mateng trus dimkn lbh cenderung daging guritanya Cuma ya ttp mahal smpe ratusan ribu klo dirupiahin,"Cuma ya ttp mahal sampai ratusan ribu klo dirupiahkan, Online Gambling"
Yssst9UaglI,COBAIN OCTOPUS CREPES TAKO SENBEI JEPANG,Plisss ngakak guritanya super mini,No Online Gambling Promotion
Yssst9UaglI,COBAIN OCTOPUS CREPES TAKO SENBEI JEPANG,Ni abang yg youtube LENTERA MALAM,No Online Gambling Promotion
Yssst9UaglI,COBAIN OCTOPUS CREPES TAKO SENBEI JEPANG,harga langit gurita segede biji kanjuuut,No Online Gambling Promotion
Yssst9UaglI,COBAIN OCTOPUS CREPES TAKO SENBEI JEPANG,Jackpot rezeki lancar MCB168,Online Gambling Promotion
Yssst9UaglI,COBAIN OCTOPUS CREPES TAKO SENBEI JEPANG,Kemenangan mantap menang MCB168,Online Gambling Promotion
Yssst9UaglI,COBAIN OCTOPUS CREPES TAKO SENBEI JEPANG,Kemenangan rezeki melimpah MCB168,No Online Gambling Promotion
Yssst9UaglI,COBAIN OCTOPUS CREPES TAKO SENBEI JEPANG,Jackpot rezeki lancar MCB168,Online Gambling Promotion
Yssst9UaglI,COBAIN OCTOPUS CREPES TAKO SENBEI JEPANG,Pasti gk berasa guritanya tu seuprit,No Online Gambling Promotion
Yssst9UaglI,COBAIN OCTOPUS CREPES TAKO SENBEI JEPANG,Seuprit gitu 40rb an Kenyang jg makan nasi Padang dh 3 bungkus,"an Kenyang juga makan nasi Padang dengan 3 bungkus, No Online Gambling Promotion"
Yssst9UaglI,COBAIN OCTOPUS CREPES TAKO SENBEI JEPANG,Kasian,No Online Gambling Promotion
Yssst9UaglI,COBAIN OCTOPUS CREPES TAKO SENBEI JEPANG,abangnya pake baju jkt48 gasii,No Online Gambling Promotion
Yssst9UaglI,COBAIN OCTOPUS CREPES TAKO SENBEI JEPANG,Cumi2,No Online Gambling Promotion
Yssst9UaglI,COBAIN OCTOPUS CREPES TAKO SENBEI JEPANG,kalo udah masuk indonesia udah beda tampilannya seupil guritanya,No Online Gambling Promotion
Yssst9UaglI,COBAIN OCTOPUS CREPES TAKO SENBEI JEPANG,Crepes,ERROR
Yssst9UaglI,COBAIN OCTOPUS CREPES TAKO SENBEI JEPANG,Gurita geprek,No Online Gambling Promotion
Yssst9UaglI,COBAIN OCTOPUS CREPES TAKO SENBEI JEPANG,40rb dapet gurita sekilo ditempatku ga laku krna alot,No Online Gambling Promotion
Yssst9UaglI,COBAIN OCTOPUS CREPES TAKO SENBEI JEPANG,Makan adonannya doang mah,No Online Gambling Promotion
Yssst9UaglI,COBAIN OCTOPUS CREPES TAKO SENBEI JEPANG,Krepes ceunah,No Online Gambling Promotion
Yssst9UaglI,COBAIN OCTOPUS CREPES TAKO SENBEI JEPANG,Pcel lele udh dpt 2 bungkus,No Online Gambling Promotion
Yssst9UaglI,COBAIN OCTOPUS CREPES TAKO SENBEI JEPANG,Kirain press jd segede Ternyata,No Online Gambling Promotion
Yssst9UaglI,COBAIN OCTOPUS CREPES TAKO SENBEI JEPANG,Njirrr,No Online Gambling Promotion
Yssst9UaglI,COBAIN OCTOPUS CREPES TAKO SENBEI JEPANG,2 3 menit,No Online Gambling Promotion
Yssst9UaglI,COBAIN OCTOPUS CREPES TAKO SENBEI JEPANG,Di jepang guritanya tepung dikit doang,No Online Gambling Promotion
Yssst9UaglI,COBAIN OCTOPUS CREPES TAKO SENBEI JEPANG,50ribu gurita minii,No Online Gambling Promotion
Yssst9UaglI,COBAIN OCTOPUS CREPES TAKO SENBEI JEPANG,Susah nyari kekurangan MANDALIKA77 serba efektif,No Online Gambling Promotion
Yssst9UaglI,COBAIN OCTOPUS CREPES TAKO SENBEI JEPANG,Nggak nunggu MANDALIKA77 langsung kasih hasil,No Online Gambling Promotion
Yssst9UaglI,COBAIN OCTOPUS CREPES TAKO SENBEI JEPANG,Pake MANDALIKA77 susah move on,No Online Gambling Promotion
Yssst9UaglI,COBAIN OCTOPUS CREPES TAKO SENBEI JEPANG,Terbaik MANDALIKA77 sukses bantu orang cepat,No Online Gambling Promotion
Yssst9UaglI,COBAIN OCTOPUS CREPES TAKO SENBEI JEPANG,Ramai MANDALIKA77 bikin gebrakan,No Online Gambling Promotion
Yssst9UaglI,COBAIN OCTOPUS CREPES TAKO SENBEI JEPANG,Pernah skeptis coba MANDALIKA77 langsung percaya,"langsung percaya, Online Gambling Promotion"
Yssst9UaglI,COBAIN OCTOPUS CREPES TAKO SENBEI JEPANG,Bikin hidup simple MANDALIKA77,No Online Gambling Promotion
Yssst9UaglI,COBAIN OCTOPUS CREPES TAKO SENBEI JEPANG,Nggak ragu rekomendasiin MANDALIKA77 orang,No Online Gambling Promotion
Yssst9UaglI,COBAIN OCTOPUS CREPES TAKO SENBEI JEPANG,Butuh rekomendasi Gue MANDALIKA77 kali,Online Gambling Promotion
Yssst9UaglI,COBAIN OCTOPUS CREPES TAKO SENBEI JEPANG,Kaget urusan lancar coba MANDALIKA77,No Online Gambling Promotion
Yssst9UaglI,COBAIN OCTOPUS CREPES TAKO SENBEI JEPANG,Di grup nyaranin MANDALIKA77 fix coba,No Online Gambling Promotion
Yssst9UaglI,COBAIN OCTOPUS CREPES TAKO SENBEI JEPANG,Bakal share pengalaman positif temen temen MANDALIKA77 recommended,No Online Gambling Promotion
Yssst9UaglI,COBAIN OCTOPUS CREPES TAKO SENBEI JEPANG,Gue MANDALIKA77 dikenal luas,No Online Gambling Promotion
Yssst9UaglI,COBAIN OCTOPUS CREPES TAKO SENBEI JEPANG,Banyak banget testimoni positif MANDALIKA77 daun,No Online Gambling Promotion
Yssst9UaglI,COBAIN OCTOPUS CREPES TAKO SENBEI JEPANG,Gua kl ngelihat keinget anime how i attended all guys mixer Ada adegan makan jajan,"Ada adegan makan jajan, No Online Gambling Promotion"
Yssst9UaglI,COBAIN OCTOPUS CREPES TAKO SENBEI JEPANG,Gurita kekecilan kebanyakan adonannya,No Online Gambling Promotion
Yssst9UaglI,COBAIN OCTOPUS CREPES TAKO SENBEI JEPANG,Sumpah deh JPTOGEL77 bikin gampang,Online Gambling Promotion
Yssst9UaglI,COBAIN OCTOPUS CREPES TAKO SENBEI JEPANG,Pokoknya JPTOGEL77 keribetan,Online Gambling Promotion
Yssst9UaglI,COBAIN OCTOPUS CREPES TAKO SENBEI JEPANG,Proses verifikasi mudah jempol JPTOGEL77,Online Gambling Promotion
Yssst9UaglI,COBAIN OCTOPUS CREPES TAKO SENBEI JEPANG,Kolom komentar ramai ikutan bahas JPTOGEL77,Online Gambling Promotion
Yssst9UaglI,COBAIN OCTOPUS CREPES TAKO SENBEI JEPANG,Pengalaman pengguna bagus JPTOGEL77 panen pujian,No Online Gambling Promotion
Yssst9UaglI,COBAIN OCTOPUS CREPES TAKO SENBEI JEPANG,Gue suka kecepatan prosesnya JPTOGEL77 emang juara,Online Gambling Promotion
Yssst9UaglI,COBAIN OCTOPUS CREPES TAKO SENBEI JEPANG,Selalu muncul kolom komentar hype JPTOGEL77 real,Online Gambling Promotion
Yssst9UaglI,COBAIN OCTOPUS CREPES TAKO SENBEI JEPANG,Wih trending nih JPTOGEL77 bikin penasaran aja,Online Gambling Promotion
Yssst9UaglI,COBAIN OCTOPUS CREPES TAKO SENBEI JEPANG,Heboh bener platform rame JPTOGEL77,Online Gambling Promotion
Yssst9UaglI,COBAIN OCTOPUS CREPES TAKO SENBEI JEPANG,Komunitas JPTOGEL77 solid banget salut,Online Gambling Promotion
Yssst9UaglI,COBAIN OCTOPUS CREPES TAKO SENBEI JEPANG,Kolom komentar penuh dukungan JPTOGEL77 emang trusted,Online Gambling Promotion
Yssst9UaglI,COBAIN OCTOPUS CREPES TAKO SENBEI JEPANG,Apapun cari kayaknya JPTOGEL77 jawabannya,Online Gambling Promotion
Yssst9UaglI,COBAIN OCTOPUS CREPES TAKO SENBEI JEPANG,Nggak sangka antusiasnya JPTOGEL77,No Online Gambling Promotion
Yssst9UaglI,COBAIN OCTOPUS CREPES TAKO SENBEI JEPANG,Makin abis baca review JPTOGEL77,Online Gambling Promotion
Yssst9UaglI,COBAIN OCTOPUS CREPES TAKO SENBEI JEPANG,Yang asli gk gini lo,No Online Gambling Promotion
Yssst9UaglI,COBAIN OCTOPUS CREPES TAKO SENBEI JEPANG,cmn main JptogeI77 gw dpt teriakan mantap ayaaaaaang,Online Gambling Promotion
Yssst9UaglI,COBAIN OCTOPUS CREPES TAKO SENBEI JEPANG,Saya depo barusan 3x wdnya 7 kali Jptogel77,Online Gambling Promotion
Yssst9UaglI,COBAIN OCTOPUS CREPES TAKO SENBEI JEPANG,Gila ya Jptogel77 dimana ashu terpercaya kagak nih,Online Gambling Promotion
Yssst9UaglI,COBAIN OCTOPUS CREPES TAKO SENBEI JEPANG,jptogel77 MAKASIH BNRN ASIK JP AJA,Online Gambling Promotion
Yssst9UaglI,COBAIN OCTOPUS CREPES TAKO SENBEI JEPANG,gw kasi kisi2 halus sikit main la JPTOGEL77 anak nih brani kasi wr tinggi2 wkwkwkwk gas biar kapok,Online Gambling Promotion
Yssst9UaglI,COBAIN OCTOPUS CREPES TAKO SENBEI JEPANG,sih ya jptogel77 bocor,Online Gambling Promotion
Yssst9UaglI,COBAIN OCTOPUS CREPES TAKO SENBEI JEPANG,banget JPTOGEL77 cuan banget web nya gk depo gede2 depo receh kasih maxwin coba gan,"gak deposit besar, deposit reseh kasih maxwin, coba gane, Online Gambling Promotion"
Yssst9UaglI,COBAIN OCTOPUS CREPES TAKO SENBEI JEPANG,makasih infonya kwnkwn jptogel77 ane dh daftar jg ya semoga amanah,Online Gambling Promotion
Yssst9UaglI,COBAIN OCTOPUS CREPES TAKO SENBEI JEPANG,Cuma kasi masukan aja Bang main jptogel77 main sportif g Rungkad dikasi menang,"bang main jptogel77 main sportif g Rungkad dikasi menang, Online Gambling Promotion"
Yssst9UaglI,COBAIN OCTOPUS CREPES TAKO SENBEI JEPANG,ga bikin kecewa kalo main JPTOGEL77 game nya bagusmpuatarannya bonuss mantap betull la,"puataranannya bonuss mantap betul, Online Gambling Promotion"
Yssst9UaglI,COBAIN OCTOPUS CREPES TAKO SENBEI JEPANG,nikmat main JPTOGEL77 starlight princes ny menaburkan pesona tuh member era rungkad deh cuan harinya,Online Gambling Promotion
Yssst9UaglI,COBAIN OCTOPUS CREPES TAKO SENBEI JEPANG,Aku udah daftar JptogeI77 semoga mantap,Online Gambling Promotion
Yssst9UaglI,COBAIN OCTOPUS CREPES TAKO SENBEI JEPANG,jptogel77 pelunas utang gw cok WKWKWKWK,Online Gambling Promotion
Yssst9UaglI,COBAIN OCTOPUS CREPES TAKO SENBEI JEPANG,Selalu nangis karna gapernah menang disitus coba coba main JPTOGEL77 langsung menang Sekarang gw member setia situs,"Sekarang gw member setia situs, Online Gambling Promotion"
Yssst9UaglI,COBAIN OCTOPUS CREPES TAKO SENBEI JEPANG,like doain menang main jptogel77,Online Gambling Promotion
