video_id,video_title,comment,label
TAdKK0p-JSY,skakmat,Mamanya kayak ibu2 Palembang muslimah oriental,No Online Gambling Promotion
TAdKK0p-JSY,skakmat,Muka mamah tandai ci jd untung dpt pahal jg dgn mamah mu 2 kalimat syahadat lumayan tuh dagangan laris eh dpt pahala jg klo jd login WKWKWKWJ,ERROR
TAdKK0p-JSY,skakmat,Curang wakstart warny juah lbj,No Online Gambling Promotion
TAdKK0p-JSY,skakmat,Ya Allah Ciiilucu men to sampeyan,No Online Gambling Promotion
TAdKK0p-JSY,skakmat,Mamahnya spek bu Haji,No Online Gambling Promotion
TAdKK0p-JSY,skakmat,aura mama kayak pengajian,No Online Gambling Promotion
TAdKK0p-JSY,skakmat,Mulai dah drama rebutan takjil,No Online Gambling Promotion
TAdKK0p-JSY,skakmat,spill baju kak,No Online Gambling Promotion
TAdKK0p-JSY,skakmat,Wkkw Klo diucap takjil islam,No Online Gambling Promotion
TAdKK0p-JSY,skakmat,Malah penjual takjil pedagang jual nya gak habis,No Online Gambling Promotion
TAdKK0p-JSY,skakmat,JPTOGEL77 jackpot gampang banget gk percaya,"tidak percaya? , Online Gambling Promotion"
TAdKK0p-JSY,skakmat,JPTOGEL77 gua maen bentar aja lngsg WEDEY gede,Online Gambling Promotion
TAdKK0p-JSY,skakmat,gak salah emang sodara gw maen jptogel77 hasilnya mantep bgt brooo maen bntaran doang udah dikasi narik gini kwkwkw makasih jptogel77 mantep,Online Gambling Promotion
TAdKK0p-JSY,skakmat,Iseng cuman coba depo receh situs JPTOGEL77 klau seandainya depo nggak kebayang mantap situs JPTOGEL77 langsung gas aja bro rasakan dimanjain ni BO,Online Gambling Promotion
TAdKK0p-JSY,skakmat,Malam nyobain deposit pakai GOPAY modal 50 ribu jptogel77 Gak nyangka putaran aja langsung jackpot,Online Gambling Promotion
TAdKK0p-JSY,skakmat,member JPTOGEL77 Udah kasih maxwin gila sih situs asli ga salah cobaain situs JPTOGEL77 member setia,"situs asli ga salah cobaain situs JPTOGEL77 member setia, Online Gambling Promotion"
TAdKK0p-JSY,skakmat,modal halus jp paus J P T O G E L 7 7 untung gw kasi tau sodara gak sih gw masi maen sedot wc makasih J P T O G E L 7 7 jajannya,Online Gambling
TAdKK0p-JSY,skakmat,bener teman situs emng keren banget laaabaru dep aja udah dapet menang jptogel77,Online Gambling Promotion
TAdKK0p-JSY,skakmat,jam segini main kakek JPTOGEL77 bikin nagih lurr scatter nya gampang turun sketer perkalian nya konek,Online Gambling Promotion
TAdKK0p-JSY,skakmat,Gak nyangka menang J P T O G E L 77 serasa mimpi siang bolong,No Online Gambling Promotion
TAdKK0p-JSY,skakmat,jptogel77 gw main gak pakai janji palsu bro cuman gw menang,"saya hanya menang, Online Gambling Promotion"
TAdKK0p-JSY,skakmat,bersyukur banget gw main situs JPTOGEL77 udah lunasin utang grgr main situs situs bener edan bro gampang menang,"grgr main situs situs yang benar, edan bro gampang menang, Online Gambling Promotion"
TAdKK0p-JSY,skakmat,sensasi nya beda bro main jptogel77 udah sekampung temen gw main JP,Online Gambling Promotion
TAdKK0p-JSY,skakmat,J P TO G E L 7 7 mekswin depoin LIMPUL,No Online Gambling Promotion
TAdKK0p-JSY,skakmat,JPTOGEL77 gampang banget dapet hasil gede gk ribet,Online Gambling Promotion
TAdKK0p-JSY,skakmat,nikmat ngopi sembari nyelot momen maxwin nya langsung full senyum makasih website jptogel77 udh ngasih maxwin meningkat senang mainnya,Online Gambling Promotion
TAdKK0p-JSY,skakmat,gw aja main JPTOGEL77 x100 kuy mabar biar cuan bang sore mantappp rekomend banget pokok nya situs broo,"kami mabar biar cuan bang sore mantap rekomendasi banget pokoknya situs, Online Gambling Promotion"
TAdKK0p-JSY,skakmat,bersandar teras rumah sembari ngopi bermain permainan nyelot jptogel77 nikmat sekaleh,Online Gambling Promotion
TAdKK0p-JSY,skakmat,gapernah gw temui situs gampang menang JPTOGEL77,Online Gambling Promotion
TAdKK0p-JSY,skakmat,beraniin bUAt dposit situs JPTOGEL77 modal cekakdan negrasaain sensational nya ga rungkad main situs,Online Gambling Promotion
TAdKK0p-JSY,skakmat,situs tu kyk JPTOGEL77 kasi wede lancar ga apa2,Online Gambling Promotion
TAdKK0p-JSY,skakmat,JPTOGEL77 cba maen jekpot gede,Online Gambling Promotion
TAdKK0p-JSY,skakmat,gua pasukan jptogel77 bro udah setia gw main amanah gampang JP,"udah setia gw main amanah gampang JP, Online Gambling Promotion"
TAdKK0p-JSY,skakmat,masyallah bu haja,No Online Gambling Promotion
TAdKK0p-JSY,skakmat,DisiniJ P T O G E L 77 sanggat senang,No Online Gambling Promotion
TAdKK0p-JSY,skakmat,mantap bro jp JPTOGEL77 aja udah makasih udah kasih kemenangan,"udah makasih, udah kasih kemenangan, Online Gambling Promotion"
TAdKK0p-JSY,skakmat,Modal receh hasil lumer mantap kali JPTOGEL77 sensasi maxwn berulang brooo kali nemu web seqacor chek langsung deh webbnya dp wd gesit prosesnya,Online Gambling Promotion
TAdKK0p-JSY,skakmat,menang gak dibayar nih langgana gua aja bro JPTOGEL77 mantap deh gw u main tenang hp bunyi mulu wkkw,Online Gambling Promotion
TAdKK0p-JSY,skakmat,setia bro main jptogel77 udah ratusan situs bandingin tetep enak jptogel77,Online Gambling Promotion
TAdKK0p-JSY,skakmat,aja bro gw main jptogel77 bener ngasih menang ga kyk situs nyedot,"ga saya ketik situs nyedot, Online Gambling Promotion"
TAdKK0p-JSY,skakmat,udah kali gue main jptogel77 wd meluncur aman bonus slalu,Online Gambling Promotion
TAdKK0p-JSY,skakmat,lama2 bangkrut ni bossnya jptogel77 profit trus main kemaren wkkwkw,No Online Gambling Promotion
TAdKK0p-JSY,skakmat,Jangan kebagetan gendhengnya,No Online Gambling Promotion
TAdKK0p-JSY,skakmat,Coba kl mamahnya doank beli langsung dibungkusin ce Secara ibu2 pengajian banget auranya,No Online Gambling Promotion
TAdKK0p-JSY,skakmat,kak mamahnya islamiable banget ibu2 majlis taklim bangett,No Online Gambling Promotion
TAdKK0p-JSY,skakmat,mantap bro jp JPTOGEL77 aja udah makasih udah kasih kemenangan,Online Gambling Promotion
TAdKK0p-JSY,skakmat,Hahahahahakocak seruuuu,No Online Gambling Promotion
TAdKK0p-JSY,skakmat,udah gw coba bro bagus main JPTOGEL77 patut dibanggakan profitnya,"bagus main slot JPTOGEL77, patut dibanggakan profitnya, Online Gambling Promotion"
TAdKK0p-JSY,skakmat,JPTOGEL77 cba jepe gede lngsg,Online Gambling Promotion
TAdKK0p-JSY,skakmat,betah dah nongkrong situs jptogel77 kalo lihat rtp asli gak gagal rtpnya angkanya cuuy,Online Gambling Promotion
TAdKK0p-JSY,skakmat,member langsung dikasih jajanan meningkat senang bermain jptogel77 sih gk ubah web ni,"gak perubahan web ini, Online Gambling Promotion"
TAdKK0p-JSY,skakmat,Alhamdulillah rezeki lancar jaya berkat J P T O G E L 77,Online Gambling Promotion
TAdKK0p-JSY,skakmat,Saran ane main jptogel77 gak pelit link nya gw mmber barusan main auto lgsung maxwin pdhal modal receh doang,"ga perlu linknya, saya akan mulai main otomatis langsung maxwin pada modal rezeki doang, Online Gambling Promotion"
TAdKK0p-JSY,skakmat,aja bro gw main jptogel77 bener ngasih menang ga kyk situs nyedot,"tidak ada situs yang sedot, Online Gambling Promotion"
TAdKK0p-JSY,skakmat,menang nya ga banyakyang ga bikin rungkadnaik sikit bukitini buktinya udah menang JPTOGEL77di sambar kake zeusss wkkwkw,"buktinyadahmenangJPTOGEL77disambarkakezeussswkkwkw, Online Gambling Promotion"
TAdKK0p-JSY,skakmat,aja nih isi saldo ku semenjak main JPTOGEL77 bawaan nya se4lalu hepy saldo jarang sesak nafas mantap matap nih situs nya,"matap nih situsnya, Online Gambling Promotion"
TAdKK0p-JSY,skakmat,jptogel77 ngan ukur Duit ngalir permainan seru ora aya istirahatna Layanan oke banget abdi recom duh euy,Online Gambling Promotion
TAdKK0p-JSY,skakmat,modal recehpun wd J P T O G E L 7 7 benar2 profit hasil main bermain main bermain sukses jutaan mantap webnya,Online Gambling Promotion
TAdKK0p-JSY,skakmat,rngkad sempet putus asa sih main dapet referensi anak komunitas main JPTOGEL77 behhh semangat gw membara banget coy ngasi u google aja JPTOGEL77,Online Gambling Promotion
TAdKK0p-JSY,skakmat,Senang banget rezeki terduga JPTOGEL77,Online Gambling Promotion
TAdKK0p-JSY,skakmat,hidup gw enak brp main jptogel77 nih situs rekomen gw bro,Online Gambling Promotion
TAdKK0p-JSY,skakmat,J P T O G E L 7 7 ngan ukur Duit ngalir permainan seru ora aya istirahatna Layanan oke banget abdi recom duh euy,Online Gambling Promotion
TAdKK0p-JSY,skakmat,Haadiir Mas JPTOGEL77,Online Gambling Promotion
TAdKK0p-JSY,skakmat,Selamat ya kak trending 1 lohh akhirnyaa J P TO G E L 7 7,No Online Gambling Promotion
TAdKK0p-JSY,skakmat,JPTOGEL77 tampil fitur,No Online Gambling Promotion
TAdKK0p-JSY,skakmat,betah dah nongkrong situs JPTOGEL77 kalo lihat rtp asli gak gagal rtpnya angkanya cuuy,"kalo lihat RTP asli gak gagal RTPnya angkanya cuy, Online Gambling Promotion"
TAdKK0p-JSY,skakmat,JPTOGEL77 cba bntr jepe gede lgnsung,Online Gambling Promotion
TAdKK0p-JSY,skakmat,JPTOGEL77 terpopuler masakini,No Online Gambling Promotion
TAdKK0p-JSY,skakmat,JPTOGEL77 jackpot gk paham sehokinya,No Online Gambling Promotion
TAdKK0p-JSY,skakmat,Iseng cuman coba depo receh situs jptogel77 klau seandainya depo nggak kebayang mantap situs jptogel77 langsung gas aja bro rasakan dimanjain ni BO,Online Gambling Promotion
TAdKK0p-JSY,skakmat,0701 JPTOGEL77,Online Gambling Promotion
TAdKK0p-JSY,skakmat,edan web JPTOGEL77 gk bangkrut web nya kasih jepe gua udh 5 main kasih jepe mulu Kelen wajib main web JPTOGEL77 si wak,"gua udh 5 main kasih jepe mulu Kelen wajib main web JPTOGEL77, Online Gambling Promotion"
TAdKK0p-JSY,skakmat,ci baju raya,No Online Gambling Promotion
TAdKK0p-JSY,skakmat,banget JPTOGEL77 cuan banget web nya gk depo gede2 depo receh kasih maxwin coba gan,"gak depok gede2 depok recheh kasih maxwin coba gan, Online Gambling Promotion"
TAdKK0p-JSY,skakmat,Mamam tuh Alhamdulillah,No Online Gambling Promotion
TAdKK0p-JSY,skakmat,edan web JPTOGEL77 gk bangkrut web nya kasih jepe gua udh 5 main kasih jepe mulu Kelen wajib main web JPTOGEL77 si wak,"udah 5 main kasih jepe mulu Kelen wajib main web jptogel77 si wak, Online Gambling Promotion"
TAdKK0p-JSY,skakmat,0242 bsa gtu wkwkwkw jptogel77,Online Gambling Promotion
TAdKK0p-JSY,skakmat,Paling kasih orang bahagia s1tus JPTOGEL77 pemain udah kasih kemenangan,Online Gambling Promotion
TAdKK0p-JSY,skakmat,Ya Allah mamanya persis mak udah meninggal,"mamanya persis mak sudah meninggal, No Online Gambling Promotion"
TAdKK0p-JSY,skakmat,Kalo gak coba nggak Rezaki bis ja J P T O G E L 77,"Resoki tidak akan mencoba J P T O G E L 77, No Online Gambling Promotion"
TAdKK0p-JSY,skakmat,JPTOGEL77 perhatian Lihat ditawarkannya,Online Gambling Promotion
TAdKK0p-JSY,skakmat,Btw Alhamdulillah gua udah Muslim yaa Jangan dihujat komen ketawa,"sudah muslim ya. Jangan dihujat komentar kekacau , No Online Gambling Promotion"
TAdKK0p-JSY,skakmat,Ya allah ayune smpyjn mbak pantes n layak hidayah semoga segerakan login,No Online Gambling Promotion
TAdKK0p-JSY,skakmat,mekswin J P TO G E L 7 7,Online Gambling Promotion
TAdKK0p-JSY,skakmat,jptogel77 tempatnya jagoan judi lu nggak main belajar pro,"tidak main belajar pro, Online Gambling Promotion"
TAdKK0p-JSY,skakmat,server2 emang royal mesin nya lokal semalem gw maen JPTOGEL77 menang gua wkkw google bro,Online Gambling Promotion
TAdKK0p-JSY,skakmat,TRENDING 1 GILA LOOOO jptogel77,Online Gambling Promotion
TAdKK0p-JSY,skakmat,Akhirrrnyaaa bagus konten abang coba main J P T O G E L 77,Online Gambling Promotion
TAdKK0p-JSY,skakmat,webb JPTOGEL77 ga kalah seru ya disni cair trus dr web JPTOGEL77 gokil mantap la jajan,Online Gambling Promotion
TAdKK0p-JSY,skakmat,u abis gak duitnya gara2 kalah pindah nih bagusnya u google JPTOGEL77 aja betahh deh,"u google JPTOGEL77, Online Gambling Promotion"
TAdKK0p-JSY,skakmat,JPTOGEL77 tempatnya jagoan judi lu nggak main belajar pro,"tidak main belajar pro, Online Gambling Promotion"
TAdKK0p-JSY,skakmat,JPTOGEL77 bro gw main gak pakai janji palsu bro cuman gw menang,"saya main tidak menggunakan janji palsu bro, saya hanya menang, Online Gambling Promotion"
TAdKK0p-JSY,skakmat,Modal receh hasil lumer mantap kali JPTOGEL77 sensasi maxwn berulang brooo kali nemu web seqacor chek langsung deh webbnya dp wd gesit prosesnya,Online Gambling Promotion
TAdKK0p-JSY,skakmat,JPTOGEL77 gua suka banget main mudah menangnya,Online Gambling Promotion
TAdKK0p-JSY,skakmat,Main santai jptogel77 hasilnya bikin senyum lebar Terima kasih,Online Gambling Promotion
TAdKK0p-JSY,skakmat,tetangga gw sore main JPTOGEL77,Online Gambling Promotion
TAdKK0p-JSY,skakmat,Ternyata bgt dibilang teman gue main JPTOGEL77 gampang bgt dapetin maxwin member positif WD,Online Gambling Promotion
TAdKK0p-JSY,skakmat,JPTOGEL77 cba langsung bawa pulang cuan gede,No Online Gambling Promotion
TAdKK0p-JSY,skakmat,JPTOGEL77 gua coba bentar saldo langsung 2x lipat,Online Gambling Promotion
TAdKK0p-JSY,skakmat,J P TO G E L 7 7 auto win,No Online Gambling Promotion
TAdKK0p-JSY,skakmat,nyelot gak ribet MANTAB jptogel77gak rugi kalo main main WD gak sampe maxwin modal gw 2x lipat gas,Online Gambling Promotion
TAdKK0p-JSY,skakmat,situs bagus rate kemenangan dibanding JPTOGEL77 situs panutan gw,Online Gambling Promotion
TAdKK0p-JSY,skakmat,intinya bermainlah sabar barbar kemenenangan sabar wkwk hiburan jadiin mata pencaharian gw main JPTOGEL77,Online Gambling Promotion
TAdKK0p-JSY,skakmat,seneng bangun2 kumpulin nyawa main jptogel77 langsung dikasi wekwekwek,Online Gambling Promotion
TAdKK0p-JSY,skakmat,Sukak sukak lahhanggap aja berbaggi rezeki,No Online Gambling Promotion
TAdKK0p-JSY,skakmat,bener teman situs emng keren banget laaabaru dep aja udah dapet menang J P T O G E L 77,Online Gambling Promotion
TAdKK0p-JSY,skakmat,udah gw coba bro bagus main jptogel77 patut dibanggakan profitnya,Online Gambling Promotion
TAdKK0p-JSY,skakmat,Saatnya bersinar 1312 jptogel77,Online Gambling Promotion
TAdKK0p-JSY,skakmat,Itu tempatnya deket rumahku uyy,No Online Gambling Promotion
TAdKK0p-JSY,skakmat,yok login kak dah cocok gtu,"kak dah cocok gtu, No Online Gambling Promotion"
TAdKK0p-JSY,skakmat,Pas pake hijab erie susan ya,No Online Gambling Promotion
TAdKK0p-JSY,skakmat,Kocaaaakkk,No Online Gambling Promotion
TAdKK0p-JSY,skakmat,Yowes ce garek Asyhadu an laa ilaha illallah wa asyhadu anna muhammadar rasulullah,No Online Gambling Promotion
TAdKK0p-JSY,skakmat,Alhamdulillah mama anak Uda login,No Online Gambling Promotion
TAdKK0p-JSY,skakmat,Dua2nya udah syari,No Online Gambling Promotion
TAdKK0p-JSY,skakmat,Related bjirrr Konten lu asik gila,No Online Gambling Promotion
TAdKK0p-JSY,skakmat,Hi ikutin yuk Ashadu,No Online Gambling Promotion
TAdKK0p-JSY,skakmat,Bismillah nyamanya pakaiannya dlu ya cii semoga disegerakan just kidding ci tp klo beneran gpp deh ya,"just kidding, ci tp klo bernyata-nya gpp deh ya, No Online Gambling Promotion"
TAdKK0p-JSY,skakmat,hadiah JPTOGEL77 saldo gratis coyyy,"Label: hadiah JPTOGEL77 saldo gratis (corrected: hadiah JPTOGEL77 saldo gratis), Online Gambling Promotion"
TAdKK0p-JSY,skakmat,pamer wehde JPTOGEL77 circle gua,Online Gambling Promotion
TAdKK0p-JSY,skakmat,ya menang JPTOGEL77,Online Gambling Promotion
TAdKK0p-JSY,skakmat,bro banget JPTOGEL77 mana2 daftar nya kyk bro,Online Gambling Promotion
TAdKK0p-JSY,skakmat,modal 25k wehde 2jt no hoax coy JPTOGEL77 kasih,Online Gambling Promotion
TAdKK0p-JSY,skakmat,weh klem saldo bonus gimana JPTOGEL77,Online Gambling Promotion
TAdKK0p-JSY,skakmat,coyy udh daftar 1 tahunan JPTOGEL77,Online Gambling Promotion
TAdKK0p-JSY,skakmat,JPTOGEL77 mantulll barusan kasih lucky spin wehde 500k wkwkwkw,Online Gambling Promotion
TAdKK0p-JSY,skakmat,suhu2 gimana daftar JPTOGEL77,Online Gambling Promotion
TAdKK0p-JSY,skakmat,pengen daftar JPTOGEL77,Online Gambling Promotion
TAdKK0p-JSY,skakmat,megaspin pragmatic brooo doarrr JPTOGEL77,Online Gambling Promotion
TAdKK0p-JSY,skakmat,bray no sht wehde JPTOGEL77,Online Gambling Promotion
TAdKK0p-JSY,skakmat,wehh kelenn daftar JPTOGEL77 gua doang yg menang wkwkwk,Online Gambling Promotion
TAdKK0p-JSY,skakmat,pecah buah2 ku seruu x betolll JPTOGEL77 coyyy,Online Gambling Promotion
TAdKK0p-JSY,skakmat,woyyy min comment judol sih JPTOGEL77 udah bayar gak hapus web,Online Gambling Promotion
TAdKK0p-JSY,skakmat,suhuuuuu daftarin JPTOGEL77 guaaa,Online Gambling Promotion
TAdKK0p-JSY,skakmat,JPTOGEL77 barusan kasih 2jt gitu aja sehh,Online Gambling Promotion
TAdKK0p-JSY,skakmat,permisi sobat daftar JPTOGEL77 gimana ya,Online Gambling Promotion
TAdKK0p-JSY,skakmat,ntappp JPTOGEL77,Online Gambling Promotion
TAdKK0p-JSY,skakmat,got no ball if you not playing JPTOGEL77 bro buruan join dpt saldo gratis,"buruan daftar dapat saldo gratis, Online Gambling Promotion"
TAdKK0p-JSY,skakmat,ajarin spi n nya suhu JPTOGEL77,Online Gambling Promotion
TAdKK0p-JSY,skakmat,liatin komen yt JPTOGEL77 nya,Online Gambling Promotion
TAdKK0p-JSY,skakmat,JPTOGEL77 kasin0 wehh,Online Gambling Promotion
TAdKK0p-JSY,skakmat,timothy ronald kenal gk kelen yg bilang mclaren warna maen JPTOGEL77 coyyy kirain liatin chart crypto doang,"coyyy kira lihat chart crypto doang, Online Gambling Promotion"
TAdKK0p-JSY,skakmat,share woiii JPTOGEL77 bagi2 hadiah,Online Gambling Promotion
TAdKK0p-JSY,skakmat,lu blm sigma blm maen JPTOGEL77,"belum main JPTOGEL77, No Online Gambling Promotion"
TAdKK0p-JSY,skakmat,slalu cetiaaa ama JPTOGEL77,Online Gambling Promotion
TAdKK0p-JSY,skakmat,maknyusss sketter pecah naga hitam turun kayangan JPTOGEL77,Online Gambling Promotion
TAdKK0p-JSY,skakmat,daftar JPTOGEL77 saldo gratis ya,Online Gambling Promotion
TAdKK0p-JSY,skakmat,liatin comment youtube JPTOGEL77 ueyyy,Online Gambling Promotion
TAdKK0p-JSY,skakmat,princess JPTOGEL77 sketter euyyyy,Online Gambling Promotion
TAdKK0p-JSY,skakmat,hello gesss screenshot comment utk dapatkan saldo gratis jptogel7 ya,Online Gambling Promotion
TAdKK0p-JSY,skakmat,penasaran gw JPTOGEL77,Online Gambling Promotion
TAdKK0p-JSY,skakmat,Anjirr Ngakak ce,No Online Gambling Promotion
TAdKK0p-JSY,skakmat,Mening login ashadu,No Online Gambling Promotion
TAdKK0p-JSY,skakmat,Nonis pakai kerudung,No Online Gambling Promotion
TAdKK0p-JSY,skakmat,Ci HP iphone 20 pro saking 20 sampe kameranya transparan kalo foto pake suara cekrik,No Online Gambling Promotion
TAdKK0p-JSY,skakmat,Kak Evelyn tinggal deket situ jojoran kalo jojoran 1 gak salah surabaya,No Online Gambling Promotion
TAdKK0p-JSY,skakmat,Mama vibes nya guru agama disekolah madrasah,No Online Gambling Promotion
TAdKK0p-JSY,skakmat,AKU TUNTUN YA asyhadu alla ilaha illallah wa asyhadu anna muhammadar rasulullah,No Online Gambling Promotion
TAdKK0p-JSY,skakmat,muka mamanya udah Bu haji banget,No Online Gambling Promotion
TAdKK0p-JSY,skakmat,Kak bareng ya krucuknya he he he he he he,No Online Gambling Promotion
TAdKK0p-JSY,skakmat,Tinggal bunyi aja knp ga,No Online Gambling Promotion
TAdKK0p-JSY,skakmat,Ce gamisnya bagus beki ce Spil spil,No Online Gambling Promotion
TAdKK0p-JSY,skakmat,anjay trending,No Online Gambling Promotion
TAdKK0p-JSY,skakmat,mamanya majelis banget,No Online Gambling Promotion
TAdKK0p-JSY,skakmat,Sedikit lagiihampir masuk Islam,No Online Gambling Promotion
TAdKK0p-JSY,skakmat,Ya gpp aja wkwkwk kn gk d imanin wkwk,No Online Gambling Promotion
TAdKK0p-JSY,skakmat,Ayo login malu malu,No Online Gambling Promotion
TAdKK0p-JSY,skakmat,Kok lucu,ERROR
TAdKK0p-JSY,skakmat,Dapet pinjam gamis embak nya,No Online Gambling Promotion
TAdKK0p-JSY,skakmat,Padahal nonis tpi anak ccok banget ya pakai hijab,"anak ccok tidak punya istilah yang terkait dengan online gambling. Padahal anak ccok menggunakan hijab, jadi kasus ini adalah No Online Gambling Promotion."
TAdKK0p-JSY,skakmat,Mamanya pas pake kerung auto gak keliatan nonisnya,No Online Gambling Promotion
TAdKK0p-JSY,skakmat,Kak klw hafalin syahadat orng Islam brrti udh resmi masuk Islamjadi klw coba2 baca syahadat Islam klw pengen agama nyagitu aja sih Editmaaf klw nyinggung gmna,kami hafalan yang orang Islam beriti udah resmi masuk Islamjadi. Kami coba2 baca syahadat Islam. Kami pengen agama nyagitu aja sih. Editmaaf kami nyinggung g
TAdKK0p-JSY,skakmat,Positif vibe bgt emak anak wkwk,No Online Gambling Promotion
TAdKK0p-JSY,skakmat,War tajil Endingnya,No Online Gambling Promotion
TAdKK0p-JSY,skakmat,Kalo tau kalimat auto login agama,No Online Gambling Promotion
TAdKK0p-JSY,skakmat,Parah parah ngambil takjil orang muslim,No Online Gambling Promotion
TAdKK0p-JSY,skakmat,Lucu kali beli takjil kalimat syahadat sih Aku beli cubitin emak emak godain bonus cabe gorengang sih kalo beli ijin jual soalnyakan galak gitu ya Aku kalo cari takjil Wiyung Menganti nongkrong danau Unesa Deket rumah kadang daerah Manukan jajanan uenak,ERROR
TAdKK0p-JSY,skakmat,Auto menyerah,ERROR
TAdKK0p-JSY,skakmat,Semoga login Aamiin,No Online Gambling Promotion
TAdKK0p-JSY,skakmat,Anjay ketawa nontonnya,No Online Gambling Promotion
TAdKK0p-JSY,skakmat,Itu tandanya disuruh cepat sahadat ce biar cece tajil bnyk diborong gapapa ce,No Online Gambling Promotion
TAdKK0p-JSY,skakmat,Sudah org muslim beneran cantik2 banget pakai jilbabaura nya dapet,No Online Gambling Promotion
TAdKK0p-JSY,skakmat,Wkwk terhibur kontennya ci evelyn,No Online Gambling Promotion
TAdKK0p-JSY,skakmat,emaknya aja diajak workout,No Online Gambling Promotion
TAdKK0p-JSY,skakmat,Baru puasa tingkahnya rupa,No Online Gambling Promotion
TAdKK0p-JSY,skakmat,Semoga cici mamanya login ya aamiin,No Online Gambling Promotion
TAdKK0p-JSY,skakmat,Bismillah Saya doakan semoga puasa beneran Amin ya rabbal alamin,No Online Gambling Promotion
TAdKK0p-JSY,skakmat,Ayolah syahadat CIK,No Online Gambling Promotion
TAdKK0p-JSY,skakmat,Mamanya Evelyn udah pantes bgt jd muslimah,No Online Gambling Promotion
TAdKK0p-JSY,skakmat,Nonis pake jilbab,No Online Gambling Promotion
TAdKK0p-JSY,skakmat,N9nis pakai jilbab,No Online Gambling Promotion
TAdKK0p-JSY,skakmat,mamanya aura2 bu haji bgtt,No Online Gambling Promotion
TAdKK0p-JSY,skakmat,Beneran kak evelyn nonis,No Online Gambling Promotion
TAdKK0p-JSY,skakmat,Ke Kurdi aja gak,No Online Gambling Promotion
TAdKK0p-JSY,skakmat,Minimal login,No Online Gambling Promotion
TAdKK0p-JSY,skakmat,Nah kenak,No Online Gambling Promotion
TAdKK0p-JSY,skakmat,Ya ampun Cece,ERROR
TAdKK0p-JSY,skakmat,Kalau borong takjil paska borong telurnya,No Online Gambling Promotion
TAdKK0p-JSY,skakmat,mukaa mamanya pengajian bgttt,No Online Gambling Promotion
TAdKK0p-JSY,skakmat,Mamanya vibes nya kaya ketua pengajian,No Online Gambling Promotion
TAdKK0p-JSY,skakmat,Ibu hajjah beramgkat mekkah,No Online Gambling Promotion
TAdKK0p-JSY,skakmat,MasyaAllah kak evelyn toleransinya kuat bgt mamanya jg,"bagtikan (bagitkan) mamanya juga, No Online Gambling Promotion"
TAdKK0p-JSY,skakmat,Mama nya cantik,ERROR
TAdKK0p-JSY,skakmat,Aku guwemmmessss mamame cece Huakakakaksumpah ngakak aq lihat kontene cece,No Online Gambling Promotion
TAdKK0p-JSY,skakmat,Itu islam server kak,No Online Gambling Promotion
TAdKK0p-JSY,skakmat,Mamanya kalo pake jilbab kayak bu haji,No Online Gambling Promotion
TAdKK0p-JSY,skakmat,tp guru klo orang non muslim ngucap kalimat syahadat niatan beriman kpd allah g akn masuk islam,"g akan masuk Islam, No Online Gambling Promotion"
TAdKK0p-JSY,skakmat,Cici ama mamah nya cantik sekalii pake kerudung cii,No Online Gambling Promotion
TAdKK0p-JSY,skakmat,mama nya kayak pengajian,No Online Gambling Promotion
TAdKK0p-JSY,skakmat,Maksud nya Tk paham,No Online Gambling Promotion
TAdKK0p-JSY,skakmat,Dan Yap skakmat,No Online Gambling Promotion
TAdKK0p-JSY,skakmat,Langsung pindah agama,No Online Gambling Promotion
TAdKK0p-JSY,skakmat,Mamah persis bu haji sehat bahagia ma,No Online Gambling Promotion
TAdKK0p-JSY,skakmat,Ci mesak mamahmu lhooo,No Online Gambling Promotion
TAdKK0p-JSY,skakmat,Mama Dan Anak SUNGGUH,No Online Gambling Promotion
TAdKK0p-JSY,skakmat,Mamanya cocok pake jilbabKK cocok bgt fix mah mending pindah server canda yaakk,"cocok bgt fix mah mending pindah server candaa yaakk, No Online Gambling Promotion"
TAdKK0p-JSY,skakmat,Semoga log in,No Online Gambling Promotion
TAdKK0p-JSY,skakmat,Login ci,No Online Gambling Promotion
TAdKK0p-JSY,skakmat,Nonis makai hijab,No Online Gambling Promotion
TAdKK0p-JSY,skakmat,Besok nyoba Jam 5 subuh mbak Pasti mbak dapet,"mbak pasti mendapat, No Online Gambling Promotion"
TAdKK0p-JSY,skakmat,Waduh ditanyain kalimat syahadat gk tuh login beneran,No Online Gambling Promotion
TAdKK0p-JSY,skakmat,Mamaknya kayak mama,No Online Gambling Promotion
TAdKK0p-JSY,skakmat,Untunge ditinggal didesa 100 muslim kalo beli takjil cuman didesa gak nyampe kecematan kalo kecematan turahan beli gorengan kebagian cindo disitu,No Online Gambling Promotion
TAdKK0p-JSY,skakmat,Mama mu wis cocok dadi ibu2 Muslimat budal tahlil sing starterpack e minyak kayu putih permen karo buku Yasin,No Online Gambling Promotion
TAdKK0p-JSY,skakmat,Wkwkw kocak bgt Sebenernya temen2 nonis seru loh tuh jiwa kompetitif nya Jd kyk lomba balap karung pas 17an cerdas cermat jaman SDSMP Saling melengkapi menghargai yaa Yg muslim jg nanya syahadat Toleransi org toleransi yaa lakukan yg Mereka udah bertoleransi loh makan ga meramaikan war takjil ngebantu umkm puasa dll Masalah akidah diusik Biar mempercayai yg percaya Ambil positifnya yg bagus2nya aja rukun kooperatif hargai perbedaan,ERROR
TAdKK0p-JSY,skakmat,PULAU bikin menyenangkan,No Online Gambling Promotion
TAdKK0p-JSY,skakmat,Setiap kali buka PULAU777 kayak petualangan,No Online Gambling Promotion
TAdKK0p-JSY,skakmat,PULAU777 bikin seru gampang,No Online Gambling Promotion
TAdKK0p-JSY,skakmat,Main PULAU777 tuh kayak jalan jalan virtual penuh keseruan,No Online Gambling Promotion
TAdKK0p-JSY,skakmat,PULAU777 kayak hiburan pribadi diakses aja,No Online Gambling Promotion
TAdKK0p-JSY,skakmat,Kalau butuh hiburan ribet PULAU777 solusinya,No Online Gambling Promotion
TAdKK0p-JSY,skakmat,PULAU777 asik melepas penat,No Online Gambling Promotion
TAdKK0p-JSY,skakmat,Setiap kali gabung PULAU777 kayak liburan rumah,No Online Gambling Promotion
TAdKK0p-JSY,skakmat,PULAU777 tuh kayak favorit bikin nyaman,No Online Gambling Promotion
TAdKK0p-JSY,skakmat,PULAU777 bikin pengalaman istimewa,No Online Gambling Promotion
TAdKK0p-JSY,skakmat,Kalau udah coba PULAU dijamin susah pindah,"dijamin susah pindah, No Online Gambling Promotion"
TAdKK0p-JSY,skakmat,Mau hiburan beda Coba aja PULAU777,No Online Gambling Promotion
TAdKK0p-JSY,skakmat,PuLAU777 daya tarik bikin susah berpaling,No Online Gambling Promotion
TAdKK0p-JSY,skakmat,PULAU777 bikin penasaran,No Online Gambling Promotion
TAdKK0p-JSY,skakmat,Gak ngalahin serunya pengalaman PULAU777 bikin nagih,No Online Gambling Promotion
TAdKK0p-JSY,skakmat,Mau refreshing PULAU777 jawabannya,No Online Gambling Promotion
TAdKK0p-JSY,skakmat,PULAU gak bikin kecewa,No Online Gambling Promotion
TAdKK0p-JSY,skakmat,Kalau cari hiburan asik seru PULAU777 tempatnya,No Online Gambling Promotion
TAdKK0p-JSY,skakmat,Kalau udah masuk PULAU777 gak kerasa,"tidak kerasa, No Online Gambling Promotion"
TAdKK0p-JSY,skakmat,PULAU tuh kayak teman setia bersenang senang,No Online Gambling Promotion
TAdKK0p-JSY,skakmat,Begitu masuk PULAU777 seru,No Online Gambling Promotion
TAdKK0p-JSY,skakmat,Kalau pengen santai menikmati hiburan seru coba deh PULAU777,No Online Gambling Promotion
TAdKK0p-JSY,skakmat,Setiap PULAU bikin happy,No Online Gambling Promotion
TAdKK0p-JSY,skakmat,Main PULAU777 tuh kayak nemuin nongkrong favoritseru nyaman bikin betah,Online Gambling Promotion
TAdKK0p-JSY,skakmat,PULAU bikin detik asik,No Online Gambling Promotion
TAdKK0p-JSY,skakmat,PULAU777 tuh rumah pengen,No Online Gambling Promotion
TAdKK0p-JSY,skakmat,PULAU777 bikin luang berharga,Online Gambling Promotion
TAdKK0p-JSY,skakmat,Di PULAU777 gak namanya bosan,No Online Gambling Promotion
TAdKK0p-JSY,skakmat,Setiap detik PULAU777 penuh kejutan,Online Gambling Promotion
TAdKK0p-JSY,skakmat,PULAU kasih pengalaman seru,No Online Gambling Promotion
TAdKK0p-JSY,skakmat,Hiburan PULAU777 tuh kayak paket lengkapseru asik gak ribet,No Online Gambling Promotion
TAdKK0p-JSY,skakmat,PULAU tuh kayak zona nyaman bersenang senang,No Online Gambling Promotion
TAdKK0p-JSY,skakmat,PULAU bikin semangat,"bikin semangat, No Online Gambling Promotion"
TAdKK0p-JSY,skakmat,Tiap kali masuk 777 kayak masuk dunia seru,No Online Gambling Promotion
TAdKK0p-JSY,skakmat,PULAU tuh surga suka hiburan seru,No Online Gambling Promotion
TAdKK0p-JSY,skakmat,Begitu masuk PULAU777 dijamin langsung lupa,"dijamin langsung lupa, No Online Gambling Promotion"
TAdKK0p-JSY,skakmat,PuLAU777 gak ngecewain bikin ketagihan,No Online Gambling Promotion
TAdKK0p-JSY,skakmat,PULAU777 bikin seru,No Online Gambling Promotion
TAdKK0p-JSY,skakmat,Udah coba baliknya PULAU777,No Online Gambling Promotion
TAdKK0p-JSY,skakmat,PULAU777 bikin menyenangkan,No Online Gambling Promotion
TAdKK0p-JSY,skakmat,PULAU777 tuh pengalaman beda banget,No Online Gambling Promotion
TAdKK0p-JSY,skakmat,Gabung PULAU777 tuh kayak masuk dunia penuh keseruan,No Online Gambling Promotion
TAdKK0p-JSY,skakmat,PULAU777 bikin seru berwarna,No Online Gambling Promotion
TAdKK0p-JSY,skakmat,PULAU777 bikin pengalaman seru,No Online Gambling Promotion
TAdKK0p-JSY,skakmat,Kalau butuh hiburan tinggal buka PULAU aja,No Online Gambling Promotion
TAdKK0p-JSY,skakmat,Hiburan PULAU777 gak duanya,No Online Gambling Promotion
TAdKK0p-JSY,skakmat,PULAU tuh kayak favorit gak pengen ditinggalin,No Online Gambling Promotion
TAdKK0p-JSY,skakmat,Kalau udah coba PuLAU777 dijamin gak pengen cari,No Online Gambling Promotion
TAdKK0p-JSY,skakmat,PuLAU777 tuh bikin santai berkesan,Online Gambling Promotion
TAdKK0p-JSY,skakmat,PULAU777 tuh kayak nongkrong digital asik,No Online Gambling Promotion
TAdKK0p-JSY,skakmat,Mau hiburan ribet PULAU777 jawabannya,No Online Gambling Promotion
TAdKK0p-JSY,skakmat,PULAU777 tuh kayak pengen dikunjungi,No Online Gambling Promotion
TAdKK0p-JSY,skakmat,PuLAU777 bikin suasana hati happy,No Online Gambling Promotion
TAdKK0p-JSY,skakmat,Mau cari hiburan asik PULAU777 gak mengecewakan,No Online Gambling Promotion
TAdKK0p-JSY,skakmat,Gak kemana PULAU777 udah puas,No Online Gambling Promotion
TAdKK0p-JSY,skakmat,Mantul,No Online Gambling Promotion
TAdKK0p-JSY,skakmat,Hasil DORA77 membuktikan beralih buruh bangunan pemilik perusahaan kontraktor,No Online Gambling Promotion
TAdKK0p-JSY,skakmat,Dengan DEWADORA sukses tukang jahit pengusaha fashion,No Online Gambling Promotion
TAdKK0p-JSY,skakmat,Di DEWADORA solusi bayar hutang efektif,No Online Gambling Promotion
TAdKK0p-JSY,skakmat,Jelajahi DEWADORA,No Online Gambling Promotion
TAdKK0p-JSY,skakmat,Bermain DEWADORA melunasi hutang cepat mudah,No Online Gambling Promotion
TAdKK0p-JSY,skakmat,JP non stop DEWADORA gacor banget nih,Online Gambling Promotion
TAdKK0p-JSY,skakmat,Di DEWADORA menemukan peluang buruh bangunan pemilik kontraktor,No Online Gambling Promotion
TAdKK0p-JSY,skakmat,Di DEWADORA mendukung transformasi penjual bos usaha,No Online Gambling Promotion
TAdKK0p-JSY,skakmat,DEWADORA emang top markotop JP,No Online Gambling Promotion
TAdKK0p-JSY,skakmat,Ci si mamak keq emak2 majelis looh,No Online Gambling Promotion
TAdKK0p-JSY,skakmat,Kadang langkah menang kalah memainkannya,No Online Gambling Promotion
TAdKK0p-JSY,skakmat,Info dresnya cici,No Online Gambling Promotion
TAdKK0p-JSY,skakmat,Ditanya kalimat syhadat kepanasan ya ce,No Online Gambling Promotion
TAdKK0p-JSY,skakmat,Ibunya cocok ketua ibu2 arisan,No Online Gambling Promotion
TAdKK0p-JSY,skakmat,mamanya muka pengajian,No Online Gambling Promotion
TAdKK0p-JSY,skakmat,Akhirnya counternya,No Online Gambling Promotion
TAdKK0p-JSY,skakmat,Adem banget lihat anak sm maminya jd muslimah semoga hatinya seindah utk konten,No Online Gambling Promotion
y2av79BjnqM,Jangan sampe meletus😅,subscriber nya curang ah anjing,No Online Gambling Promotion
y2av79BjnqM,Jangan sampe meletus😅,Cewek ngak kalah,No Online Gambling Promotion
y2av79BjnqM,Jangan sampe meletus😅,Meni gajadi wae iu laik sasgeraip,No Online Gambling Promotion
y2av79BjnqM,Jangan sampe meletus😅,udah tau yah,No Online Gambling Promotion
y2av79BjnqM,Jangan sampe meletus😅,Curangnine,No Online Gambling Promotion
y2av79BjnqM,Jangan sampe meletus😅,PULAU gak bikin kecewa,No Online Gambling Promotion
y2av79BjnqM,Jangan sampe meletus😅,PULAU777 vibes bikin betah,No Online Gambling Promotion
y2av79BjnqM,Jangan sampe meletus😅,Mau hiburan beda Coba aja PULAU777,No Online Gambling Promotion
y2av79BjnqM,Jangan sampe meletus😅,PULAU777 kasih pengalaman seru beda,No Online Gambling Promotion
y2av79BjnqM,Jangan sampe meletus😅,PULAU777 asik melepas penat,No Online Gambling Promotion
y2av79BjnqM,Jangan sampe meletus😅,PULAU tuh kayak teman setia bersenang senang,No Online Gambling Promotion
y2av79BjnqM,Jangan sampe meletus😅,PULAU777 bikin menyenangkan,No Online Gambling Promotion
y2av79BjnqM,Jangan sampe meletus😅,PULAU777 tuh pengalaman beda banget,No Online Gambling Promotion
y2av79BjnqM,Jangan sampe meletus😅,PuLAU777 gak ngecewain bikin ketagihan,No Online Gambling Promotion
y2av79BjnqM,Jangan sampe meletus😅,Kalau udah coba PuLAU777 dijamin gak pengen cari,No Online Gambling Promotion
y2av79BjnqM,Jangan sampe meletus😅,Kalau pengen santai menikmati hiburan seru coba deh PULAU777,No Online Gambling Promotion
y2av79BjnqM,Jangan sampe meletus😅,PULAU777 bikin pengalaman menyenangkan,No Online Gambling Promotion
y2av79BjnqM,Jangan sampe meletus😅,Gak ngalahin serunya pengalaman PULAU777 bikin nagih,No Online Gambling Promotion
y2av79BjnqM,Jangan sampe meletus😅,Gak bosan udah PULAU777,No Online Gambling Promotion
y2av79BjnqM,Jangan sampe meletus😅,PuLAU777 tuh bikin santai berkesan,No Online Gambling Promotion
y2av79BjnqM,Jangan sampe meletus😅,Kalau udah coba PULAU dijamin susah pindah,"dijamin susah pindah, No Online Gambling Promotion"
y2av79BjnqM,Jangan sampe meletus😅,Gabung PULAU777 tuh kayak masuk dunia penuh keseruan,No Online Gambling Promotion
y2av79BjnqM,Jangan sampe meletus😅,Mau cari hiburan asik PULAU777 gak mengecewakan,No Online Gambling Promotion
y2av79BjnqM,Jangan sampe meletus😅,Hiburan PULAU777 tuh kayak paket lengkapseru asik gak ribet,No Online Gambling Promotion
y2av79BjnqM,Jangan sampe meletus😅,Mau hiburan ribet PULAU777 jawabannya,No Online Gambling Promotion
y2av79BjnqM,Jangan sampe meletus😅,PULAU emang ngerti bikin orang senang,No Online Gambling Promotion
y2av79BjnqM,Jangan sampe meletus😅,PULAU tuh kayak rahasia orang asik,No Online Gambling Promotion
y2av79BjnqM,Jangan sampe meletus😅,PULAU777 bikin seru gampang,No Online Gambling Promotion
y2av79BjnqM,Jangan sampe meletus😅,Setiap kali gabung PULAU777 kayak liburan rumah,No Online Gambling Promotion
y2av79BjnqM,Jangan sampe meletus😅,PULAU777 bikin seru berwarna,No Online Gambling Promotion
y2av79BjnqM,Jangan sampe meletus😅,PULAU bikin menyenangkan,"menyenangkan, No Online Gambling Promotion"
y2av79BjnqM,Jangan sampe meletus😅,Main PULAU777 tuh kayak jalan jalan virtual penuh keseruan,No Online Gambling Promotion
y2av79BjnqM,Jangan sampe meletus😅,PULAU777 bikin luang berharga,Online Gambling Promotion
y2av79BjnqM,Jangan sampe meletus😅,PuLAU777 bikin suasana hati happy,No Online Gambling Promotion
y2av79BjnqM,Jangan sampe meletus😅,PULAU tuh kayak favorit gak pengen ditinggalin,No Online Gambling Promotion
y2av79BjnqM,Jangan sampe meletus😅,Kalau butuh hiburan tinggal buka PULAU aja,No Online Gambling Promotion
y2av79BjnqM,Jangan sampe meletus😅,PULAU bikin detik asik,No Online Gambling Promotion
y2av79BjnqM,Jangan sampe meletus😅,Main PULAU777 tuh kayak nemuin nongkrong favoritseru nyaman bikin betah,Online Gambling Promotion
y2av79BjnqM,Jangan sampe meletus😅,Di PULAU777 gak bosen,"tidak bosan, No Online Gambling Promotion"
y2av79BjnqM,Jangan sampe meletus😅,PULAU777 bikin seru,No Online Gambling Promotion
y2av79BjnqM,Jangan sampe meletus😅,Ada seru PULAU777 Kayaknya gak,No Online Gambling Promotion
y2av79BjnqM,Jangan sampe meletus😅,PuLAU777 daya tarik bikin susah berpaling,No Online Gambling Promotion
y2av79BjnqM,Jangan sampe meletus😅,Setiap detik PULAU777 penuh kejutan,No Online Gambling Promotion
y2av79BjnqM,Jangan sampe meletus😅,Di PULAU777 gak namanya bosan,No Online Gambling Promotion
y2av79BjnqM,Jangan sampe meletus😅,Udah coba baliknya PULAU777,No Online Gambling Promotion
y2av79BjnqM,Jangan sampe meletus😅,PULAU777 bikin pengalaman seru,No Online Gambling Promotion
y2av79BjnqM,Jangan sampe meletus😅,PULAU777 tuh kayak nongkrong digital asik,No Online Gambling Promotion
y2av79BjnqM,Jangan sampe meletus😅,Kalau cari hiburan asik seru PULAU777 tempatnya,No Online Gambling Promotion
y2av79BjnqM,Jangan sampe meletus😅,Hiburan PULAU777 gak duanya,No Online Gambling Promotion
y2av79BjnqM,Jangan sampe meletus😅,PULAU kasih pengalaman seru,No Online Gambling Promotion
y2av79BjnqM,Jangan sampe meletus😅,Mau refreshing PULAU777 jawabannya,No Online Gambling Promotion
y2av79BjnqM,Jangan sampe meletus😅,PULAU bikin penasaran,No Online Gambling Promotion
y2av79BjnqM,Jangan sampe meletus😅,Kalau udah masuk PULAU777 gak kerasa,"tidak akan kerasa, No Online Gambling Promotion"
y2av79BjnqM,Jangan sampe meletus😅,PULAU777 tuh definisi kesenangan batas,No Online Gambling Promotion
y2av79BjnqM,Jangan sampe meletus😅,Begitu masuk PULAU777 seru,No Online Gambling Promotion
y2av79BjnqM,Jangan sampe meletus😅,PULAU777 daya tarik bikin susah move on,No Online Gambling Promotion
y2av79BjnqM,Jangan sampe meletus😅,PULAU777 kayak hiburan pribadi diakses aja,No Online Gambling Promotion
y2av79BjnqM,Jangan sampe meletus😅,PULAU777 tuh kayak pengen dikunjungi,No Online Gambling Promotion
y2av79BjnqM,Jangan sampe meletus😅,PULAU777 bikin pengalaman istimewa,No Online Gambling Promotion
y2av79BjnqM,Jangan sampe meletus😅,PULAU tuh surga suka hiburan seru,No Online Gambling Promotion
y2av79BjnqM,Jangan sampe meletus😅,PULAU777 tuh kayak favorit bikin nyaman,No Online Gambling Promotion
y2av79BjnqM,Jangan sampe meletus😅,Curang,No Online Gambling Promotion
y2av79BjnqM,Jangan sampe meletus😅,Ih cewekya curang,No Online Gambling Promotion
y2av79BjnqM,Jangan sampe meletus😅,setingan,No Online Gambling Promotion
y2av79BjnqM,Jangan sampe meletus😅,ambil4d gua maen dikit aja sldoo udah nmba byk,No Online Gambling Promotion
y2av79BjnqM,Jangan sampe meletus😅,Tarik kemenangan ambil4d belanja,No Online Gambling Promotion
y2av79BjnqM,Jangan sampe meletus😅,Udah coba ambil4d mantep Ga nyangka menang ketagihan,"Ga nyangka menang ketagihan, No Online Gambling Promotion"
y2av79BjnqM,Jangan sampe meletus😅,Jangan ragu mantap parah ambil4d terbaik 2025,"mantap parah ambil4d terbaik 2025, No Online Gambling Promotion"
y2av79BjnqM,Jangan sampe meletus😅,Maxwin didepan mata settingan udah mantap situs ambil4d nih BO aman terbaik,Online Gambling Promotion
y2av79BjnqM,Jangan sampe meletus😅,Aku gak percaya rezeki cepat ambil4d,No Online Gambling Promotion
y2av79BjnqM,Jangan sampe meletus😅,Rezeki ambil4d emang gak duanya terima kasih ya Allah limpahan rezeki Mu,"Terima kasih ya Allah limpahan rezeki Mu, No Online Gambling Promotion"
y2av79BjnqM,Jangan sampe meletus😅,Situs terpercaya 2024 resmi yah KING ambil4d nyata bayar 30,Online Gambling Promotion
y2av79BjnqM,Jangan sampe meletus😅,Hari menyenangkan berkat ambil4d Rezeki menghampiri,No Online Gambling Promotion
y2av79BjnqM,Jangan sampe meletus😅,ambil4d mdal udah gaciirr abis,No Online Gambling Promotion
y2av79BjnqM,Jangan sampe meletus😅,Jangan ragu mantap parah ambil4d terbaik 2025,"mantap parah ambil4d terbaik 2025, No Online Gambling Promotion"
y2av79BjnqM,Jangan sampe meletus😅,maennya ambil4d member disana kasihnya menang bang enak tuh maen,No Online Gambling Promotion
y2av79BjnqM,Jangan sampe meletus😅,Jangan ragu mantap parah ambil4d terbaik 2025,"mantap parah ambil4d terbaik 2025, No Online Gambling Promotion"
y2av79BjnqM,Jangan sampe meletus😅,ambil4d gua maen dikit aja sldoo udah nmba byk,Online Gambling Promotion
y2av79BjnqM,Jangan sampe meletus😅,Jangan ragu mantap parah ambil4d terbaik 2025,"mantap parah ambil4d terbaik 2025, No Online Gambling Promotion"
y2av79BjnqM,Jangan sampe meletus😅,temenku saranin main JPTOGEL77 coba iseng2 main situs eh dapettt jackpott udah cape banget gonta ganti situs mulu situs menghasilkan cuan,"coba iseng2 main situs, dapettt jackpot udah cape banget gonta ganti situs mulu situs menghasilkan cuan, Online Gambling Promotion"
y2av79BjnqM,Jangan sampe meletus😅,nyari2 uang rokok dikasih uang jajan seminggu hahaha emng terbaik nih jptogel77,Online Gambling Promotion
y2av79BjnqM,Jangan sampe meletus😅,hati nemu web JPTOGEL77 berlega hati sehabis bermain kali selisih gw segini brayyy nangis saking senengnya,Online Gambling Promotion
y2av79BjnqM,Jangan sampe meletus😅,JPTOGEL77 maen hoki,Online Gambling Promotion
y2av79BjnqM,Jangan sampe meletus😅,asyik abang J P TO G E L 7 7 anjir terkejut kasih kemenangan kali menciptakan pas meleset,No Online Gambling Promotion
y2av79BjnqM,Jangan sampe meletus😅,Perasaan x deh nemu situs kayak JPTOGEL77 gak beli spin kasi gratis uda gitu dikasi Maxwin emg jos bgt ni JPTOGEL77 ga duanya deh,Online Gambling Promotion
y2av79BjnqM,Jangan sampe meletus😅,Ternyata bgt dibilang teman gue main JPTOGEL77 gampang bgt dapetin maxwln member positif WD,Online Gambling Promotion
y2av79BjnqM,Jangan sampe meletus😅,percaya ama bro keluarga main JPTOGEL77 banget JP dibanding situs,"jika dibandingkan situs, Online Gambling Promotion"
y2av79BjnqM,Jangan sampe meletus😅,Paling kasih orang bahagia s1tus JPTOGEL77 pemain udah kasih kemenangan,Online Gambling Promotion
y2av79BjnqM,Jangan sampe meletus😅,percaya ama bro keluarga main jptogel77 banget JP dibanding situs,"JP dibandingkan situs, Online Gambling Promotion"
y2av79BjnqM,Jangan sampe meletus😅,SUPER MANTAP INI LINKTERBAIK PALING MANTAP DENGAN RTP DI ATAS 98WINRATE MEMBER BARU 99 BAGUS BANGET SEMOGA AJA BISA NULAR SAMA PELAYER LAINCARI DI GOOGLE JPTOGEL77,ERROR
y2av79BjnqM,Jangan sampe meletus😅,asik dikasih rezeki makasih bget y jptogel77 kudoakan webbnya bangkit biar kasih sIotter profit wkwk gk ambil pusing main jptogel77 bang siap2 WD aja pokoknya,ERROR
y2av79BjnqM,Jangan sampe meletus😅,Cuan gila gilaan J P TO G E L 7 7,No Online Gambling Promotion
y2av79BjnqM,Jangan sampe meletus😅,situs tu kyk J P TO G E L 7 7 kasi wede lancar ga apa2,No Online Gambling Promotion
y2av79BjnqM,Jangan sampe meletus😅,seru bang J P T O G E L 77 Alhamdulillah pensaran ku terjawabkan mampir disni JPTOGEL77 jamin H0k1,Online Gambling Promotion
y2av79BjnqM,Jangan sampe meletus😅,ga nyesel emang maen JPTOGEL77 enak bgt scatternya scaternya berisi manteplah JPTOGEL77,Online Gambling Promotion
y2av79BjnqM,Jangan sampe meletus😅,gampang banget situs jptogel77 turun perkalian nya member betah main main jptogel77 aja rungkat ya bro,Online Gambling Promotion
y2av79BjnqM,Jangan sampe meletus😅,asyik abang J P T O G E L 7 7 anjir terkejut kasih kemenangan kali menciptakan pas meleset,No Online Gambling Promotion
y2av79BjnqM,Jangan sampe meletus😅,hati nemu web J P TO G E L 7 7 berlega hati sehabis bermain kali selisih gw segini brayyy nangis saking senengnya,Online Gambling Promotion
y2av79BjnqM,Jangan sampe meletus😅,modal halus jp paus J P TO G E L 7 7 untung gw kasi tau sodara gak sih gw masi maen sedot wc makasih J P TO G E L 7 7 jajannya,Online Gambling Promotion
y2av79BjnqM,Jangan sampe meletus😅,mantap gua cobain gampang dapatin sketernya Udh gitu dapatin sketer isinya tau nama nya nih coba cari google JPTOGEL77 dijiamin nagih,gua cobain gampang dapat sketernya. Udah dapat sketernya? Tahu nama nya nih? Coba cari Google 'JPTOGEL77'. Online Gambling Promotion
y2av79BjnqM,Jangan sampe meletus😅,Akhirnya menang J P T O G E L 77 dengar cerita orng,Online Gambling Promotion
y2av79BjnqM,Jangan sampe meletus😅,Modal receh hasil lumer mantap kali JPTOGEL77 sensasi maxwln berulang brooo kali nemu web seqacor chek langsung deh webbnya dp wd gesit prosesnya,Online Gambling Promotion
y2av79BjnqM,Jangan sampe meletus😅,hidup gw enak brp main jptogel77 nih situs rekomen gw bro,Online Gambling Promotion
y2av79BjnqM,Jangan sampe meletus😅,menang nya ga banyakyang ga bikin rungkadnaik sikit bukitini buktinya udah menang JPTOGEL77di sambar kake zeusss wkkwkw,Online Gambling Promotion
y2av79BjnqM,Jangan sampe meletus😅,Memang main jptogel77 untung saran teman menang,Online Gambling Promotion
y2av79BjnqM,Jangan sampe meletus😅,Penasaran cerita orang orang menang JPTOGEL77 coba langsung dapet rezeki,"coba langsung daftar dan dapat rezeki, Online Gambling Promotion"
y2av79BjnqM,Jangan sampe meletus😅,ga nyarnin server abal abal dahgua udah tau main cari aja JPTOGEL77 ngab terbaikk situs sih teman wede coba deh ngab lumayan nambah2 isi dompet,Online Gambling Prom
y2av79BjnqM,Jangan sampe meletus😅,Gak nyangka menang J P T O G E L 77 serasa mimpi siang bolong,No Online Gambling Promotion
y2av79BjnqM,Jangan sampe meletus😅,gw aja main jptogel77 x100 kuy mabar biar cuan bang sore mantappp rekomend banget pokok nya situs broo,Online Gambling Promotion
y2av79BjnqM,Jangan sampe meletus😅,JPTOGEL77 tampil fitur,No Online Gambling Promotion
y2av79BjnqM,Jangan sampe meletus😅,Malam nyobain deposit pakai GOPAY modal 50 ribu J P T O G E L 77 Gak nyangka putaran aja langsung jackpot Udah coba server VIETNAM main game Buffalo King untungnya melimpah WD udah 4 juta mimpi,Udah coba server VIETNAM main game Buffalo King untungnya melimpah W
y2av79BjnqM,Jangan sampe meletus😅,gampang banget situs JPTOGEL77 turun perkalian nya member betah main main JPTOGEL77 aja rungkat ya bro,Online Gambling Promotion
y2av79BjnqM,Jangan sampe meletus😅,rngkad sempet putus asa sih main dapet referensi anak komunitas main JPTOGEL77 behhh semangat gw membara banget coy ngasi u google aja J P TO G E L 7 7,Online Gambling
y2av79BjnqM,Jangan sampe meletus😅,Slide FB turun turun isinya jptogel77 Penasaran cobain depo main bentar aja Ehhh MAXWINNN,Online Gambling Promotion
y2av79BjnqM,Jangan sampe meletus😅,temenku saranin main JPTOGEL77 coba iseng2 main situs eh dapettt jackpott udah cape banget gonta ganti situs mulu situs menghasilkan cuan,"coba iseng2 main situs, dapettt jackpott udah cape banget gonta ganti situs mulu situs menghasilkan cuan, Online Gambling Promotion"
y2av79BjnqM,Jangan sampe meletus😅,JPTOGEL77 jackpot gk paham sehokinya,No Online Gambling Promotion
y2av79BjnqM,Jangan sampe meletus😅,Paling mantap cuman webb JPTOGEL77 member dimanjain kasih cuan,Online Gambling Promotion
y2av79BjnqM,Jangan sampe meletus😅,the bestt la server negri inisanagt beda server lokaludah ga berapling situs main JPTOGEL77 aja,Online Gambling Promotion
y2av79BjnqM,Jangan sampe meletus😅,jptogel77 tempatnya jagoan judi lu nggak main belajar pro,Online Gambling Promotion
y2av79BjnqM,Jangan sampe meletus😅,Saya mimpi bos J P T O G E L 77,No Online Gambling Promotion
y2av79BjnqM,Jangan sampe meletus😅,modal recehpun wd J P T O G E L 7 7 benar2 profit hasil main bermain main bermain sukses jutaan mantap webnya,Online Gambling Promotion
y2av79BjnqM,Jangan sampe meletus😅,J P TO G E L 7 7 bikin senyum gak berhenti mantap pol,No Online Gambling Promotion
y2av79BjnqM,Jangan sampe meletus😅,Malam nyobain deposit pakai GOPAY modal 50 ribu jptogel77 Gak nyangka putaran aja langsung jackpot Udah coba server VIETNAM main game Buffalo King untungnya melimpah WD udah 4 juta mimpi,Online Gambling Promotion
y2av79BjnqM,Jangan sampe meletus😅,Mumpung gacornya gaskan aja bos J P T O G E L 77,Online Gambling Promotion
y2av79BjnqM,Jangan sampe meletus😅,bersandar teras rumah sembari ngopi bermain permainan nyelot jptogel77 nikmat sekaleh,Online Gambling Promotion
y2av79BjnqM,Jangan sampe meletus😅,lama2 bangkrut ni bossnya JPTOGEL77 profit trus main kemaren wkkwkw,Online Gambling Promotion
y2av79BjnqM,Jangan sampe meletus😅,setia bro main J P TO G E L 7 7 udah ratusan situs bandingin tetep enak JPTOGEL77,Online Gambling Promotion
y2av79BjnqM,Jangan sampe meletus😅,nyari2 uang rokok dikasih uang jajan seminggu hahaha emng terbaik nih J P TO G E L 7 7,No Online Gambling Promotion
y2av79BjnqM,Jangan sampe meletus😅,ga cari untung menang segiini aja udah bersyukur banger gua game jptogel77 aja narik udah langsung masuk duit 2 menit aja,"udah berpuas hati banger gua game jptogel77 aja narik udah langsung masuk duit 2 menit aja, Online Gambling Promotion"
y2av79BjnqM,Jangan sampe meletus😅,intinya bermainlah sabar barbar kemenenangan sabar wkwk hiburan jadiin mata pencaharian gw main JPTOGEL77,Online Gambling Promotion
y2av79BjnqM,Jangan sampe meletus😅,beraniin bUAt dposit situs JPTOGEL77 modal cekakdan negrasaain sensational nya ga rungkad main situs,Online Gambling Promotion
y2av79BjnqM,Jangan sampe meletus😅,Ternyata bgt dibilang teman gue main JPTOGEL77 gampang bgt dapetin maxwin member positif WD,Online Gambling Promotion
y2av79BjnqM,Jangan sampe meletus😅,member langsung dikasih jajanan meningkat senang bermain J P TO G E L 7 7 sih gk ubah web ni,No Online Gambling Promotion
y2av79BjnqM,Jangan sampe meletus😅,J P T O G E L 77 gacor menang,Online Gambling Promotion
y2av79BjnqM,Jangan sampe meletus😅,JPTOGEL77 cba bntr jepe gede lgnsung,Online Gambling Promotion
y2av79BjnqM,Jangan sampe meletus😅,bersyukur gw ga ketipu janji manis situs emang real gampang JP cuman jptogel77,"gampang JP cuman permainan slot jptogel77, Online Gambling Promotion"
y2av79BjnqM,Jangan sampe meletus😅,SUPER MANTAP INI LINKTERBAIK PALING MANTAP DENGAN RTP DI ATAS 98WINRATE MEMBER BARU 99 BAGUS BANGET SEMOGA AJA BISA NULAR SAMA PELAYER LAINCARI DI GOOGLE J P T O G E L 7 7,ERROR
y2av79BjnqM,Jangan sampe meletus😅,sobat jptogel77 emang patut banggakan situs beneran gampang JP,Online Gambling Promotion
y2av79BjnqM,Jangan sampe meletus😅,Gak maxwln provit segini main mahbaru nyoba udah kasih JP si JPTOGEL77 ni test aja,"udah kasih judi si JPTOGEL77 ni test aja, Online Gambling Promotion"
y2av79BjnqM,Jangan sampe meletus😅,0242 bsa gtu wkwkwkw jptogel77,Online Gambling Promotion
y2av79BjnqM,Jangan sampe meletus😅,menang gak dibayar nih langgana gua aja bro jptogel77 mantap deh gw u main tenang hp bunyi mulu wkkw,No Online Gambling Promotion
y2av79BjnqM,Jangan sampe meletus😅,J P TO G E L 7 7 TERBAIKK jepe bro,No Online Gambling Promotion
y2av79BjnqM,Jangan sampe meletus😅,main J P T O G E L 77 aman2 jaya aja yah gua dikasi proses nariknya cepet maju bosku,Online Gambling Promotion
y2av79BjnqM,Jangan sampe meletus😅,banget JPTOGEL77 cuan banget web nya gk depo gede2 depo receh kasih maxwin coba gan,"gak deposit besar deposit kecil kasih maxwin coba gan, Online Gambling Promotion"
y2av79BjnqM,Jangan sampe meletus😅,JPTOGEL77 gak boong dsini hoki mulu,No Online Gambling Promotion
y2av79BjnqM,Jangan sampe meletus😅,rngkad sempet putus asa sih main dapet referensi anak komunitas main JPTOGEL77 behhh semangat gw membara banget coy ngasi u google aja JPTOGEL77,Online Gambling Promotion
y2av79BjnqM,Jangan sampe meletus😅,sobat jptogel77 emang patut banggakan situs beneran gampang JP,Online Gambling Promotion
y2av79BjnqM,Jangan sampe meletus😅,gua udah 5tahun main jptogel77 jangka profit gw ratusan juta bro emang beda web abal2,Online Gambling Promotion
y2av79BjnqM,Jangan sampe meletus😅,coba cari JPTOGEL77 Mantap bosku makasih uda kasih saran main situs wd ku allhamdulliah lancar main,Online Gambling Promotion
y2av79BjnqM,Jangan sampe meletus😅,Tiap bingung cari cuan gk sengaja nemu s1tus jptogel77 iseng nyoba main eh kasih Jepe tipis2 cuan setia main jptogel77,Online Gambling Promotion
y2av79BjnqM,Jangan sampe meletus😅,Saran ane main JPTOGEL77 gak pelit link nya gw mmber barusan main auto lgsung maxwin pdhal modal receh doang,"ga perlu linknya, gw mungkin akan main auto langsung maxwin dengan modal rezeki doang, Online Gambling Promotion"
y2av79BjnqM,Jangan sampe meletus😅,udah kali gue main jptogel77 wd meluncur aman bonus slalu,Online Gambling Promotion
y2av79BjnqM,Jangan sampe meletus😅,Iseng cuman coba depo receh situs jptogel77 klau seandainya depo nggak kebayang mantap situs jptogel77 langsung gas aja bro rasakan dimanjain ni BO,"kalau seandainya deposit tidak mencapai yang diharapkan situs jptogel77 langsung gas aja bro rasakan dimanjain ni BO, Online Gambling Promotion"
y2av79BjnqM,Jangan sampe meletus😅,jptogel77 juara maxwin,Online Gambling Promotion
y2av79BjnqM,Jangan sampe meletus😅,nikmat ngopi sembari nyelot momen maxwin nya langsung full senyum makasih website jptogel77 udh ngasih maxwin meningkat senang mainnya,Online Gambling Promotion
y2av79BjnqM,Jangan sampe meletus😅,gak salah emang sodara gw maen jptogel77 hasilnya mantep bgt brooo maen bntaran doang udah dikasi narik gini kwkwkw makasih jptogel77 mantep,Online Gambling Promotion
y2av79BjnqM,Jangan sampe meletus😅,main JPTOGEL77 Jarang2 ling bagus kali merasakan petir merah si kakek senang x hati hahaha,Online Gambling Promotion
y2av79BjnqM,Jangan sampe meletus😅,modal recehpun wd J P TO G E L 7 7 benar2 profit hasil main bermain main bermain sukses jutaan mantap webnya,Online Gambling Promotion
y2av79BjnqM,Jangan sampe meletus😅,bersyukur banget gw main situs JPTOGEL77 udah lunasin utang grgr main situs situs bener edan bro gampang menang,"grgr main situs situs yang benar edan bro gampang menang, Online Gambling Promotion"
y2av79BjnqM,Jangan sampe meletus😅,adminnya nyaman Bener2 hoki main J P TO G E L 7 7 proses depo cepat mantap Livechat fast respon gak pindah web deh udah betah main,Online Gambling Promotion
y2av79BjnqM,Jangan sampe meletus😅,gapernah gw temui situs gampang menang Mandalika tujuhtujuh,No Online Gambling Promotion
y2av79BjnqM,Jangan sampe meletus😅,beres2 rumah nyepin pas dengar suaranya behhhhhh garang kaliii suara petirnya hahaha makasih ya JPTOGEL77,Online Gambling Promotion
y2av79BjnqM,Jangan sampe meletus😅,JPTOGEL77 cba langsung bawa pulang cuan gede,No Online Gambling Promotion
y2av79BjnqM,Jangan sampe meletus😅,JPTOGEL77 tempatnya jagoan judi lu nggak main belajar pro,"tidak main belajar pro, Online Gambling Promotion"
y2av79BjnqM,Jangan sampe meletus😅,Waduh menang gue SCBD belanja pake duit kemenangan jptogel77 uang trakhirnemu situs barualhamdulilah d ksih jepe ngab,No Online Gambling Promotion
y2av79BjnqM,Jangan sampe meletus😅,member JPTOGEL77 Udah kasih maxwin gila sih situs asli ga salah cobaain situs JPTOGEL77 member setia,Online Gambling Promotion
y2av79BjnqM,Jangan sampe meletus😅,bener teman situs emng keren banget laaabaru dep aja udah dapet menang J P T O G E L 77,Online Gambling Promotion
y2av79BjnqM,Jangan sampe meletus😅,Modal receh hasil lumer mantap kali JPTOGEL77 sensasi maxwn berulang brooo kali nemu web seqacor chek langsung deh webbnya dp wd gesit prosesnya,Online Gambling Promotion
y2av79BjnqM,Jangan sampe meletus😅,tetangga gw sore main J P T O G E L 77,Online Gambling Promotion
y2av79BjnqM,Jangan sampe meletus😅,lumayan unutk beli peralatan rumah cari gugel J P TO G E L 7 7 Di link dp aja mekswin dp auto makan enak,No Online Gambling Promotion
y2av79BjnqM,Jangan sampe meletus😅,Jangan mikir buruan aja bosku J P T O G E L 77,No Online Gambling Promotion
y2av79BjnqM,Jangan sampe meletus😅,Info seloter pakai link Bosku Karena link JPTOGEL77 bikin Member Baru JPnya WD Perkalian X250 X500 scatter nya nyangkut dikasih pecahan bagus Mantap,Online Gam
y2av79BjnqM,Jangan sampe meletus😅,the bestt la server negri inisanagt beda server lokaludah ga berapling situs main J P TO G E L 7 7 aja,"not on any site that plays J P T O G E L 7 7, No Online Gambling Promotion"
y2av79BjnqM,Jangan sampe meletus😅,webb JPTOGEL77 ga kalah seru ya disni cair trus dr web JPTOGEL77 gokil mantap la jajan,Online Gambling Promotion
y2av79BjnqM,Jangan sampe meletus😅,Tiap bingung cari cuan gk sengaja nemu s1tus JPTOGEL77 iseng nyoba main eh kasih Jepe tipis cuan setia main JPTOGEL77,Online Gambling Promotion
y2av79BjnqM,Jangan sampe meletus😅,Pantesan aja teman sibuk ngajakin main JPTOGEL77 benaran tokcer bgt main langsung cair malam lumayan traktir teman2,Online Gambling Promotion
y2av79BjnqM,Jangan sampe meletus😅,menang gak dibayar nih langgana gua aja bro JPTOGEL77 mantap deh gw u main tenang hp bunyi mulu wkkw,Online Gambling Promotion
y2av79BjnqM,Jangan sampe meletus😅,ga nyesel emang maen JPTOGEL77 enak bgt scatternya scaternya berisi manteplah JPTOGEL77,Online Gambling Promotion
y2av79BjnqM,Jangan sampe meletus😅,0701 JPTOGEL77,Online Gambling Promotion
y2av79BjnqM,Jangan sampe meletus😅,MEMANG TERBUKTI TERBAIK DAN MANTAP NIH SITUS KEREN WAWW MANTAP asli SERVER TERBAIK bos jgn salah pilih BO rungkat member rutin dikasih MAXWIN amp turun Perkalian x250 x500 pecahan bagus Kontrol nafsu nya kalo udah MAXWIN lgsg WD Di sisakan Dikit BgDan Lanjut Main LagiMudah mudahan Di Tambah Lagi CARI DI GOOGLE JPTOGEL77,ERROR
y2av79BjnqM,Jangan sampe meletus😅,Hidup seru 108 jptogel77,Online Gambling Promotion
y2av79BjnqM,Jangan sampe meletus😅,Slide FB turun turun isinya J P TO G E L 7 7 Penasaran cobain depo main bentar aja Ehhh MAXWINNN,Online Gambling Promotion
y2av79BjnqM,Jangan sampe meletus😅,hidup gw enak brp main JPTOGEL77 nih situs rekomen gw bro,Online Gambling Promotion
y2av79BjnqM,Jangan sampe meletus😅,situs bagus rate kemenangan dibanding jptogel77 situs panutan gw,Online Gambling Promotion
y2av79BjnqM,Jangan sampe meletus😅,WAJIB COBA DI SINI BOS SUPER GACCOOORR YANG TERBARUCOBA PAKE SERVER THAILAND SERVER LUAR YANG SAYA PAKE RTP NYA DI ATAS 98 TANPA HARUS BUY PETIR x100 x250 x500 SUDAH PASTI KELUAR GASSSS LANGSUNG SEMOGA HOKINYA NULAR YA ABANG CARI GOOGLE J P TO G E L 7 7,gunakan server Thailand server luar yang saya pake RTP na di atas 98 tanpa harus buy petir x100 x250 x500 sudah pasti keluar
y2av79BjnqM,Jangan sampe meletus😅,aja bro gw main jptogel77 bener ngasih menang ga kyk situs nyedot,"saya main judi slot jptogel77 benar-benar menang, tidak aku ketik situs yang sedot, Online Gambling Promotion"
y2av79BjnqM,Jangan sampe meletus😅,makasih banget loh JPTOGEL77 udah ngasih kesempatan ngerasain wd hasil maxwwin udh kunci akun ku gk wd,Online Gambling Promotion
y2av79BjnqM,Jangan sampe meletus😅,Paling kasih orang bahagia s1tus JPTOGEL77 pemain udah kasih kemenangan,Online Gambling Promotion
y2av79BjnqM,Jangan sampe meletus😅,Modal 60 ribu maxwin segini brooo emang mantap nge disitus search google namanya JPTOGEL77,Online Gambling Promotion
y2av79BjnqM,Jangan sampe meletus😅,situs tu kyk J P TO G E L 7 7 kasi wede lancar ga apa2,No Online Gambling Promotion
y2av79BjnqM,Jangan sampe meletus😅,JPTOGEL77 bro gw main gak pakai janji palsu bro cuman gw menang,"saya main tidak menggunakan janji palsu bro, saya hanya menang, Online Gambling Promotion"
y2av79BjnqM,Jangan sampe meletus😅,banget JPTOGEL77 cuan banget web nya gk depo gede2 depo receh kasih maxwin coba gan,"gak deposit besar, deposit reseh kasih maxwin, cobain gan, Online Gambling Promotion"
y2av79BjnqM,Jangan sampe meletus😅,bersyukur gw ga ketipu janji manis situs emang real gampang JP cuman jptogel77,"gampang JP cuman jptogel77, Online Gambling Promotion"
y2av79BjnqM,Jangan sampe meletus😅,Haadiir Mas JPTOGEL77,Online Gambling Promotion
y2av79BjnqM,Jangan sampe meletus😅,0535 JPTOGEL77 ngadu nasib wkwkw,Online Gambling Promotion
y2av79BjnqM,Jangan sampe meletus😅,cobain bro bareng gw main JPTOGEL77 udah gw seleksi ratusan situs mantap bro,"sudah saya seleksi ratusan situs yang mantap, Online Gambling Promotion"
y2av79BjnqM,Jangan sampe meletus😅,mantap bro jp JPTOGEL77 aja udah makasih udah kasih kemenangan,"udah makasih, udah kasih kemenangan, Online Gambling Promotion"
y2av79BjnqM,Jangan sampe meletus😅,beres2 rumah nyepin pas dengar suaranya behhhhhh garang kaliii suara petirnya hahaha makasih y J P TO G E L 7 7,No Online Gambling Promotion
y2av79BjnqM,Jangan sampe meletus😅,Gacor gitu loh J P TO G E L 7 7,Online Gambling Promotion
y2av79BjnqM,Jangan sampe meletus😅,seru bang JPTOGEL77 Alhamdulillah pensaran ku terjawabkan mampir disni JPTOGEL77 jamin H0k1,Online Gambling Promotion
y2av79BjnqM,Jangan sampe meletus😅,nikmat ngopi sembari nyelot momen maxwin nya langsung full senyum makasih website JPTOGEL77 udh ngasih maxwin meningkat senang mainnya,Online Gambling Promotion
y2av79BjnqM,Jangan sampe meletus😅,JPTOGEL77 WEDEY gede cma maen bentar,Online Gambling Promotion
y2av79BjnqM,Jangan sampe meletus😅,Paling mantap cuman webb JPTOGEL77 member dimanjain kasih cuan,Online Gambling Promotion
y2av79BjnqM,Jangan sampe meletus😅,JPTOGEL77 cba maen jekpot gede,Online Gambling Promotion
y2av79BjnqM,Jangan sampe meletus😅,lama2 bangkrut ni bossnya jptogel77 profit trus main kemaren wkkwkw,No Online Gambling Promotion
y2av79BjnqM,Jangan sampe meletus😅,JPTOGEL77 jackpot gampang banget gk percaya,"tidak percaya? , Online Gambling Promotion"
y2av79BjnqM,Jangan sampe meletus😅,temen nyaranin bermain J P T O G E L 7 7 asian ngikutin saran temen wd,Online Gambling Promotion
y2av79BjnqM,Jangan sampe meletus😅,JPTOGEL77 main dikit saldo langsung byk,Online Gambling Promotion
y2av79BjnqM,Jangan sampe meletus😅,mantap main udah dikasih menang aja JPTOGEL77 modal receh wd haha,"udah didikasih menang jptogel77 modal rezeki, Online Gambling Promotion"
y2av79BjnqM,Jangan sampe meletus😅,ajakin mabar temen bermain J P TO G E L 7 7 angkat topi sih kali bermain langsung kasih kemenangan server berhasil nih mantap memiliki broo,Online Gambling Promotion
y2av79BjnqM,Jangan sampe meletus😅,Coba main brooo member auto manjain web nya nama webnya JPTOGEL77 nyoba eh nyangkut nih situs cari aja google JPTOGEL77,"Nyoba eh nyangkut nih situs cari aja google JPTOGEL77, Online Gambling Promotion"
y2av79BjnqM,Jangan sampe meletus😅,ajakin mabar temen bermain J P T O G E L 7 7 angkat topi sih kali bermain langsung kasih kemenangan server berhasil nih mantap memiliki broo,Online Gambling Promotion
y2av79BjnqM,Jangan sampe meletus😅,mantap main udah dikasih menang aja JPTOGEL77 modal receh wd haha,Online Gambling Promotion
y2av79BjnqM,Jangan sampe meletus😅,udah gw coba bro bagus main JPTOGEL77 patut dibanggakan profitnya,"bagus main JPTOGEL77, patut dibanggakan profitnya, Online Gambling Promotion"
y2av79BjnqM,Jangan sampe meletus😅,Ternyata main JPTOGEL77 bikin rezeki langsung gacir,Online Gambling Promotion
y2av79BjnqM,Jangan sampe meletus😅,setia bro main jptogel77 udah ratusan situs bandingin tetep enak jptogel77,Online Gambling Promotion
y2av79BjnqM,Jangan sampe meletus😅,jam segini main kakek jptogel77 bikin nagih lurr scatter nya gampang turun sketer perkalian nya konek,Online Gambling Promotion
y2av79BjnqM,Jangan sampe meletus😅,Modal receh hasil lumer mantap kali JPTOGEL77 sensasi maxwln berulang brooo kali nemu web seqacor chek langsung deh webbnya dp wd gesit prosesnya,Online Gambling Promotion
y2av79BjnqM,Jangan sampe meletus😅,sensasi nya beda bro main jptogel77 udah sekampung temen gw main JP,"bro main judi slot jptogel77 udah sekampung teman-teman gw main JP, Online Gambling Promotion"
y2av79BjnqM,Jangan sampe meletus😅,main jptogel77 bro enak banget gampang jp,Online Gambling Promotion
y2av79BjnqM,Jangan sampe meletus😅,udah 5 gua main kali temu situs beneran gampang jp enak banget JPTOGEL77 bro,Online Gambling Promotion
y2av79BjnqM,Jangan sampe meletus😅,server2 emang royal mesin nya lokal semalem gw maen J P TO G E L 7 7 menang gua wkkw google bro,Online Gambling Promotion
y2av79BjnqM,Jangan sampe meletus😅,bersandar teras rumah sembari ngopi bermain permainan nyelot J P TO G E L 7 7 nikmat sekaleh,Online Gambling Promotion
y2av79BjnqM,Jangan sampe meletus😅,tengkiu bosku kasi teman2 setongkrongan traktiran makan minum bagus mudah mudahan meningkat berhasil J P T O G E L 7 7,Online Gambling Promotion
y2av79BjnqM,Jangan sampe meletus😅,adminnya nyaman Bener2 hoki main JPTOGEL77 proses depo cepat mantap Livechat fast respon gak pindah web deh udah betah main,Online Gambling Promotion
y2av79BjnqM,Jangan sampe meletus😅,Modal 60 ribu maxwin segini brooo emang mantap nge disitus search google namanya JPTOGEL77,Online Gambling Promotion
y2av79BjnqM,Jangan sampe meletus😅,Padahal moda tipis aja kasi Maxwin J P T O G E L 7 7 emg hoki bgt lha main disitus scternya gampang turun RTPnya akurat bgt buran cobain main JPTOGEL77,Online
y2av79BjnqM,Jangan sampe meletus😅,modal halus jp paus J P T O G E L 7 7 untung gw kasi tau sodara gak sih gw masi maen sedot wc makasih J P T O G E L 7 7 jajannya,Online Gambling Promotion
y2av79BjnqM,Jangan sampe meletus😅,Ini keren kak main jptogel77 kasi JP kak Nga sangka sih dapet seginiuntung aja Temen nyaranin Server Luar ngerasain MAXWIN,Online Gambling Promotion
y2av79BjnqM,Jangan sampe meletus😅,Gak maxwln provit segini main mahbaru nyoba udah kasih JP si JPTOGEL77 ni test aja,"nyooba udah kasih judi si JPTOGEL77 ni test aja, Online Gambling Promotion"
y2av79BjnqM,Jangan sampe meletus😅,aja bro gw main jptogel77 bener ngasih menang ga kyk situs nyedot,Online Gambling Promotion
y2av79BjnqM,Jangan sampe meletus😅,1210 Jangan tunggu Modal bareng JPTOGEL77,No Online Gambling Promotion
y2av79BjnqM,Jangan sampe meletus😅,betah dah nongkrong situs JPTOGEL77 kalo lihat rtp asli gak gagal rtpnya angkanya cuuy,Online Gambling Promotion
y2av79BjnqM,Jangan sampe meletus😅,cobain bro bareng gw main jptogel77 udah gw seleksi ratusan situs mantap bro,"bro bersama saya main jptogel77, sudah saya seleksi ratusan situs mantap, bro, Online Gambling Promotion"
y2av79BjnqM,Jangan sampe meletus😅,Saatnya bersinar 1312 jptogel77,Online Gambling Promotion
y2av79BjnqM,Jangan sampe meletus😅,webb JPTOGEL77 ga kalah seru ya disni cair trus dr web JPTOGEL77 gokil mantap la jajan,Online Gambling Promotion
y2av79BjnqM,Jangan sampe meletus😅,udah gw coba bro bagus main jptogel77 patut dibanggakan profitnya,"bro bagus main slot jptogel77, patut dibanggakan profitnya, Online Gambling Promotion"
y2av79BjnqM,Jangan sampe meletus😅,u abis gak duitnya gara2 kalah pindah nih bagusnya u google J P T O G E L 7 7 aja betahh deh,Online Gambling Promotion
y2av79BjnqM,Jangan sampe meletus😅,jam segini main kakek JPTOGEL77 bikin nagih lurr scatter nya gampang turun sketer perkalian nya konek,Online Gambling Promotion
y2av79BjnqM,Jangan sampe meletus😅,main J P T O G E L 77 Jarang2 ling bagus kali merasakan petir merah si kakek senang x hati hahaha,No Online Gambling Promotion
y2av79BjnqM,Jangan sampe meletus😅,asik dikasih rezeki makasih bget y J P TO G E L 7 7 kudoakan webbnya bangkit biar kasih sIotter profit wkwk gk ambil pusing main J P TO G E L 7 7 bang siap2 WD aja pokoknya,ERROR
y2av79BjnqM,Jangan sampe meletus😅,main JPTOGEL77 aman2 jaya aja yah gua dikasi proses nariknya cepet maju bosku,Online Gambling Promotion
y2av79BjnqM,Jangan sampe meletus😅,Info seloter pakai link Bosku Karena link JPTOGEL77 bikin Member Baru JPnya WD Perkalian X250 X500 scatter nya nyangkut dikasih pecahan bagus Mantap,Online Gambling Prom
y2av79BjnqM,Jangan sampe meletus😅,jptogel77 ngan ukur Duit ngalir permainan seru ora aya istirahatna Layanan oke banget abdi recom duh euy,Online Gambling Promotion
y2av79BjnqM,Jangan sampe meletus😅,makasih banget loh JPTOGEL77 udah ngasih kesempatan ngerasain wd hasil maxwwin udh kunci akun ku gk wd,Online Gambling Promotion
y2av79BjnqM,Jangan sampe meletus😅,main jptogel77 bro enak banget gampang jp,Online Gambling Promotion
y2av79BjnqM,Jangan sampe meletus😅,J P TO G E L 7 7 mekswin depoin LIMPUL,No Online Gambling Promotion
y2av79BjnqM,Jangan sampe meletus😅,u abis gak duitnya gara2 kalah pindah nih bagusnya u google J P TO G E L 7 7 aja betahh deh,"u google j ptogel 7 7 aja betahh deh, Online Gambling Promotion"
y2av79BjnqM,Jangan sampe meletus😅,Trending 1 euy JPTOGEL77,No Online Gambling Promotion
y2av79BjnqM,Jangan sampe meletus😅,Saran ane main jptogel77 gak pelit link nya gw mmber barusan main auto lgsung maxwin pdhal modal receh doang,"linknya ga perlu, saya akan main otomatis langsung maxwin dengan modal rejeki doang, Online Gambling Promotion"
y2av79BjnqM,Jangan sampe meletus😅,coba coba maen server thailand kasi tau sodara eh gile saldo nambah mulu awlkwkwkkw cari google J P T O G E L 77,"cari Google J P T O G E L 77, Online Gambling Promotion"
y2av79BjnqM,Jangan sampe meletus😅,mantap bro jp JPTOGEL77 aja udah makasih udah kasih kemenangan,"udah makasih, udah kasih kemenangan, Online Gambling Promotion"
y2av79BjnqM,Jangan sampe meletus😅,Pantesan aja teman sibuk ngajakin main JPTOGEL77 benaran tokcer bgt main langsung cair malam lumayan traktir teman2,Online Gambling Promotion
y2av79BjnqM,Jangan sampe meletus😅,Rezeki J P TO G E L 7 7 sungguh tiada tara nilainya terima kasih ya Allah berkat Mu,"terima kasih ya Allah berkatmu, No Online Gambling Promotion"
y2av79BjnqM,Jangan sampe meletus😅,aja nih isi saldo ku semenjak main JPTOGEL77 bawaan nya se4lalu hepy saldo jarang sesak nafas mantap matap nih situs nya,"matap nih situsnya, Online Gambling Promotion"
y2av79BjnqM,Jangan sampe meletus😅,WAJIB COBA DI SINI BOS SUPER GACCOOORR YANG TERBARUCOBA PAKE SERVER THAILAND SERVER LUAR YANG SAYA PAKE RTP NYA DI ATAS 98 TANPA HARUS BUY PETIR x100 x250 x500 SUDAH PASTI KELUAR GASSSS LANGSUNG SEMOGA HOKINYA NULAR YA ABANG CARI GOOGLE JPTOGEL77,ERROR
y2av79BjnqM,Jangan sampe meletus😅,gapernah gw temui situs gampang menang JPTOGEL77,Online Gambling Promotion
y2av79BjnqM,Jangan sampe meletus😅,Alhamdulillah rezeki lancar jaya berkat J P T O G E L 77,Online Gambling Promotion
y2av79BjnqM,Jangan sampe meletus😅,JPTOGEL77 cba jepe gede lngsg,Online Gambling Promotion
y2av79BjnqM,Jangan sampe meletus😅,Modal receh hasil lumer mantap kali JPTOGEL77 sensasi maxwn berulang brooo kali nemu web seqacor chek langsung deh webbnya dp wd gesit prosesnya,Online Gambling Promotion
y2av79BjnqM,Jangan sampe meletus😅,Ini keren kak main J P T O G E L 77 kasi JP kak Nga sangka sih dapet seginiuntung aja Temen nyaranin Server Luar ngerasain MAXWIN,Online Gambling Promotion
y2av79BjnqM,Jangan sampe meletus😅,1012 JPTOGEL77 emang juara rezeki gak abisnya,Online Gambling Promotion
y2av79BjnqM,Jangan sampe meletus😅,ga nyarnin server abal abal dahgua udah tau main cari aja JPTOGEL77 ngab terbaikk situs sih teman wede coba deh ngab lumayan nambah2 isi dompet,"ngab terbaik situs sih teman wede coba deh ngab lumayan nambah2 isi dompet, Online Gambling Promotion"
y2av79BjnqM,Jangan sampe meletus😅,tidur auto spin J P TO G E L 7 7 bangun2 saldo udah battery lowbett ngantor senyam senyum macem udah gila cari aja google tu J P TO G E L 7 7,"Bangun2 saldo udah battery lowbett ngantor senyam senyum macem udah gila cari aja google tu J P T O G E L 7 7, Online Gambling Promotion"
y2av79BjnqM,Jangan sampe meletus😅,jptogel77Terpopuler masakini,Online Gambling Promotion
y2av79BjnqM,Jangan sampe meletus😅,Ternyata bgt dibilang teman gue main jptogel77 gampang bgt dapetin maxwin member positif WD,Online Gambling Promotion
y2av79BjnqM,Jangan sampe meletus😅,gua pasukan jptogel77 bro udah setia gw main amanah gampang JP,"udah setia gw main amanah gampang JP, Online Gambling Promotion"
y2av79BjnqM,Jangan sampe meletus😅,Mandalika tujuhtujuh bro gw main gak pakai janji palsu bro cuman gw menang,"gw main gak pakai janji palsu bro cuman gw menang, No Online Gambling Promotion"
y2av79BjnqM,Jangan sampe meletus😅,JPTOGEL77 perhatian Lihat ditawarkannya,Online Gambling Promotion
y2av79BjnqM,Jangan sampe meletus😅,Iseng cuman coba depo receh situs JPTOGEL77 klau seandainya depo nggak kebayang mantap situs JPTOGEL77 langsung gas aja bro rasakan dimanjain ni BO,"kalau seandainya deposit tidak kebayang manap situs JPTOGEL77 langsung gasa aja bro rasakan dimajaini ni, Online Gambling Promotion"
y2av79BjnqM,Jangan sampe meletus😅,tetangga gw sore main JPTOGEL77,Online Gambling Promotion
y2av79BjnqM,Jangan sampe meletus😅,gacir gila JPTOGEL77 bikin jepe trs,Online Gambling Promotion
y2av79BjnqM,Jangan sampe meletus😅,mekswin J P TO G E L 7 7,No Online Gambling Promotion
y2av79BjnqM,Jangan sampe meletus😅,mantap gua cobain gampang dapatin sketernya Udh gitu dapatin sketer isinya tau nama nya nih coba cari google JPTOGEL77 dijiamin nagih,"gua cobain gampang dapat sketernya udh gitu dapat sketer isinya tau nama nya nih coba cari Google JPTOGEL77 dijamin nagih, Online Gambling Promotion"
y2av79BjnqM,Jangan sampe meletus😅,member JPTOGEL77 Udah kasih maxwin gila sih situs asli ga salah cobaain situs JPTOGEL77 member setia,Online Gambling Promotion
y2av79BjnqM,Jangan sampe meletus😅,coba coba maen server thailand kasi tau sodara eh gile saldo nambah mulu awlkwkwkkw cari google JPTOGEL77,Online Gambling Promotion
y2av79BjnqM,Jangan sampe meletus😅,udah 5 gua main kali temu situs beneran gampang jp enak banget JPTOGEL77 bro,"bro, Online Gambling Promotion"
y2av79BjnqM,Jangan sampe meletus😅,tengkiu bosku kasi teman2 setongkrongan traktiran makan minum bagus mudah mudahan meningkat berhasil J P TO G E L 7 7,No Online Gambling Promotion
y2av79BjnqM,Jangan sampe meletus😅,nyelot gak ribet MANTAB J P TO G E L 7 7 gak rugi kalo main main WD gak sampe maxwin modal gw 2x lipat gas,No Online Gambling Promotion
y2av79BjnqM,Jangan sampe meletus😅,bener teman situs emng keren banget laaabaru dep aja udah dapet menang jptogel77,Online Gambling Promotion
y2av79BjnqM,Jangan sampe meletus😅,Dari sekian ling coba cman webb jptogel77 yg bikin betah bagus webbnya kasih maxwn gak takut jptogel77,"webnya kasih maxwin, tidak takut jptogel77, Online Gambling Promotion"
y2av79BjnqM,Jangan sampe meletus😅,JPTOGEL77 gua bru maen bentar lngsg jepe,No Online Gambling Promotion
y2av79BjnqM,Jangan sampe meletus😅,sensasi nya beda bro main jptogel77 udah sekampung temen gw main JP,Online Gambling Promotion
y2av79BjnqM,Jangan sampe meletus😅,Ternyata bgt dibilang teman gue main JPTOGEL77 gampang bgt dapetin maxwln member positif WD,Online Gambling Promotion
y2av79BjnqM,Jangan sampe meletus😅,server2 emang royal mesin nya lokal semalem gw maen jptogel77 menang gua wkkw google bro,"gw main jptogel77 menang gua wkkw google bro, Online Gambling Promotion"
y2av79BjnqM,Jangan sampe meletus😅,intinya bermainlah sabar barbar kemenenangan sabar wkwk hiburan jadiin mata pencaharian gw main JPTOGEL77,Online Gambling Promotion
y2av79BjnqM,Jangan sampe meletus😅,gua pasukan jptogel77 bro udah setia gw main amanah gampang JP,"udah setia gw main amanah gampang JP, Online Gambling Promotion"
y2av79BjnqM,Jangan sampe meletus😅,Kalo gak coba nggak Rezaki bis ja J P T O G E L 77,"Rezaki bisa J P T O G E L 77, Online Gambling Promotion"
y2av79BjnqM,Jangan sampe meletus😅,TRENDING 1 GILAA MAMEEEN J P T O G E L 77,No Online Gambling Promotion
y2av79BjnqM,Jangan sampe meletus😅,Padahal moda tipis aja kasi Maxwin J P TO G E L 7 7 emg hoki bgt lha main disitus scternya gampang turun RTPnya akurat bgt buran cobain main JPTOGEL77,ERROR
y2av79BjnqM,Jangan sampe meletus😅,Main santai jptogel77 hasilnya bikin senyum lebar Terima kasih,Online Gambling Promotion
y2av79BjnqM,Jangan sampe meletus😅,gak salah emang sodara gw maen J P TO G E L 7 7 hasilnya mantep bgt brooo maen bntaran doang udah dikasi narik gini kwkwkw makasih J P TO G E L 7 7 mantep,Online Gambling Prom
y2av79BjnqM,Jangan sampe meletus😅,situs bagus rate kemenangan dibanding JPTOGEL77 situs panutan gw,Online Gambling Promotion
y2av79BjnqM,Jangan sampe meletus😅,Rezeki melimpah JPTOGEL77 makasih,Online Gambling Promotion
y2av79BjnqM,Jangan sampe meletus😅,Waduh menang gue SCBD belanja pake duit kemenangan J P TO G E L 7 7 uang trakhirnemu situs barualhamdulilah d ksih jepe ngab,"situs baraualhamdulilah d ksih jepe ngab, No Online Gambling Promotion"
y2av79BjnqM,Jangan sampe meletus😅,coba cari J P T O G E L 77 Mantap bosku makasih uda kasih saran main situs wd ku allhamdulliah lancar main,Online Gambling Promotion
y2av79BjnqM,Jangan sampe meletus😅,lumayan unutk beli peralatan rumah cari gugel jptogel77 Di link dp aja mekswin dp auto makan enak,"cari gugel jptogel77 di link dp aja, mekswin dp auto makan enak, Online Gambling Promotion"
y2av79BjnqM,Jangan sampe meletus😅,gw aja main JPTOGEL77 x100 kuy mabar biar cuan bang sore mantappp rekomend banget pokok nya situs broo,Online Gambling Promotion
y2av79BjnqM,Jangan sampe meletus😅,tidur auto spin jptogel77 bangun2 saldo udah battery lowbett ngantor senyam senyum macem udah gila cari aja google tu jptogel77,Online Gambling Promotion
y2av79BjnqM,Jangan sampe meletus😅,provider game terbaik JPTOGEL77 salah milih webb perkalin serinng turun modal receh kasih wd main terbaik ni webb,Online Gambling Promotion
y2av79BjnqM,Jangan sampe meletus😅,Memang main J P TO G E L 7 7 untung saran teman menang,Online Gambling Promotion
y2av79BjnqM,Jangan sampe meletus😅,provider game terbaik JPTOGEL77 salah milih webb perkalin serinng turun modal receh kasih wd main terbaik ni webb,Online Gambling Promotion
y2av79BjnqM,Jangan sampe meletus😅,Selamat ya kak trending 1 lohh akhirnyaa J P TO G E L 7 7,No Online Gambling Promotion
y2av79BjnqM,Jangan sampe meletus😅,1530 JPTOGEL77 Menang hadiahnya,Online Gambling Promotion
y2av79BjnqM,Jangan sampe meletus😅,ga cari untung menang segiini aja udah bersyukur banger gua game J P T O G E L 77 aja narik udah langsung masuk duit 2 menit aja,"sudah berpuas hati bangga game J P T O G E L 77 aja narik udah langsung masuk duit 2 menit aja, Online Gambling Promotion"
y2av79BjnqM,Jangan sampe meletus😅,1 d trending gatuh J P TO G E L 7 7,No Online Gambling Promotion
y2av79BjnqM,Jangan sampe meletus😅,bersyukur banget gw main situs JPTOGEL77 udah lunasin utang grgr main situs situs bener edan bro gampang menang,Online Gambling Promotion
y2av79BjnqM,Jangan sampe meletus😅,beres2 rumah nyepin pas dengar suaranya behhhhhh garang kaliii suara petirnya hahaha makasih y jptogel77,Online Gambling Promotion
y2av79BjnqM,Jangan sampe meletus😅,TRENDING 1 GILA LOOOO jptogel77,Online Gambling Promotion
y2av79BjnqM,Jangan sampe meletus😅,aja nih isi saldo ku semenjak main JPTOGEL77 bawaan nya se4lalu hepy saldo jarang sesak nafas mantap matap nih situs nya,Online Gambling Promotion
y2av79BjnqM,Jangan sampe meletus😅,beres2 rumah nyepin pas dengar suaranya behhhhhh garang kaliii suara petirnya hahaha makasih ya J P T O G E L 77,Online Gambling Promotion
y2av79BjnqM,Jangan sampe meletus😅,JPTOGEL77 terpopuler masakini,No Online Gambling Promotion
y2av79BjnqM,Jangan sampe meletus😅,seneng bangun2 kumpulin nyawa main JPTOGEL77 langsung dikasi wekwekwek,Online Gambling Promotion
y2av79BjnqM,Jangan sampe meletus😅,situs tu jptogel77 kasi wede lancar ga apa2,Online Gambling Promotion
y2av79BjnqM,Jangan sampe meletus😅,Perasaan x deh nemu situs kayak JPTOGEL77 gak beli spin kasi gratis uda gitu dikasi Maxwin emg jos bgt ni JPTOGEL77 ga duanya deh,Online Gambling Promotion
y2av79BjnqM,Jangan sampe meletus😅,J P TO G E L 7 7 auto win,No Online Gambling Promotion
y2av79BjnqM,Jangan sampe meletus😅,J P TO G E L 7 7 ngan ukur Duit ngalir permainan seru ora aya istirahatna Layanan oke banget abdi recom duh euy,No Online Gambling Promotion
y2av79BjnqM,Jangan sampe meletus😅,DisiniJ P T O G E L 77 sanggat senang,No Online Gambling Promotion
y2av79BjnqM,Jangan sampe meletus😅,JPTOGEL77 gua maen bentar aja lngsg WEDEY gede,Online Gambling Promotion
y2av79BjnqM,Jangan sampe meletus😅,JPTOGEL77 gampang banget dapet hasil gede gk ribet,Online Gambling Promotion
y2av79BjnqM,Jangan sampe meletus😅,MEMANG TERBUKTI TERBAIK DAN MANTAP NIH SITUS KEREN WAWW MANTAP asli SERVER TERBAIK bos jgn salah pilih BO rungkat member rutin dikasih MAXWIN amp turun Perkalian x250 x500 pecahan bagus Kontrol nafsu nya kalo udah MAXWIN lgsg WD Di sisakan Dikit BgDan Lanjut Main LagiMudah mudahan Di Tambah Lagi CARI DI GOOGLE J P TO G E L 7 7,ERROR
y2av79BjnqM,Jangan sampe meletus😅,Udah menang coba jptogel77 rasain,Online Gambling Promotion
y2av79BjnqM,Jangan sampe meletus😅,member langsung dikasih jajanan meningkat senang bermain jptogel77 sih gk ubah web ni,"tidak ada perubahan web ini, Online Gambling Promotion"
y2av79BjnqM,Jangan sampe meletus😅,nyelot gak ribet MANTAB jptogel77gak rugi kalo main main WD gak sampe maxwin modal gw 2x lipat gas,Online Gambling Promotion
y2av79BjnqM,Jangan sampe meletus😅,Kek,"No Online Gambling PromotionText to process: Ayo kita main judi online maxwinAnswer: Ayo kita main judi online MaxWin, Online Gambling PromotionText to process: Gacor slot online terbaik"
y2av79BjnqM,Jangan sampe meletus😅,Ih curang ka merri,No Online Gambling Promotion
y2av79BjnqM,Jangan sampe meletus😅,GK tau malu YouTubeR,No Online Gambling Promotion
y2av79BjnqM,Jangan sampe meletus😅,Ini keren kak main J P T O G E L 77 kasi JP kak Nga sangka sih dapet seginiuntung aja Temen nyaranin Server Luar ngerasain MAXWIN,Online Gambling Promotion
y2av79BjnqM,Jangan sampe meletus😅,Ternyata bgt dibilang teman gue main JPTOGEL77 gampang bgt dapetin maxwin member positif WD,Online Gambling Promotion
y2av79BjnqM,Jangan sampe meletus😅,JPTOGEL77 WEDEY gede cma maen bentar,Online Gambling Promotion
y2av79BjnqM,Jangan sampe meletus😅,hidup gw enak brp main jptogel77 nih situs rekomen gw bro,Online Gambling Promotion
y2av79BjnqM,Jangan sampe meletus😅,intinya bermainlah sabar barbar kemenenangan sabar wkwk hiburan jadiin mata pencaharian gw main JPTOGEL77,Online Gambling Promotion
y2av79BjnqM,Jangan sampe meletus😅,gua pasukan jptogel77 bro udah setia gw main amanah gampang JP,"udah setia gw main amanah gampang JP, Online Gambling Promotion"
y2av79BjnqM,Jangan sampe meletus😅,lama2 bangkrut ni bossnya jptogel77 profit trus main kemaren wkkwkw,Online Gambling Promotion
y2av79BjnqM,Jangan sampe meletus😅,Itu mah curang mending gk bikin konten balon curang,No Online Gambling Promotion
y2av79BjnqM,Jangan sampe meletus😅,hati nemu web J P T O G E L 7 7 berlega hati sehabis bermain kali selisih gw segini brayyy nangis saking senengnya,Online Gambling Promotion
y2av79BjnqM,Jangan sampe meletus😅,JPTOGEL77 tampil fitur,Online Gambling Promotion
y2av79BjnqM,Jangan sampe meletus😅,Edwin salting,ERROR
y2av79BjnqM,Jangan sampe meletus😅,Makin bosen gw,No Online Gambling Promotion
y2av79BjnqM,Jangan sampe meletus😅,curang,No Online Gambling Promotion
y2av79BjnqM,Jangan sampe meletus😅,waw Yah meledos dah,No Online Gambling Promotion
y2av79BjnqM,Jangan sampe meletus😅,Eng seru kontenya,No Online Gambling Promotion
y2av79BjnqM,Jangan sampe meletus😅,kajian gitu marah deh diputusin aja,No Online Gambling Promotion
y2av79BjnqM,Jangan sampe meletus😅,Curang najong huuuu,No Online Gambling Promotion
y2av79BjnqM,Jangan sampe meletus😅,Hayoloo,No Online Gambling Promotion
y2av79BjnqM,Jangan sampe meletus😅,kak curang,No Online Gambling Promotion
y2av79BjnqM,Jangan sampe meletus😅,Alay,No Online Gambling Promotion
y2av79BjnqM,Jangan sampe meletus😅,Curang dibulan puasa dek ya,No Online Gambling Promotion
y2av79BjnqM,Jangan sampe meletus😅,bangakuudahlekcurang,No Online Gambling Promotion
y2av79BjnqM,Jangan sampe meletus😅,Curang kak mAu skip curang,"Label: curang kak Mau skip curang, No Online Gambling Promotion"
y2av79BjnqM,Jangan sampe meletus😅,cewek curang terusb,No Online Gambling Promotion
y2av79BjnqM,Jangan sampe meletus😅,setingan,No Online Gambling Promotion
y2av79BjnqM,Jangan sampe meletus😅,Kaka rumah didurenpila,No Online Gambling Promotion
y2av79BjnqM,Jangan sampe meletus😅,Curang puasa gak curang,No Online Gambling Promotion
y2av79BjnqM,Jangan sampe meletus😅,cewek nya curang gak asik banget,No Online Gambling Promotion
y2av79BjnqM,Jangan sampe meletus😅,Apaan si ajg,No Online Gambling Promotion
y2av79BjnqM,Jangan sampe meletus😅,Aku Leke ko saskerep,No Online Gambling Promotion
y2av79BjnqM,Jangan sampe meletus😅,curang udah tau jelek,No Online Gambling Promotion
y2av79BjnqM,Jangan sampe meletus😅,Curang,No Online Gambling Promotion
y2av79BjnqM,Jangan sampe meletus😅,Curang gak gitu puasa loh kaj,No Online Gambling Promotion
y2av79BjnqM,Jangan sampe meletus😅,Jangan percaya udh liat,No Online Gambling Promotion
y2av79BjnqM,Jangan sampe meletus😅,Kak merry curang banget,No Online Gambling Promotion
y2av79BjnqM,Jangan sampe meletus😅,Ini mah mehibur orang orang,No Online Gambling Promotion
y2av79BjnqM,Jangan sampe meletus😅,Curang bilang aja gak kalah,No Online Gambling Promotion
y2av79BjnqM,Jangan sampe meletus😅,cewek nya curang ja,No Online Gambling Promotion
y2av79BjnqM,Jangan sampe meletus😅,gasuka fidionya karna perepuan curang,No Online Gambling Promotion
y2av79BjnqM,Jangan sampe meletus😅,Ih kakak curang,No Online Gambling Promotion
y2av79BjnqM,Jangan sampe meletus😅,Curang,No Online Gambling Promotion
y2av79BjnqM,Jangan sampe meletus😅,Ih gak curang,No Online Gambling Promotion
y2av79BjnqM,Jangan sampe meletus😅,KA CEWEK CURANG,No Online Gambling Promotion
y2av79BjnqM,Jangan sampe meletus😅,Pura pura gk tau orang tau letak balon nya dimana ya bener yg y emang gtw deh,No Online Gambling Promotion
y2av79BjnqM,Jangan sampe meletus😅,Babi,ERROR
y2av79BjnqM,Jangan sampe meletus😅,settingan niga percaya gw,No Online Gambling Promotion
y2av79BjnqM,Jangan sampe meletus😅,Bang curang si cewek curang Abang nggak sih Naruto balon hasilnya,No Online Gambling Promotion
y2av79BjnqM,Jangan sampe meletus😅,Bang coba cukur kumis ya,"coba cukur kumis ya, No Online Gambling Promotion"
y2av79BjnqM,Jangan sampe meletus😅,Kurasa gimmick,No Online Gambling Promotion
y2av79BjnqM,Jangan sampe meletus😅,curang banget puasa loh kak gak curang,No Online Gambling Promotion
y2av79BjnqM,Jangan sampe meletus😅,Ceweya Curang Lihat Tadi,No Online Gambling Promotion
y2av79BjnqM,Jangan sampe meletus😅,Ga asik lu,No Online Gambling Promotion
y2av79BjnqM,Jangan sampe meletus😅,Yang cewek licik,No Online Gambling Promotion
y2av79BjnqM,Jangan sampe meletus😅,Curang berbohong,No Online Gambling Promotion
y2av79BjnqM,Jangan sampe meletus😅,Curang wwwwwwwuuuuuuuuuuuuuuu,No Online Gambling Promotion
y2av79BjnqM,Jangan sampe meletus😅,No curang,No Online Gambling Promotion
y2av79BjnqM,Jangan sampe meletus😅,Ih curang gak curang pas puasa tau,No Online Gambling Promotion
y2av79BjnqM,Jangan sampe meletus😅,Cewek curang yaaa,No Online Gambling Promotion
y2av79BjnqM,Jangan sampe meletus😅,Kasihani cowonya prank,No Online Gambling Promotion
y2av79BjnqM,Jangan sampe meletus😅,Curang ceweknya jahat gak nonton,No Online Gambling Promotion
y2av79BjnqM,Jangan sampe meletus😅,ih curang,No Online Gambling Promotion
y2av79BjnqM,Jangan sampe meletus😅,Tulul,No Online Gambling Promotion
y2av79BjnqM,Jangan sampe meletus😅,Cewek nya curang Huuuuuuuuuuuuuuuuuuuuuuuuuuuuuuuuuuuuuuuuuuuuuuuuuuuuuuuuuuuuu,No Online Gambling Promotion
y2av79BjnqM,Jangan sampe meletus😅,Akuudah Ieksaskeret,No Online Gambling Promotion
y2av79BjnqM,Jangan sampe meletus😅,Aku disayang,No Online Gambling Promotion
y2av79BjnqM,Jangan sampe meletus😅,Curang Goblok Itu,No Online Gambling Promotion
y2av79BjnqM,Jangan sampe meletus😅,Laip,No Online Gambling Promotion
y2av79BjnqM,Jangan sampe meletus😅,pem bohong inget puasa,No Online Gambling Promotion
y2av79BjnqM,Jangan sampe meletus😅,curang curang hu hu,No Online Gambling Promotion
y2av79BjnqM,Jangan sampe meletus😅,Video jelek ja bangga,No Online Gambling Promotion
y2av79BjnqM,Jangan sampe meletus😅,Apa si lu berdua gak Jelass,No Online Gambling Promotion
y2av79BjnqM,Jangan sampe meletus😅,Kakak curang cowok tim cewek,No Online Gambling Promotion
y2av79BjnqM,Jangan sampe meletus😅,Kamu curang,No Online Gambling Promotion
y2av79BjnqM,Jangan sampe meletus😅,i tuh curang,No Online Gambling Promotion
y2av79BjnqM,Jangan sampe meletus😅,Kayak nya kameran yg bilang,ERROR
y2av79BjnqM,Jangan sampe meletus😅,Curang ceweknya,No Online Gambling Promotion
y2av79BjnqM,Jangan sampe meletus😅,Curang cewek nya,No Online Gambling Promotion
y2av79BjnqM,Jangan sampe meletus😅,Purel,No Online Gambling Promotion
y2av79BjnqM,Jangan sampe meletus😅,Nama nya rekam ya keliatan,No Online Gambling Promotion
y2av79BjnqM,Jangan sampe meletus😅,Cewek nya curang tabok cewek bangkrut,"cewek bangkrut, No Online Gambling Promotion"
y2av79BjnqM,Jangan sampe meletus😅,Kenapa sih curanggggg curang dongggg,No Online Gambling Promotion
y2av79BjnqM,Jangan sampe meletus😅,Curang huuuuuuuu,No Online Gambling Promotion
y2av79BjnqM,Jangan sampe meletus😅,Lu liat bg,No Online Gambling Promotion
y2av79BjnqM,Jangan sampe meletus😅,Curang,No Online Gambling Promotion
y2av79BjnqM,Jangan sampe meletus😅,Ceweknya curang,No Online Gambling Promotion
y2av79BjnqM,Jangan sampe meletus😅,Curang ceweknya so asik,No Online Gambling Promotion
y2av79BjnqM,Jangan sampe meletus😅,Edwin goblok,No Online Gambling Promotion
y2av79BjnqM,Jangan sampe meletus😅,gw nggak liat Vidio curang cewek,No Online Gambling Promotion
y2av79BjnqM,Jangan sampe meletus😅,Curang kalo gak main gaosa main,No Online Gambling Promotion
y2av79BjnqM,Jangan sampe meletus😅,ngak tau gue suka konten lu,No Online Gambling Promotion
y2av79BjnqM,Jangan sampe meletus😅,Curang dah awas dosa lo,No Online Gambling Promotion
y2av79BjnqM,Jangan sampe meletus😅,Alaiy,ERROR
y2av79BjnqM,Jangan sampe meletus😅,Cewek lu curang cewe gituan,No Online Gambling Promotion
y2av79BjnqM,Jangan sampe meletus😅,Makin curang aj lu,No Online Gambling Promotion
y2av79BjnqM,Jangan sampe meletus😅,E,ERROR
y2av79BjnqM,Jangan sampe meletus😅,bangkasisensifiitas,No Online Gambling Promotion
y2av79BjnqM,Jangan sampe meletus😅,curang gak asik,No Online Gambling Promotion
y2av79BjnqM,Jangan sampe meletus😅,curang gak asik ah,No Online Gambling Promotion
y2av79BjnqM,Jangan sampe meletus😅,Malas ah curang Mulu ditambahi balonnya,No Online Gambling Promotion
y2av79BjnqM,Jangan sampe meletus😅,Curang,No Online Gambling Promotion
y2av79BjnqM,Jangan sampe meletus😅,bang curangi bang kardus,No Online Gambling Promotion
y2av79BjnqM,Jangan sampe meletus😅,Kaka nya licik bang,No Online Gambling Promotion
y2av79BjnqM,Jangan sampe meletus😅,hiiiiiii curang HIIIIIIIIIIIIIIII,No Online Gambling Promotion
y2av79BjnqM,Jangan sampe meletus😅,Bang perempuan nyontek,No Online Gambling Promotion
y2av79BjnqM,Jangan sampe meletus😅,zho,No Online Gambling Promotion
y2av79BjnqM,Jangan sampe meletus😅,Padahal like lohh curang nya bener mulu,No Online Gambling Promotion
y2av79BjnqM,Jangan sampe meletus😅,Curang dak curang,No Online Gambling Promotion
y2av79BjnqM,Jangan sampe meletus😅,Curang,No Online Gambling Promotion
y2av79BjnqM,Jangan sampe meletus😅,Curang curang ngeselin cewek nya,No Online Gambling Promotion
y2av79BjnqM,Jangan sampe meletus😅,Woi main nggak curang,No Online Gambling Promotion
y2av79BjnqM,Jangan sampe meletus😅,Hohoh tenan,No Online Gambling Promotion
y2av79BjnqM,Jangan sampe meletus😅,kaka licik,No Online Gambling Promotion
y2av79BjnqM,Jangan sampe meletus😅,Dasar curang ohh,No Online Gambling Promotion
y2av79BjnqM,Jangan sampe meletus😅,Curang puasa gak curang,No Online Gambling Promotion
y2av79BjnqM,Jangan sampe meletus😅,kakak kiukiu,No Online Gambling Promotion
y2av79BjnqM,Jangan sampe meletus😅,Pembohong engga pilih subscribe dasar puasa loh,No Online Gambling Promotion
y2av79BjnqM,Jangan sampe meletus😅,Ga,No Online Gambling Promotion
y2av79BjnqM,Jangan sampe meletus😅,CURANG,No Online Gambling Promotion
y2av79BjnqM,Jangan sampe meletus😅,Gak niat nusuk,No Online Gambling Promotion
y2av79BjnqM,Jangan sampe meletus😅,Aneh,No Online Gambling Promotion
y2av79BjnqM,Jangan sampe meletus😅,Curang huhuhuhu,No Online Gambling Promotion
y2av79BjnqM,Jangan sampe meletus😅,Udah tau,No Online Gambling Promotion
y2av79BjnqM,Jangan sampe meletus😅,Yuy,No Online Gambling Promotion
y2av79BjnqM,Jangan sampe meletus😅,Cewek curang,No Online Gambling Promotion
y2av79BjnqM,Jangan sampe meletus😅,Gituboy mainnya GK ceweknya,No Online Gambling Promotion
y2av79BjnqM,Jangan sampe meletus😅,Abang kakak cewek nya curang,No Online Gambling Promotion
y2av79BjnqM,Jangan sampe meletus😅,Meri ngentip balonnyakakak,No Online Gambling Promotion
y2av79BjnqM,Jangan sampe meletus😅,Sama aja gak liat setingan,No Online Gambling Promotion
y2av79BjnqM,Jangan sampe meletus😅,Curang,No Online Gambling Promotion
y2av79BjnqM,Jangan sampe meletus😅,Merry curang balon nya,No Online Gambling Promotion
y2av79BjnqM,Jangan sampe meletus😅,Mereka aja Nonis woy,No Online Gambling Promotion
y2av79BjnqM,Jangan sampe meletus😅,Kak cewe lu licik,No Online Gambling Promotion
y2av79BjnqM,Jangan sampe meletus😅,curang bgt tu cewek,No Online Gambling Promotion
y2av79BjnqM,Jangan sampe meletus😅,Betulan bunga,No Online Gambling Promotion
y2av79BjnqM,Jangan sampe meletus😅,Ih curang,No Online Gambling Promotion
y2av79BjnqM,Jangan sampe meletus😅,Dia curang,No Online Gambling Promotion
y2av79BjnqM,Jangan sampe meletus😅,Pacar nya aja seringcurang,No Online Gambling Promotion
y2av79BjnqM,Jangan sampe meletus😅,Kak engga bole curang kakak curang curang namanya gak gara gara abangnya tuh curang nih kak,"kakak curang-curang namanya gak gaaraga abangnya tuh curang nih, kak, No Online Gambling Promotion"
y2av79BjnqM,Jangan sampe meletus😅,curng,No Online Gambling Promotion
y2av79BjnqM,Jangan sampe meletus😅,So asik,ERROR
y2av79BjnqM,Jangan sampe meletus😅,Ewdin,ERROR
y2av79BjnqM,Jangan sampe meletus😅,Penuh derama jirrr gjls,No Online Gambling Promotion
y2av79BjnqM,Jangan sampe meletus😅,Bosen liat video mulu males banget curang huhhhhh cemen luh ngintip,No Online Gambling Promotion
y2av79BjnqM,Jangan sampe meletus😅,Assalamualaikum,No Online Gambling Promotion
y2av79BjnqM,Jangan sampe meletus😅,Arahhhh pasangan sokkk asikkk,No Online Gambling Promotion
y2av79BjnqM,Jangan sampe meletus😅,Padahal ad kamera buta ap,No Online Gambling Promotion
y2av79BjnqM,Jangan sampe meletus😅,Kak liat kamera kah,No Online Gambling Promotion
y2av79BjnqM,Jangan sampe meletus😅,Yang cewek curang mulu,No Online Gambling Promotion
y2av79BjnqM,Jangan sampe meletus😅,Curang puasa gak curang,No Online Gambling Promotion
y2av79BjnqM,Jangan sampe meletus😅,39 menit like nya 83 rb,No Online Gambling Promotion
y2av79BjnqM,Jangan sampe meletus😅,Ga,No Online Gambling Promotion
y2av79BjnqM,Jangan sampe meletus😅,Cewek nya curang gak nonton ah,No Online Gambling Promotion
y2av79BjnqM,Jangan sampe meletus😅,30 menit nggak seramai,No Online Gambling Promotion
y2av79BjnqM,Jangan sampe meletus😅,Baru 3 menit like nya dah 66rb,No Online Gambling Promotion
y2av79BjnqM,Jangan sampe meletus😅,Konten membosankan menghibur,No Online Gambling Promotion
y2av79BjnqM,Jangan sampe meletus😅,Gaje sengaja,No Online Gambling Promotion
y2av79BjnqM,Jangan sampe meletus😅,Ke 28,No Online Gambling Promotion
y2av79BjnqM,Jangan sampe meletus😅,Cowok be likw,No Online Gambling Promotion
y2av79BjnqM,Jangan sampe meletus😅,Aku 24 menit,No Online Gambling Promotion
Ku3FIRxC6fM,GW NYOBAIN PUASA DAN INI YANG TERJADI..,Sahurya,ERROR
Ku3FIRxC6fM,GW NYOBAIN PUASA DAN INI YANG TERJADI..,Makan kurma bang,No Online Gambling Promotion
Ku3FIRxC6fM,GW NYOBAIN PUASA DAN INI YANG TERJADI..,Maka nya sahur jam 0230 0323 baca niat bismilah hirohman nirohim nawaitu sawmagodin anadai fardhu Shari romadhana hadihis sanati lilahhitaalah doa ny menum air pas subuh imsak,ERROR
Ku3FIRxC6fM,GW NYOBAIN PUASA DAN INI YANG TERJADI..,Sahur,No Online Gambling Promotion
Ku3FIRxC6fM,GW NYOBAIN PUASA DAN INI YANG TERJADI..,Niat puasa bg,No Online Gambling Promotion
Ku3FIRxC6fM,GW NYOBAIN PUASA DAN INI YANG TERJADI..,nya berlati puasa,No Online Gambling Promotion
Ku3FIRxC6fM,GW NYOBAIN PUASA DAN INI YANG TERJADI..,Jangan gosok gigi makan subuh,No Online Gambling Promotion
Ku3FIRxC6fM,GW NYOBAIN PUASA DAN INI YANG TERJADI..,Bang puasa baca nia boa puasa bang,No Online Gambling Promotion
Ku3FIRxC6fM,GW NYOBAIN PUASA DAN INI YANG TERJADI..,Aku full puasa nya puasa nya full like gak maksa,ga maksud online gambling promotion
Ku3FIRxC6fM,GW NYOBAIN PUASA DAN INI YANG TERJADI..,AKU BELUM BATAL AKU PUASA FUL YANG PUASA FUL SINI YA,"AKU PUASA FUL YANG PUASA FUL SINI YA, No Online Gambling Promotion"
Ku3FIRxC6fM,GW NYOBAIN PUASA DAN INI YANG TERJADI..,makan minum,No Online Gambling Promotion
Ku3FIRxC6fM,GW NYOBAIN PUASA DAN INI YANG TERJADI..,Tidur aja koh gk kerasa,No Online Gambling Promotion
Ku3FIRxC6fM,GW NYOBAIN PUASA DAN INI YANG TERJADI..,Alhamdulilah belom batal,No Online Gambling Promotion
Ku3FIRxC6fM,GW NYOBAIN PUASA DAN INI YANG TERJADI..,Tidur sampe buka puasa,No Online Gambling Promotion
Ku3FIRxC6fM,GW NYOBAIN PUASA DAN INI YANG TERJADI..,Saya puasa bang,No Online Gambling Promotion
Ku3FIRxC6fM,GW NYOBAIN PUASA DAN INI YANG TERJADI..,Aku makan egak lapar haus,No Online Gambling Promotion
Ku3FIRxC6fM,GW NYOBAIN PUASA DAN INI YANG TERJADI..,Belum batal,ERROR
Ku3FIRxC6fM,GW NYOBAIN PUASA DAN INI YANG TERJADI..,Lebih mendingan sampe pingsan,No Online Gambling Promotion
Ku3FIRxC6fM,GW NYOBAIN PUASA DAN INI YANG TERJADI..,Sauran aebelum jam 5 subuh,No Online Gambling Promotion
Ku3FIRxC6fM,GW NYOBAIN PUASA DAN INI YANG TERJADI..,Saya batal,No Online Gambling Promotion
Ku3FIRxC6fM,GW NYOBAIN PUASA DAN INI YANG TERJADI..,Aku liat vidio pas buka puasa,No Online Gambling Promotion
Ku3FIRxC6fM,GW NYOBAIN PUASA DAN INI YANG TERJADI..,Pake doa,No Online Gambling Promotion
Ku3FIRxC6fM,GW NYOBAIN PUASA DAN INI YANG TERJADI..,Aku puasa puasa full kak chandra,No Online Gambling Promotion
Ku3FIRxC6fM,GW NYOBAIN PUASA DAN INI YANG TERJADI..,Baca niat nya bang insyaallah kuat,No Online Gambling Promotion
Ku3FIRxC6fM,GW NYOBAIN PUASA DAN INI YANG TERJADI..,Gampang,ERROR
Ku3FIRxC6fM,GW NYOBAIN PUASA DAN INI YANG TERJADI..,Aku,No Online Gambling Promotion
Ku3FIRxC6fM,GW NYOBAIN PUASA DAN INI YANG TERJADI..,klulugakmmausudsuduhsahuhur,No Online Gambling Promotion
Ku3FIRxC6fM,GW NYOBAIN PUASA DAN INI YANG TERJADI..,Saya babang,No Online Gambling Promotion
Ku3FIRxC6fM,GW NYOBAIN PUASA DAN INI YANG TERJADI..,Aku puasa nya ful,No Online Gambling Promotion
Ku3FIRxC6fM,GW NYOBAIN PUASA DAN INI YANG TERJADI..,Aku bang,No Online Gambling Promotion
Ku3FIRxC6fM,GW NYOBAIN PUASA DAN INI YANG TERJADI..,Oh lapar,No Online Gambling Promotion
Ku3FIRxC6fM,GW NYOBAIN PUASA DAN INI YANG TERJADI..,Akupuas ful,No Online Gambling Promotion
Ku3FIRxC6fM,GW NYOBAIN PUASA DAN INI YANG TERJADI..,masi puasa batal,No Online Gambling Promotion
Ku3FIRxC6fM,GW NYOBAIN PUASA DAN INI YANG TERJADI..,Jam subuh sahur niat,No Online Gambling Promotion
Ku3FIRxC6fM,GW NYOBAIN PUASA DAN INI YANG TERJADI..,Saya puasa full,No Online Gambling Promotion
Ku3FIRxC6fM,GW NYOBAIN PUASA DAN INI YANG TERJADI..,Lah bang kalah ama anak,No Online Gambling Promotion
Ku3FIRxC6fM,GW NYOBAIN PUASA DAN INI YANG TERJADI..,Tahan ka,No Online Gambling Promotion
Ku3FIRxC6fM,GW NYOBAIN PUASA DAN INI YANG TERJADI..,Bangun sahur,ERROR
Ku3FIRxC6fM,GW NYOBAIN PUASA DAN INI YANG TERJADI..,Gw kuat bang udah telat makan,No Online Gambling Promotion
Ku3FIRxC6fM,GW NYOBAIN PUASA DAN INI YANG TERJADI..,Aku makan sayur kuat am 6 semoga kuat puasa nya,No Online Gambling Promotion
Ku3FIRxC6fM,GW NYOBAIN PUASA DAN INI YANG TERJADI..,Aku puasa,No Online Gambling Promotion
Ku3FIRxC6fM,GW NYOBAIN PUASA DAN INI YANG TERJADI..,Lo kena bagun bagun aja 811 lo sampek lu sampek lu kene tidur sebentar okey gua udah pesan begok,"Lo sampek lu sampek lu kene tidur sebentar okey gua udah pesan begok, No Online Gambling Promotion"
Ku3FIRxC6fM,GW NYOBAIN PUASA DAN INI YANG TERJADI..,Bang bangun tidur jam 3 luakan,No Online Gambling Promotion
Ku3FIRxC6fM,GW NYOBAIN PUASA DAN INI YANG TERJADI..,Kaka gak sahur Ya,No Online Gambling Promotion
Ku3FIRxC6fM,GW NYOBAIN PUASA DAN INI YANG TERJADI..,Aku kuat bang,No Online Gambling Promotion
Ku3FIRxC6fM,GW NYOBAIN PUASA DAN INI YANG TERJADI..,kalo batal dosa,No Online Gambling Promotion
Ku3FIRxC6fM,GW NYOBAIN PUASA DAN INI YANG TERJADI..,Bang sahur bang lu lupa sahur,No Online Gambling Promotion
Ku3FIRxC6fM,GW NYOBAIN PUASA DAN INI YANG TERJADI..,Saya puasa,No Online Gambling Promotion
Ku3FIRxC6fM,GW NYOBAIN PUASA DAN INI YANG TERJADI..,Aku kuatkan,ERROR
Ku3FIRxC6fM,GW NYOBAIN PUASA DAN INI YANG TERJADI..,Yg puasanya magrib ngumpul,No Online Gambling Promotion
Ku3FIRxC6fM,GW NYOBAIN PUASA DAN INI YANG TERJADI..,Minum aiir 2 botol,No Online Gambling Promotion
Ku3FIRxC6fM,GW NYOBAIN PUASA DAN INI YANG TERJADI..,Niat kuat,ERROR
Ku3FIRxC6fM,GW NYOBAIN PUASA DAN INI YANG TERJADI..,Belum,ERROR
Ku3FIRxC6fM,GW NYOBAIN PUASA DAN INI YANG TERJADI..,Mbadok akeh,No Online Gambling Promotion
Ku3FIRxC6fM,GW NYOBAIN PUASA DAN INI YANG TERJADI..,gua anak aja ful,No Online Gambling Promotion
Ku3FIRxC6fM,GW NYOBAIN PUASA DAN INI YANG TERJADI..,full,ERROR
Ku3FIRxC6fM,GW NYOBAIN PUASA DAN INI YANG TERJADI..,Baca niat nya bg,No Online Gambling Promotion
Ku3FIRxC6fM,GW NYOBAIN PUASA DAN INI YANG TERJADI..,Aku sampe magrib,No Online Gambling Promotion
Ku3FIRxC6fM,GW NYOBAIN PUASA DAN INI YANG TERJADI..,Sahur kak,No Online Gambling Promotion
Ku3FIRxC6fM,GW NYOBAIN PUASA DAN INI YANG TERJADI..,Kak gaksahur,No Online Gambling Promotion
Ku3FIRxC6fM,GW NYOBAIN PUASA DAN INI YANG TERJADI..,Dia si gak sahur gak,No Online Gambling Promotion
Ku3FIRxC6fM,GW NYOBAIN PUASA DAN INI YANG TERJADI..,Cara nya Mandikumur kumurjilat air gapapa ya guys aman koktidur,No Online Gambling Promotion
Ku3FIRxC6fM,GW NYOBAIN PUASA DAN INI YANG TERJADI..,Makan Minum sampe kekenyangan,No Online Gambling Promotion
Ku3FIRxC6fM,GW NYOBAIN PUASA DAN INI YANG TERJADI..,namakaylatidur,No Online Gambling Promotion
Ku3FIRxC6fM,GW NYOBAIN PUASA DAN INI YANG TERJADI..,Aku,ERROR
Ku3FIRxC6fM,GW NYOBAIN PUASA DAN INI YANG TERJADI..,Aku,ERROR
Ku3FIRxC6fM,GW NYOBAIN PUASA DAN INI YANG TERJADI..,Kamu sikat gigi,No Online Gambling Promotion
Ku3FIRxC6fM,GW NYOBAIN PUASA DAN INI YANG TERJADI..,Aku udah 5 full,No Online Gambling Promotion
Ku3FIRxC6fM,GW NYOBAIN PUASA DAN INI YANG TERJADI..,Yang puasa sampe magrib kumpul gak maksa,No Online Gambling Promotion
Ku3FIRxC6fM,GW NYOBAIN PUASA DAN INI YANG TERJADI..,Aku puasa Magerib,No Online Gambling Promotion
Ku3FIRxC6fM,GW NYOBAIN PUASA DAN INI YANG TERJADI..,Caranya sahurnya minum aje,No Online Gambling Promotion
Ku3FIRxC6fM,GW NYOBAIN PUASA DAN INI YANG TERJADI..,Sahur sahur sahur,"Sahur, Sahur, No Online Gambling Promotion"
Ku3FIRxC6fM,GW NYOBAIN PUASA DAN INI YANG TERJADI..,Aku puasa bedok,No Online Gambling Promotion
Ku3FIRxC6fM,GW NYOBAIN PUASA DAN INI YANG TERJADI..,gakk puasa nya sakit hehe,No Online Gambling Promotion
Ku3FIRxC6fM,GW NYOBAIN PUASA DAN INI YANG TERJADI..,Niat bang,No Online Gambling Promotion
Ku3FIRxC6fM,GW NYOBAIN PUASA DAN INI YANG TERJADI..,Aku,ERROR
Ku3FIRxC6fM,GW NYOBAIN PUASA DAN INI YANG TERJADI..,Aku puasa maghrib,ERROR
Ku3FIRxC6fM,GW NYOBAIN PUASA DAN INI YANG TERJADI..,Lah lu gak sahur ya lari lari ya nak sekolah ya pulang cepat,"ya lari lari ya nak sekolah, ya pulang cepat, No Online Gambling Promotion"
Ku3FIRxC6fM,GW NYOBAIN PUASA DAN INI YANG TERJADI..,Aku,ERROR
Ku3FIRxC6fM,GW NYOBAIN PUASA DAN INI YANG TERJADI..,Bang kalo puasa jam 4 bangun makan minum jam 5 malam gak makan minum sikat gigi,"bangun makan minum jam 5, malam gak makan minum, sikat gigi, No Online Gambling Promotion"
Ku3FIRxC6fM,GW NYOBAIN PUASA DAN INI YANG TERJADI..,Sahur,ERROR
Ku3FIRxC6fM,GW NYOBAIN PUASA DAN INI YANG TERJADI..,Sahur Sholat subuh Tidur sampe jam 8 Main hp rebahan aja Habis mandi Ibadah sholat zuhur maaf ya kalo kk kristen Bangun jam 0400 Main hp sampe jam 0420 seterah sih Sholat ashar Cari takjil jam 0540 Beli takjil Pulang dijalan Nyampe rumah tunggu azan magrib Buka deh Makasih like nya ges,"Beli takjil Pulang dijalan Nyampe rumah tunggu azan magrib Buka deh, No Online Gambling Promotion"
Ku3FIRxC6fM,GW NYOBAIN PUASA DAN INI YANG TERJADI..,Bang gak gosok gigi,No Online Gambling Promotion
Ku3FIRxC6fM,GW NYOBAIN PUASA DAN INI YANG TERJADI..,Lemahhh,No Online Gambling Promotion
Ku3FIRxC6fM,GW NYOBAIN PUASA DAN INI YANG TERJADI..,Ngelakuin aktivitas bikin lupa sih gitu,No Online Gambling Promotion
Ku3FIRxC6fM,GW NYOBAIN PUASA DAN INI YANG TERJADI..,niat nya bg,No Online Gambling Promotion
Ku3FIRxC6fM,GW NYOBAIN PUASA DAN INI YANG TERJADI..,Aku aja tk udah puasa la udah belom puasa,No Online Gambling Promotion
Ku3FIRxC6fM,GW NYOBAIN PUASA DAN INI YANG TERJADI..,Bang kalo puasa gak si kat gigi,No Online Gambling Promotion
Ku3FIRxC6fM,GW NYOBAIN PUASA DAN INI YANG TERJADI..,Sahur kak,ERROR
Ku3FIRxC6fM,GW NYOBAIN PUASA DAN INI YANG TERJADI..,Cara puasa sahur makan secukup nya tidur scrol tiktok tidur yah maghrib,No Online Gambling Promotion
Ku3FIRxC6fM,GW NYOBAIN PUASA DAN INI YANG TERJADI..,Niat puasa bg,No Online Gambling Promotion
Ku3FIRxC6fM,GW NYOBAIN PUASA DAN INI YANG TERJADI..,Makan kurma bang makan kurma nya ganjil,No Online Gambling Promotion
Ku3FIRxC6fM,GW NYOBAIN PUASA DAN INI YANG TERJADI..,Caranya sahur,No Online Gambling Promotion
Ku3FIRxC6fM,GW NYOBAIN PUASA DAN INI YANG TERJADI..,Caranya sahur jam 4,No Online Gambling Promotion
Ku3FIRxC6fM,GW NYOBAIN PUASA DAN INI YANG TERJADI..,Sahur,No Online Gambling Promotion
Ku3FIRxC6fM,GW NYOBAIN PUASA DAN INI YANG TERJADI..,Sku,ERROR
Ku3FIRxC6fM,GW NYOBAIN PUASA DAN INI YANG TERJADI..,Tips bang biar puasa nya kuat 1pas sahur makan berminyak klo makan nya sayur 2klo minum minimal minumnya air hangat gelas bang Mungkin aja bang tips nya,"1pas sahur makan berminyak kalo makan nya sayur, 2klo minum minimal minumnya air hangat gelas, bang Mungkin aja tips nya itu"
Ku3FIRxC6fM,GW NYOBAIN PUASA DAN INI YANG TERJADI..,Aku bocilsakit puasa full bilektapi gak papa kali puasa batal nigam puasa belajar puasa,"tetapi gak papakali puasa balal ngam puasa belajar puasa, No Online Gambling Promotion"
Ku3FIRxC6fM,GW NYOBAIN PUASA DAN INI YANG TERJADI..,Gw blm,No Online Gambling Promotion
Ku3FIRxC6fM,GW NYOBAIN PUASA DAN INI YANG TERJADI..,Belum batal kk,No Online Gambling Promotion
Ku3FIRxC6fM,GW NYOBAIN PUASA DAN INI YANG TERJADI..,Kalau puasa tahan biar gk lapar,"biarkan tidak lapar, No Online Gambling Promotion"
Ku3FIRxC6fM,GW NYOBAIN PUASA DAN INI YANG TERJADI..,Biar g kerasa buka,No Online Gambling Promotion
Ku3FIRxC6fM,GW NYOBAIN PUASA DAN INI YANG TERJADI..,Puasa,ERROR
Ku3FIRxC6fM,GW NYOBAIN PUASA DAN INI YANG TERJADI..,Aku sejam buka,No Online Gambling Promotion
Ku3FIRxC6fM,GW NYOBAIN PUASA DAN INI YANG TERJADI..,Bacanya nawaitu shoumaghodin anada ifarli shyahril ramadhanna hazihis sanati lillah hitaala,No Online Gambling Promotion
Ku3FIRxC6fM,GW NYOBAIN PUASA DAN INI YANG TERJADI..,sih nahan nya sampe mual mual sih kalo tahan gak,No Online Gambling Promotion
Ku3FIRxC6fM,GW NYOBAIN PUASA DAN INI YANG TERJADI..,Tips biar kuat puasa 1minum air 1 gelas 2makan habis 3jangan tidur 4baca juz amma 5 shalat 6jangan terlalau malas malas Itu tips ny biar kuat puasa,"2makan habis, 3jangan tidur, 4baca juz amma, 5 shalat, 6jangan terlalu malas. No Online"
Ku3FIRxC6fM,GW NYOBAIN PUASA DAN INI YANG TERJADI..,Aku kuat puasa 30,ERROR
Ku3FIRxC6fM,GW NYOBAIN PUASA DAN INI YANG TERJADI..,Sahur bang,No Online Gambling Promotion
Ku3FIRxC6fM,GW NYOBAIN PUASA DAN INI YANG TERJADI..,bel lum batal,No Online Gambling Promotion
Ku3FIRxC6fM,GW NYOBAIN PUASA DAN INI YANG TERJADI..,Shurrrrr sagurrrr dah jam 3 sahurrrr dah jam 3 gc sahurr ga sahur entar entar mati kalo ga sahurrr,No Online Gambling Promotion
Ku3FIRxC6fM,GW NYOBAIN PUASA DAN INI YANG TERJADI..,Kakkk makan tu sahur makn Bayan,"Makan Bayan, No Online Gambling Promotion"
Ku3FIRxC6fM,GW NYOBAIN PUASA DAN INI YANG TERJADI..,Saya SAYA,No Online Gambling Promotion
Ku3FIRxC6fM,GW NYOBAIN PUASA DAN INI YANG TERJADI..,bang mangkannya jangang lihat makanan kalo puasa tidur aja,No Online Gambling Promotion
Ku3FIRxC6fM,GW NYOBAIN PUASA DAN INI YANG TERJADI..,puasa ni kena duduk diam bamyak cakap,No Online Gambling Promotion
Ku3FIRxC6fM,GW NYOBAIN PUASA DAN INI YANG TERJADI..,kakak pas puasa sikat gigi ka,No Online Gambling Promotion
Ku3FIRxC6fM,GW NYOBAIN PUASA DAN INI YANG TERJADI..,Masa gak kuat ni gua semangatin gua bocil gak gak kuat lu gak kuat,"gua semangatin gua bocil gak kuat, No Online Gambling Promotion"
Ku3FIRxC6fM,GW NYOBAIN PUASA DAN INI YANG TERJADI..,Jam 3 sahur,ERROR
Ku3FIRxC6fM,GW NYOBAIN PUASA DAN INI YANG TERJADI..,Harus terlatih,No Online Gambling Promotion
Ku3FIRxC6fM,GW NYOBAIN PUASA DAN INI YANG TERJADI..,Puasa pul makan bayak minum bayak seimbang,No Online Gambling Promotion
Ku3FIRxC6fM,GW NYOBAIN PUASA DAN INI YANG TERJADI..,Kalau puasa full kuat,No Online Gambling Promotion
Ku3FIRxC6fM,GW NYOBAIN PUASA DAN INI YANG TERJADI..,Kak masi kecul temte puwasa,No Online Gambling Promotion
Ku3FIRxC6fM,GW NYOBAIN PUASA DAN INI YANG TERJADI..,Jam 3 bangun saur makan kalo udah azan subuh gak makan,No Online Gambling Promotion
Ku3FIRxC6fM,GW NYOBAIN PUASA DAN INI YANG TERJADI..,Saur bang,No Online Gambling Promotion
Ku3FIRxC6fM,GW NYOBAIN PUASA DAN INI YANG TERJADI..,Aku mag,ERROR
Ku3FIRxC6fM,GW NYOBAIN PUASA DAN INI YANG TERJADI..,puasa full,No Online Gambling Promotion
Ku3FIRxC6fM,GW NYOBAIN PUASA DAN INI YANG TERJADI..,Bang,ERROR
Ku3FIRxC6fM,GW NYOBAIN PUASA DAN INI YANG TERJADI..,Aku gak laper pas puasa,No Online Gambling Promotion
Ku3FIRxC6fM,GW NYOBAIN PUASA DAN INI YANG TERJADI..,Saurdulu,No Online Gambling Promotion
Ku3FIRxC6fM,GW NYOBAIN PUASA DAN INI YANG TERJADI..,Kak coba tidur jam 3 biar Langsung buka biar gak sakit perut,"coba tidur jam tiga biar langsung buka biar ga sakit perut, No Online Gambling Promotion"
Ku3FIRxC6fM,GW NYOBAIN PUASA DAN INI YANG TERJADI..,Bg lu gk sahur,No Online Gambling Promotion
Ku3FIRxC6fM,GW NYOBAIN PUASA DAN INI YANG TERJADI..,Aku bolong engga haus tidur,No Online Gambling Promotion
Ku3FIRxC6fM,GW NYOBAIN PUASA DAN INI YANG TERJADI..,Selamat berbuka,No Online Gambling Promotion
Ku3FIRxC6fM,GW NYOBAIN PUASA DAN INI YANG TERJADI..,Pakek Kurama 3 biji minum air putih makan makanan terimakasih,No Online Gambling Promotion
Ku3FIRxC6fM,GW NYOBAIN PUASA DAN INI YANG TERJADI..,Harus baca niat bang,No Online Gambling Promotion
Ku3FIRxC6fM,GW NYOBAIN PUASA DAN INI YANG TERJADI..,Puasa bang sebo,No Online Gambling Promotion
Ku3FIRxC6fM,GW NYOBAIN PUASA DAN INI YANG TERJADI..,Harus nya sahur,No Online Gambling Promotion
Ku3FIRxC6fM,GW NYOBAIN PUASA DAN INI YANG TERJADI..,Yang puasa ngumpul,No Online Gambling Promotion
Ku3FIRxC6fM,GW NYOBAIN PUASA DAN INI YANG TERJADI..,Sahur ka,ERROR
Ku3FIRxC6fM,GW NYOBAIN PUASA DAN INI YANG TERJADI..,Sahur jam3 subuh,No Online Gambling Promotion
Ku3FIRxC6fM,GW NYOBAIN PUASA DAN INI YANG TERJADI..,Malaysia tahan puasa loh,No Online Gambling Promotion
Ku3FIRxC6fM,GW NYOBAIN PUASA DAN INI YANG TERJADI..,sahur bang minum 5 gelas habis baca doa niat puasa kuat,No Online Gambling Promotion
Ku3FIRxC6fM,GW NYOBAIN PUASA DAN INI YANG TERJADI..,sahur bang minum 5 gelas habis baca doa niat puasa kuat,No Online Gambling Promotion
Ku3FIRxC6fM,GW NYOBAIN PUASA DAN INI YANG TERJADI..,Kalo puasa baca al_quar,No Online Gambling Promotion
Ku3FIRxC6fM,GW NYOBAIN PUASA DAN INI YANG TERJADI..,Kalau puasa nggak gosok gigi airnya ntar masuk perut batal,No Online Gambling Promotion
Ku3FIRxC6fM,GW NYOBAIN PUASA DAN INI YANG TERJADI..,Cara nya tahan aja kak,No Online Gambling Promotion
Ku3FIRxC6fM,GW NYOBAIN PUASA DAN INI YANG TERJADI..,Harus menantang perut lidah bang,No Online Gambling Promotion
Ku3FIRxC6fM,GW NYOBAIN PUASA DAN INI YANG TERJADI..,Aku bang,No Online Gambling Promotion
Ku3FIRxC6fM,GW NYOBAIN PUASA DAN INI YANG TERJADI..,Caranya membaca alquran,No Online Gambling Promotion
Ku3FIRxC6fM,GW NYOBAIN PUASA DAN INI YANG TERJADI..,Kalo tidur makan bangun mandi berolahraga jam 12 pergi sholat pulang sholat baca Al Quran asar sholat selesai sholat main hp magrib,No Online Gambling Promotion
Ku3FIRxC6fM,GW NYOBAIN PUASA DAN INI YANG TERJADI..,Saya,ERROR
Ku3FIRxC6fM,GW NYOBAIN PUASA DAN INI YANG TERJADI..,Caranya lupa tidur tahan sekuat tenaga keroncongan,No Online Gambling Promotion
Ku3FIRxC6fM,GW NYOBAIN PUASA DAN INI YANG TERJADI..,Kalo gak kuat kalo lapar tidur aja,No Online Gambling Promotion
Ku3FIRxC6fM,GW NYOBAIN PUASA DAN INI YANG TERJADI..,Bang puasanya lancar makan kurma minumair 3 Kali tonggak,No Online Gambling Promotion
Ku3FIRxC6fM,GW NYOBAIN PUASA DAN INI YANG TERJADI..,Yaa zikir,No Online Gambling Promotion
Ku3FIRxC6fM,GW NYOBAIN PUASA DAN INI YANG TERJADI..,Tinggal tidur langsung Maghrib,No Online Gambling Promotion
Ku3FIRxC6fM,GW NYOBAIN PUASA DAN INI YANG TERJADI..,Aku puasa maghrib,No Online Gambling Promotion
Ku3FIRxC6fM,GW NYOBAIN PUASA DAN INI YANG TERJADI..,Sahur bang biar kuat puasa,No Online Gambling Promotion
Ku3FIRxC6fM,GW NYOBAIN PUASA DAN INI YANG TERJADI..,Aku puasa nya pas saur minum man beku tidur pas baun tidur uda buka,dan saat sarang minum man beli tidur pas banjir tidur udah bukaNo Online Gambling Promotion
Ku3FIRxC6fM,GW NYOBAIN PUASA DAN INI YANG TERJADI..,Saur Yang puasa Kumpul,No Online Gambling Promotion
Ku3FIRxC6fM,GW NYOBAIN PUASA DAN INI YANG TERJADI..,Siapa puasa kumpul,No Online Gambling Promotion
Ku3FIRxC6fM,GW NYOBAIN PUASA DAN INI YANG TERJADI..,bang puasa perut ku bunyi kuat nahan lapar haus,No Online Gambling Promotion
Ku3FIRxC6fM,GW NYOBAIN PUASA DAN INI YANG TERJADI..,tidur,No Online Gambling Promotion
Ku3FIRxC6fM,GW NYOBAIN PUASA DAN INI YANG TERJADI..,Tahan sampe buka,No Online Gambling Promotion
Ku3FIRxC6fM,GW NYOBAIN PUASA DAN INI YANG TERJADI..,Bang orang laper pas puasa orang menahan batal,No Online Gambling Promotion
Ku3FIRxC6fM,GW NYOBAIN PUASA DAN INI YANG TERJADI..,No,ERROR
Ku3FIRxC6fM,GW NYOBAIN PUASA DAN INI YANG TERJADI..,Gue bolong,No Online Gambling Promotion
Ku3FIRxC6fM,GW NYOBAIN PUASA DAN INI YANG TERJADI..,bang lu dah sahur lu sahur lu kuat,"lu sahur, lu kuat, No Online Gambling Promotion"
Ku3FIRxC6fM,GW NYOBAIN PUASA DAN INI YANG TERJADI..,Bang sahur puasa,No Online Gambling Promotion
Ku3FIRxC6fM,GW NYOBAIN PUASA DAN INI YANG TERJADI..,u,No Online Gambling Promotion
Ku3FIRxC6fM,GW NYOBAIN PUASA DAN INI YANG TERJADI..,Baca niat puasa yg puasa sampe maghrib ngumpul,No Online Gambling Promotion
Ku3FIRxC6fM,GW NYOBAIN PUASA DAN INI YANG TERJADI..,Dia sahur makan kurma,No Online Gambling Promotion
Ku3FIRxC6fM,GW NYOBAIN PUASA DAN INI YANG TERJADI..,Kak sahur minum doang makan pas jam sahur,No Online Gambling Promotion
Ku3FIRxC6fM,GW NYOBAIN PUASA DAN INI YANG TERJADI..,Biased aja puasanya,No Online Gambling Promotion
Ku3FIRxC6fM,GW NYOBAIN PUASA DAN INI YANG TERJADI..,Anjing lemah banget,No Online Gambling Promotion
Ku3FIRxC6fM,GW NYOBAIN PUASA DAN INI YANG TERJADI..,Aku,No Online Gambling Promotion
Ku3FIRxC6fM,GW NYOBAIN PUASA DAN INI YANG TERJADI..,Aku kuat kak,No Online Gambling Promotion
Ku3FIRxC6fM,GW NYOBAIN PUASA DAN INI YANG TERJADI..,Aku puasa magrib,No Online Gambling Promotion
Ku3FIRxC6fM,GW NYOBAIN PUASA DAN INI YANG TERJADI..,Lu sahur,ERROR
Ku3FIRxC6fM,GW NYOBAIN PUASA DAN INI YANG TERJADI..,Aku anak anak kuat,No Online Gambling Promotion
Ku3FIRxC6fM,GW NYOBAIN PUASA DAN INI YANG TERJADI..,Sahur jam 4 gatau berhasil nggak tu full puasanya,No Online Gambling Promotion
Ku3FIRxC6fM,GW NYOBAIN PUASA DAN INI YANG TERJADI..,belumbang,No Online Gambling Promotion
Ku3FIRxC6fM,GW NYOBAIN PUASA DAN INI YANG TERJADI..,Cemen BGT bg,No Online Gambling Promotion
Ku3FIRxC6fM,GW NYOBAIN PUASA DAN INI YANG TERJADI..,Bang agama mu,ERROR
Ku3FIRxC6fM,GW NYOBAIN PUASA DAN INI YANG TERJADI..,aja kls 2 kuat puasa magrib,No Online Gambling Promotion
Ku3FIRxC6fM,GW NYOBAIN PUASA DAN INI YANG TERJADI..,Aku ga batal oagi,No Online Gambling Promotion
Ku3FIRxC6fM,GW NYOBAIN PUASA DAN INI YANG TERJADI..,makan bang minum,No Online Gambling Promotion
Ku3FIRxC6fM,GW NYOBAIN PUASA DAN INI YANG TERJADI..,Sahur jam 4 pagi bang,No Online Gambling Promotion
Ku3FIRxC6fM,GW NYOBAIN PUASA DAN INI YANG TERJADI..,Sahur,ERROR
Ku3FIRxC6fM,GW NYOBAIN PUASA DAN INI YANG TERJADI..,Sahur bang,ERROR
Ku3FIRxC6fM,GW NYOBAIN PUASA DAN INI YANG TERJADI..,Qq puasa,No Online Gambling Promotion
Ku3FIRxC6fM,GW NYOBAIN PUASA DAN INI YANG TERJADI..,Minimnya doa,No Online Gambling Promotion
Ku3FIRxC6fM,GW NYOBAIN PUASA DAN INI YANG TERJADI..,Aku,ERROR
Ku3FIRxC6fM,GW NYOBAIN PUASA DAN INI YANG TERJADI..,Kalo puasa tidur aja beres,No Online Gambling Promotion
Ku3FIRxC6fM,GW NYOBAIN PUASA DAN INI YANG TERJADI..,Tinggal baca niat puasa ya nawai tu saw magadir alahi itaala,No Online Gambling Promotion
Ku3FIRxC6fM,GW NYOBAIN PUASA DAN INI YANG TERJADI..,Gua batal bang batal,"bang batal, No Online Gambling Promotion"
Ku3FIRxC6fM,GW NYOBAIN PUASA DAN INI YANG TERJADI..,Bang bang kalah gua anak kelas 3 guaaja puasa ful,No Online Gambling Promotion
Ku3FIRxC6fM,GW NYOBAIN PUASA DAN INI YANG TERJADI..,bang mah bocil tahan puasa udah loh abang tida udah dewasa loh bang tahan tahan jujur boong puasa apalah abang udah gede gak ya ampunnnnnnnnn,No Online Gambling Promotion
Ku3FIRxC6fM,GW NYOBAIN PUASA DAN INI YANG TERJADI..,Tahan kek,No Online Gambling Promotion
Ku3FIRxC6fM,GW NYOBAIN PUASA DAN INI YANG TERJADI..,Aku puasanya gak bolong loh gak mecah puasa,No Online Gambling Promotion
Ku3FIRxC6fM,GW NYOBAIN PUASA DAN INI YANG TERJADI..,BG kalo full pas sahur minum,No Online Gambling Promotion
Ku3FIRxC6fM,GW NYOBAIN PUASA DAN INI YANG TERJADI..,Yang puasa pencet gak Maksa,No Online Gambling Promotion
Ku3FIRxC6fM,GW NYOBAIN PUASA DAN INI YANG TERJADI..,Kita sahur bang,No Online Gambling Promotion
Ku3FIRxC6fM,GW NYOBAIN PUASA DAN INI YANG TERJADI..,pas sahur minum susu,No Online Gambling Promotion
Ku3FIRxC6fM,GW NYOBAIN PUASA DAN INI YANG TERJADI..,Bank makan minum gitu aja udah bang udah nggak kelaparan aja,"udah bang udah nggak kelaparan aja, No Online Gambling Promotion"
Ku3FIRxC6fM,GW NYOBAIN PUASA DAN INI YANG TERJADI..,tidakbatal puasa magribterus,No Online Gambling Promotion
Ku3FIRxC6fM,GW NYOBAIN PUASA DAN INI YANG TERJADI..,puasa Sini,No Online Gambling Promotion
Ku3FIRxC6fM,GW NYOBAIN PUASA DAN INI YANG TERJADI..,Bang kalo lu kuat puasa lu sahur jam 0300 jam 0400 lu makan minum sampe kenyang lu kalo gak kuat mending lu puasa beduk buka puasa dijam 1200 kalo lu udah makan kenyang lu puasa nya magrib lu buka,lu kalo gak kuat mending lu puasa beduk buka puasa dijam 1
Ku3FIRxC6fM,GW NYOBAIN PUASA DAN INI YANG TERJADI..,baca surah Quraisy,No Online Gambling Promotion
Ku3FIRxC6fM,GW NYOBAIN PUASA DAN INI YANG TERJADI..,Dih kalah sm anak sd sampe magrib,No Online Gambling Promotion
Ku3FIRxC6fM,GW NYOBAIN PUASA DAN INI YANG TERJADI..,MAKAn PROMAg BAng sAMA MAKAn nAsI sAMA EnERgEn BAng KUAT KOK,No Online Gambling Promotion
Ku3FIRxC6fM,GW NYOBAIN PUASA DAN INI YANG TERJADI..,Aku puasa,No Online Gambling Promotion
Ku3FIRxC6fM,GW NYOBAIN PUASA DAN INI YANG TERJADI..,Gampang sahur nya makan minum susu,No Online Gambling Promotion
Ku3FIRxC6fM,GW NYOBAIN PUASA DAN INI YANG TERJADI..,Gampang bg,No Online Gambling Promotion
Ku3FIRxC6fM,GW NYOBAIN PUASA DAN INI YANG TERJADI..,Nyang puasa magrib ngumpul,No Online Gambling Promotion
Ku3FIRxC6fM,GW NYOBAIN PUASA DAN INI YANG TERJADI..,aah cupuh kalah anak,No Online Gambling Promotion
