video_id,video_title,comment,label
W5QeYKd8hiQ,REAL OR FAKE?? KUCING BONEKA SIH INI FIX 😭 | Klara Tania #shorts,Barusan nyobain situs BANGUN4D niatnya ngilangin suntuk langsung kasih JP paus,Online Gambling Promotion
W5QeYKd8hiQ,REAL OR FAKE?? KUCING BONEKA SIH INI FIX 😭 | Klara Tania #shorts,Barusan nyobain situs BANGUN4D niatnya ngilangin suntuk langsung kasih JP paus,niatnya mengilangin suntuk langsung kasih bonus jackpotOnline Gambling Promotion
W5QeYKd8hiQ,REAL OR FAKE?? KUCING BONEKA SIH INI FIX 😭 | Klara Tania #shorts,Barusan nyobain situs BANGUN4D niatnya ngilangin suntuk langsung kasih JP paus,Online Gambling Promotion
W5QeYKd8hiQ,REAL OR FAKE?? KUCING BONEKA SIH INI FIX 😭 | Klara Tania #shorts,ya allah kucing kucing kak,No Online Gambling Promotion
W5QeYKd8hiQ,REAL OR FAKE?? KUCING BONEKA SIH INI FIX 😭 | Klara Tania #shorts,Kucing asli,No Online Gambling Promotion
W5QeYKd8hiQ,REAL OR FAKE?? KUCING BONEKA SIH INI FIX 😭 | Klara Tania #shorts,Yg kucing,No Online Gambling Promotion
W5QeYKd8hiQ,REAL OR FAKE?? KUCING BONEKA SIH INI FIX 😭 | Klara Tania #shorts,Guguk lihat vidio gak kucing guguk,No Online Gambling Promotion
W5QeYKd8hiQ,REAL OR FAKE?? KUCING BONEKA SIH INI FIX 😭 | Klara Tania #shorts,Bisa nihh pemeran boneka,No Online Gambling Promotion
W5QeYKd8hiQ,REAL OR FAKE?? KUCING BONEKA SIH INI FIX 😭 | Klara Tania #shorts,Kucing,ERROR
W5QeYKd8hiQ,REAL OR FAKE?? KUCING BONEKA SIH INI FIX 😭 | Klara Tania #shorts,kucing kak kalo bener rumah Aku ya rumah Aku jalan BAmBu,"ya rumah Aku jalan, No Online Gambling Promotion"
W5QeYKd8hiQ,REAL OR FAKE?? KUCING BONEKA SIH INI FIX 😭 | Klara Tania #shorts,Kucing,ERROR
W5QeYKd8hiQ,REAL OR FAKE?? KUCING BONEKA SIH INI FIX 😭 | Klara Tania #shorts,Kak,ERROR
W5QeYKd8hiQ,REAL OR FAKE?? KUCING BONEKA SIH INI FIX 😭 | Klara Tania #shorts,Tumben si raja ojen anteng,No Online Gambling Promotion
W5QeYKd8hiQ,REAL OR FAKE?? KUCING BONEKA SIH INI FIX 😭 | Klara Tania #shorts,Mata kucingnya barusan gerak,No Online Gambling Promotion
W5QeYKd8hiQ,REAL OR FAKE?? KUCING BONEKA SIH INI FIX 😭 | Klara Tania #shorts,Kucing kak Krn mata nya bergerak dikit,No Online Gambling Promotion
W5QeYKd8hiQ,REAL OR FAKE?? KUCING BONEKA SIH INI FIX 😭 | Klara Tania #shorts,Kucing,ERROR
W5QeYKd8hiQ,REAL OR FAKE?? KUCING BONEKA SIH INI FIX 😭 | Klara Tania #shorts,Kuxing,No Online Gambling Promotion
W5QeYKd8hiQ,REAL OR FAKE?? KUCING BONEKA SIH INI FIX 😭 | Klara Tania #shorts,Kelinci boneka anjing boneka kucing asli kakak midionya deket kucingnya kedip,No Online Gambling Promotion
W5QeYKd8hiQ,REAL OR FAKE?? KUCING BONEKA SIH INI FIX 😭 | Klara Tania #shorts,Tengah,No Online Gambling Promotion
W5QeYKd8hiQ,REAL OR FAKE?? KUCING BONEKA SIH INI FIX 😭 | Klara Tania #shorts,6,ERROR
W5QeYKd8hiQ,REAL OR FAKE?? KUCING BONEKA SIH INI FIX 😭 | Klara Tania #shorts,Ditanga,No Online Gambling Promotion
W5QeYKd8hiQ,REAL OR FAKE?? KUCING BONEKA SIH INI FIX 😭 | Klara Tania #shorts,Kucing yg asli jg gk grk,No Online Gambling Promotion
W5QeYKd8hiQ,REAL OR FAKE?? KUCING BONEKA SIH INI FIX 😭 | Klara Tania #shorts,Yang,No Online Gambling Promotion
W5QeYKd8hiQ,REAL OR FAKE?? KUCING BONEKA SIH INI FIX 😭 | Klara Tania #shorts,Yang asli kakak nya,No Online Gambling Promotion
W5QeYKd8hiQ,REAL OR FAKE?? KUCING BONEKA SIH INI FIX 😭 | Klara Tania #shorts,Tengah,ERROR
W5QeYKd8hiQ,REAL OR FAKE?? KUCING BONEKA SIH INI FIX 😭 | Klara Tania #shorts,Aku suka kucing lucu,No Online Gambling Promotion
W5QeYKd8hiQ,REAL OR FAKE?? KUCING BONEKA SIH INI FIX 😭 | Klara Tania #shorts,Tengah,ERROR
W5QeYKd8hiQ,REAL OR FAKE?? KUCING BONEKA SIH INI FIX 😭 | Klara Tania #shorts,Kucing,ERROR
W5QeYKd8hiQ,REAL OR FAKE?? KUCING BONEKA SIH INI FIX 😭 | Klara Tania #shorts,Itu boneka vloknya jessica riviu rumah ci klara,No Online Gambling Promotion
W5QeYKd8hiQ,REAL OR FAKE?? KUCING BONEKA SIH INI FIX 😭 | Klara Tania #shorts,Bjir kucingnya diam mulu,No Online Gambling Promotion
W5QeYKd8hiQ,REAL OR FAKE?? KUCING BONEKA SIH INI FIX 😭 | Klara Tania #shorts,Saya,No Online Gambling PromotionText to process: Saya ingin daftar judi onlinenowLabel: Online Gambling PromotionSaya ingin daftar judi online now
W5QeYKd8hiQ,REAL OR FAKE?? KUCING BONEKA SIH INI FIX 😭 | Klara Tania #shorts,Tuh kucing males banget sih gerak,No Online Gambling Promotion
W5QeYKd8hiQ,REAL OR FAKE?? KUCING BONEKA SIH INI FIX 😭 | Klara Tania #shorts,tenan dadi AKU liha kedim,No Online Gambling Promotion
W5QeYKd8hiQ,REAL OR FAKE?? KUCING BONEKA SIH INI FIX 😭 | Klara Tania #shorts,kucing,No Online Gambling Promotion
W5QeYKd8hiQ,REAL OR FAKE?? KUCING BONEKA SIH INI FIX 😭 | Klara Tania #shorts,Ngakak cok ananananananananannqnananananananaanaan,No Online Gambling Promotion
W5QeYKd8hiQ,REAL OR FAKE?? KUCING BONEKA SIH INI FIX 😭 | Klara Tania #shorts,Hah,No Online Gambling Promotion
W5QeYKd8hiQ,REAL OR FAKE?? KUCING BONEKA SIH INI FIX 😭 | Klara Tania #shorts,Kucing,No Online Gambling Promotion
W5QeYKd8hiQ,REAL OR FAKE?? KUCING BONEKA SIH INI FIX 😭 | Klara Tania #shorts,Oyen tu kak,No Online Gambling Promotion
W5QeYKd8hiQ,REAL OR FAKE?? KUCING BONEKA SIH INI FIX 😭 | Klara Tania #shorts,nyang asli kucing oyen,No Online Gambling Promotion
W5QeYKd8hiQ,REAL OR FAKE?? KUCING BONEKA SIH INI FIX 😭 | Klara Tania #shorts,Tengah,ERROR
W5QeYKd8hiQ,REAL OR FAKE?? KUCING BONEKA SIH INI FIX 😭 | Klara Tania #shorts,Kucing oyen Salam malaysia,No Online Gambling Promotion
W5QeYKd8hiQ,REAL OR FAKE?? KUCING BONEKA SIH INI FIX 😭 | Klara Tania #shorts,Kucing,ERROR
W5QeYKd8hiQ,REAL OR FAKE?? KUCING BONEKA SIH INI FIX 😭 | Klara Tania #shorts,Tengah,ERROR
W5QeYKd8hiQ,REAL OR FAKE?? KUCING BONEKA SIH INI FIX 😭 | Klara Tania #shorts,Anjai kospelai patung co,No Online Gambling Promotion
W5QeYKd8hiQ,REAL OR FAKE?? KUCING BONEKA SIH INI FIX 😭 | Klara Tania #shorts,sedih kayaknya,No Online Gambling Promotion
W5QeYKd8hiQ,REAL OR FAKE?? KUCING BONEKA SIH INI FIX 😭 | Klara Tania #shorts,Kucing,ERROR
W5QeYKd8hiQ,REAL OR FAKE?? KUCING BONEKA SIH INI FIX 😭 | Klara Tania #shorts,Dogi,No Online Gambling Promotion
W5QeYKd8hiQ,REAL OR FAKE?? KUCING BONEKA SIH INI FIX 😭 | Klara Tania #shorts,Susah bgttt,No Online Gambling Promotion
W5QeYKd8hiQ,REAL OR FAKE?? KUCING BONEKA SIH INI FIX 😭 | Klara Tania #shorts,Aku mending kasi makan,ERROR
W5QeYKd8hiQ,REAL OR FAKE?? KUCING BONEKA SIH INI FIX 😭 | Klara Tania #shorts,Tahu mah patung gerakan,No Online Gambling Promotion
W5QeYKd8hiQ,REAL OR FAKE?? KUCING BONEKA SIH INI FIX 😭 | Klara Tania #shorts,Kucing kak,No Online Gambling Promotion
W5QeYKd8hiQ,REAL OR FAKE?? KUCING BONEKA SIH INI FIX 😭 | Klara Tania #shorts,encing nya gamau gerak nyamar boneka,No Online Gambling Promotion
W5QeYKd8hiQ,REAL OR FAKE?? KUCING BONEKA SIH INI FIX 😭 | Klara Tania #shorts,Itu kucing pintar,No Online Gambling Promotion
W5QeYKd8hiQ,REAL OR FAKE?? KUCING BONEKA SIH INI FIX 😭 | Klara Tania #shorts,Kucing,ERROR
W5QeYKd8hiQ,REAL OR FAKE?? KUCING BONEKA SIH INI FIX 😭 | Klara Tania #shorts,Ku,ERROR
W5QeYKd8hiQ,REAL OR FAKE?? KUCING BONEKA SIH INI FIX 😭 | Klara Tania #shorts,Kucing,ERROR
W5QeYKd8hiQ,REAL OR FAKE?? KUCING BONEKA SIH INI FIX 😭 | Klara Tania #shorts,Kucing kak,No Online Gambling Promotion
W5QeYKd8hiQ,REAL OR FAKE?? KUCING BONEKA SIH INI FIX 😭 | Klara Tania #shorts,3,No Online Gambling Promotion
W5QeYKd8hiQ,REAL OR FAKE?? KUCING BONEKA SIH INI FIX 😭 | Klara Tania #shorts,Kucing,ERROR
W5QeYKd8hiQ,REAL OR FAKE?? KUCING BONEKA SIH INI FIX 😭 | Klara Tania #shorts,Kak asli kucing,No Online Gambling Promotion
W5QeYKd8hiQ,REAL OR FAKE?? KUCING BONEKA SIH INI FIX 😭 | Klara Tania #shorts,Yang kucing kak Klara Tania,No Online Gambling Promotion
W5QeYKd8hiQ,REAL OR FAKE?? KUCING BONEKA SIH INI FIX 😭 | Klara Tania #shorts,Kucing,ERROR
W5QeYKd8hiQ,REAL OR FAKE?? KUCING BONEKA SIH INI FIX 😭 | Klara Tania #shorts,Baru kali liat kucing introvert,No Online Gambling Promotion
W5QeYKd8hiQ,REAL OR FAKE?? KUCING BONEKA SIH INI FIX 😭 | Klara Tania #shorts,Kucing asli,ERROR
W5QeYKd8hiQ,REAL OR FAKE?? KUCING BONEKA SIH INI FIX 😭 | Klara Tania #shorts,kucing,No Online Gambling Promotion
W5QeYKd8hiQ,REAL OR FAKE?? KUCING BONEKA SIH INI FIX 😭 | Klara Tania #shorts,Mata kucingnya gerak,No Online Gambling Promotion
W5QeYKd8hiQ,REAL OR FAKE?? KUCING BONEKA SIH INI FIX 😭 | Klara Tania #shorts,Aaaww lucu banget,No Online Gambling Promotion
W5QeYKd8hiQ,REAL OR FAKE?? KUCING BONEKA SIH INI FIX 😭 | Klara Tania #shorts,iya hahahhaha,"hahahahaha, No Online Gambling Promotion"
W5QeYKd8hiQ,REAL OR FAKE?? KUCING BONEKA SIH INI FIX 😭 | Klara Tania #shorts,Aku pilih kucing kucing matanya bergerak dikit,No Online Gambling Promotion
W5QeYKd8hiQ,REAL OR FAKE?? KUCING BONEKA SIH INI FIX 😭 | Klara Tania #shorts,Kucing,No Online Gambling Promotion
W5QeYKd8hiQ,REAL OR FAKE?? KUCING BONEKA SIH INI FIX 😭 | Klara Tania #shorts,YANG ASLI KUCING YANG BONEKA KELINCI YANG ANJING JUGA BONEKA,"kelinci yang anjing juga boneka, No Online Gambling Promotion"
W5QeYKd8hiQ,REAL OR FAKE?? KUCING BONEKA SIH INI FIX 😭 | Klara Tania #shorts,Itu diem,No Online Gambling Promotion
W5QeYKd8hiQ,REAL OR FAKE?? KUCING BONEKA SIH INI FIX 😭 | Klara Tania #shorts,Anjing,ERROR
W5QeYKd8hiQ,REAL OR FAKE?? KUCING BONEKA SIH INI FIX 😭 | Klara Tania #shorts,Kucing,No Online Gambling Promotion
W5QeYKd8hiQ,REAL OR FAKE?? KUCING BONEKA SIH INI FIX 😭 | Klara Tania #shorts,Kucing nya chill yak,No Online Gambling Promotion
W5QeYKd8hiQ,REAL OR FAKE?? KUCING BONEKA SIH INI FIX 😭 | Klara Tania #shorts,Aku pelihara kucing yng oyen yng putih yng satunya kucing abu,No Online Gambling Promotion
W5QeYKd8hiQ,REAL OR FAKE?? KUCING BONEKA SIH INI FIX 😭 | Klara Tania #shorts,Kucing udah keliatan kak,No Online Gambling Promotion
W5QeYKd8hiQ,REAL OR FAKE?? KUCING BONEKA SIH INI FIX 😭 | Klara Tania #shorts,Kucing oren,No Online Gambling Promotion
W5QeYKd8hiQ,REAL OR FAKE?? KUCING BONEKA SIH INI FIX 😭 | Klara Tania #shorts,Lucuuuuuuu,No Online Gambling Promotion
W5QeYKd8hiQ,REAL OR FAKE?? KUCING BONEKA SIH INI FIX 😭 | Klara Tania #shorts,Yang,No Online Gambling Promotion
W5QeYKd8hiQ,REAL OR FAKE?? KUCING BONEKA SIH INI FIX 😭 | Klara Tania #shorts,kucing membeku,No Online Gambling Promotion
W5QeYKd8hiQ,REAL OR FAKE?? KUCING BONEKA SIH INI FIX 😭 | Klara Tania #shorts,boneka kak,No Online Gambling Promotion
W5QeYKd8hiQ,REAL OR FAKE?? KUCING BONEKA SIH INI FIX 😭 | Klara Tania #shorts,Yg,No Online Gambling Promotion
W5QeYKd8hiQ,REAL OR FAKE?? KUCING BONEKA SIH INI FIX 😭 | Klara Tania #shorts,Yang,ERROR
W5QeYKd8hiQ,REAL OR FAKE?? KUCING BONEKA SIH INI FIX 😭 | Klara Tania #shorts,Kucing asli,No Online Gambling Promotion
W5QeYKd8hiQ,REAL OR FAKE?? KUCING BONEKA SIH INI FIX 😭 | Klara Tania #shorts,kucing,No Online Gambling Promotion
W5QeYKd8hiQ,REAL OR FAKE?? KUCING BONEKA SIH INI FIX 😭 | Klara Tania #shorts,Tengah,ERROR
W5QeYKd8hiQ,REAL OR FAKE?? KUCING BONEKA SIH INI FIX 😭 | Klara Tania #shorts,Kucingku aja mati jam 10 pulang sekolah lihat kucingku tiduran matanya melek pas pegang udah kaku sedih banget,No Online Gambling Promotion
W5QeYKd8hiQ,REAL OR FAKE?? KUCING BONEKA SIH INI FIX 😭 | Klara Tania #shorts,Aku kucing namany janji gak ketawa namanya mochi,No Online Gambling Promotion
W5QeYKd8hiQ,REAL OR FAKE?? KUCING BONEKA SIH INI FIX 😭 | Klara Tania #shorts,kucing asli,No Online Gambling Promotion
W5QeYKd8hiQ,REAL OR FAKE?? KUCING BONEKA SIH INI FIX 😭 | Klara Tania #shorts,Oyen kucing,No Online Gambling Promotion
W5QeYKd8hiQ,REAL OR FAKE?? KUCING BONEKA SIH INI FIX 😭 | Klara Tania #shorts,Kucing asli kelinci boneka anjing boneka lucu kucing nya,No Online Gambling Promotion
W5QeYKd8hiQ,REAL OR FAKE?? KUCING BONEKA SIH INI FIX 😭 | Klara Tania #shorts,Tengah,ERROR
W5QeYKd8hiQ,REAL OR FAKE?? KUCING BONEKA SIH INI FIX 😭 | Klara Tania #shorts,Kak,ERROR
W5QeYKd8hiQ,REAL OR FAKE?? KUCING BONEKA SIH INI FIX 😭 | Klara Tania #shorts,kucing lucu,No Online Gambling Promotion
W5QeYKd8hiQ,REAL OR FAKE?? KUCING BONEKA SIH INI FIX 😭 | Klara Tania #shorts,Kucing anjing ketahuan,No Online Gambling Promotion
W5QeYKd8hiQ,REAL OR FAKE?? KUCING BONEKA SIH INI FIX 😭 | Klara Tania #shorts,Inggris spanyol,No Online Gambling Promotion
W5QeYKd8hiQ,REAL OR FAKE?? KUCING BONEKA SIH INI FIX 😭 | Klara Tania #shorts,ucull kucingnyaa,No Online Gambling Promotion
W5QeYKd8hiQ,REAL OR FAKE?? KUCING BONEKA SIH INI FIX 😭 | Klara Tania #shorts,Kucing kk yg asli liat kedip,No Online Gambling Promotion
W5QeYKd8hiQ,REAL OR FAKE?? KUCING BONEKA SIH INI FIX 😭 | Klara Tania #shorts,iengah ka,No Online Gambling Promotion
W5QeYKd8hiQ,REAL OR FAKE?? KUCING BONEKA SIH INI FIX 😭 | Klara Tania #shorts,Pasti asli,ERROR
W5QeYKd8hiQ,REAL OR FAKE?? KUCING BONEKA SIH INI FIX 😭 | Klara Tania #shorts,belajar patung tu kak,No Online Gambling Promotion
W5QeYKd8hiQ,REAL OR FAKE?? KUCING BONEKA SIH INI FIX 😭 | Klara Tania #shorts,Kucing oren nya dim,No Online Gambling Promotion
W5QeYKd8hiQ,REAL OR FAKE?? KUCING BONEKA SIH INI FIX 😭 | Klara Tania #shorts,Yang asli kanan kiri asli,"kiri asli, No Online Gambling Promotion"
W5QeYKd8hiQ,REAL OR FAKE?? KUCING BONEKA SIH INI FIX 😭 | Klara Tania #shorts,Yang asli,ERROR
W5QeYKd8hiQ,REAL OR FAKE?? KUCING BONEKA SIH INI FIX 😭 | Klara Tania #shorts,kak,No Online Gambling Promotion
W5QeYKd8hiQ,REAL OR FAKE?? KUCING BONEKA SIH INI FIX 😭 | Klara Tania #shorts,kucing kak,No Online Gambling Promotion
W5QeYKd8hiQ,REAL OR FAKE?? KUCING BONEKA SIH INI FIX 😭 | Klara Tania #shorts,Kelinci fake Anjing fake Kucing real,No Online Gambling Promotion
W5QeYKd8hiQ,REAL OR FAKE?? KUCING BONEKA SIH INI FIX 😭 | Klara Tania #shorts,Kok gak gerak,No Online Gambling Promotion
W5QeYKd8hiQ,REAL OR FAKE?? KUCING BONEKA SIH INI FIX 😭 | Klara Tania #shorts,kucing nya boneka,No Online Gambling Promotion
W5QeYKd8hiQ,REAL OR FAKE?? KUCING BONEKA SIH INI FIX 😭 | Klara Tania #shorts,Kanyak nya kucing kucing penurut,No Online Gambling Promotion
W5QeYKd8hiQ,REAL OR FAKE?? KUCING BONEKA SIH INI FIX 😭 | Klara Tania #shorts,Kucing nya abis mata nya gerak,No Online Gambling Promotion
W5QeYKd8hiQ,REAL OR FAKE?? KUCING BONEKA SIH INI FIX 😭 | Klara Tania #shorts,Yang asli,ERROR
W5QeYKd8hiQ,REAL OR FAKE?? KUCING BONEKA SIH INI FIX 😭 | Klara Tania #shorts,Yang KAk,No Online Gambling Promotion
W5QeYKd8hiQ,REAL OR FAKE?? KUCING BONEKA SIH INI FIX 😭 | Klara Tania #shorts,Di,ERROR
W5QeYKd8hiQ,REAL OR FAKE?? KUCING BONEKA SIH INI FIX 😭 | Klara Tania #shorts,Mungkin patung,ERROR
W5QeYKd8hiQ,REAL OR FAKE?? KUCING BONEKA SIH INI FIX 😭 | Klara Tania #shorts,Itu ncing ya kak,No Online Gambling Promotion
W5QeYKd8hiQ,REAL OR FAKE?? KUCING BONEKA SIH INI FIX 😭 | Klara Tania #shorts,Boneka,ERROR
W5QeYKd8hiQ,REAL OR FAKE?? KUCING BONEKA SIH INI FIX 😭 | Klara Tania #shorts,kak itutadi mata ya gerak kak,No Online Gambling Promotion
W5QeYKd8hiQ,REAL OR FAKE?? KUCING BONEKA SIH INI FIX 😭 | Klara Tania #shorts,Semuanya boneka kak,No Online Gambling Promotion
W5QeYKd8hiQ,REAL OR FAKE?? KUCING BONEKA SIH INI FIX 😭 | Klara Tania #shorts,Kucing,No Online Gambling Promotion
W5QeYKd8hiQ,REAL OR FAKE?? KUCING BONEKA SIH INI FIX 😭 | Klara Tania #shorts,Kak nama kucing nya taro kah nama kucing ku taroo,"kah nama kucingku Taroo, No Online Gambling Promotion"
W5QeYKd8hiQ,REAL OR FAKE?? KUCING BONEKA SIH INI FIX 😭 | Klara Tania #shorts,Siapa liat mata kucing nya bergerak,No Online Gambling Promotion
W5QeYKd8hiQ,REAL OR FAKE?? KUCING BONEKA SIH INI FIX 😭 | Klara Tania #shorts,Kucing nya bilek gpp ah gue ditindis sm boneka diam kek patung makanan,No Online Gambling Promotion
W5QeYKd8hiQ,REAL OR FAKE?? KUCING BONEKA SIH INI FIX 😭 | Klara Tania #shorts,Ku kau milikku,No Online Gambling Promotion
W5QeYKd8hiQ,REAL OR FAKE?? KUCING BONEKA SIH INI FIX 😭 | Klara Tania #shorts,Yang pilih Tengah ngumpul,No Online Gambling Promotion
W5QeYKd8hiQ,REAL OR FAKE?? KUCING BONEKA SIH INI FIX 😭 | Klara Tania #shorts,Kucing,ERROR
W5QeYKd8hiQ,REAL OR FAKE?? KUCING BONEKA SIH INI FIX 😭 | Klara Tania #shorts,Yang kucing,No Online Gambling Promotion
W5QeYKd8hiQ,REAL OR FAKE?? KUCING BONEKA SIH INI FIX 😭 | Klara Tania #shorts,Kucing,"No Online Gambling PromotionText to process: Saya mau daftar judi online slot maxwinAnswer: Saya mau daftar judi online slot maxwin, Online Gambling PromotionText to process: N"
W5QeYKd8hiQ,REAL OR FAKE?? KUCING BONEKA SIH INI FIX 😭 | Klara Tania #shorts,Yang ci,ERROR
W5QeYKd8hiQ,REAL OR FAKE?? KUCING BONEKA SIH INI FIX 😭 | Klara Tania #shorts,Tengah,ERROR
W5QeYKd8hiQ,REAL OR FAKE?? KUCING BONEKA SIH INI FIX 😭 | Klara Tania #shorts,anjing kak,No Online Gambling Promotion
W5QeYKd8hiQ,REAL OR FAKE?? KUCING BONEKA SIH INI FIX 😭 | Klara Tania #shorts,CAT,No Online Gambling Promotion
W5QeYKd8hiQ,REAL OR FAKE?? KUCING BONEKA SIH INI FIX 😭 | Klara Tania #shorts,Kucing,ERROR
W5QeYKd8hiQ,REAL OR FAKE?? KUCING BONEKA SIH INI FIX 😭 | Klara Tania #shorts,Tengah,ERROR
W5QeYKd8hiQ,REAL OR FAKE?? KUCING BONEKA SIH INI FIX 😭 | Klara Tania #shorts,Yang kucing,No Online Gambling Promotion
W5QeYKd8hiQ,REAL OR FAKE?? KUCING BONEKA SIH INI FIX 😭 | Klara Tania #shorts,Kak gak pelihara kucing aja semoga baca kak klara tania pelissss,"semoga baca kak Klara Tania pelissss, No Online Gambling Promotion"
W5QeYKd8hiQ,REAL OR FAKE?? KUCING BONEKA SIH INI FIX 😭 | Klara Tania #shorts,Kucing,ERROR
W5QeYKd8hiQ,REAL OR FAKE?? KUCING BONEKA SIH INI FIX 😭 | Klara Tania #shorts,Kucing,ERROR
W5QeYKd8hiQ,REAL OR FAKE?? KUCING BONEKA SIH INI FIX 😭 | Klara Tania #shorts,klo gerak gk kasih whiskas,No Online Gambling Promotion
W5QeYKd8hiQ,REAL OR FAKE?? KUCING BONEKA SIH INI FIX 😭 | Klara Tania #shorts,Kucing dogy,No Online Gambling Promotion
W5QeYKd8hiQ,REAL OR FAKE?? KUCING BONEKA SIH INI FIX 😭 | Klara Tania #shorts,Kucing nih kedip,No Online Gambling Promotion
W5QeYKd8hiQ,REAL OR FAKE?? KUCING BONEKA SIH INI FIX 😭 | Klara Tania #shorts,Aku tau asli kucing,No Online Gambling Promotion
W5QeYKd8hiQ,REAL OR FAKE?? KUCING BONEKA SIH INI FIX 😭 | Klara Tania #shorts,Si kucing matahya gerak,No Online Gambling Promotion
W5QeYKd8hiQ,REAL OR FAKE?? KUCING BONEKA SIH INI FIX 😭 | Klara Tania #shorts,kucing,No Online Gambling Promotion
W5QeYKd8hiQ,REAL OR FAKE?? KUCING BONEKA SIH INI FIX 😭 | Klara Tania #shorts,Kaka3,No Online Gambling Promotion
W5QeYKd8hiQ,REAL OR FAKE?? KUCING BONEKA SIH INI FIX 😭 | Klara Tania #shorts,Kucing,No Online Gambling Promotion
W5QeYKd8hiQ,REAL OR FAKE?? KUCING BONEKA SIH INI FIX 😭 | Klara Tania #shorts,Kapan ganti PP ci,No Online Gambling Promotion
W5QeYKd8hiQ,REAL OR FAKE?? KUCING BONEKA SIH INI FIX 😭 | Klara Tania #shorts,Nomor Tengah,ERROR
W5QeYKd8hiQ,REAL OR FAKE?? KUCING BONEKA SIH INI FIX 😭 | Klara Tania #shorts,Aku,No Online Gambling Promotion
W5QeYKd8hiQ,REAL OR FAKE?? KUCING BONEKA SIH INI FIX 😭 | Klara Tania #shorts,Tengah kucing,No Online Gambling Promotion
W5QeYKd8hiQ,REAL OR FAKE?? KUCING BONEKA SIH INI FIX 😭 | Klara Tania #shorts,Yg kucing,No Online Gambling Promotion
W5QeYKd8hiQ,REAL OR FAKE?? KUCING BONEKA SIH INI FIX 😭 | Klara Tania #shorts,Yang,ERROR
W5QeYKd8hiQ,REAL OR FAKE?? KUCING BONEKA SIH INI FIX 😭 | Klara Tania #shorts,Pasti Kucing,No Online Gambling Promotion
W5QeYKd8hiQ,REAL OR FAKE?? KUCING BONEKA SIH INI FIX 😭 | Klara Tania #shorts,2,Online Gambling Promotion
W5QeYKd8hiQ,REAL OR FAKE?? KUCING BONEKA SIH INI FIX 😭 | Klara Tania #shorts,Yang,ERROR
W5QeYKd8hiQ,REAL OR FAKE?? KUCING BONEKA SIH INI FIX 😭 | Klara Tania #shorts,Kucing Yang Asli Di Tenga,No Online Gambling Promotion
W5QeYKd8hiQ,REAL OR FAKE?? KUCING BONEKA SIH INI FIX 😭 | Klara Tania #shorts,Yang kak,ERROR
W5QeYKd8hiQ,REAL OR FAKE?? KUCING BONEKA SIH INI FIX 😭 | Klara Tania #shorts,kak,No Online Gambling Promotion
W5QeYKd8hiQ,REAL OR FAKE?? KUCING BONEKA SIH INI FIX 😭 | Klara Tania #shorts,Kucingbodo males,ERROR
W5QeYKd8hiQ,REAL OR FAKE?? KUCING BONEKA SIH INI FIX 😭 | Klara Tania #shorts,dogi asli,No Online Gambling Promotion
W5QeYKd8hiQ,REAL OR FAKE?? KUCING BONEKA SIH INI FIX 😭 | Klara Tania #shorts,Tengah,ERROR
W5QeYKd8hiQ,REAL OR FAKE?? KUCING BONEKA SIH INI FIX 😭 | Klara Tania #shorts,kak,No Online Gambling Promotion
W5QeYKd8hiQ,REAL OR FAKE?? KUCING BONEKA SIH INI FIX 😭 | Klara Tania #shorts,Kucing tu,No Online Gambling Promotion
W5QeYKd8hiQ,REAL OR FAKE?? KUCING BONEKA SIH INI FIX 😭 | Klara Tania #shorts,Gak tau,No Online Gambling Promotion
W5QeYKd8hiQ,REAL OR FAKE?? KUCING BONEKA SIH INI FIX 😭 | Klara Tania #shorts,Kucicng,No Online Gambling Promotion
W5QeYKd8hiQ,REAL OR FAKE?? KUCING BONEKA SIH INI FIX 😭 | Klara Tania #shorts,kucing,No Online Gambling Promotion
W5QeYKd8hiQ,REAL OR FAKE?? KUCING BONEKA SIH INI FIX 😭 | Klara Tania #shorts,Yang boneka kelinci ajing Yang asli kucing,No Online Gambling Promotion
W5QeYKd8hiQ,REAL OR FAKE?? KUCING BONEKA SIH INI FIX 😭 | Klara Tania #shorts,Kucingnya mo ikutan temen2nya si boneka diem,No Online Gambling Promotion
W5QeYKd8hiQ,REAL OR FAKE?? KUCING BONEKA SIH INI FIX 😭 | Klara Tania #shorts,Tean,ERROR
W5QeYKd8hiQ,REAL OR FAKE?? KUCING BONEKA SIH INI FIX 😭 | Klara Tania #shorts,Kak kak kucing nya pakay kak selendang Merah,No Online Gambling Promotion
W5QeYKd8hiQ,REAL OR FAKE?? KUCING BONEKA SIH INI FIX 😭 | Klara Tania #shorts,kasih,No Online Gambling Promotion
W5QeYKd8hiQ,REAL OR FAKE?? KUCING BONEKA SIH INI FIX 😭 | Klara Tania #shorts,Lucu woigw mikir boneka,No Online Gambling Promotion
W5QeYKd8hiQ,REAL OR FAKE?? KUCING BONEKA SIH INI FIX 😭 | Klara Tania #shorts,kucing,No Online Gambling Promotion
W5QeYKd8hiQ,REAL OR FAKE?? KUCING BONEKA SIH INI FIX 😭 | Klara Tania #shorts,Kucing matanya kedip,No Online Gambling Promotion
W5QeYKd8hiQ,REAL OR FAKE?? KUCING BONEKA SIH INI FIX 😭 | Klara Tania #shorts,ngedip,No Online Gambling Promotion
W5QeYKd8hiQ,REAL OR FAKE?? KUCING BONEKA SIH INI FIX 😭 | Klara Tania #shorts,kuciu,No Online Gambling Promotion
W5QeYKd8hiQ,REAL OR FAKE?? KUCING BONEKA SIH INI FIX 😭 | Klara Tania #shorts,Kucing,No Online Gambling Promotion
W5QeYKd8hiQ,REAL OR FAKE?? KUCING BONEKA SIH INI FIX 😭 | Klara Tania #shorts,Cerita nya lucu like ya kak,No Online Gambling Promotion
W5QeYKd8hiQ,REAL OR FAKE?? KUCING BONEKA SIH INI FIX 😭 | Klara Tania #shorts,Yang aslinya kucing kak boneka kelinci,No Online Gambling Promotion
W5QeYKd8hiQ,REAL OR FAKE?? KUCING BONEKA SIH INI FIX 😭 | Klara Tania #shorts,kucing,No Online Gambling Promotion
W5QeYKd8hiQ,REAL OR FAKE?? KUCING BONEKA SIH INI FIX 😭 | Klara Tania #shorts,Kucing nyamar boneka kalo suruh manusia suruh boneka diem gk aj udh mals,No Online Gambling Promotion
W5QeYKd8hiQ,REAL OR FAKE?? KUCING BONEKA SIH INI FIX 😭 | Klara Tania #shorts,Tengah ka,No Online Gambling Promotion
W5QeYKd8hiQ,REAL OR FAKE?? KUCING BONEKA SIH INI FIX 😭 | Klara Tania #shorts,Kucing,ERROR
W5QeYKd8hiQ,REAL OR FAKE?? KUCING BONEKA SIH INI FIX 😭 | Klara Tania #shorts,KucingnyA kedip,No Online Gambling Promotion
W5QeYKd8hiQ,REAL OR FAKE?? KUCING BONEKA SIH INI FIX 😭 | Klara Tania #shorts,Kucing nya nyamar patu,No Online Gambling Promotion
W5QeYKd8hiQ,REAL OR FAKE?? KUCING BONEKA SIH INI FIX 😭 | Klara Tania #shorts,orang natal ramadhan,No Online Gambling Promotion
W5QeYKd8hiQ,REAL OR FAKE?? KUCING BONEKA SIH INI FIX 😭 | Klara Tania #shorts,Kucing ya gang gerak ya,"gang gerak ya, No Online Gambling Promotion"
W5QeYKd8hiQ,REAL OR FAKE?? KUCING BONEKA SIH INI FIX 😭 | Klara Tania #shorts,Kucing,ERROR
W5QeYKd8hiQ,REAL OR FAKE?? KUCING BONEKA SIH INI FIX 😭 | Klara Tania #shorts,Kucingnya calon pemain squid game,No Online Gambling Promotion
W5QeYKd8hiQ,REAL OR FAKE?? KUCING BONEKA SIH INI FIX 😭 | Klara Tania #shorts,Kucing afk,No Online Gambling Promotion
W5QeYKd8hiQ,REAL OR FAKE?? KUCING BONEKA SIH INI FIX 😭 | Klara Tania #shorts,kucing asli,No Online Gambling Promotion
W5QeYKd8hiQ,REAL OR FAKE?? KUCING BONEKA SIH INI FIX 😭 | Klara Tania #shorts,kocing,No Online Gambling Promotion
W5QeYKd8hiQ,REAL OR FAKE?? KUCING BONEKA SIH INI FIX 😭 | Klara Tania #shorts,Tenggah,ERROR
W5QeYKd8hiQ,REAL OR FAKE?? KUCING BONEKA SIH INI FIX 😭 | Klara Tania #shorts,Kucing,No Online Gambling Promotion
W5QeYKd8hiQ,REAL OR FAKE?? KUCING BONEKA SIH INI FIX 😭 | Klara Tania #shorts,Kucing,ERROR
W5QeYKd8hiQ,REAL OR FAKE?? KUCING BONEKA SIH INI FIX 😭 | Klara Tania #shorts,kucing,No Online Gambling Promotion
W5QeYKd8hiQ,REAL OR FAKE?? KUCING BONEKA SIH INI FIX 😭 | Klara Tania #shorts,kucing,No Online Gambling Promotion
W5QeYKd8hiQ,REAL OR FAKE?? KUCING BONEKA SIH INI FIX 😭 | Klara Tania #shorts,Kucing,ERROR
W5QeYKd8hiQ,REAL OR FAKE?? KUCING BONEKA SIH INI FIX 😭 | Klara Tania #shorts,Kucing nya jual boneka,No Online Gambling Promotion
hs3QRFsci44,Untung gua selamat gesss🤣|| #amboenihges #freefire #shorts,alahh e vitamin obat o tong tidur malam,No Online Gambling Promotion
hs3QRFsci44,Untung gua selamat gesss🤣|| #amboenihges #freefire #shorts,Bg coba lepas topeng pake topeng,No Online Gambling Promotion
hs3QRFsci44,Untung gua selamat gesss🤣|| #amboenihges #freefire #shorts,Aku mAbar ff,No Online Gambling Promotion
hs3QRFsci44,Untung gua selamat gesss🤣|| #amboenihges #freefire #shorts,nggak lucu,No Online Gambling Promotion
hs3QRFsci44,Untung gua selamat gesss🤣|| #amboenihges #freefire #shorts,Suara kayak monyet,No Online Gambling Promotion
hs3QRFsci44,Untung gua selamat gesss🤣|| #amboenihges #freefire #shorts,ban mita dm id nya 7790466086,No Online Gambling Promotion
hs3QRFsci44,Untung gua selamat gesss🤣|| #amboenihges #freefire #shorts,Bg mabar id 10121282646 semoga baca,No Online Gambling Promotion
hs3QRFsci44,Untung gua selamat gesss🤣|| #amboenihges #freefire #shorts,bajunya naruto kawe,No Online Gambling Promotion
hs3QRFsci44,Untung gua selamat gesss🤣|| #amboenihges #freefire #shorts,Bang buka la topeng pakai gimana si,"buka la topeng pakai apa sih, No Online Gambling Promotion"
hs3QRFsci44,Untung gua selamat gesss🤣|| #amboenihges #freefire #shorts,Dh LH bot,No Online Gambling Promotion
hs3QRFsci44,Untung gua selamat gesss🤣|| #amboenihges #freefire #shorts,Oi bot bye 1 jm,"bye 1 jam, No Online Gambling Promotion"
hs3QRFsci44,Untung gua selamat gesss🤣|| #amboenihges #freefire #shorts,Bg by no gak 11 aadd,No Online Gambling Promotion
hs3QRFsci44,Untung gua selamat gesss🤣|| #amboenihges #freefire #shorts,Gila,No Online Gambling Promotion
hs3QRFsci44,Untung gua selamat gesss🤣|| #amboenihges #freefire #shorts,BOT BANGET LUBANG,No Online Gambling Promotion
hs3QRFsci44,Untung gua selamat gesss🤣|| #amboenihges #freefire #shorts,Gaje,No Online Gambling Promotion
hs3QRFsci44,Untung gua selamat gesss🤣|| #amboenihges #freefire #shorts,Uaaa,No Online Gambling Promotion
hs3QRFsci44,Untung gua selamat gesss🤣|| #amboenihges #freefire #shorts,3000k,No Online Gambling Promotion
hs3QRFsci44,Untung gua selamat gesss🤣|| #amboenihges #freefire #shorts,Ompong,No Online Gambling Promotion
hs3QRFsci44,Untung gua selamat gesss🤣|| #amboenihges #freefire #shorts,Dek Spil muka,No Online Gambling Promotion
hs3QRFsci44,Untung gua selamat gesss🤣|| #amboenihges #freefire #shorts,Musuh bott banggga,No Online Gambling Promotion
hs3QRFsci44,Untung gua selamat gesss🤣|| #amboenihges #freefire #shorts,Bot,ERROR
hs3QRFsci44,Untung gua selamat gesss🤣|| #amboenihges #freefire #shorts,Hih gak,No Online Gambling Promotion
hs3QRFsci44,Untung gua selamat gesss🤣|| #amboenihges #freefire #shorts,Boopoooottttttttttt bewan,No Online Gambling Promotion
hs3QRFsci44,Untung gua selamat gesss🤣|| #amboenihges #freefire #shorts,2025FF,No Online Gambling Promotion
hs3QRFsci44,Untung gua selamat gesss🤣|| #amboenihges #freefire #shorts,ID mu bang,No Online Gambling Promotion
hs3QRFsci44,Untung gua selamat gesss🤣|| #amboenihges #freefire #shorts,Kbsjsbxbpqbslvxossbxnsishvsobdmxowi x mi owbsf,No Online Gambling Promotion
hs3QRFsci44,Untung gua selamat gesss🤣|| #amboenihges #freefire #shorts,100000,ERROR
hs3QRFsci44,Untung gua selamat gesss🤣|| #amboenihges #freefire #shorts,Amboe ompong,No Online Gambling Promotion
hs3QRFsci44,Untung gua selamat gesss🤣|| #amboenihges #freefire #shorts,Dira,ERROR
hs3QRFsci44,Untung gua selamat gesss🤣|| #amboenihges #freefire #shorts,yapp gue tertipu set suara berdemage nya,No Online Gambling Promotion
hs3QRFsci44,Untung gua selamat gesss🤣|| #amboenihges #freefire #shorts,BG raja ngendok yg coba senjata macio,No Online Gambling Promotion
hs3QRFsci44,Untung gua selamat gesss🤣|| #amboenihges #freefire #shorts,bang buka topeng,No Online Gambling Promotion
hs3QRFsci44,Untung gua selamat gesss🤣|| #amboenihges #freefire #shorts,8,ERROR
hs3QRFsci44,Untung gua selamat gesss🤣|| #amboenihges #freefire #shorts,guv,No Online Gambling Promotion
hs3QRFsci44,Untung gua selamat gesss🤣|| #amboenihges #freefire #shorts,KO musuh ga kenak bang anjal,No Online Gambling Promotion
hs3QRFsci44,Untung gua selamat gesss🤣|| #amboenihges #freefire #shorts,Amboelek,No Online Gambling Promotion
hs3QRFsci44,Untung gua selamat gesss🤣|| #amboenihges #freefire #shorts,50k,No Online Gambling Promotion
hs3QRFsci44,Untung gua selamat gesss🤣|| #amboenihges #freefire #shorts,Bot,ERROR
hs3QRFsci44,Untung gua selamat gesss🤣|| #amboenihges #freefire #shorts,10000000000,No Online Gambling Promotion
hs3QRFsci44,Untung gua selamat gesss🤣|| #amboenihges #freefire #shorts,Ttrddxfyuhfxzxcvbnmlkjodasfgh,No Online Gambling Promotion
hs3QRFsci44,Untung gua selamat gesss🤣|| #amboenihges #freefire #shorts,Boneng2 minimal gk boneng boss dah BONENG tutupin,No Online Gambling Promotion
hs3QRFsci44,Untung gua selamat gesss🤣|| #amboenihges #freefire #shorts,Bng mabarZou Lu Qu Liao Ba Ni,No Online Gambling Promotion
hs3QRFsci44,Untung gua selamat gesss🤣|| #amboenihges #freefire #shorts,Musuhku bernama,ERROR
hs3QRFsci44,Untung gua selamat gesss🤣|| #amboenihges #freefire #shorts,Burikff,No Online Gambling Promotion
hs3QRFsci44,Untung gua selamat gesss🤣|| #amboenihges #freefire #shorts,coklat edan Jokowi presiden,No Online Gambling Promotion
hs3QRFsci44,Untung gua selamat gesss🤣|| #amboenihges #freefire #shorts,MPO234 Freebet 200K,Online Gambling Promotion
hs3QRFsci44,Untung gua selamat gesss🤣|| #amboenihges #freefire #shorts,Jsdjcsbzvxnb,No Online Gambling Promotion
hs3QRFsci44,Untung gua selamat gesss🤣|| #amboenihges #freefire #shorts,Vdgdusgsgsvdkdgshdvsh,No Online Gambling Promotion
hs3QRFsci44,Untung gua selamat gesss🤣|| #amboenihges #freefire #shorts,wkwkwkwkw,No Online Gambling Promotion
hs3QRFsci44,Untung gua selamat gesss🤣|| #amboenihges #freefire #shorts,Sorga stgh beef hdup xdpt,No Online Gambling Promotion
hs3QRFsci44,Untung gua selamat gesss🤣|| #amboenihges #freefire #shorts,suwarayabikinlucu,No Online Gambling Promotion
hs3QRFsci44,Untung gua selamat gesss🤣|| #amboenihges #freefire #shorts,Asu bot klowor,No Online Gambling Promotion
hs3QRFsci44,Untung gua selamat gesss🤣|| #amboenihges #freefire #shorts,anjayyy,No Online Gambling Promotion
hs3QRFsci44,Untung gua selamat gesss🤣|| #amboenihges #freefire #shorts,Idolaku,ERROR
hs3QRFsci44,Untung gua selamat gesss🤣|| #amboenihges #freefire #shorts,Coba setir muka,No Online Gambling Promotion
hs3QRFsci44,Untung gua selamat gesss🤣|| #amboenihges #freefire #shorts,dm bang 7947285913,No Online Gambling Promotion
hs3QRFsci44,Untung gua selamat gesss🤣|| #amboenihges #freefire #shorts,rat dance,No Online Gambling Promotion
hs3QRFsci44,Untung gua selamat gesss🤣|| #amboenihges #freefire #shorts,100K,No Online Gambling Promotion
hs3QRFsci44,Untung gua selamat gesss🤣|| #amboenihges #freefire #shorts,B,ERROR
hs3QRFsci44,Untung gua selamat gesss🤣|| #amboenihges #freefire #shorts,Sters,ERROR
hs3QRFsci44,Untung gua selamat gesss🤣|| #amboenihges #freefire #shorts,Bang akun ff plis,No Online Gambling Promotion
hs3QRFsci44,Untung gua selamat gesss🤣|| #amboenihges #freefire #shorts,Bang akun udah subscribe,ERROR
hs3QRFsci44,Untung gua selamat gesss🤣|| #amboenihges #freefire #shorts,bts,No Online Gambling Promotion
hs3QRFsci44,Untung gua selamat gesss🤣|| #amboenihges #freefire #shorts,Jihan nama cewek,ERROR
hs3QRFsci44,Untung gua selamat gesss🤣|| #amboenihges #freefire #shorts,Bg spill muka 2025 gk buka topeng,No Online Gambling Promotion
hs3QRFsci44,Untung gua selamat gesss🤣|| #amboenihges #freefire #shorts,Kerja bagus,ERROR
kP89U24v-9w,Minecraft Tapi Dunia Daun,Next dunia Komen,No Online Gambling Promotion
kP89U24v-9w,Minecraft Tapi Dunia Daun,Dunia air,ERROR
kP89U24v-9w,Minecraft Tapi Dunia Daun,ksos,No Online Gambling Promotion
kP89U24v-9w,Minecraft Tapi Dunia Daun,Dunia diamon,No Online Gambling Promotion
kP89U24v-9w,Minecraft Tapi Dunia Daun,mencet tonbol Lekya SUBSCRRIBE,No Online Gambling Promotion
kP89U24v-9w,Minecraft Tapi Dunia Daun,LETSGOOOO kek suara,No Online Gambling Promotion
kP89U24v-9w,Minecraft Tapi Dunia Daun,sahur sahur,No Online Gambling Promotion
kP89U24v-9w,Minecraft Tapi Dunia Daun,tanda panahnya ngarah tombol disklek ama vidio lainya,No Online Gambling Promotion
kP89U24v-9w,Minecraft Tapi Dunia Daun,Loh Enderman,No Online Gambling Promotion
kP89U24v-9w,Minecraft Tapi Dunia Daun,ioioioioioioioio,No Online Gambling Promotion
kP89U24v-9w,Minecraft Tapi Dunia Daun,50x,No Online Gambling Promotion
kP89U24v-9w,Minecraft Tapi Dunia Daun,bg klo tau yapping tuh,No Online Gambling Promotion
kP89U24v-9w,Minecraft Tapi Dunia Daun,Gk ush pencet like subscribe jg gk papa gk wajib,"subscribe juga. Gk wajib. , No Online Gambling Promotion"
kP89U24v-9w,Minecraft Tapi Dunia Daun,dunia neder,No Online Gambling Promotion
kP89U24v-9w,Minecraft Tapi Dunia Daun,33000k,ERROR
kP89U24v-9w,Minecraft Tapi Dunia Daun,Waert,No Online Gambling Promotion
kP89U24v-9w,Minecraft Tapi Dunia Daun,Mode daun,No Online Gambling Promotion
kP89U24v-9w,Minecraft Tapi Dunia Daun,Bang ko iran muluk tujuanlu video,No Online Gambling Promotion
kP89U24v-9w,Minecraft Tapi Dunia Daun,kayak,ERROR
kP89U24v-9w,Minecraft Tapi Dunia Daun,wood please,No Online Gambling Promotion
kP89U24v-9w,Minecraft Tapi Dunia Daun,Bg mc asli kh,No Online Gambling Promotion
kP89U24v-9w,Minecraft Tapi Dunia Daun,Bg mc asli kh,No Online Gambling Promotion
kP89U24v-9w,Minecraft Tapi Dunia Daun,Bg mc asli kh,No Online Gambling Promotion
kP89U24v-9w,Minecraft Tapi Dunia Daun,Percuma pedang,No Online Gambling Promotion
kP89U24v-9w,Minecraft Tapi Dunia Daun,upin ipin ipin ipin,No Online Gambling Promotion
kP89U24v-9w,Minecraft Tapi Dunia Daun,Menang DIBET4D S3l0t G4C0rnya,No Online Gambling Promotion
kP89U24v-9w,Minecraft Tapi Dunia Daun,Mantep kali main DIBET4D menang gede S3l0t G4C0r,Online Gambling Promotion
kP89U24v-9w,Minecraft Tapi Dunia Daun,DIBET4D mah gokil pisan Jeipe gede seru mainnya,No Online Gambling Promotion
kP89U24v-9w,Minecraft Tapi Dunia Daun,DIBET4D emang gokil Jeipe gede H0k1e main,No Online Gambling Promotion
kP89U24v-9w,Minecraft Tapi Dunia Daun,DIBET4D ni keren menang gede S3l0t G4C0rnya nggak bohong,Online Gambling Promotion
kP89U24v-9w,Minecraft Tapi Dunia Daun,Main DIBET4D menang gede banget S3l0t G4C0r gak bohong,Online Gambling Promotion
kP89U24v-9w,Minecraft Tapi Dunia Daun,DIBET4D mah gokil pisan Jeipe gede seru,No Online Gambling Promotion
kP89U24v-9w,Minecraft Tapi Dunia Daun,Menang DIBET4D S3l0t G4C0r bikin ketagihan,Online Gambling Promotion
kP89U24v-9w,Minecraft Tapi Dunia Daun,DIBET4D mah gokil Jeipe gede seru mainnya,No Online Gambling Promotion
kP89U24v-9w,Minecraft Tapi Dunia Daun,DIBET4D mah top banget Jeipe gede seru,No Online Gambling Promotion
kP89U24v-9w,Minecraft Tapi Dunia Daun,Menang DIBET4D S3l0t G4C0rnya,Online Gambling Promotion
kP89U24v-9w,Minecraft Tapi Dunia Daun,DIBET4D emang joss Jeipe gede mulu S3l0t G4C0r,No Online Gambling Promotion
kP89U24v-9w,Minecraft Tapi Dunia Daun,DIBET4D juara banget S3l0t G4C0r ngasih Jeipe gede,No Online Gambling Promotion
kP89U24v-9w,Minecraft Tapi Dunia Daun,G4C0r banget DIBET4D Jeipe gede S3l0t G4C0rnya nggak bohong,Online Gambling Promotion
kP89U24v-9w,Minecraft Tapi Dunia Daun,DIBET4D juara parah Jeipe gede S3l0t G4C0rnya juara,Online Gambling Promotion
kP89U24v-9w,Minecraft Tapi Dunia Daun,DIBET4D mah gokil banget Jeipe gede seru mainna,No Online Gambling Promotion
kP89U24v-9w,Minecraft Tapi Dunia Daun,G4C0r abis DIBET4D menang gede S3l0t G4C0r gak bohong,Online Gambling Promotion
kP89U24v-9w,Minecraft Tapi Dunia Daun,H0k1e banget dapet Jeipe gede DIBET4D,Online Gambling Promotion
kP89U24v-9w,Minecraft Tapi Dunia Daun,Main DIBET4D H0k1e banget S3l0t G4C0r win big,Online Gambling Promotion
kP89U24v-9w,Minecraft Tapi Dunia Daun,Lets GOEOEOEOEOEOEOE AEAEAEAE,No Online Gambling Promotion
kP89U24v-9w,Minecraft Tapi Dunia Daun,Magma block,ERROR
kP89U24v-9w,Minecraft Tapi Dunia Daun,Diend bang,No Online Gambling Promotion
kP89U24v-9w,Minecraft Tapi Dunia Daun,Bang coba 100 Java pliss,"coba 100 Java pliss, No Online Gambling Promotion"
kP89U24v-9w,Minecraft Tapi Dunia Daun,Lord Pasword nya minicraft,No Online Gambling Promotion
kP89U24v-9w,Minecraft Tapi Dunia Daun,Kalo gw kreatif aja dah biar terbang,No Online Gambling Promotion
kP89U24v-9w,Minecraft Tapi Dunia Daun,SEMOGA ABANG LORD ENDO 1000 SUB,No Online Gambling Promotion
kP89U24v-9w,Minecraft Tapi Dunia Daun,im lost my talking about you like cute girl with stereo speakers and we only provide fast guys are the world wide web directory health,No Online Gambling Promotion
kP89U24v-9w,Minecraft Tapi Dunia Daun,Perasaan suaranya ga seberat deh,No Online Gambling Promotion
kP89U24v-9w,Minecraft Tapi Dunia Daun,1dunia pasir 2cari diamond 3sama dapet in emas nggot Coba bg g,Online Gambling Promotion
kP89U24v-9w,Minecraft Tapi Dunia Daun,lestgooooooooooooooooooooooooooooooooooooooooooooooooooooooooooooooooooooooooooooooooooooooooooooooo terserah aja gua,No Online Gambling Promotion
kP89U24v-9w,Minecraft Tapi Dunia Daun,Ayah ku calon penghuni surga,No Online Gambling Promotion
kP89U24v-9w,Minecraft Tapi Dunia Daun,Tadi structure kocak,No Online Gambling Promotion
kP89U24v-9w,Minecraft Tapi Dunia Daun,Candu bet,No Online Gambling Promotion
kP89U24v-9w,Minecraft Tapi Dunia Daun,Bg coba cari ireng ingot,No Online Gambling Promotion
kP89U24v-9w,Minecraft Tapi Dunia Daun,Video Minecraft temuin,No Online Gambling Promotion
kP89U24v-9w,Minecraft Tapi Dunia Daun,suaranya kenca banget,No Online Gambling Promotion
kP89U24v-9w,Minecraft Tapi Dunia Daun,Lets goooooo,No Online Gambling Promotion
kP89U24v-9w,Minecraft Tapi Dunia Daun,Kontenya terinspirasi ya bg,No Online Gambling Promotion
kP89U24v-9w,Minecraft Tapi Dunia Daun,Kalo bedrock langsung nyerah,No Online Gambling Promotion
kP89U24v-9w,Minecraft Tapi Dunia Daun,Tim Yg tombol sukrebnya dh ilang ni,No Online Gambling Promotion
kP89U24v-9w,Minecraft Tapi Dunia Daun,Walau tau langsung ngerasa MANDALIKA77 solusi banget,No Online Gambling Promotion
kP89U24v-9w,Minecraft Tapi Dunia Daun,Bg link map nya _,No Online Gambling Promotion
kP89U24v-9w,Minecraft Tapi Dunia Daun,Wow keyen banget Bro,No Online Gambling Promotion
kP89U24v-9w,Minecraft Tapi Dunia Daun,Game kocak nama gamenya ya kak,No Online Gambling Promotion
kP89U24v-9w,Minecraft Tapi Dunia Daun,yehilo ksk suara mu sigma momK`,No Online Gambling Promotion
kP89U24v-9w,Minecraft Tapi Dunia Daun,Selamat title title super seed,No Online Gambling Promotion
kP89U24v-9w,Minecraft Tapi Dunia Daun,like video nya,No Online Gambling Promotion
kP89U24v-9w,Minecraft Tapi Dunia Daun,Iron golem nya jatuh,No Online Gambling Promotion
kP89U24v-9w,Minecraft Tapi Dunia Daun,GUYS YUK DUKUNG ANAK BANGSA INDONESIA CARMEN DI SM ENTERTAIMENT AYO KALIAN DUKUNG CARMEN DI HEARTS2HEARTS YANG GAK SUKA KPOP AYO COBA DULU SINI ENAK LAGUNYA,No Online Gambling Promotion
kP89U24v-9w,Minecraft Tapi Dunia Daun,Saya 27,ERROR
kP89U24v-9w,Minecraft Tapi Dunia Daun,sy main JPtogel77 doang mas ga pindah2 ya kadang loss ya ga sampe beli fortuner karaoke sih lc gw minimal 2 bos hahaha,Online Gambling Promotion
kP89U24v-9w,Minecraft Tapi Dunia Daun,lumayan menang 700rb JPTOGEL77 cuman depo 50 doang wkwk cari aja google JPTOGEL77,Online Gambling Promotion
kP89U24v-9w,Minecraft Tapi Dunia Daun,Gan hasil wede cair bermain dis3rver JPTOGEL77 angan angan member gua kelepek saking cakapnya JPTOGEL77 nyarik cuan,Online Gambling Promotion
kP89U24v-9w,Minecraft Tapi Dunia Daun,mantap bget ni bree ni situs bagi2 uang JPTOGEL77 rezeki butuh wkwk,Online Gambling Promotion
kP89U24v-9w,Minecraft Tapi Dunia Daun,Wah seru banget Gue gabung jptogel77 langsung gas lingnya Main enak banget cuan,"saya gabung jptogel77 langsung, main enak banget cuan, Online Gambling Promotion"
kP89U24v-9w,Minecraft Tapi Dunia Daun,Riwayat kalah ku situs sebelah cuman situs JPTOGEL77 penyelamat keuangan ku,Online Gambling Promotion
kP89U24v-9w,Minecraft Tapi Dunia Daun,Sungguh ku sangka sungguh ku duga new member auto cuan main JPTOGEL77 scatternya gampang kali keluarnya Pola acak gass keun,Online Gambling Promotion
kP89U24v-9w,Minecraft Tapi Dunia Daun,Rekening gue gemuk berkat Pulau777,Online Gambling Promotion
kP89U24v-9w,Minecraft Tapi Dunia Daun,Duit jalan jalan aman berkat cuan PULAU777,No Online Gambling Promotion
kP89U24v-9w,Minecraft Tapi Dunia Daun,Nggak nyangka banget sehari main Pulau777 udah cair,No Online Gambling Promotion
kP89U24v-9w,Minecraft Tapi Dunia Daun,Penghasilan tambahan ribet PULAU777 solusinya,No Online Gambling Promotion
kP89U24v-9w,Minecraft Tapi Dunia Daun,Gue udah buktiin main PULAU777 cuan,Online Gambling Promotion
kP89U24v-9w,Minecraft Tapi Dunia Daun,PULAU777 emang cari duit santai,No Online Gambling Promotion
kP89U24v-9w,Minecraft Tapi Dunia Daun,Gila sih saldo rekening gue tebel berkat Pulau777,Online Gambling Promotion
kP89U24v-9w,Minecraft Tapi Dunia Daun,aKu mAu mAsUk sYuGa,No Online Gambling Promotion
kP89U24v-9w,Minecraft Tapi Dunia Daun,Dunia mimpi ga,ERROR
kP89U24v-9w,Minecraft Tapi Dunia Daun,komen kebanyakan judol,No Online Gambling Promotion
kP89U24v-9w,Minecraft Tapi Dunia Daun,Dark sistem miya bermunculan,No Online Gambling Promotion
kP89U24v-9w,Minecraft Tapi Dunia Daun,MIYA88 viral WEEDEY 1 juta bikin puas,No Online Gambling Promotion
kP89U24v-9w,Minecraft Tapi Dunia Daun,Bang actions stuff 12 udah hadir,No Online Gambling Promotion
kP89U24v-9w,Minecraft Tapi Dunia Daun,Bang lu ngarahin tanda panahnya arah salah,"lupa ngarahin tanda panahnya arah salah, No Online Gambling Promotion"
kP89U24v-9w,Minecraft Tapi Dunia Daun,Pencet Dislike Unsubscribenya Agar dunianya Dripleaf Gitu sih ku denger,No Online Gambling Promotion
kP89U24v-9w,Minecraft Tapi Dunia Daun,_44 47 744484 373 6 8 7_4686_3 7569 884473436474 44333233334447467 44_4444449944_44933333343383332__ 3_4763857_58 4_67 7 9987337_ kuyang maha hhdvshdhfs hantu dewa Dewi _8484_747 43744 644 4747474647755 47_747737 386477737 3757 47 474474 58474447594 444 44495893393009192893389333394494434 857 6887_7 _ 737877_ 8_ _3_9_ _3__3 Cnesck,No Online Gambling Promotion
kP89U24v-9w,Minecraft Tapi Dunia Daun,Leaf,ERROR
kP89U24v-9w,Minecraft Tapi Dunia Daun,Ketika dunia melarang afk,No Online Gambling Promotion
kP89U24v-9w,Minecraft Tapi Dunia Daun,1000000000000000000000000000000000000000000000000000o00000000000o0000000000000000000000000000000o000000000000000 cari gambar yg ber beda 99999999999,No Online Gambling Promotion
kP89U24v-9w,Minecraft Tapi Dunia Daun,GTR RAWRZZZ,No Online Gambling Promotion
kP89U24v-9w,Minecraft Tapi Dunia Daun,Bang coba main FF bang please bang,"coba main FF, bang please, Bang, No Online Gambling Promotion"
kP89U24v-9w,Minecraft Tapi Dunia Daun,gaya Oma gaya Lupa kulit secret Aku isi Aku mandi suruh mama mandi dalamnya jatuh,No Online Gambling Promotion
kP89U24v-9w,Minecraft Tapi Dunia Daun,Bro mode panik,No Online Gambling Promotion
kP89U24v-9w,Minecraft Tapi Dunia Daun,Aku gak pencet muncul tu,No Online Gambling Promotion
kP89U24v-9w,Minecraft Tapi Dunia Daun,Bang action and stuff updete 12,No Online Gambling Promotion
kP89U24v-9w,Minecraft Tapi Dunia Daun,Plss Bang petani wisata Sari aja Bang 100hai,No Online Gambling Promotion
kP89U24v-9w,Minecraft Tapi Dunia Daun,Endingnya kaya clemendav aja,No Online Gambling Promotion
kP89U24v-9w,Minecraft Tapi Dunia Daun,30000k,No Online Gambling Promotion
kP89U24v-9w,Minecraft Tapi Dunia Daun,Hytam,ERROR
kP89U24v-9w,Minecraft Tapi Dunia Daun,Dunia daun,No Online Gambling Promotion
kP89U24v-9w,Minecraft Tapi Dunia Daun,Bang kalo bunuh Iron Golem Village kayaknya dosamu,No Online Gambling Promotion
kP89U24v-9w,Minecraft Tapi Dunia Daun,Dunia sand bang,No Online Gambling Promotion
kP89U24v-9w,Minecraft Tapi Dunia Daun,Semangat bang lord endo,No Online Gambling Promotion
kP89U24v-9w,Minecraft Tapi Dunia Daun,Letsgooooo,No Online Gambling Promotion
kP89U24v-9w,Minecraft Tapi Dunia Daun,Bang nemu seed village villagerbukan abandoned village seed nya 6881237961984984072 Kordinat village 661 87 267 Hanya bedrock,No Online Gambling Promotion
kP89U24v-9w,Minecraft Tapi Dunia Daun,Anjayy teriakkannya,No Online Gambling Promotion
kP89U24v-9w,Minecraft Tapi Dunia Daun,GK Nemu village dunia datar,No Online Gambling Promotion
kP89U24v-9w,Minecraft Tapi Dunia Daun,Bang endo coba seed seednya5933210 bang endo udah like subscribe bang,"Bang endo udah like subscribe, No Online Gambling Promotion"
kP89U24v-9w,Minecraft Tapi Dunia Daun,Gara gara ngonten bareng zett22 bahasa inggris,No Online Gambling Promotion
kP89U24v-9w,Minecraft Tapi Dunia Daun,Bro mengikuti youtuber negeri bernama Vivilly,No Online Gambling Promotion
kP89U24v-9w,Minecraft Tapi Dunia Daun,Semangat bambang,No Online Gambling Promotion
kP89U24v-9w,Minecraft Tapi Dunia Daun,Suara lets goooo nya eeeeeee top global 1 indonesia bang clement dav,No Online Gambling Promotion
kP89U24v-9w,Minecraft Tapi Dunia Daun,Iron Golem sang penjaga sumur dikalahkan endo,No Online Gambling Promotion
kP89U24v-9w,Minecraft Tapi Dunia Daun,Drip leaf,ERROR
kP89U24v-9w,Minecraft Tapi Dunia Daun,_,ERROR
kP89U24v-9w,Minecraft Tapi Dunia Daun,Semangat kak,No Online Gambling Promotion
kP89U24v-9w,Minecraft Tapi Dunia Daun,Suara nya brutal bang,No Online Gambling Promotion
kP89U24v-9w,Minecraft Tapi Dunia Daun,8,ERROR
kP89U24v-9w,Minecraft Tapi Dunia Daun,Bangsayajugapakemainminecraft Bedrocklohhh,No Online Gambling Promotion
kP89U24v-9w,Minecraft Tapi Dunia Daun,Kok kayak vid nya camman18,No Online Gambling Promotion
kP89U24v-9w,Minecraft Tapi Dunia Daun,Bang dunia pasir kalo dunia pasir udah ya,No Online Gambling Promotion
kP89U24v-9w,Minecraft Tapi Dunia Daun,Kalau mod Gravitasi rumah nya udah jatuhh,No Online Gambling Promotion
kP89U24v-9w,Minecraft Tapi Dunia Daun,Send,ERROR
kP89U24v-9w,Minecraft Tapi Dunia Daun,Bang colab bang remanrhn,No Online Gambling Promotion
kP89U24v-9w,Minecraft Tapi Dunia Daun,Cobweb bang,No Online Gambling Promotion
kP89U24v-9w,Minecraft Tapi Dunia Daun,Bang coba dunia pasir Tujuan mencari besi,"coba dunia pasir Tujuan mencari besi, No Online Gambling Promotion"
kP89U24v-9w,Minecraft Tapi Dunia Daun,Kaya kenal suaranyalets go clementdav dah,No Online Gambling Promotion
kP89U24v-9w,Minecraft Tapi Dunia Daun,Absen 50 cepat,No Online Gambling Promotion
kP89U24v-9w,Minecraft Tapi Dunia Daun,Ke 37,ERROR
kP89U24v-9w,Minecraft Tapi Dunia Daun,Bg kalo abg ngomong e video selesai udh subscribe like,"udh subscribe like, No Online Gambling Promotion"
kP89U24v-9w,Minecraft Tapi Dunia Daun,Saya bingung hunger barnya berkurang,No Online Gambling Promotion
kP89U24v-9w,Minecraft Tapi Dunia Daun,P,ERROR
kP89U24v-9w,Minecraft Tapi Dunia Daun,woooooooooooooooooooooooooooooooooooooodhsidhihdidhdidhid,No Online Gambling Promotion
kP89U24v-9w,Minecraft Tapi Dunia Daun,Bg GK lihat chest blackmsit apalah,No Online Gambling Promotion
kP89U24v-9w,Minecraft Tapi Dunia Daun,LETS GOOOOOOOOOO Telinga gw,No Online Gambling Promotion
kP89U24v-9w,Minecraft Tapi Dunia Daun,GG bang,No Online Gambling Promotion
kP89U24v-9w,Minecraft Tapi Dunia Daun,Bang seed pendek plis,No Online Gambling Promotion
kP89U24v-9w,Minecraft Tapi Dunia Daun,Coba dunia eend rod bg,No Online Gambling Promotion
kP89U24v-9w,Minecraft Tapi Dunia Daun,Bg pake action and stuff bg,No Online Gambling Promotion
kP89U24v-9w,Minecraft Tapi Dunia Daun,l,No Online Gambling Promotion
kP89U24v-9w,Minecraft Tapi Dunia Daun,JANGAN NGELEG,No Online Gambling Promotion
kP89U24v-9w,Minecraft Tapi Dunia Daun,Dunia penuh koruptor misinya memenjarakan orang,No Online Gambling Promotion
kP89U24v-9w,Minecraft Tapi Dunia Daun,Game stumble guys versi minecraft,No Online Gambling Promotion
kP89U24v-9w,Minecraft Tapi Dunia Daun,bahaya ya,No Online Gambling Promotion
kP89U24v-9w,Minecraft Tapi Dunia Daun,Aku fans mu,ERROR
kP89U24v-9w,Minecraft Tapi Dunia Daun,BANG COBA DUNIA DIAMOND PLIS BACA,"cobakan dunia Diamond Plis baca, No Online Gambling Promotion"
kP89U24v-9w,Minecraft Tapi Dunia Daun,Halo,ERROR
kP89U24v-9w,Minecraft Tapi Dunia Daun,Orang 9,ERROR
kP89U24v-9w,Minecraft Tapi Dunia Daun,Next dunia Komen,No Online Gambling Promotion
kP89U24v-9w,Minecraft Tapi Dunia Daun,Semangat ngonten bang membership nih Bang Alasan Gw gak membership Karena duit gw 800 rupiah gak,No Online Gambling Promotion
kP89U24v-9w,Minecraft Tapi Dunia Daun,Halo bg,ERROR
kP89U24v-9w,Minecraft Tapi Dunia Daun,Suara Letsgoooo Nya renyah banget,No Online Gambling Promotion
kP89U24v-9w,Minecraft Tapi Dunia Daun,Semangat kontennya bangg,No Online Gambling Promotion
kP89U24v-9w,Minecraft Tapi Dunia Daun,Assalamualaikum,No Online Gambling Promotion
kP89U24v-9w,Minecraft Tapi Dunia Daun,First,ERROR
kP89U24v-9w,Minecraft Tapi Dunia Daun,Keren flatnya varian,No Online Gambling Promotion
kP89U24v-9w,Minecraft Tapi Dunia Daun,Pertama,ERROR
kP89U24v-9w,Minecraft Tapi Dunia Daun,Pertama,No Online Gambling Promotion
yCxIgpMUGhE,Kalo abis gajian semuanya pengen dibeli 😁,SOK GAJIAN WAKTU BAYAR KELUAR 100K DOANG,No Online Gambling Promotion
yCxIgpMUGhE,Kalo abis gajian semuanya pengen dibeli 😁,Mno,silakan ulangi. Tidak dapat menentukan label karena komentar tidak terlalu jelas.
yCxIgpMUGhE,Kalo abis gajian semuanya pengen dibeli 😁,Bang puasa loh,No Online Gambling Promotion
yCxIgpMUGhE,Kalo abis gajian semuanya pengen dibeli 😁,tarik masse kasih gajian nongkrong bareng temenwukong778 asik,No Online Gambling Promotion
yCxIgpMUGhE,Kalo abis gajian semuanya pengen dibeli 😁,setuju bro gw jg main jptogel77 gacir,"saya juga main judi slot jptogel77, Online Gambling Promotion"
yCxIgpMUGhE,Kalo abis gajian semuanya pengen dibeli 😁,Cukup bagus bagus kali depo 30k dikasi wd 400 lumayan sensasi petir merah JPTOGEL77 cobain dah nihh,Online Gambling Promotion
yCxIgpMUGhE,Kalo abis gajian semuanya pengen dibeli 😁,makasih jptogel77 udah ngebuat kemenangan perihal lazim gue,Online Gambling Promotion
yCxIgpMUGhE,Kalo abis gajian semuanya pengen dibeli 😁,bermain website langganan gw bro J P T O G E L 7 7 ga butuh sertaan pola pola ga nyata emg situsnya bagus puteran sm pecahannya jg bagus gaskeun brooo bermain tipis2,Online Gam
yCxIgpMUGhE,Kalo abis gajian semuanya pengen dibeli 😁,cobain aja bro main JPTOGEL77 gue coba main langsung dikasih profit,"gua coba main langsung diberikan profit, Online Gambling Promotion"
yCxIgpMUGhE,Kalo abis gajian semuanya pengen dibeli 😁,udah langsung main JPTOGEL77 bang udah terjamin gacir banget zeusnya wkwkkwwk,Online Gambling Promotion
yCxIgpMUGhE,Kalo abis gajian semuanya pengen dibeli 😁,ketemu situs ga pelit nih bang langsung aja JPTOGEL77,Online Gambling Promotion
yCxIgpMUGhE,Kalo abis gajian semuanya pengen dibeli 😁,Wah seru banget Gue gabung JPTOGEL77 langsung gas lingnya Main enak banget cuan,"saya gabung JPTOGEL77 langsung, main enak banget cuan, Online Gambling Promotion"
yCxIgpMUGhE,Kalo abis gajian semuanya pengen dibeli 😁,Apa nama link jptogel77 nya bossku,Online Gambling Promotion
yCxIgpMUGhE,Kalo abis gajian semuanya pengen dibeli 😁,main jptogel77 suaranya,Online Gambling Promotion
yCxIgpMUGhE,Kalo abis gajian semuanya pengen dibeli 😁,situs terbesar kebanggan gw jptogel77,Online Gambling Promotion
yCxIgpMUGhE,Kalo abis gajian semuanya pengen dibeli 😁,Ganas slt JPTOGEL77 modal narik sejuta om,Online Gambling Promotion
yCxIgpMUGhE,Kalo abis gajian semuanya pengen dibeli 😁,heran lihat postingan pda JP jdi penasaran coba main receha ehh beneran JP seneng banget dooonggg slt gacir gampang maxwin pragmatic play JPTOGEL77 nama situsnya bro,Online Gambling
yCxIgpMUGhE,Kalo abis gajian semuanya pengen dibeli 😁,Beruntung banget bersyukur banget gw nemu situs JPTOGEL77 semenjak gw bergabung disitus banget nerima keuntungan super gede WD gak absen1 suka depo wd secepat kilat admin nya ramah,Online Gambling Promotion
yCxIgpMUGhE,Kalo abis gajian semuanya pengen dibeli 😁,iseng coba jptogel77 bnrn JP wkwkwkwk keren,Online Gambling Promotion
yCxIgpMUGhE,Kalo abis gajian semuanya pengen dibeli 😁,nih galau rungkad coba main JPTOGEL77 seminggu join kasih JP gede brayy,Online Gambling Promotion
yCxIgpMUGhE,Kalo abis gajian semuanya pengen dibeli 😁,jptogel77 asu bnrn gacir,Online Gambling Promotion
yCxIgpMUGhE,Kalo abis gajian semuanya pengen dibeli 😁,Harapan semoga kedepannya cuan ya situs JPTOGEL77 hati wajib sih main situs,Online Gambling Promotion
yCxIgpMUGhE,Kalo abis gajian semuanya pengen dibeli 😁,jptogel77 Kebanggan rakyat,Online Gambling Promotion
yCxIgpMUGhE,Kalo abis gajian semuanya pengen dibeli 😁,JPtogel77 bikin main seru cuan gak berhenti mengalir event scater ZEUS,Online Gambling Promotion
yCxIgpMUGhE,Kalo abis gajian semuanya pengen dibeli 😁,mantap nih situs JPTOGEL77 kali main udah dikasih menang aja,Online Gambling Promotion
yCxIgpMUGhE,Kalo abis gajian semuanya pengen dibeli 😁,Aku kasih menang diluar prediksi ku rungkat dikasih menang s1tus JPTOGEL77,Online Gambling Promotion
yCxIgpMUGhE,Kalo abis gajian semuanya pengen dibeli 😁,situs jptogel77 mantap rtp polanya gua langsung maxwin kasih pola rtp situs loe gak nyesel deh main disitus cari aja google jptogel77,Online Gambling Promotion
yCxIgpMUGhE,Kalo abis gajian semuanya pengen dibeli 😁,Saran gua si bang player coba JPtogel77 temen gua maxwin main cari aja google JPtogel77,Online Gambling Promotion
yCxIgpMUGhE,Kalo abis gajian semuanya pengen dibeli 😁,JPTOGEL77 slt gacir Mantul Terus Gelem Cuan,Online Gambling Promotion
yCxIgpMUGhE,Kalo abis gajian semuanya pengen dibeli 😁,makasih Jptogel77 seumur umur kali lihat perkalian merah wd 3 juta modal 60k,Online Gambling Promotion
yCxIgpMUGhE,Kalo abis gajian semuanya pengen dibeli 😁,diberkahi kakek zeus nikmat ampun JPTOGEL77 toppppp,Online Gambling Promotion
yCxIgpMUGhE,Kalo abis gajian semuanya pengen dibeli 😁,mantap bget ni bree ni situs bagi2 uang JPTOGEL77 rezeki butuh wkwk,Online Gambling Promotion
yCxIgpMUGhE,Kalo abis gajian semuanya pengen dibeli 😁,keren jptogel77,Online Gambling Promotion
yCxIgpMUGhE,Kalo abis gajian semuanya pengen dibeli 😁,jptogel77 maxwin pragmatic pg soft nya rame,Online Gambling Promotion
yCxIgpMUGhE,Kalo abis gajian semuanya pengen dibeli 😁,saldo nya turun langsung coba main olimpus pakai pola situs JPTOGEL77 nya yg berurutan langsung otw wd,"coba main olimpus pakai pola situs JPTOGEL77 yang berurutan langsung otw wd, Online Gambling Promotion"
yCxIgpMUGhE,Kalo abis gajian semuanya pengen dibeli 😁,gw kasi kisi2 halus sikit main la JPTOGEL77 anak nih brani kasi wr tinggi2 wkwkwkwk gas biar kapok,"brani kasi warna tinggi wkwkwkwk gas biar kapok, Online Gambling Promotion"
yCxIgpMUGhE,Kalo abis gajian semuanya pengen dibeli 😁,nih jptogel77 pantes bnyk yg promoin gila gampang JP nya,Online Gambling Promotion
yCxIgpMUGhE,Kalo abis gajian semuanya pengen dibeli 😁,JptogeI77 Yg bnr gacirr,Online Gambling Promotion
yCxIgpMUGhE,Kalo abis gajian semuanya pengen dibeli 😁,udah ciuuaan deh main JPTOGEL77 ga pindah situs lagikarena situs uadah kksih menang beneran udah nyaman bangetttttttt,Online Gambling Promotion
yCxIgpMUGhE,Kalo abis gajian semuanya pengen dibeli 😁,TERIMAKASIH jptogel77,Online Gambling Promotion
yCxIgpMUGhE,Kalo abis gajian semuanya pengen dibeli 😁,ramai yg main jptogel77 wkwkwk mmg gampang JP sih,Online Gambling Promotion
yCxIgpMUGhE,Kalo abis gajian semuanya pengen dibeli 😁,pas rungkad rungkad nya saranin main temen JPtogel77 kasih gacir,Online Gambling Promotion
yCxIgpMUGhE,Kalo abis gajian semuanya pengen dibeli 😁,SUPER MANTAPrasakan SENSASIONAL PGSOFT OLYMPUS SAMA PRINCES Lainnya JPTOGEL77,Online Gambling Promotion
yCxIgpMUGhE,Kalo abis gajian semuanya pengen dibeli 😁,gw tau JPTOGEL77 komen asli bnrn gacir,Online Gambling Promotion
yCxIgpMUGhE,Kalo abis gajian semuanya pengen dibeli 😁,enaknya abang nrima web gacir JPTOGEL77 bermukim nunggu jam melambung nya aja ngab,Online Gambling Promotion
yCxIgpMUGhE,Kalo abis gajian semuanya pengen dibeli 😁,wkwkwkwkwk viral ni situs jptogel77,Online Gambling Promotion
yCxIgpMUGhE,Kalo abis gajian semuanya pengen dibeli 😁,JPtogel77 bro Pagmatic nya viral maxwin grup sebelah bro situs JPtogel77,Online Gambling Promotion
yCxIgpMUGhE,Kalo abis gajian semuanya pengen dibeli 😁,maacihhh abang bos gw ngerasain namanya wede cuannn gedek terbaik bermain web JPTOGEL77,Online Gambling Promotion
yCxIgpMUGhE,Kalo abis gajian semuanya pengen dibeli 😁,Rezeki anak jackpot 2jt jptogel77 hahahaa modal 50rb doang cari aja google jptogel77,Online Gambling Promotion
yCxIgpMUGhE,Kalo abis gajian semuanya pengen dibeli 😁,Cuma kasi masukan aja Bang main jptogel77 main sportif g Rungkad dikasi menang,"main judi jptogel77, main sportif, gacor di Rungkad dikasi menang, Online Gambling Promotion"
yCxIgpMUGhE,Kalo abis gajian semuanya pengen dibeli 😁,jancok jptogel77 enak bgt JP nya,Online Gambling Promotion
yCxIgpMUGhE,Kalo abis gajian semuanya pengen dibeli 😁,suka bertemu ni link JPTOGEL77 nya udah web coba web ngasih terimakasih,"coba web ngasih terimakasih, Online Gambling Promotion"
yCxIgpMUGhE,Kalo abis gajian semuanya pengen dibeli 😁,mantap bro JP tipis JPtogel77 ngangkat aja udah lumayan makasih JPtogel77 udah kasih kemenangan,Online Gambling Promotion
yCxIgpMUGhE,Kalo abis gajian semuanya pengen dibeli 😁,Pragmatic nya JPTOGEL77 enak poll sih maen bet receh JP disana cari aja google JPTOGEL77,Online Gambling Promotion
yCxIgpMUGhE,Kalo abis gajian semuanya pengen dibeli 😁,Gas tu gan jptogel77 zeusnya nya galak tu aja tu ngasi gw dikasi maxwin,Online Gambling Promotion
yCxIgpMUGhE,Kalo abis gajian semuanya pengen dibeli 😁,Jangan tunggu2 deh bang alian coba main JPTOGEL77 asli kegaciran nya parah Buktikan aja main website nya JPTOGEL77,"buktikan aja main website nya JPTOGEL77, Online Gambling Promotion"
yCxIgpMUGhE,Kalo abis gajian semuanya pengen dibeli 😁,Beda banget situs yg main berulang ulang modal gede menang JPTOGEL77 main aja uda dikasih maxwin top bgt situs,"main aja udah diberi maxwin top bagus situs, Online Gambling Promotion"
yCxIgpMUGhE,Kalo abis gajian semuanya pengen dibeli 😁,JPTOGEL77 makasi uda ngasih keren pokoknya JPTOGEL77 sesuai pnya isi nya,Online Gambling Promotion
yCxIgpMUGhE,Kalo abis gajian semuanya pengen dibeli 😁,ga bikin kecewa kalo main JPTOGEL77 game nya bagusmpuatarannya bonuss mantap betull la,"puatarannya bonuss mantap betul, Online Gambling Promotion"
yCxIgpMUGhE,Kalo abis gajian semuanya pengen dibeli 😁,gokilll mantul kali JPTOGEL77 makasih info gacirny kakak,Online Gambling Promotion
yCxIgpMUGhE,Kalo abis gajian semuanya pengen dibeli 😁,Saya depo barusan 3x wdnya 7 kali Jptogel77,Online Gambling Promotion
yCxIgpMUGhE,Kalo abis gajian semuanya pengen dibeli 😁,Makasih JPTOGEL77 withdraw dah landing secepat kilat gacirnya kaleng kaleng,Online Gambling Promotion
yCxIgpMUGhE,Kalo abis gajian semuanya pengen dibeli 😁,Kalo nyari gacir JPTOGEL77 jawabannya bree karna gw main disana ksh menang breee cari aja google JPTOGEL77,Online Gambling Promotion
yCxIgpMUGhE,Kalo abis gajian semuanya pengen dibeli 😁,tmn gw jptogel77 rame bgt tuh situs bre gila,Online Gambling Promotion
yCxIgpMUGhE,Kalo abis gajian semuanya pengen dibeli 😁,tengkiu bosku kasi teman2 setongkrongan traktiran makan minum enak semoga jaya JPTOGEL77,Online Gambling Promotion
yCxIgpMUGhE,Kalo abis gajian semuanya pengen dibeli 😁,Ibarat pepatah gak kenal gak sayang silahkan coba bro main JPTOGEL77 rasakan main JPTOGEL77 maxwin bro,"silahkan coba bro main JPTOGEL77 rasakan main JPTOGEL77 maxwin, Online Gambling Promotion"
yCxIgpMUGhE,Kalo abis gajian semuanya pengen dibeli 😁,udah kali gue main JPTOGEL77 wd meluncur aman bonus slalu,"wadah meluncur aman bonus selalu, Online Gambling Promotion"
yCxIgpMUGhE,Kalo abis gajian semuanya pengen dibeli 😁,main server emang mantep ga turun naek nih jptogel77,No Online Gambling Promotion
yCxIgpMUGhE,Kalo abis gajian semuanya pengen dibeli 😁,Mau JptogeI77,Online Gambling Promotion
yCxIgpMUGhE,Kalo abis gajian semuanya pengen dibeli 😁,JPTOGEL77 bnrn gacir bre,Online Gambling Promotion
yCxIgpMUGhE,Kalo abis gajian semuanya pengen dibeli 😁,duduk dudukk ngopii enak nya mainn slt JPTOGEL77,Online Gambling Promotion
yCxIgpMUGhE,Kalo abis gajian semuanya pengen dibeli 😁,Saya merasakan keberuntungan JPTOGEL77 gabung bro,Online Gambling Promotion
yCxIgpMUGhE,Kalo abis gajian semuanya pengen dibeli 😁,Kakak wedein sketer s1tusnya JPTOGEL77 max mantapnya id tuh JPTOGEL77 sepele sketer brader,"id tuh JPTOGEL7EL sepele adik, Online Gambling Promotion"
yCxIgpMUGhE,Kalo abis gajian semuanya pengen dibeli 😁,main JPTOGEL77 aja kang pragmatic seragam pg soft nya tertib timbul maxwin tnya sm admin nya kasih info google bray JPTOGEL77 aja,Online Gambling Promotion
yCxIgpMUGhE,Kalo abis gajian semuanya pengen dibeli 😁,Sukses JPTOGEL77,Online Gambling Promotion
yCxIgpMUGhE,Kalo abis gajian semuanya pengen dibeli 😁,Berkali kali main Olympus JPTOGEL77 hasilnya mantapp wee semoga ikutin saran Hokinya ya,Online Gambling Promotion
yCxIgpMUGhE,Kalo abis gajian semuanya pengen dibeli 😁,selamet alam memprihatinkan wkwk dorongan bermain JPTOGEL77 udah keuntungan game clam enventya astaga mantap memanglah lagak website nya bosskuu,Online Gambling Promotion
yCxIgpMUGhE,Kalo abis gajian semuanya pengen dibeli 😁,khawatir Hal orang pikirkan pikirkan Hal dirimu JPTOGEL77 gk percaya sih cocok buktiin memanglah website gacirnya,"kami tidak percaya sih cocok bukti ini memanglah website gacor, No Online Gambling Promotion"
yCxIgpMUGhE,Kalo abis gajian semuanya pengen dibeli 😁,sy main JPtogel77 doang mas ga pindah2 ya kadang loss ya ga sampe beli fortuner karaoke sih lc gw minimal 2 bos hahaha,Online Gambling Promotion
yCxIgpMUGhE,Kalo abis gajian semuanya pengen dibeli 😁,nyari2 link mantul kali ni gw setuju JPTOGEL77 gacir,Online Gambling Promotion
yCxIgpMUGhE,Kalo abis gajian semuanya pengen dibeli 😁,terimakasih rekomendasi link gacirnya kakak jptogel77,Online Gambling Promotion
yCxIgpMUGhE,Kalo abis gajian semuanya pengen dibeli 😁,jptogel77 pelunas utang gw cok WKWKWKWK,Online Gambling Promotion
yCxIgpMUGhE,Kalo abis gajian semuanya pengen dibeli 😁,link nya Jptogel77 boss donk,Online Gambling Promotion
yCxIgpMUGhE,Kalo abis gajian semuanya pengen dibeli 😁,Semoga kemudahan main JPTOGEL77,Online Gambling Promotion
yCxIgpMUGhE,Kalo abis gajian semuanya pengen dibeli 😁,jptogel77 MAKASIH BNRN ASIK JP AJA,Online Gambling Promotion
yCxIgpMUGhE,Kalo abis gajian semuanya pengen dibeli 😁,gue gak nyangka menang JPTOGEL77 Tempat,No Online Gambling Promotion
yCxIgpMUGhE,Kalo abis gajian semuanya pengen dibeli 😁,mantap jptogel77,Online Gambling Promotion
yCxIgpMUGhE,Kalo abis gajian semuanya pengen dibeli 😁,kali awak rasain JP 100juta JPTOGEL77,Online Gambling Promotion
yCxIgpMUGhE,Kalo abis gajian semuanya pengen dibeli 😁,Cuman 35 menin main slt situs JPTOGEL77 asli gokik kali guys Gak bosan bener2 website yg gacir2 nya,"Gak bosan benar-benar website yang gacor nyanya, Online Gambling Promotion"
yCxIgpMUGhE,Kalo abis gajian semuanya pengen dibeli 😁,Gan hasil wede cair bermain dis3rver JPTOGEL77 angan angan member gua kelepek saking cakapnya JPTOGEL77 nyarik cuan,"member gua kelepek saking cakapnya JPTOGEL77 nyarik cuan, Online Gambling Promotion"
yCxIgpMUGhE,Kalo abis gajian semuanya pengen dibeli 😁,Riwayat kalah ku situs sebelah cuman situs JPTOGEL77 penyelamat keuangan ku,No Online Gambling Promotion
yCxIgpMUGhE,Kalo abis gajian semuanya pengen dibeli 😁,Mau daptr jptogel77 bos ku,Online Gambling Promotion
yCxIgpMUGhE,Kalo abis gajian semuanya pengen dibeli 😁,main disitus sebelah asik kalah depo semenjak kenal JPtogel77 lunas utang gw bre paten JPtogel77,Online Gambling Promotion
yCxIgpMUGhE,Kalo abis gajian semuanya pengen dibeli 😁,situs JPTOGEL77 bro gak makan orang mala kasih uang main disni makasi la uda recomen,"makasi la udah rekomendasi, Online Gambling Promotion"
yCxIgpMUGhE,Kalo abis gajian semuanya pengen dibeli 😁,Habis kesamber petirnya kakek main JPTOGEL77 scatternya gilagilaanputarannya bagus mantap kali main bang,Online Gambling Promotion
yCxIgpMUGhE,Kalo abis gajian semuanya pengen dibeli 😁,main jptogel77 udah gw rasakan mmg gacir,Online Gambling Promotion
yCxIgpMUGhE,Kalo abis gajian semuanya pengen dibeli 😁,kiraen admin beneran enak jptogel77 asu,Online Gambling Promotion
yCxIgpMUGhE,Kalo abis gajian semuanya pengen dibeli 😁,pemula bermain modal saranin main JPTOGEL77 bang udah terjamin wd dibayar gacir,Online Gambling Promotion
yCxIgpMUGhE,Kalo abis gajian semuanya pengen dibeli 😁,Mas suka JP bagusan cobain JPTOGEL77 gua narikk maunya gua rejeki kebagi play JPTOGEL77,"gua narik maunya gua rejeki kebagi play JPTOGEL77, Online Gambling Promotion"
yCxIgpMUGhE,Kalo abis gajian semuanya pengen dibeli 😁,sukses jptogel77,Online Gambling Promotion
yCxIgpMUGhE,Kalo abis gajian semuanya pengen dibeli 😁,Sukses slalu jptogel77,Online Gambling Promotion
yCxIgpMUGhE,Kalo abis gajian semuanya pengen dibeli 😁,yg main google aja JPTOGEL77 tar gw promosi,No Online Gambling Promotion
yCxIgpMUGhE,Kalo abis gajian semuanya pengen dibeli 😁,Cuma kasi masukan aja Bang main JPTOGEL77 main sportif g Rungkad dikasi menang pokoknya cari tambahan alternatif main pokoknya mantap lha cek aj bang google nama nya JPTOGEL77,main JPTOGEL77 main sportif g Rungkad dikasi menang pokoknya cari tambahan alternatif main pokoknya mantap lha cek aj bang google nama nya JPTOGEL
yCxIgpMUGhE,Kalo abis gajian semuanya pengen dibeli 😁,keren banget jptogel77 kerungkatan bro rasio kemenangannya banget gokil,Online Gambling Promotion
yCxIgpMUGhE,Kalo abis gajian semuanya pengen dibeli 😁,emang ya jptogel77 gampang menang,Online Gambling Promotion
yCxIgpMUGhE,Kalo abis gajian semuanya pengen dibeli 😁,Sukses JptogeI77,Online Gambling Promotion
yCxIgpMUGhE,Kalo abis gajian semuanya pengen dibeli 😁,makasih admin sahabat sahabat udah membujuk bermain jptogel77 gacir akut,Online Gambling Promotion
yCxIgpMUGhE,Kalo abis gajian semuanya pengen dibeli 😁,TERIMAKASIH JPTOGEL77 MEMANG SUPER HOKI KEREN TEPERCAYA DAN NYATA,Online Gambling Promotion
yCxIgpMUGhE,Kalo abis gajian semuanya pengen dibeli 😁,oke mantap Jptogel77 udah wd ya otw mabar teman jg,"udah withdraw ya otw mabar teman juga, Online Gambling Promotion"
yCxIgpMUGhE,Kalo abis gajian semuanya pengen dibeli 😁,main situs cuman umbar janji manis emang beneran UNTUNG main situs JPTOGEL77 ku gak menang eh dapet wEdEan,Online Gambling Promotion
yCxIgpMUGhE,Kalo abis gajian semuanya pengen dibeli 😁,mantap bro JP tipis jptogel77 ngakat aja udah lumayan makasih jptogel77 udah kasih menang,"udah lumayan makasih jptogel77, udah kasih menang, Online Gambling Promotion"
yCxIgpMUGhE,Kalo abis gajian semuanya pengen dibeli 😁,main ni ya wee kasi tau main JPTOGEL77 depsoit gampang wede cepat kuyyy daftar wee jamin gacir,Online Gambling Promotion
yCxIgpMUGhE,Kalo abis gajian semuanya pengen dibeli 😁,makasih infonya kwnkwn jptogel77 ane dh daftar jg ya semoga amanah,"aku daftar juga ya semoga amanah, Online Gambling Promotion"
yCxIgpMUGhE,Kalo abis gajian semuanya pengen dibeli 😁,Makin seru JPTOGEL77 sltnya oke banget bonusnya bikin senang untung melimpah memberikaan cuan teruss nya emang gokil bangett,Online Gambling Promotion
yCxIgpMUGhE,Kalo abis gajian semuanya pengen dibeli 😁,Mantap Betul ahh gini gak sia sia deh gua main JPTOGEL77 keren pokonya,Online Gambling Promotion
yCxIgpMUGhE,Kalo abis gajian semuanya pengen dibeli 😁,Bangun tidur ku ngeslt emang paten kali JPTOGEL77 nih apa2 udah maxwin kirain mimpi doang maxwin,Online Gambling Promotion
yCxIgpMUGhE,Kalo abis gajian semuanya pengen dibeli 😁,maen ujung2nya JPTOGEL77 emang jarang ngasi gede umr jakarta mah kalah bos u cobain cari aja google namanya JPTOGEL77 ga usa pm2 gua ribet u nilai aja gw bohong kaga cari aja google JPTOGEL77,ERROR
yCxIgpMUGhE,Kalo abis gajian semuanya pengen dibeli 😁,gaji umr uang tambahan mah udah party malming wkwkkwkw makasih JPTOGEL77,No Online Gambling Promotion
yCxIgpMUGhE,Kalo abis gajian semuanya pengen dibeli 😁,Buat berani main bet 2000 modal 100rb doang ehh dikasih maxwin kakek mantap bener emng situs nya JPTOGEL77 gass gini terpecaya situs nya,Online Gambling Promotion
yCxIgpMUGhE,Kalo abis gajian semuanya pengen dibeli 😁,SUPER MANTAP JPTOGEL77 TERBAIK PALING MANTAP DENGAN RTP DI ATAS 98 BAGUS BANGET SEMOGA HOKI SEMOGA BISA NULAR SAMA PELAYER LAIN,Online
yCxIgpMUGhE,Kalo abis gajian semuanya pengen dibeli 😁,SUPER MANTAP SITUS JPTOGEL77 GAMPANG MENANGNYA,Online Gambling Promotion
yCxIgpMUGhE,Kalo abis gajian semuanya pengen dibeli 😁,Mau Depo Berapapun Disini Uda Pasti Auto Wede Nama Situsnya Nih Gua Bocorin Cari Aja Digoogle JPTOGEL77 Pasti Ketemu,Online Gambling Promotion
yCxIgpMUGhE,Kalo abis gajian semuanya pengen dibeli 😁,jptogel77 real tuh dah gw coba bnrn gacir,Online Gambling Promotion
yCxIgpMUGhE,Kalo abis gajian semuanya pengen dibeli 😁,Gak kecewa main JPTOGEL77 slt on fire,Online Gambling Promotion
yCxIgpMUGhE,Kalo abis gajian semuanya pengen dibeli 😁,Up Up Upaku coba bang gacir sltnya ya JPTOGEL77 pantes rame kali comment hahaha,Online Gambling Promotion
yCxIgpMUGhE,Kalo abis gajian semuanya pengen dibeli 😁,makasihh bangeett temeenkuu udah kasih rekomend web JPtogel77 ga rungkad web sebela,No Online Gambling Promotion
yCxIgpMUGhE,Kalo abis gajian semuanya pengen dibeli 😁,nyesel bener maen jptogel77 depo receh wd berkali2 kalo dr ud kebeli tuh vespa matic wekekek HAHAHHAHA,Online Gambling Promotion
yCxIgpMUGhE,Kalo abis gajian semuanya pengen dibeli 😁,dikasih pola maxwin merasakan maxwin disitus JPTOGEL77 mantapp gacir banget,Online Gambling Promotion
yCxIgpMUGhE,Kalo abis gajian semuanya pengen dibeli 😁,komunitas nang jptogel77 iki apik silih bawa,Online Gambling Promotion
yCxIgpMUGhE,Kalo abis gajian semuanya pengen dibeli 😁,Keren euyy jptogel77,Online Gambling Promotion
yCxIgpMUGhE,Kalo abis gajian semuanya pengen dibeli 😁,nya ketemu situs JPTOGEL77 JP coba dh lu gua aj kasih member,Online Gambling Promotion
yCxIgpMUGhE,Kalo abis gajian semuanya pengen dibeli 😁,gw main JPTOGEL77 sampe bikin 3 akun kirain rungkad salah eh wd mulu wkkwkwk,Online Gambling Promotion
yCxIgpMUGhE,Kalo abis gajian semuanya pengen dibeli 😁,main JPTOGEL77 coba berkali kali main situs JPTOGEL77 terbukti W3De3 akun ku deh ga nyedot situsnya,Online Gambling Promotion
yCxIgpMUGhE,Kalo abis gajian semuanya pengen dibeli 😁,JPTOGEL77 emang juara kepuasan bermain Cuan mengalir,Online Gambling Promotion
yCxIgpMUGhE,Kalo abis gajian semuanya pengen dibeli 😁,suka banget main s1tus JPTOGEL77 pokoknya the best emg,Online Gambling Promotion
yCxIgpMUGhE,Kalo abis gajian semuanya pengen dibeli 😁,nice link bagus jptogel77,Online Gambling Promotion
yCxIgpMUGhE,Kalo abis gajian semuanya pengen dibeli 😁,like doain menang main jptogel77,Online Gambling Promotion
yCxIgpMUGhE,Kalo abis gajian semuanya pengen dibeli 😁,mantapp traktiran teman main cosmictoto profit,No Online Gambling Promotion
yCxIgpMUGhE,Kalo abis gajian semuanya pengen dibeli 😁,Berbagi indah boss qu gw jg dpt komenkomen main JPTOGEL77 mantap,"kw juga dapat komentar main JPTOGEL77 mantap, Online Gambling Promotion"
yCxIgpMUGhE,Kalo abis gajian semuanya pengen dibeli 😁,Cuma kasi masukan aja Bang main jptogel77 main sportif g Rungkad dikasi menang,"bang main jptogel77 main sportif g Rungkad dikasi menang, Online Gambling Promotion"
yCxIgpMUGhE,Kalo abis gajian semuanya pengen dibeli 😁,pantes rame jptogel77 wkwkwkwkwk,Online Gambling Promotion
yCxIgpMUGhE,Kalo abis gajian semuanya pengen dibeli 😁,Beruntung banget bersyukur banget gw nemu situs JPTOGEL77 semenjak gw bergabung disitus banget nerima keuntungan super gede WD gak absen1 suka depo wd secepat kilat admin nya ramah,Online Gambling Promotion
yCxIgpMUGhE,Kalo abis gajian semuanya pengen dibeli 😁,Saran coba JPTOGEL77 bg link nya gak pelit tu mmber uda psti dikasih JP tmn gw jga mawin disitu,"tu mmber uda psti dikasih JP tmn gw jga mawin disitu, Online Gambling Promotion"
yCxIgpMUGhE,Kalo abis gajian semuanya pengen dibeli 😁,Setelah pakai gue bilang MANDALIKA77 layak diperhitungkan,No Online Gambling Promotion
yCxIgpMUGhE,Kalo abis gajian semuanya pengen dibeli 😁,kasihan abang nya cik coment kaya gini,No Online Gambling Promotion
yCxIgpMUGhE,Kalo abis gajian semuanya pengen dibeli 😁,GUYS YUK DUKUNG ANAK BANGSA INDONESIA CARMEN DI SM ENTERTAIMENT AYO KALIAN DUKUNG CARMEN DI HEARTS2HEARTS YANG GAK SUKA KPOP AYO COBA DULU SINI ENAK LAGUNYA,No Online Gambling Promotion
yCxIgpMUGhE,Kalo abis gajian semuanya pengen dibeli 😁,maacihhh abang bos gw ngerasain namanya wede cuannn gedek terbaik bermain web JPTOGEL77,Online Gambling Promotion
yCxIgpMUGhE,Kalo abis gajian semuanya pengen dibeli 😁,makasih Jptogel77 seumur umur kali lihat perkalian merah wd 3 juta modal 60k,Online Gambling Promotion
yCxIgpMUGhE,Kalo abis gajian semuanya pengen dibeli 😁,gokilll mantul kali JPTOGEL77 makasih info gacirny kakak,Online Gambling Promotion
yCxIgpMUGhE,Kalo abis gajian semuanya pengen dibeli 😁,nyari2 link mantul kali ni gw setuju JPTOGEL77 gacir,Online Gambling Promotion
yCxIgpMUGhE,Kalo abis gajian semuanya pengen dibeli 😁,like doain menang main jptogel77,Online Gambling Promotion
yCxIgpMUGhE,Kalo abis gajian semuanya pengen dibeli 😁,sukses jptogel77,Online Gambling Promotion
yCxIgpMUGhE,Kalo abis gajian semuanya pengen dibeli 😁,cobain aja bro main JPTOGEL77 gue coba main langsung dikasih profit,"gua coba main langsung diberikan profit, Online Gambling Promotion"
yCxIgpMUGhE,Kalo abis gajian semuanya pengen dibeli 😁,nih jam segini dikasih JPTOGEL77,Online Gambling Promotion
yCxIgpMUGhE,Kalo abis gajian semuanya pengen dibeli 😁,link nya Jptogel77 boss donk,Online Gambling Promotion
yCxIgpMUGhE,Kalo abis gajian semuanya pengen dibeli 😁,situs terbesar kebanggan gw jptogel77,Online Gambling Promotion
yCxIgpMUGhE,Kalo abis gajian semuanya pengen dibeli 😁,Saran coba JPTOGEL77 bg link nya gak pelit tu mmber uda psti dikasih JP tmn gw jga mawin disitu,"tu munggu udah diposting di kasih JP tim nya, saya juga mau win disitu, Online Gambling Promotion"
yCxIgpMUGhE,Kalo abis gajian semuanya pengen dibeli 😁,iseng iseng ajak doi main jptogel77 kaget ngeliat petirnya kek wkwk,Online Gambling Promotion
yCxIgpMUGhE,Kalo abis gajian semuanya pengen dibeli 😁,seru banget main JPTOGEL77 Modal 100 menang gac0rnya diluar dugaan,Online Gambling Promotion
yCxIgpMUGhE,Kalo abis gajian semuanya pengen dibeli 😁,JPTOGEL77 bnrn gacir bre,Online Gambling Promotion
yCxIgpMUGhE,Kalo abis gajian semuanya pengen dibeli 😁,gw main JPTOGEL77 sampe bikin 3 akun kirain rungkad salah eh wd mulu wkkwkwk,"kirain rungkad salah eh wd mulu wkkwkwk, Online Gambling Promotion"
yCxIgpMUGhE,Kalo abis gajian semuanya pengen dibeli 😁,gokilll mantul kali jptogel77 makasih info gacirny kakak,Online Gambling Promotion
yCxIgpMUGhE,Kalo abis gajian semuanya pengen dibeli 😁,gw tau JPTOGEL77 komen asli bnrn gacir,Online Gambling Promotion
yCxIgpMUGhE,Kalo abis gajian semuanya pengen dibeli 😁,jptogel77 terbaik dah,Online Gambling Promotion
yCxIgpMUGhE,Kalo abis gajian semuanya pengen dibeli 😁,Gemetar bang main JPtogel77 kaget kali perkalian x500 langsung turun iseng gila sih ngerasain maxwin cari aja google JPtogel77,Online Gambling Promotion
yCxIgpMUGhE,Kalo abis gajian semuanya pengen dibeli 😁,suka banget main s1tus JPTOGEL77 pokoknya the best emg,Online Gambling Promotion
yCxIgpMUGhE,Kalo abis gajian semuanya pengen dibeli 😁,Awal sih ragu yah senang main JPTOGEL77 modal receehh doang lohhh,Online Gambling Promotion
yCxIgpMUGhE,Kalo abis gajian semuanya pengen dibeli 😁,JptogeI77 Yg bnr gacirr,Online Gambling Promotion
yCxIgpMUGhE,Kalo abis gajian semuanya pengen dibeli 😁,Aku kasih menang diluar prediksi ku rungkat dikasih menang s1tus JPTOGEL77,Online Gambling Promotion
yCxIgpMUGhE,Kalo abis gajian semuanya pengen dibeli 😁,nya ketemu situs JPTOGEL77 JP coba dh lu gua aj kasih member,Online Gambling Promotion
yCxIgpMUGhE,Kalo abis gajian semuanya pengen dibeli 😁,Gas tu gan jptogel77 zeusnya nya galak tu aja tu ngasi gw dikasi maxwin,Online Gambling Promotion
yCxIgpMUGhE,Kalo abis gajian semuanya pengen dibeli 😁,oke mantap Jptogel77 udah wd ya otw mabar teman jg,"udah withdraw ya otw mabar teman juga, Online Gambling Promotion"
yCxIgpMUGhE,Kalo abis gajian semuanya pengen dibeli 😁,udah ciuuaan deh main JPTOGEL77 ga pindah situs lagikarena situs uadah kksih menang beneran udah nyaman bangetttttttt,Online Gambling Promotion
yCxIgpMUGhE,Kalo abis gajian semuanya pengen dibeli 😁,selamet alam memprihatinkan wkwk dorongan bermain JPTOGEL77 udah keuntungan game clam enventya astaga mantap memanglah lagak website nya bosskuu,"udah keuntungan game clam enventya astaga mantap memanglah lagak website nya boss kuu, Online Gambling Promotion"
yCxIgpMUGhE,Kalo abis gajian semuanya pengen dibeli 😁,jptogel77 ramai nih tmn gw maen situ skrg,Online Gambling Promotion
yCxIgpMUGhE,Kalo abis gajian semuanya pengen dibeli 😁,daftar sampe JPtogel77 kasih terbaik hehe love banget pokonya google bray JPtogel77,"kasih terbaik hehe love banget pokonya Google bray JPtogel77, Online Gambling Promotion"
yCxIgpMUGhE,Kalo abis gajian semuanya pengen dibeli 😁,jptogel77 maxwin pragmatic pg soft nya rame,Online Gambling Promotion
yCxIgpMUGhE,Kalo abis gajian semuanya pengen dibeli 😁,gw kasi kisi2 halus sikit main la JPTOGEL77 anak nih brani kasi wr tinggi2 wkwkwkwk gas biar kapok,"anak ini baru kasi wang tinggi, gas biar kabur (kapok), Online Gambling Promotion"
yCxIgpMUGhE,Kalo abis gajian semuanya pengen dibeli 😁,Main bentar doang saldo langsung drastis Pulau777,No Online Gambling Promotion
yCxIgpMUGhE,Kalo abis gajian semuanya pengen dibeli 😁,Baru join Pulau777 langsung pecah kemenangan gue,Online Gambling Promotion
yCxIgpMUGhE,Kalo abis gajian semuanya pengen dibeli 😁,Duit darurat gue aman menang pulau777,No Online Gambling Promotion
yCxIgpMUGhE,Kalo abis gajian semuanya pengen dibeli 😁,Nggak nyangka modal receh Pulau777 bawa pulang jutaan,No Online Gambling Promotion
yCxIgpMUGhE,Kalo abis gajian semuanya pengen dibeli 😁,Paling suka main PULAU777 cuannya nggak abis abis,No Online Gambling Promotion
yCxIgpMUGhE,Kalo abis gajian semuanya pengen dibeli 😁,Nggak butuh kerja lembur main PulLu777 aja,No Online Gambling Promotion
yCxIgpMUGhE,Kalo abis gajian semuanya pengen dibeli 😁,Gue hoax beneran narik duit PULAU777,Online Gambling Promotion
yCxIgpMUGhE,Kalo abis gajian semuanya pengen dibeli 😁,Gaji turun Tenang gue saldo Pulau777,"tenang gue saldo pulau777, No Online Gambling Promotion"
yCxIgpMUGhE,Kalo abis gajian semuanya pengen dibeli 😁,Paling seneng tuh pas saldo tebel gara gara main PULAU777,No Online Gambling Promotion
yCxIgpMUGhE,Kalo abis gajian semuanya pengen dibeli 😁,Duit jalan jalan aman berkat cuan PULAU777,No Online Gambling Promotion
yCxIgpMUGhE,Kalo abis gajian semuanya pengen dibeli 😁,Dari modal untungnya gede banget Pulau777,No Online Gambling Promotion
yCxIgpMUGhE,Kalo abis gajian semuanya pengen dibeli 😁,Gue udah buktiin main PULAU777 cuan,Online Gambling Promotion
yCxIgpMUGhE,Kalo abis gajian semuanya pengen dibeli 😁,Mau dapet duit cepet Gaskeun PuLAU777 asli gampang menang,Online Gambling Promotion
yCxIgpMUGhE,Kalo abis gajian semuanya pengen dibeli 😁,Makin main PULAU777 lancar cuan masuk,No Online Gambling Promotion
yCxIgpMUGhE,Kalo abis gajian semuanya pengen dibeli 😁,Mainnya gampang sabar pulau777 duit ngalir,No Online Gambling Promotion
yCxIgpMUGhE,Kalo abis gajian semuanya pengen dibeli 😁,Duit makan nongkrong gue aman berkat PULAU777,No Online Gambling Promotion
yCxIgpMUGhE,Kalo abis gajian semuanya pengen dibeli 😁,Penghasilan tambahan ribet PULAU777 solusinya,No Online Gambling Promotion
yCxIgpMUGhE,Kalo abis gajian semuanya pengen dibeli 😁,Main Pulau777 tuh kayak nemu tambang emas asli gacor abis,No Online Gambling Promotion
yCxIgpMUGhE,Kalo abis gajian semuanya pengen dibeli 😁,Main PULAU777 bikin ketagihan banget menang,Online Gambling Promotion
yCxIgpMUGhE,Kalo abis gajian semuanya pengen dibeli 😁,Duit traktir gebetan aman berkat Pulau777,No Online Gambling Promotion
yCxIgpMUGhE,Kalo abis gajian semuanya pengen dibeli 😁,MIYA88 channel gicir top,No Online Gambling Promotion
yCxIgpMUGhE,Kalo abis gajian semuanya pengen dibeli 😁,Jepee MIYA88 bikin wow ya,Online Gambling Promotion
yCxIgpMUGhE,Kalo abis gajian semuanya pengen dibeli 😁,Hati senang MIYA88 dompet tebal bikin hebat ya,No Online Gambling Promotion
yCxIgpMUGhE,Kalo abis gajian semuanya pengen dibeli 😁,Aing dapet gunung MIYA88 bikin puas,Online Gambling Promotion
yCxIgpMUGhE,Kalo abis gajian semuanya pengen dibeli 😁,Aing lihat Siti MIYA88 Vario bikin hepi,No Online Gambling Promotion
yCxIgpMUGhE,Kalo abis gajian semuanya pengen dibeli 😁,Aing lihat MIYA88 bonus bikin puas,No Online Gambling Promotion
yCxIgpMUGhE,Kalo abis gajian semuanya pengen dibeli 😁,WEEDEY bikin MIYA88 viral banget,No Online Gambling Promotion
yCxIgpMUGhE,Kalo abis gajian semuanya pengen dibeli 😁,Server Thailand MIYA88 meekswiin mantap,No Online Gambling Promotion
yCxIgpMUGhE,Kalo abis gajian semuanya pengen dibeli 😁,MIYA88 kasih dompet tebal hati senang bikin puas,No Online Gambling Promotion
yCxIgpMUGhE,Kalo abis gajian semuanya pengen dibeli 😁,Jepee MIYA88 otw top bikin senang,No Online Gambling Promotion
yCxIgpMUGhE,Kalo abis gajian semuanya pengen dibeli 😁,Jepee MIYA88 otw sekabupaten seru,No Online Gambling Promotion
yCxIgpMUGhE,Kalo abis gajian semuanya pengen dibeli 😁,MIYA88 kasih Vario Siti bikin top,No Online Gambling Promotion
yCxIgpMUGhE,Kalo abis gajian semuanya pengen dibeli 😁,Aing senang dompet tebal MIYA88,No Online Gambling Promotion
yCxIgpMUGhE,Kalo abis gajian semuanya pengen dibeli 😁,Aing dompet tebal MIYA88 bikin senang bikin top,Online Gambling Promotion
yCxIgpMUGhE,Kalo abis gajian semuanya pengen dibeli 😁,MIYA88 viral WEEDEY 1 juta bikin kaget ya,No Online Gambling Promotion
yCxIgpMUGhE,Kalo abis gajian semuanya pengen dibeli 😁,Aing otw top 1 MIYA88 Jepee,No Online Gambling Promotion
yCxIgpMUGhE,Kalo abis gajian semuanya pengen dibeli 😁,MIYA88 WEEDEY 1 juta bikin senang bikin top,Online Gambling Promotion
yCxIgpMUGhE,Kalo abis gajian semuanya pengen dibeli 😁,Viral MIYA88 channel gicir,No Online Gambling Promotion
yCxIgpMUGhE,Kalo abis gajian semuanya pengen dibeli 😁,Main MIYA88 gunung bikin kagum ya,No Online Gambling Promotion
yCxIgpMUGhE,Kalo abis gajian semuanya pengen dibeli 😁,Ngga orangnya,ERROR
yCxIgpMUGhE,Kalo abis gajian semuanya pengen dibeli 😁,Aing kaget MIYA88 WEEDEY 1 juta bikin seru,Online Gambling Promotion
yCxIgpMUGhE,Kalo abis gajian semuanya pengen dibeli 😁,Server Thailand MIYA88 auto meekswiin,No Online Gambling Promotion
yCxIgpMUGhE,Kalo abis gajian semuanya pengen dibeli 😁,MIYA88 viral WEEDEY 1 juta seru,No Online Gambling Promotion
yCxIgpMUGhE,Kalo abis gajian semuanya pengen dibeli 😁,Jepee MIYA88 top sekabupaten bikin asyik,No Online Gambling Promotion
yCxIgpMUGhE,Kalo abis gajian semuanya pengen dibeli 😁,Ajaib banget MIYA88 utang lunas,No Online Gambling Promotion
yCxIgpMUGhE,Kalo abis gajian semuanya pengen dibeli 😁,MIYA88 scatter melimpah bikin mekswin bikin hebat,Online Gambling Promotion
yCxIgpMUGhE,Kalo abis gajian semuanya pengen dibeli 😁,MIYA88 ertepe Thailand meekswiin bikin hebat ya,"karena tidak ada kata-kata yang menyebutkan permainan judi online atau bonus, maka ini hanya sebuah promosi slot online dan tidak mel"
yCxIgpMUGhE,Kalo abis gajian semuanya pengen dibeli 😁,MIYA88 sulap utang hilang bikin heboh,No Online Gambling Promotion
yCxIgpMUGhE,Kalo abis gajian semuanya pengen dibeli 😁,MIYA88 viral WEEDEY 1 juta mantap,No Online Gambling Promotion
yCxIgpMUGhE,Kalo abis gajian semuanya pengen dibeli 😁,Jepee MIYA88 otw sekabupaten bikin wow,No Online Gambling Promotion
yCxIgpMUGhE,Kalo abis gajian semuanya pengen dibeli 😁,Server Thailand MIYA88 meekswiin mantap,No Online Gambling Promotion
yCxIgpMUGhE,Kalo abis gajian semuanya pengen dibeli 😁,Viral MIYA88 WEEDEY 1 juta bikin puas mantap,No Online Gambling Promotion
yCxIgpMUGhE,Kalo abis gajian semuanya pengen dibeli 😁,MIYA88 WEEDEY bikin wow ya,No Online Gambling Promotion
yCxIgpMUGhE,Kalo abis gajian semuanya pengen dibeli 😁,MIYA88 WEEDEY melulu viral bikin top,No Online Gambling Promotion
yCxIgpMUGhE,Kalo abis gajian semuanya pengen dibeli 😁,Hati senang dompet tebal MIYA88 bikin puas ya,Online Gambling Promotion
yCxIgpMUGhE,Kalo abis gajian semuanya pengen dibeli 😁,MIYA88 WEEDEY melulu bikin seru,No Online Gambling Promotion
yCxIgpMUGhE,Kalo abis gajian semuanya pengen dibeli 😁,MIYA88 viral WEEDEY 1 juta bikin top ya,No Online Gambling Promotion
yCxIgpMUGhE,Kalo abis gajian semuanya pengen dibeli 😁,Main MIYA88 bikin gunung,No Online Gambling Promotion
yCxIgpMUGhE,Kalo abis gajian semuanya pengen dibeli 😁,Gunung milikku MIYA88 bikin top,No Online Gambling Promotion
yCxIgpMUGhE,Kalo abis gajian semuanya pengen dibeli 😁,Viral MIYA88 gicir channel bikin senang,No Online Gambling Promotion
yCxIgpMUGhE,Kalo abis gajian semuanya pengen dibeli 😁,Main MIYA88 gunung bikin kagum ya,Online Gambling Promotion
yCxIgpMUGhE,Kalo abis gajian semuanya pengen dibeli 😁,MIYA88 WEEDEY 1 juta bikin senang,No Online Gambling Promotion
yCxIgpMUGhE,Kalo abis gajian semuanya pengen dibeli 😁,Viral MIYA88 WEEDEY bikin kaget,No Online Gambling Promotion
yCxIgpMUGhE,Kalo abis gajian semuanya pengen dibeli 😁,Hati senang dompet tebal MIYA88 bikin top ya,Online Gambling Promotion
yCxIgpMUGhE,Kalo abis gajian semuanya pengen dibeli 😁,Banjir scatter MIYA88 mekswin bikin asyik bikin wow,Online Gambling Promotion
yCxIgpMUGhE,Kalo abis gajian semuanya pengen dibeli 😁,Banjir scatter MIYA88 mekswin bikin seru bikin heboh,Online Gambling Promotion
yCxIgpMUGhE,Kalo abis gajian semuanya pengen dibeli 😁,MIYA88 Jepee top 1 bikin seru ya,No Online Gambling Promotion
yCxIgpMUGhE,Kalo abis gajian semuanya pengen dibeli 😁,Nada,No Online Gambling Promotion
RRTZGYKWTm0,Prank Bales dari ayang🤣😭,bngt berhijab,No Online Gambling Promotion
RRTZGYKWTm0,Prank Bales dari ayang🤣😭,Konten nya prank mulu,No Online Gambling Promotion
RRTZGYKWTm0,Prank Bales dari ayang🤣😭,Ikut2 ci vilmei huuuuuuuuuu,No Online Gambling Promotion
RRTZGYKWTm0,Prank Bales dari ayang🤣😭,Woy gitu Sama kaya ci vilmei Wili salim,No Online Gambling Promotion
RRTZGYKWTm0,Prank Bales dari ayang🤣😭,Mirip banget kalok pakai hijab mass Ibnu masyaallah,No Online Gambling Promotion
RRTZGYKWTm0,Prank Bales dari ayang🤣😭,Mirip banget mas Ibnu,No Online Gambling Promotion
RRTZGYKWTm0,Prank Bales dari ayang🤣😭,Sukses ambil4d,No Online Gambling Promotion
RRTZGYKWTm0,Prank Bales dari ayang🤣😭,Rezeki ngalir deras auto jepe bareng ambil4d,No Online Gambling Promotion
RRTZGYKWTm0,Prank Bales dari ayang🤣😭,Bagikan pengalamanmu bermain ambil4d teman temanmu biar seru jamin wd garansi aman,No Online Gambling Promotion
RRTZGYKWTm0,Prank Bales dari ayang🤣😭,Terima kasih ambil4d WD cepat masuk saldo rekening Gak nyesel main sukses,"Gak nyesel main sukses, Online Gambling Promotion"
RRTZGYKWTm0,Prank Bales dari ayang🤣😭,si rijal doyan banget main ambil4d sampe kebeli motor,No Online Gambling Promotion
RRTZGYKWTm0,Prank Bales dari ayang🤣😭,sore sore gini nyantai main ambil4d dikasih maxwin hahaa,Online Gambling Promotion
RRTZGYKWTm0,Prank Bales dari ayang🤣😭,ambil4d gue hki trus bener bener beda,No Online Gambling Promotion
RRTZGYKWTm0,Prank Bales dari ayang🤣😭,Bikin ketawa Bikin pengen main ambil4d G4acor bangetttt,"bikin pengen main ambil4d G4acor, Online Gambling Promotion"
RRTZGYKWTm0,Prank Bales dari ayang🤣😭,Kanza,ERROR
RRTZGYKWTm0,Prank Bales dari ayang🤣😭,Yang sabat ya bang,No Online Gambling Promotion
RRTZGYKWTm0,Prank Bales dari ayang🤣😭,Kaya ikutin adam syifa gk sih,No Online Gambling Promotion
RRTZGYKWTm0,Prank Bales dari ayang🤣😭,Parah,No Online Gambling Promotion
RRTZGYKWTm0,Prank Bales dari ayang🤣😭,Masnya lucu ganteng emang mas namanya ye,No Online Gambling Promotion
RRTZGYKWTm0,Prank Bales dari ayang🤣😭,Salfok mas Ibnu pake hijab Salfok baju mas Ibnu basah otot dadanya keliatan,"Salfok baju mas Ibnu basah otot dadaanya kelihatan, No Online Gambling Promotion"
RRTZGYKWTm0,Prank Bales dari ayang🤣😭,pelajaran ambil mbak pengisi suara video Lebih main ambil4d menang main palsu,No Online Gambling Promotion
RRTZGYKWTm0,Prank Bales dari ayang🤣😭,Cape ditipu cape menang main ambil4d,No Online Gambling Promotion
RRTZGYKWTm0,Prank Bales dari ayang🤣😭,Aku gak percaya rezeki cepat ambil4d,No Online Gambling Promotion
RRTZGYKWTm0,Prank Bales dari ayang🤣😭,Masih yng terbaik situs ambil4d gak depo wd nya,No Online Gambling Promotion
RRTZGYKWTm0,Prank Bales dari ayang🤣😭,ambil4d gk kalah hki trus maen,No Online Gambling Promotion
RRTZGYKWTm0,Prank Bales dari ayang🤣😭,ambil4dModal hasil maksimal,No Online Gambling Promotion
RRTZGYKWTm0,Prank Bales dari ayang🤣😭,Main ambil4d uang jajan lancar,No Online Gambling Promotion
RRTZGYKWTm0,Prank Bales dari ayang🤣😭,Terima kasih ambil4d WD cepat masuk saldo rekening Gak nyesel main sukses,"Gak nyesel main sukses, No Online Gambling Promotion"
RRTZGYKWTm0,Prank Bales dari ayang🤣😭,Bapak si Bayu bangga maxwin ambil4d,No Online Gambling Promotion
RRTZGYKWTm0,Prank Bales dari ayang🤣😭,Terima kasih ambil4d WD cepat masuk saldo rekening Gak nyesel main sukses,No Online Gambling Promotion
RRTZGYKWTm0,Prank Bales dari ayang🤣😭,Sangat keren Meraih kemenangan ambil4d langsung berlibur negeri,No Online Gambling Promotion
RRTZGYKWTm0,Prank Bales dari ayang🤣😭,dikasih keuntungan ambil4d wd aman,No Online Gambling Promotion
RRTZGYKWTm0,Prank Bales dari ayang🤣😭,Rezeki ambil4d emang gak duanya terima kasih ya Allah limpahan rezeki Mu,No Online Gambling Promotion
RRTZGYKWTm0,Prank Bales dari ayang🤣😭,banget adminnya ramah kasih jpsemoga ambil4d jaya,No Online Gambling Promotion
RRTZGYKWTm0,Prank Bales dari ayang🤣😭,ambil4d main seru kontrakan terbayar lancar,No Online Gambling Promotion
RRTZGYKWTm0,Prank Bales dari ayang🤣😭,Situs terpercaya 2024 resmi yah KING ambil4d nyata bayar 30,No Online Gambling Promotion
RRTZGYKWTm0,Prank Bales dari ayang🤣😭,Main ambil4d kayak tiket emas jackpotbaru daftar langsung JP wkwkwk,Online Gambling Promotion
RRTZGYKWTm0,Prank Bales dari ayang🤣😭,Happy banget hasil ambil4d bikin hariku ceria,No Online Gambling Promotion
RRTZGYKWTm0,Prank Bales dari ayang🤣😭,sore sore gini nyantai main ambil4d dikasih maxwin hahaa,No Online Gambling Promotion
RRTZGYKWTm0,Prank Bales dari ayang🤣😭,Mantull banget nih coba AMBIL4D gak sampe 5 menit scatter langsung auto,"ga sampe 5 menit scatter langsung auto, Online Gambling Promotion"
RRTZGYKWTm0,Prank Bales dari ayang🤣😭,enak kali bang AMBIL4D depo udah kasih gini bang AMBIL4D makasih yah bang w kasih ketemen temen sawer receh seneng,No Online Gambling Promotion
RRTZGYKWTm0,Prank Bales dari ayang🤣😭,kesayangan AMBIL4D,No Online Gambling Promotion
RRTZGYKWTm0,Prank Bales dari ayang🤣😭,singkat ya bray namanya AMBIL4D,No Online Gambling Promotion
RRTZGYKWTm0,Prank Bales dari ayang🤣😭,Di AMBIL4D gk putusa asa beneran kasih jarang sedotnya udah 5 rutin asik cair cair cok,Online Gambling Promotion
RRTZGYKWTm0,Prank Bales dari ayang🤣😭,Apa AMBIL4D kemana aja mah dlu andalan nih bukti buktinya,No Online Gambling Promotion
RRTZGYKWTm0,Prank Bales dari ayang🤣😭,asii tuh beneran orang orang AMBIL4D beneran memuaskan,No Online Gambling Promotion
RRTZGYKWTm0,Prank Bales dari ayang🤣😭,Aduhhh cair cair enak nih heheh AMBIL4D makasih yah,No Online Gambling Promotion
RRTZGYKWTm0,Prank Bales dari ayang🤣😭,Memang AMBIL4D hati,No Online Gambling Promotion
RRTZGYKWTm0,Prank Bales dari ayang🤣😭,Baru TF saldo masuk cepet beet coba putar scatter cepet beet saldo cepet beet yaudh cepeet bet tarik kwkwk nnih namanya AMBIL4D,"coba putar scatter saldo, yaudh cepeet bet tarik kwkwk nnih namanya AMBIL4D, No Online Gambling Promotion"
RRTZGYKWTm0,Prank Bales dari ayang🤣😭,Emang semantap AMBIL4D emang mantap terbukti udah 2 minggu cair,No Online Gambling Promotion
RRTZGYKWTm0,Prank Bales dari ayang🤣😭,Beruntunglah komentar karna memberitahu terbaik AMBIL4D,No Online Gambling Promotion
RRTZGYKWTm0,Prank Bales dari ayang🤣😭,Menurut sih legit AMBIL4D bro langsung aja cek,No Online Gambling Promotion
RRTZGYKWTm0,Prank Bales dari ayang🤣😭,Di AMBIL4D gk putusa asa beneran kasih jarang sedotnya udah 5 rutin asik cair cair cok,Online Gambling Promotion
RRTZGYKWTm0,Prank Bales dari ayang🤣😭,Baru TF saldo masuk cepet beet coba putar scatter cepet beet saldo cepet beet yaudh cepeet bet tarik kwkwk nnih namanya AMBIL4D,"coba putar scatter cepat, saldo cepat, yaudh cepeat bet tarik kwkwk, nihh namanya AMBIL4D, Online Gambling Promotion"
RRTZGYKWTm0,Prank Bales dari ayang🤣😭,Buat yg binggung mending aja AMBIL4D,No Online Gambling Promotion
RRTZGYKWTm0,Prank Bales dari ayang🤣😭,Udah coba paten beneran AMBIL4D,No Online Gambling Promotion
RRTZGYKWTm0,Prank Bales dari ayang🤣😭,Kembali tangan bro tangan gw sih cocoknya AMBIL4D,"tangan saya sih cocoknya AMBIL4D, Online Gambling Promotion"
RRTZGYKWTm0,Prank Bales dari ayang🤣😭,Kemarin coba test jam 1 ehh ketiduran tau tau paginya kebangun sadar gk ingetkan semalem lgi gas putar ehhh taunya udah aja saldonya kwkwk AMBIL4D auto pilot aja kwkwk,ERROR
RRTZGYKWTm0,Prank Bales dari ayang🤣😭,sumpah pas pake kerudung banget ibunya,No Online Gambling Promotion
RRTZGYKWTm0,Prank Bales dari ayang🤣😭,H0K1 banget main SORJP88 dapet Jepei gede,Online Gambling Promotion
RRTZGYKWTm0,Prank Bales dari ayang🤣😭,Main Jepei gede SORJP88 emang H0K1,No Online Gambling Promotion
RRTZGYKWTm0,Prank Bales dari ayang🤣😭,H0K1 banget SORJP88 bikin kaya mendadak,No Online Gambling Promotion
RRTZGYKWTm0,Prank Bales dari ayang🤣😭,Gilooo Jepei gede banget SORJP88,No Online Gambling Promotion
RRTZGYKWTm0,Prank Bales dari ayang🤣😭,Main Jepei langsung cair SORJP88 emang the best,No Online Gambling Promotion
RRTZGYKWTm0,Prank Bales dari ayang🤣😭,Main SORJP88 Jepei kaya,No Online Gambling Promotion
RRTZGYKWTm0,Prank Bales dari ayang🤣😭,Gak lawan Jepei SORJP88,No Online Gambling Promotion
RRTZGYKWTm0,Prank Bales dari ayang🤣😭,Main SORJP88 Jepei langsung cair Rejeki lancar,No Online Gambling Promotion
RRTZGYKWTm0,Prank Bales dari ayang🤣😭,Gilooo Caerr SORJP88 Langsung cair deh hadiah,Online Gambling Promotion
RRTZGYKWTm0,Prank Bales dari ayang🤣😭,Makin kaya aja Jepei gede SORJP88 Gak habisnya,No Online Gambling Promotion
RRTZGYKWTm0,Prank Bales dari ayang🤣😭,H0K1 bener dapet Jepei gede SORJP88,No Online Gambling Promotion
RRTZGYKWTm0,Prank Bales dari ayang🤣😭,Wah Jepei Gilooo SORJP88 Bikin hidup seru,No Online Gambling Promotion
RRTZGYKWTm0,Prank Bales dari ayang🤣😭,H0K1 Jepei gede Di SORJP88 dapet cuan,No Online Gambling Promotion
RRTZGYKWTm0,Prank Bales dari ayang🤣😭,Dapet rejeki SORJP88 bener bener H0K1,No Online Gambling Promotion
RRTZGYKWTm0,Prank Bales dari ayang🤣😭,Main SORJP88 Jepei gede kayak berita viral gak dihindari,No Online Gambling Promotion
RRTZGYKWTm0,Prank Bales dari ayang🤣😭,Dapet rejeki gede SORJP88 Nggak nyangka Caerr,No Online Gambling Promotion
RRTZGYKWTm0,Prank Bales dari ayang🤣😭,Apaan si konyol,No Online Gambling Promotion
RRTZGYKWTm0,Prank Bales dari ayang🤣😭,Bang Ibnu pas pake hijab kayak cewek,No Online Gambling Promotion
RRTZGYKWTm0,Prank Bales dari ayang🤣😭,Tumpah ny banget,No Online Gambling Promotion
RRTZGYKWTm0,Prank Bales dari ayang🤣😭,ambil4d TERBAIKK jepe bro,No Online Gambling Promotion
RRTZGYKWTm0,Prank Bales dari ayang🤣😭,udah sisa kolorrrduittt trakhirrr cobaaaTERIMA KASIHHH ambil4d link cari d google aj ntaps la,No Online Gambling Promotion
RRTZGYKWTm0,Prank Bales dari ayang🤣😭,ambil4d ngerasain maxwin coyyy mah maxwin,Online Gambling Promotion
RRTZGYKWTm0,Prank Bales dari ayang🤣😭,Cape ditipu cape menang main ambil4d,No Online Gambling Promotion
RRTZGYKWTm0,Prank Bales dari ayang🤣😭,Main ambil4d kayak tiket emas jackpot,Online Gambling Promotion
RRTZGYKWTm0,Prank Bales dari ayang🤣😭,Rezeki gak putusnya makasi ambil4d,"makasi ambil4d, No Online Gambling Promotion"
RRTZGYKWTm0,Prank Bales dari ayang🤣😭,pelajaran ambil mbak pengisi suara video Lebih main ambil4d menang main palsu,No Online Gambling Promotion
RRTZGYKWTm0,Prank Bales dari ayang🤣😭,dikasih keuntungan ambil4d wd aman,No Online Gambling Promotion
RRTZGYKWTm0,Prank Bales dari ayang🤣😭,Main ambil4d kayak tiket emas jackpot,Online Gambling Promotion
RRTZGYKWTm0,Prank Bales dari ayang🤣😭,janji smua web cuman ambil4d aja gw main,"saya main, No Online Gambling Promotion"
RRTZGYKWTm0,Prank Bales dari ayang🤣😭,main ambil4d salah keberuntungan banget main dikasih menang,Online Gambling Promotion
RRTZGYKWTm0,Prank Bales dari ayang🤣😭,Main sebentar aja langsung dapet rezeki keren banget ambil4d,No Online Gambling Promotion
RRTZGYKWTm0,Prank Bales dari ayang🤣😭,ambil4d gk kalah hki trus maen,No Online Gambling Promotion
RRTZGYKWTm0,Prank Bales dari ayang🤣😭,Yang pecah Kacanya Perkalian ambil4d,No Online Gambling Promotion
RRTZGYKWTm0,Prank Bales dari ayang🤣😭,Maxwin didepan mata settingan udah mantap situs ambil4d nih BO aman terbaik,Online Gambling Promotion
RRTZGYKWTm0,Prank Bales dari ayang🤣😭,Tarik kemenangan ambil4d belanja,No Online Gambling Promotion
RRTZGYKWTm0,Prank Bales dari ayang🤣😭,dikit2 buyspin semenjak main ambil4d gk buy spin banget dapet scatter,Online Gambling Promotion
RRTZGYKWTm0,Prank Bales dari ayang🤣😭,Sukses ambil4d,No Online Gambling Promotion
RRTZGYKWTm0,Prank Bales dari ayang🤣😭,ambil4d gua maen dikit aja sldoo udah nmba byk,No Online Gambling Promotion
RRTZGYKWTm0,Prank Bales dari ayang🤣😭,WOI WARGA FB NGAPAIN DISINI WKWK MENDING MAIN DI ambil4d KARENA GW BARU AJA WD 20 JUTA,No Online Gambling Promotion
RRTZGYKWTm0,Prank Bales dari ayang🤣😭,Jangan ragu mantap parah ambil4d terbaik 2025,No Online Gambling Promotion
RRTZGYKWTm0,Prank Bales dari ayang🤣😭,Aku sih situs ambil4d percaya kali kasih kemenangan,No Online Gambling Promotion
RRTZGYKWTm0,Prank Bales dari ayang🤣😭,Ngapain nunggu mobil bangsaya main ambil4d langsung beli helikopter,No Online Gambling Promotion
RRTZGYKWTm0,Prank Bales dari ayang🤣😭,Yang pecah Kacanya Perkalian ambil4d,No Online Gambling Promotion
RRTZGYKWTm0,Prank Bales dari ayang🤣😭,Kalo mafia main ambil4d ketawa bikin rencana,No Online Gambling Promotion
RRTZGYKWTm0,Prank Bales dari ayang🤣😭,dikasih keuntungan ambil4d wd aman,No Online Gambling Promotion
RRTZGYKWTm0,Prank Bales dari ayang🤣😭,ambil4d gua weedey geede lngsng plg,No Online Gambling Promotion
RRTZGYKWTm0,Prank Bales dari ayang🤣😭,Selamat Tahun Baru ambil4d mantap Selalu,No Online Gambling Promotion
RRTZGYKWTm0,Prank Bales dari ayang🤣😭,Tarik kemenangan ambil4d belanja,No Online Gambling Promotion
RRTZGYKWTm0,Prank Bales dari ayang🤣😭,Bikin ketawa Bikin pengen main ambil4d G4acor bangetttt,"bikin pengen main ambil4d G4acor bangetttt, Online Gambling Promotion"
RRTZGYKWTm0,Prank Bales dari ayang🤣😭,Yang pecah Kacanya Perkalian ambil4d,No Online Gambling Promotion
RRTZGYKWTm0,Prank Bales dari ayang🤣😭,Tarik kemenangan ambil4d belanja,No Online Gambling Promotion
RRTZGYKWTm0,Prank Bales dari ayang🤣😭,Udah coba ambil4d mantep Ga nyangka menang ketagihan,"ga nyangka menang ketagihan, No Online Gambling Promotion"
RRTZGYKWTm0,Prank Bales dari ayang🤣😭,ambil4d memasak brooo udah bawa pulang 2jt,No Online Gambling Promotion
RRTZGYKWTm0,Prank Bales dari ayang🤣😭,Yang pecah Kacanya Perkalian ambil4d,No Online Gambling Promotion
RRTZGYKWTm0,Prank Bales dari ayang🤣😭,Lah gua kasihan banget mas Ibnu,No Online Gambling Promotion
RRTZGYKWTm0,Prank Bales dari ayang🤣😭,Kasihannya,ERROR
RRTZGYKWTm0,Prank Bales dari ayang🤣😭,So slay,No Online Gambling Promotion
RRTZGYKWTm0,Prank Bales dari ayang🤣😭,Ide mahal ya tinggal plek ketiplek inisial takut wilie salim marah,No Online Gambling Promotion
RRTZGYKWTm0,Prank Bales dari ayang🤣😭,Wkwkwkwkwkwkwkwk,No Online Gambling Promotion
RRTZGYKWTm0,Prank Bales dari ayang🤣😭,wili salim lu gblk,No Online Gambling Promotion
RRTZGYKWTm0,Prank Bales dari ayang🤣😭,Sengaja najis kontennya,No Online Gambling Promotion
RRTZGYKWTm0,Prank Bales dari ayang🤣😭,Bermain ambil4d uang jajan nggak habis habis,No Online Gambling Promotion
RRTZGYKWTm0,Prank Bales dari ayang🤣😭,emang enak main ambil4d member langsung kasih WD,Online Gambling Promotion
RRTZGYKWTm0,Prank Bales dari ayang🤣😭,Ngapain nunggu mobil bangsaya main ambil4d langsung beli helikopter,No Online Gambling Promotion
RRTZGYKWTm0,Prank Bales dari ayang🤣😭,Kak kebagusan spin emang ambil4d rekomen banget gua wd bikin meleleh user pro banget palink rekomen ambil4d rajanya spin,"gua wd bikin meleleh user pro banget palink rekomendasi ambil4d rajanya spin, No Online Gambling Promotion"
RRTZGYKWTm0,Prank Bales dari ayang🤣😭,air yg botol gak berkurang mas haaaaa,No Online Gambling Promotion
RRTZGYKWTm0,Prank Bales dari ayang🤣😭,Kakak namanya kak mega,No Online Gambling Promotion
RRTZGYKWTm0,Prank Bales dari ayang🤣😭,Mas ibnu kakak cantik Belinya Mawwah hijabnya dimana,No Online Gambling Promotion
RRTZGYKWTm0,Prank Bales dari ayang🤣😭,selamet alam memprihatinkan wkwk dorongan bermain JPTOGEL77 udah keuntungan game clam enventya astaga mantap memanglah lagak website nya bosskuu,"udah keuntungan game clam enventya astaga mantap memanglah lagak website nya bosskuu, Online Gambling Promotion"
RRTZGYKWTm0,Prank Bales dari ayang🤣😭,oalahhh gua prnah cog main jptogel77 bnran lgsg wd wkwk,Online Gambling Promotion
RRTZGYKWTm0,Prank Bales dari ayang🤣😭,makasih admin sahabat sahabat udah membujuk bermain jptogel77 gacor akut,Online Gambling Promotion
RRTZGYKWTm0,Prank Bales dari ayang🤣😭,heran lihat postingan pda JP jdi penasaran coba main receha ehh beneran JP seneng banget dooonggg slot gacor gampang maxwin pragmatic play JPTOGEL77 nama situsnya bro,Online Gam
RRTZGYKWTm0,Prank Bales dari ayang🤣😭,gaji umr uang tambahan mah udah party malming wkwkkwkw makasih JPTOGEL77,Online Gambling Promotion
RRTZGYKWTm0,Prank Bales dari ayang🤣😭,jptogel77 asu bnrn gacor,Online Gambling Promotion
RRTZGYKWTm0,Prank Bales dari ayang🤣😭,Buat berani main bet 2000 modal 100rb doang ehh dikasih maxwin kakek mantap bener emng situs nya JPTOGEL77 gass gini terpecaya situs nya,Online Gambling
RRTZGYKWTm0,Prank Bales dari ayang🤣😭,main jptogel77 udah gw rasakan mmg gacor,Online Gambling Promotion
RRTZGYKWTm0,Prank Bales dari ayang🤣😭,tengkiu bosku kasi teman2 setongkrongan traktiran makan minum enak semoga jaya jptogel77,Online Gambling Promotion
RRTZGYKWTm0,Prank Bales dari ayang🤣😭,gokilll mantul kali jptogel77 makasih info gacorny kakak,Online Gambling Promotion
RRTZGYKWTm0,Prank Bales dari ayang🤣😭,nih jam segini dikasih JPTOGEL77,Online Gambling Promotion
RRTZGYKWTm0,Prank Bales dari ayang🤣😭,gamau kalah ya coba JptogeI77 gw real udah JP,Online Gambling Promotion
RRTZGYKWTm0,Prank Bales dari ayang🤣😭,ketemu situs ga pelit nih bang langsung aja JPTOGEL77,Online Gambling Promotion
RRTZGYKWTm0,Prank Bales dari ayang🤣😭,aja gw coba jptogel77 semalam lumayan dpt 2jt,Online Gambling Promotion
RRTZGYKWTm0,Prank Bales dari ayang🤣😭,iseng coba jptogel77 bnrn JP wkwkwkwk keren,Online Gambling Promotion
RRTZGYKWTm0,Prank Bales dari ayang🤣😭,Muadah mudahan bermanfaat coba JPTOGEL77 real asik mainnya,Online Gambling Promotion
RRTZGYKWTm0,Prank Bales dari ayang🤣😭,Gemetar bang main JPtogel77 kaget kali perkalian x500 langsung turun iseng gila sih ngerasain maxwin cari aja google JPtogel77,Online Gambling Promotion
RRTZGYKWTm0,Prank Bales dari ayang🤣😭,JPTOGEL77 slot gacor Mantul Terus Gelem Cuan,Online Gambling Promotion
RRTZGYKWTm0,Prank Bales dari ayang🤣😭,like doain menang main jptogel77,Online Gambling Promotion
RRTZGYKWTm0,Prank Bales dari ayang🤣😭,main JPTOGEL77 aja kang pragmatic seragam pg soft nya tertib timbul maxwin tnya sm admin nya kasih info google bray JPTOGEL77 aja,"maxwin tnya sm admin nya kasih info Google bray JPTOGEL77 aja, Online Gambling Promotion"
RRTZGYKWTm0,Prank Bales dari ayang🤣😭,jptogel77 maxwin pragmatic pg soft nya rame,Online Gambling Promotion
RRTZGYKWTm0,Prank Bales dari ayang🤣😭,Berbagi indah boss qu gw jg dpt komenkomen main JPTOGEL77 mantap,"kw juga dapat komentar main JPTOGEL77 mantap, Online Gambling Promotion"
RRTZGYKWTm0,Prank Bales dari ayang🤣😭,Capek bgt nemuin jptogel77 trs,Online Gambling Promotion
RRTZGYKWTm0,Prank Bales dari ayang🤣😭,maacihhh abang bos gw ngerasain namanya wede cuannn gedek terbaik bermain web JPTOGEL77,Online Gambling Promotion
RRTZGYKWTm0,Prank Bales dari ayang🤣😭,Makin seru JPTOGEL77 sltnya oke banget bonusnya bikin senang untung melimpah memberikaan cuan teruss nya emang gokil bangett,Online Gambling Promotion
RRTZGYKWTm0,Prank Bales dari ayang🤣😭,ga bikin kecewa kalo main JPTOGEL77 game nya bagusmpuatarannya bonuss mantap betull la,Online Gambling Promotion
RRTZGYKWTm0,Prank Bales dari ayang🤣😭,jptogel77 wwjwkwkkw mantap,Online Gambling Promotion
RRTZGYKWTm0,Prank Bales dari ayang🤣😭,main ni ya wee kasi tau main JPTOGEL77 depsoit gampang wede cepat kuyyy daftar wee jamin gacor,Online Gambling Promotion
RRTZGYKWTm0,Prank Bales dari ayang🤣😭,serius nanya deh jptogel77,Online Gambling Promotion
RRTZGYKWTm0,Prank Bales dari ayang🤣😭,gokilll mantul kali JPTOGEL77 makasih info gacorny kakak,Online Gambling Promotion
RRTZGYKWTm0,Prank Bales dari ayang🤣😭,Kalo nyari gacor JPTOGEL77 jawabannya bree karna gw main disana ksh menang breee cari aja google JPTOGEL77,Online Gambling Promotion
RRTZGYKWTm0,Prank Bales dari ayang🤣😭,saldo nya turun langsung coba main olimpus pakai pola situs JPTOGEL77 nya yg berurutan langsung otw wd,"coba main olimpus pakai pola situs JPTOGEL77 yang berurutan langsung otw wd, Online Gambling Promotion"
RRTZGYKWTm0,Prank Bales dari ayang🤣😭,gw tau JPTOGEL77 komen asli bnrn gacor,Online Gambling Promotion
RRTZGYKWTm0,Prank Bales dari ayang🤣😭,Saya merasakan keberuntungan JPTOGEL77 gabung bro,"gabung bro, Online Gambling Promotion"
RRTZGYKWTm0,Prank Bales dari ayang🤣😭,Baru WD bang main situs terbaik tergacor nama situsnya JPTOGEL77 mantap mnya,Online Gambling Promotion
RRTZGYKWTm0,Prank Bales dari ayang🤣😭,Cara daftarx JPTOGEL77 gmn bos,Online Gambling Promotion
RRTZGYKWTm0,Prank Bales dari ayang🤣😭,Jangan tunggu2 deh bang alian coba main JPTOGEL77 asli kegacoran nya parah Buktikan aja main website nya JPTOGEL77,"coba main JPTOGEL77 asli kegacorannya parah. Buktikan aja main website nya JPTOGEL77, Online Gambling Promotion"
RRTZGYKWTm0,Prank Bales dari ayang🤣😭,ramai yg main jptogel77 wkwkwk mmg gampang JP sih,Online Gambling Promotion
RRTZGYKWTm0,Prank Bales dari ayang🤣😭,sy main JPtogel77 doang mas ga pindah2 ya kadang loss ya ga sampe beli fortuner karaoke sih lc gw minimal 2 bos hahaha,Online Gambling Promotion
RRTZGYKWTm0,Prank Bales dari ayang🤣😭,Sukses terimakasih wd besarnya JPTOGEL77,"wadah JPTOGEL77 , Online Gambling Promotion"
RRTZGYKWTm0,Prank Bales dari ayang🤣😭,PG Soft JPTOGEL77 bikin berasa kayak bos cuman situs gw dpt scatter hitam asli bro,Online Gambling Promotion
RRTZGYKWTm0,Prank Bales dari ayang🤣😭,Mau daptr jptogel77 bos ku,Online Gambling Promotion
RRTZGYKWTm0,Prank Bales dari ayang🤣😭,JPTOGEL77 bnrn gacor bre,Online Gambling Promotion
RRTZGYKWTm0,Prank Bales dari ayang🤣😭,Saran coba JPTOGEL77 bg link nya gak pelit tu mmber uda psti dikasih JP tmn gw jga mawin disitu,"tu munggu udah diposting di kasih JP tim nya, ya saya mawin disitu, Online Gambling Promotion"
RRTZGYKWTm0,Prank Bales dari ayang🤣😭,Gak kecewa main JPTOGEL77 slt on fire,Online Gambling Promotion
RRTZGYKWTm0,Prank Bales dari ayang🤣😭,Ibarat pepatah gak kenal gak sayang silahkan coba bro main JPTOGEL77 rasakan main JPTOGEL77 maxwin bro,"silakan coba bro main JPTOGEL77 rasakan main JPTOGEL77 maxwin, Online Gambling Promotion"
RRTZGYKWTm0,Prank Bales dari ayang🤣😭,nikmat main JPTOGEL77 starlight princes ny menaburkan pesona tuh member era rungkad deh cuan harinya,Online Gambling Promotion
RRTZGYKWTm0,Prank Bales dari ayang🤣😭,main jptogel77 suaranya,Online Gambling Promotion
RRTZGYKWTm0,Prank Bales dari ayang🤣😭,daftar sampe JPtogel77 kasih terbaik hehe love banget pokonya google bray JPtogel77,"kasih terbaik hehe love banget pokonya google bray JPtogel77, Online Gambling Promotion"
RRTZGYKWTm0,Prank Bales dari ayang🤣😭,liat teman bru kali main game Profit WEB JPTOGEL77 heboh gtu kirain aja karna main disitu wkwk,Online Gambling Promotion
RRTZGYKWTm0,Prank Bales dari ayang🤣😭,gw gw JP jptogel77 sekebon ni manusia,Online Gambling Promotion
RRTZGYKWTm0,Prank Bales dari ayang🤣😭,udah ciuuaan deh main JPTOGEL77 ga pindah situs lagikarena situs uadah kksih menang beneran udah nyaman bangetttttttt,Online Gambling Promotion
RRTZGYKWTm0,Prank Bales dari ayang🤣😭,Niat mo ngabesin sisa saldo JPTOGEL77 d kasih maxwin emng the best gak bikin kecewa si mantap BO gacor kali zeus nya bukain mesin perkalian JPTOGEL77,gak bikin kecewa si mantap BO gacor kali zeus nya buka mesin perkalian JPTOGEL7
RRTZGYKWTm0,Prank Bales dari ayang🤣😭,jptogel77 Kebanggan rakyat situs terpercaya,Online Gambling Promotion
RRTZGYKWTm0,Prank Bales dari ayang🤣😭,nya ketemu situs JPTOGEL77 JP coba dh lu gua aj kasih member,Online Gambling Promotion
RRTZGYKWTm0,Prank Bales dari ayang🤣😭,Selalu nangis karna gapernah menang disitus coba coba main JPTOGEL77 langsung menang Sekarang gw member setia situs,Online Gambling Promotion
RRTZGYKWTm0,Prank Bales dari ayang🤣😭,jptogel77 ramai nih tmn gw maen situ skrg,"saya main situ sekarang, Online Gambling Promotion"
RRTZGYKWTm0,Prank Bales dari ayang🤣😭,bngt mas ibnu mamah,No Online Gambling Promotion
RRTZGYKWTm0,Prank Bales dari ayang🤣😭,Video kk Ibnu ketawa,No Online Gambling Promotion
RRTZGYKWTm0,Prank Bales dari ayang🤣😭,Mirip mama nya,No Online Gambling Promotion
RRTZGYKWTm0,Prank Bales dari ayang🤣😭,THR DI LIVE CI CILMEI CUY,No Online Gambling Promotion
RRTZGYKWTm0,Prank Bales dari ayang🤣😭,Malah iklan,No Online Gambling Promotion
RRTZGYKWTm0,Prank Bales dari ayang🤣😭,Jadi boti,No Online Gambling Promotion
RRTZGYKWTm0,Prank Bales dari ayang🤣😭,kaloo pakai hijabbb miripp bangett maamaa,No Online Gambling Promotion
RRTZGYKWTm0,Prank Bales dari ayang🤣😭,Khudeg ul6jtlj9jlvkuh,No Online Gambling Promotion
RRTZGYKWTm0,Prank Bales dari ayang🤣😭,Gacor M4in SOR76 H0K1,Online Gambling Promotion
RRTZGYKWTm0,Prank Bales dari ayang🤣😭,SOR76 terbaik menang,No Online Gambling Promotion
RRTZGYKWTm0,Prank Bales dari ayang🤣😭,Menang SOR76 gak salah pilih,No Online Gambling Promotion
RRTZGYKWTm0,Prank Bales dari ayang🤣😭,M4in SOR76 J4ckP0t G3d3 banget H0K1 langsung kemenangan nyata,Online Gambling Promotion
RRTZGYKWTm0,Prank Bales dari ayang🤣😭,M4in SOR76 J4ckP0t ngegulung,No Online Gambling Promotion
RRTZGYKWTm0,Prank Bales dari ayang🤣😭,M4in SOR76 J4ckP0t,No Online Gambling Promotion
RRTZGYKWTm0,Prank Bales dari ayang🤣😭,H0K1 murni M4in SOR76,No Online Gambling Promotion
RRTZGYKWTm0,Prank Bales dari ayang🤣😭,M4in SOR76 H0K1,No Online Gambling Promotion
RRTZGYKWTm0,Prank Bales dari ayang🤣😭,M4in SOR76 J4ckP0t terusan nunggu keberuntungan kasian,Online Gambling Promotion
RRTZGYKWTm0,Prank Bales dari ayang🤣😭,M4in SOR76 gak kalah,No Online Gambling Promotion
RRTZGYKWTm0,Prank Bales dari ayang🤣😭,Buktikan SOR76 gacor abis,Online Gambling Promotion
RRTZGYKWTm0,Prank Bales dari ayang🤣😭,Di SOR76 J4ckP0t menunggu H0K1 pintu,No Online Gambling Promotion
RRTZGYKWTm0,Prank Bales dari ayang🤣😭,M4in SOR76 J4ckP0t G3d3 bingung gimana menang,No Online Gambling Promotion
RRTZGYKWTm0,Prank Bales dari ayang🤣😭,Keberuntungan SOR76 stuck level lucu banget,No Online Gambling Promotion
RRTZGYKWTm0,Prank Bales dari ayang🤣😭,Di SOR76 H0K1 lancar jua,No Online Gambling Promotion
RRTZGYKWTm0,Prank Bales dari ayang🤣😭,M4in SOR76 J4ckP0t H0K1 G3d3 kemenangan abis,No Online Gambling Promotion
RRTZGYKWTm0,Prank Bales dari ayang🤣😭,M4in SOR76 J4ckP0t H0K1 G3d3 kemenangan terusan,No Online Gambling Promotion
RRTZGYKWTm0,Prank Bales dari ayang🤣😭,Gacor abis menang terusan SOR76,Online Gambling Promotion
RRTZGYKWTm0,Prank Bales dari ayang🤣😭,Menang SOR76 J4ckP0t,No Online Gambling Promotion
RRTZGYKWTm0,Prank Bales dari ayang🤣😭,M4in H0K1 mantul SOR76,No Online Gambling Promotion
RRTZGYKWTm0,Prank Bales dari ayang🤣😭,GOPEK500 Pertama kali main Pragmatic eh langsung hoki Gede jackpotnya,Online Gambling Promotion
RRTZGYKWTm0,Prank Bales dari ayang🤣😭,Wah main sebentar eh langsung menang gede Slot online GOPEK500 penuh kejutan,Online Gambling Promotion
RRTZGYKWTm0,Prank Bales dari ayang🤣😭,Tadi dapet jackpot gede Gak nyangka menang segede Slot online GOPEK500 emang seru,"Gak nyangka menang segede slot online GOPEK500 emang seru, Online Gambling Promotion"
RRTZGYKWTm0,Prank Bales dari ayang🤣😭,Setelah sekian main dapet jackpot GOPEK500,Online Gambling Promotion
RRTZGYKWTm0,Prank Bales dari ayang🤣😭,Wah dapet bonus Slot GOPEK500 ngasih kejutan,Online Gambling Promotion
RRTZGYKWTm0,Prank Bales dari ayang🤣😭,jgn menyerah distus boncos mknya aja uda GOPEK500,No Online Gambling Promotion
RRTZGYKWTm0,Prank Bales dari ayang🤣😭,Bang coba diet,"coba diet, No Online Gambling Promotion"
RRTZGYKWTm0,Prank Bales dari ayang🤣😭,Kak ibnu banget mmh nya pas pake psmina nya,No Online Gambling Promotion
RRTZGYKWTm0,Prank Bales dari ayang🤣😭,Memang pasangan komedi menyenangkan ya semoga bisnis hijab umroh 1jt umat terkabul,"semoga bisnis hijab umroh 1 juta umat terkabul, No Online Gambling Promotion"
RRTZGYKWTm0,Prank Bales dari ayang🤣😭,Wkwkw mas ibnu ko cantik pake hijab,No Online Gambling Promotion
RRTZGYKWTm0,Prank Bales dari ayang🤣😭,Mirip banget mas Ibnu mamah nya,No Online Gambling Promotion
RRTZGYKWTm0,Prank Bales dari ayang🤣😭,Mirip banget mamanya mas ibnu,No Online Gambling Promotion
RRTZGYKWTm0,Prank Bales dari ayang🤣😭,Kyk kenal prank gni,No Online Gambling Promotion
RRTZGYKWTm0,Prank Bales dari ayang🤣😭,Pengen kak beli hijab mawwah nya,No Online Gambling Promotion
RRTZGYKWTm0,Prank Bales dari ayang🤣😭,Mas Ibnu Ramdhan semoga sehat sekeluarga ya,No Online Gambling Promotion
RRTZGYKWTm0,Prank Bales dari ayang🤣😭,Mirip banget mas ibnu,No Online Gambling Promotion
RRTZGYKWTm0,Prank Bales dari ayang🤣😭,ya allah aja kak litta,"Kak Litta, No Online Gambling Promotion"
RRTZGYKWTm0,Prank Bales dari ayang🤣😭,Halo kak ibnu kak lita,No Online Gambling Promotion
RRTZGYKWTm0,Prank Bales dari ayang🤣😭,Ya order hijab gimana,ERROR
RRTZGYKWTm0,Prank Bales dari ayang🤣😭,ketiga mas ibnu semoga mawaah hijab maju produknya lancar Amiin sehat mas ibnu keluarga,No Online Gambling Promotion
RRTZGYKWTm0,Prank Bales dari ayang🤣😭,Ketiga,ERROR
RRTZGYKWTm0,Prank Bales dari ayang🤣😭,Kedua mas Ibnu,ERROR
RRTZGYKWTm0,Prank Bales dari ayang🤣😭,Pertama kak ibnu,No Online Gambling Promotion
AaNCewGLy3w,AKHIRNYA DAPET DALGONA CANDY YANG INI!!,Semoga monalisa,No Online Gambling Promotion
AaNCewGLy3w,AKHIRNYA DAPET DALGONA CANDY YANG INI!!,__,Online Gambling Promotion
AaNCewGLy3w,AKHIRNYA DAPET DALGONA CANDY YANG INI!!,Makanya brutal semangat dasar budak _,No Online Gambling Promotion
AaNCewGLy3w,AKHIRNYA DAPET DALGONA CANDY YANG INI!!,67,ERROR
AaNCewGLy3w,AKHIRNYA DAPET DALGONA CANDY YANG INI!!,Dia mudahnya segitiga,No Online Gambling Promotion
AaNCewGLy3w,AKHIRNYA DAPET DALGONA CANDY YANG INI!!,Gw salfok frontman nya,No Online Gambling Promotion
AaNCewGLy3w,AKHIRNYA DAPET DALGONA CANDY YANG INI!!,64,ERROR
AaNCewGLy3w,AKHIRNYA DAPET DALGONA CANDY YANG INI!!,gampang segitiga,No Online Gambling Promotion
AaNCewGLy3w,AKHIRNYA DAPET DALGONA CANDY YANG INI!!,Tengkorak itunya pakai korek korek gitu,No Online Gambling Promotion
AaNCewGLy3w,AKHIRNYA DAPET DALGONA CANDY YANG INI!!,Rasaku segitiga yg susah,No Online Gambling Promotion
AaNCewGLy3w,AKHIRNYA DAPET DALGONA CANDY YANG INI!!,stbumoa,No Online Gambling Promotion
AaNCewGLy3w,AKHIRNYA DAPET DALGONA CANDY YANG INI!!,Sombong sih,ERROR
AaNCewGLy3w,AKHIRNYA DAPET DALGONA CANDY YANG INI!!,Payung ma gampang,No Online Gambling Promotion
AaNCewGLy3w,AKHIRNYA DAPET DALGONA CANDY YANG INI!!,Baang main super bear,No Online Gambling Promotion
AaNCewGLy3w,AKHIRNYA DAPET DALGONA CANDY YANG INI!!,10101010101010fibem,No Online Gambling Promotion
AaNCewGLy3w,AKHIRNYA DAPET DALGONA CANDY YANG INI!!,Yang dijilat belakangnya depannya,No Online Gambling Promotion
AaNCewGLy3w,AKHIRNYA DAPET DALGONA CANDY YANG INI!!,bang bentuknya gampang bentuk segitiga,No Online Gambling Promotion
AaNCewGLy3w,AKHIRNYA DAPET DALGONA CANDY YANG INI!!,Jangan makan didepan orang puasa,No Online Gambling Promotion
AaNCewGLy3w,AKHIRNYA DAPET DALGONA CANDY YANG INI!!,aja,No Online Gambling Promotion
AaNCewGLy3w,AKHIRNYA DAPET DALGONA CANDY YANG INI!!,Bang pakai korek api,No Online Gambling Promotion
AaNCewGLy3w,AKHIRNYA DAPET DALGONA CANDY YANG INI!!,gampang segitiga,No Online Gambling Promotion
AaNCewGLy3w,AKHIRNYA DAPET DALGONA CANDY YANG INI!!,FF20502,No Online Gambling Promotion
AaNCewGLy3w,AKHIRNYA DAPET DALGONA CANDY YANG INI!!,mAmpuS pAtaH,No Online Gambling Promotion
AaNCewGLy3w,AKHIRNYA DAPET DALGONA CANDY YANG INI!!,Paling gampang bentuk segi,No Online Gambling Promotion
AaNCewGLy3w,AKHIRNYA DAPET DALGONA CANDY YANG INI!!,Gak,ERROR
AaNCewGLy3w,AKHIRNYA DAPET DALGONA CANDY YANG INI!!,Mati,ERROR
AaNCewGLy3w,AKHIRNYA DAPET DALGONA CANDY YANG INI!!,__O_o_ TT,No Online Gambling Promotion
AaNCewGLy3w,AKHIRNYA DAPET DALGONA CANDY YANG INI!!,Yaelah gitu doang gak,No Online Gambling Promotion
AaNCewGLy3w,AKHIRNYA DAPET DALGONA CANDY YANG INI!!,Apalagi segitiga gampang,No Online Gambling Promotion
AaNCewGLy3w,AKHIRNYA DAPET DALGONA CANDY YANG INI!!,pdhl gampang aja gk,No Online Gambling Promotion
AaNCewGLy3w,AKHIRNYA DAPET DALGONA CANDY YANG INI!!,Paling gampang segi bang,No Online Gambling Promotion
AaNCewGLy3w,AKHIRNYA DAPET DALGONA CANDY YANG INI!!,PaKayaPI,No Online Gambling Promotion
AaNCewGLy3w,AKHIRNYA DAPET DALGONA CANDY YANG INI!!,S,ERROR
AaNCewGLy3w,AKHIRNYA DAPET DALGONA CANDY YANG INI!!,Paling gampang sebenernya segitiga bg,No Online Gambling Promotion
AaNCewGLy3w,AKHIRNYA DAPET DALGONA CANDY YANG INI!!,Orang berubah planet Neptunus berubah,No Online Gambling Promotion
AaNCewGLy3w,AKHIRNYA DAPET DALGONA CANDY YANG INI!!,Hi,No Online Gambling Promotion
AaNCewGLy3w,AKHIRNYA DAPET DALGONA CANDY YANG INI!!,Jxoff,No Online Gambling Promotion
AaNCewGLy3w,AKHIRNYA DAPET DALGONA CANDY YANG INI!!,penasaran seru tuh mabar cosmictoto wooo,No Online Gambling Promotion
AaNCewGLy3w,AKHIRNYA DAPET DALGONA CANDY YANG INI!!,Akunikabulan,No Online Gambling Promotion
AaNCewGLy3w,AKHIRNYA DAPET DALGONA CANDY YANG INI!!,Padahal gampang dapet bulet lu gak nyelesein rusak wkwkwkwkwkwk,No Online Gambling Promotion
AaNCewGLy3w,AKHIRNYA DAPET DALGONA CANDY YANG INI!!,Rajanya gagal dalgona candy kah,No Online Gambling Promotion
AaNCewGLy3w,AKHIRNYA DAPET DALGONA CANDY YANG INI!!,Bang main fisch udah update palung mariana,No Online Gambling Promotion
AaNCewGLy3w,AKHIRNYA DAPET DALGONA CANDY YANG INI!!,19,ERROR
AaNCewGLy3w,AKHIRNYA DAPET DALGONA CANDY YANG INI!!,SD,ERROR
AaNCewGLy3w,AKHIRNYA DAPET DALGONA CANDY YANG INI!!,_,"Online Gambling PromotionExample 2:Corrected comment: sedang menunggu bonus maxwin, Online Gambling PromotionExample 3:Corre"
AaNCewGLy3w,AKHIRNYA DAPET DALGONA CANDY YANG INI!!,_,ERROR
AaNCewGLy3w,AKHIRNYA DAPET DALGONA CANDY YANG INI!!,Segi palibg gampang bg,No Online Gambling Promotion
AaNCewGLy3w,AKHIRNYA DAPET DALGONA CANDY YANG INI!!,YAH PATAH,No Online Gambling Promotion
AaNCewGLy3w,AKHIRNYA DAPET DALGONA CANDY YANG INI!!,Inak parmin ya udah makan 5 kali,"sudah makan lima kali, No Online Gambling Promotion"
AaNCewGLy3w,AKHIRNYA DAPET DALGONA CANDY YANG INI!!,Ingat 1 puasa,No Online Gambling Promotion
AaNCewGLy3w,AKHIRNYA DAPET DALGONA CANDY YANG INI!!,Makan ya keluarin biar gampang,No Online Gambling Promotion
AaNCewGLy3w,AKHIRNYA DAPET DALGONA CANDY YANG INI!!,Ke8,ERROR
AaNCewGLy3w,AKHIRNYA DAPET DALGONA CANDY YANG INI!!,Kena azab,ERROR
AaNCewGLy3w,AKHIRNYA DAPET DALGONA CANDY YANG INI!!,Hati hati congkel,No Online Gambling Promotion
AaNCewGLy3w,AKHIRNYA DAPET DALGONA CANDY YANG INI!!,halo bang,No Online Gambling Promotion
AaNCewGLy3w,AKHIRNYA DAPET DALGONA CANDY YANG INI!!,Pertama,ERROR
AaNCewGLy3w,AKHIRNYA DAPET DALGONA CANDY YANG INI!!,Pertama,ERROR
E6jKbO2pvVU,Reihana sulap botol yg ada di keranjang 😭,Akupunya loh,No Online Gambling Promotion
E6jKbO2pvVU,Reihana sulap botol yg ada di keranjang 😭,Meluncur,ERROR
E6jKbO2pvVU,Reihana sulap botol yg ada di keranjang 😭,Org org ka gem ka gem donk Ka gem singkat kau korban kau trs trs an korban faham,"kau korban kau terus terus an korban. Faham, No Online Gambling Promotion"
E6jKbO2pvVU,Reihana sulap botol yg ada di keranjang 😭,Salfok botol Salfok ingus Abangnya,No Online Gambling Promotion
E6jKbO2pvVU,Reihana sulap botol yg ada di keranjang 😭,Lucu banget bikin ngakak wkwkwkwkkwwkwkwkwk nonton berkali kali,No Online Gambling Promotion
E6jKbO2pvVU,Reihana sulap botol yg ada di keranjang 😭,Ticchjudfhux,No Online Gambling Promotion
E6jKbO2pvVU,Reihana sulap botol yg ada di keranjang 😭,aliyaalisaalikabali,No Online Gambling Promotion
E6jKbO2pvVU,Reihana sulap botol yg ada di keranjang 😭,Kakak,ERROR
E6jKbO2pvVU,Reihana sulap botol yg ada di keranjang 😭,Bapack nadiemjangan percaya guys pembodohan publik,No Online Gambling Promotion
E6jKbO2pvVU,Reihana sulap botol yg ada di keranjang 😭,Aku botol minum lipat warna ungu,No Online Gambling Promotion
E6jKbO2pvVU,Reihana sulap botol yg ada di keranjang 😭,Spil merek krudung nya pen beli,No Online Gambling Promotion
E6jKbO2pvVU,Reihana sulap botol yg ada di keranjang 😭,gelasnya kak,No Online Gambling Promotion
E6jKbO2pvVU,Reihana sulap botol yg ada di keranjang 😭,Mulut kaknya,No Online Gambling Promotion
E6jKbO2pvVU,Reihana sulap botol yg ada di keranjang 😭,Cantik,No Online Gambling Promotion
E6jKbO2pvVU,Reihana sulap botol yg ada di keranjang 😭,Iucu banget,ERROR
E6jKbO2pvVU,Reihana sulap botol yg ada di keranjang 😭,Aku warna biru,ERROR
E6jKbO2pvVU,Reihana sulap botol yg ada di keranjang 😭,asik lu,No Online Gambling Promotion
E6jKbO2pvVU,Reihana sulap botol yg ada di keranjang 😭,Kakk Aku udah seneng logg,No Online Gambling Promotion
E6jKbO2pvVU,Reihana sulap botol yg ada di keranjang 😭,Widih keren,No Online Gambling Promotion
E6jKbO2pvVU,Reihana sulap botol yg ada di keranjang 😭,Kocak,No Online Gambling Promotion
E6jKbO2pvVU,Reihana sulap botol yg ada di keranjang 😭,Whatt,ERROR
E6jKbO2pvVU,Reihana sulap botol yg ada di keranjang 😭,Komirik Aku,ERROR
E6jKbO2pvVU,Reihana sulap botol yg ada di keranjang 😭,yg Pink belinya teman mamiku,No Online Gambling Promotion
E6jKbO2pvVU,Reihana sulap botol yg ada di keranjang 😭,Bahan percobaan,ERROR
E6jKbO2pvVU,Reihana sulap botol yg ada di keranjang 😭,kak kaka nyacantik,No Online Gambling Promotion
E6jKbO2pvVU,Reihana sulap botol yg ada di keranjang 😭,Aku warna ungu biru kayak kakak nya,No Online Gambling Promotion
E6jKbO2pvVU,Reihana sulap botol yg ada di keranjang 😭,Aku botol minum kayak gitu Soalnya nenek habis Mekah habis beliin botol kayak gitu warna orange bagus,"Soalnya nenek habis Mekah habis beliin botol kayak itu warna orange bagus, No Online Gambling Promotion"
E6jKbO2pvVU,Reihana sulap botol yg ada di keranjang 😭,sujut,No Online Gambling Promotion
E6jKbO2pvVU,Reihana sulap botol yg ada di keranjang 😭,Aku,No Online Gambling Promotion
E6jKbO2pvVU,Reihana sulap botol yg ada di keranjang 😭,singkat Pada air mancur,No Online Gambling Promotion
E6jKbO2pvVU,Reihana sulap botol yg ada di keranjang 😭,Tolol banget sih kalo sulat,No Online Gambling Promotion
E6jKbO2pvVU,Reihana sulap botol yg ada di keranjang 😭,Kokhebatbangrt,No Online Gambling Promotion
E6jKbO2pvVU,Reihana sulap botol yg ada di keranjang 😭,Haha,No Online Gambling Promotion
E6jKbO2pvVU,Reihana sulap botol yg ada di keranjang 😭,Temen sekelas warna ungu,No Online Gambling Promotion
E6jKbO2pvVU,Reihana sulap botol yg ada di keranjang 😭,Gkk njirr,No Online Gambling Promotion
E6jKbO2pvVU,Reihana sulap botol yg ada di keranjang 😭,berhentiin kaaak,No Online Gambling Promotion
E6jKbO2pvVU,Reihana sulap botol yg ada di keranjang 😭,Hfdyohvijvvo,No Online Gambling Promotion
E6jKbO2pvVU,Reihana sulap botol yg ada di keranjang 😭,ih percaya,No Online Gambling Promotion
E6jKbO2pvVU,Reihana sulap botol yg ada di keranjang 😭,Gua punyaku,No Online Gambling Promotion
E6jKbO2pvVU,Reihana sulap botol yg ada di keranjang 😭,hahahalucuabekaka,No Online Gambling Promotion
E6jKbO2pvVU,Reihana sulap botol yg ada di keranjang 😭,Aku pakek warna biru,No Online Gambling Promotion
E6jKbO2pvVU,Reihana sulap botol yg ada di keranjang 😭,Aku pakek nyimpen air ZAM ZAM Waktu umroh,No Online Gambling Promotion
E6jKbO2pvVU,Reihana sulap botol yg ada di keranjang 😭,Tebak kakak nya habis ngapain,No Online Gambling Promotion
E6jKbO2pvVU,Reihana sulap botol yg ada di keranjang 😭,Singkat padat suara ketawa nya lucuu paham,No Online Gambling Promotion
E6jKbO2pvVU,Reihana sulap botol yg ada di keranjang 😭,Awal nya pas abang nya meja sampe muncerat gak tahan ketawa pas abang nya muncerat,"gak tahan ketawa pas abangnya muncernat, No Online Gambling Promotion"
E6jKbO2pvVU,Reihana sulap botol yg ada di keranjang 😭,Kakak warna unggu kerjaan ayah kak gaxindo,No Online Gambling Promotion
E6jKbO2pvVU,Reihana sulap botol yg ada di keranjang 😭,Aghxbysievjrvjtvjtbrwicvsmsfgycvgjhhvhhvhhh,No Online Gambling Promotion
E6jKbO2pvVU,Reihana sulap botol yg ada di keranjang 😭,Itumah namanya sulap atuhhh,No Online Gambling Promotion
E6jKbO2pvVU,Reihana sulap botol yg ada di keranjang 😭,Gelas kacanya kaya,No Online Gambling Promotion
E6jKbO2pvVU,Reihana sulap botol yg ada di keranjang 😭,Yg sabar ya bg,No Online Gambling Promotion
E6jKbO2pvVU,Reihana sulap botol yg ada di keranjang 😭,Panutan ku,No Online Gambling Promotion
E6jKbO2pvVU,Reihana sulap botol yg ada di keranjang 😭,Iphone,No Online Gambling Promotion
E6jKbO2pvVU,Reihana sulap botol yg ada di keranjang 😭,Hi,ERROR
E6jKbO2pvVU,Reihana sulap botol yg ada di keranjang 😭,Ketawanya candu banget eheeh,No Online Gambling Promotion
E6jKbO2pvVU,Reihana sulap botol yg ada di keranjang 😭,Wah icibos anjai,No Online Gambling Promotion
E6jKbO2pvVU,Reihana sulap botol yg ada di keranjang 😭,Rill banget kak tertipu kalo gak lihat sampe habis,No Online Gambling Promotion
E6jKbO2pvVU,Reihana sulap botol yg ada di keranjang 😭,K sulap nya kakak nya bapa,"kakak nya bapa, No Online Gambling Promotion"
E6jKbO2pvVU,Reihana sulap botol yg ada di keranjang 😭,Ih,ERROR
E6jKbO2pvVU,Reihana sulap botol yg ada di keranjang 😭,bapacknadiem,No Online Gambling Promotion
E6jKbO2pvVU,Reihana sulap botol yg ada di keranjang 😭,Janco bener bohong,No Online Gambling Promotion
E6jKbO2pvVU,Reihana sulap botol yg ada di keranjang 😭,Aku botol kaya gitu,No Online Gambling Promotion
E6jKbO2pvVU,Reihana sulap botol yg ada di keranjang 😭,kak liat video minum pake botol ituuu,No Online Gambling Promotion
E6jKbO2pvVU,Reihana sulap botol yg ada di keranjang 😭,wowww hebatt,No Online Gambling Promotion
E6jKbO2pvVU,Reihana sulap botol yg ada di keranjang 😭,Kls berpa bang adek lu,No Online Gambling Promotion
E6jKbO2pvVU,Reihana sulap botol yg ada di keranjang 😭,Botol nya kayak kak,No Online Gambling Promotion
E6jKbO2pvVU,Reihana sulap botol yg ada di keranjang 😭,singkat ya Allah cantik,"cantik, No Online Gambling Promotion"
E6jKbO2pvVU,Reihana sulap botol yg ada di keranjang 😭,Kocak anjir,No Online Gambling Promotion
E6jKbO2pvVU,Reihana sulap botol yg ada di keranjang 😭,Mirip SMA petantang petenteng,No Online Gambling Promotion
E6jKbO2pvVU,Reihana sulap botol yg ada di keranjang 😭,No,ERROR
E6jKbO2pvVU,Reihana sulap botol yg ada di keranjang 😭,Kok gua fokus nya mulut adek nya ya kayak gelagap kayak ngelakuin kek gituan Abang nya ditambah kaya nya muka Abang dudukin kaya nya enakan deh Kok gitu ya Ade Ama Abang bersetubuh gak Ade Kaka bersetubuh,seperti gelagap seperti ngelakuin kek gituan Abang yang ditambah kaya yang muka Abang dudukin kaya enakan deh. Kok itu ya A
E6jKbO2pvVU,Reihana sulap botol yg ada di keranjang 😭,mareta,No Online Gambling Promotion
E6jKbO2pvVU,Reihana sulap botol yg ada di keranjang 😭,Astofiruohalajim,No Online Gambling Promotion
E6jKbO2pvVU,Reihana sulap botol yg ada di keranjang 😭,7000,ERROR
E6jKbO2pvVU,Reihana sulap botol yg ada di keranjang 😭,Rjtjfeijdi,No Online Gambling Promotion
E6jKbO2pvVU,Reihana sulap botol yg ada di keranjang 😭,Patek Bacot,No Online Gambling Promotion
E6jKbO2pvVU,Reihana sulap botol yg ada di keranjang 😭,Aku punyak botol,No Online Gambling Promotion
E6jKbO2pvVU,Reihana sulap botol yg ada di keranjang 😭,Judi online ngapain promosi gj tolol,Online Gambling Promotion
E6jKbO2pvVU,Reihana sulap botol yg ada di keranjang 😭,Aku udah beli botol mak mekah,No Online Gambling Promotion
E6jKbO2pvVU,Reihana sulap botol yg ada di keranjang 😭,Kak Pesen,ERROR
E6jKbO2pvVU,Reihana sulap botol yg ada di keranjang 😭,kka ga puasa sih aja piasa,No Online Gambling Promotion
E6jKbO2pvVU,Reihana sulap botol yg ada di keranjang 😭,gara gara,No Online Gambling Promotion
E6jKbO2pvVU,Reihana sulap botol yg ada di keranjang 😭,Itu sulap,No Online Gambling Promotion
E6jKbO2pvVU,Reihana sulap botol yg ada di keranjang 😭,Lah botol udah gue Btw emang sih barang b aja wow orang,"Btw emang sih barang baja wow orang, No Online Gambling Promotion"
E6jKbO2pvVU,Reihana sulap botol yg ada di keranjang 😭,Eh botol kak,No Online Gambling Promotion
E6jKbO2pvVU,Reihana sulap botol yg ada di keranjang 😭,Aku warna orange,ERROR
E6jKbO2pvVU,Reihana sulap botol yg ada di keranjang 😭,Dkzhxkcb ghcjcjccdvhjv h jdtak,No Online Gambling Promotion
E6jKbO2pvVU,Reihana sulap botol yg ada di keranjang 😭,ujhghglgkgiulriykkukkiljujllkjklkudjrurjgiduykriuritugjtktuohlfhkglgyrifhgjfjnfkgigmnbbljkjhjk,No Online Gambling Prom
E6jKbO2pvVU,Reihana sulap botol yg ada di keranjang 😭,Semangat kontennya konten nya bagus,No Online Gambling Promotion
E6jKbO2pvVU,Reihana sulap botol yg ada di keranjang 😭,7jvmcjjcffff 8 90086697990cnvxmcj,No Online Gambling Promotion
E6jKbO2pvVU,Reihana sulap botol yg ada di keranjang 😭,Iyo tk masuk air nyo kau bikin penipu nyo kau,"kamu buat penipuanmu, kamu, No Online Gambling Promotion"
E6jKbO2pvVU,Reihana sulap botol yg ada di keranjang 😭,GKDIFKCIF,No Online Gambling Promotion
E6jKbO2pvVU,Reihana sulap botol yg ada di keranjang 😭,Apa Itu Ka,No Online Gambling Promotion
E6jKbO2pvVU,Reihana sulap botol yg ada di keranjang 😭,Rvl kdk,No Online Gambling Promotion
E6jKbO2pvVU,Reihana sulap botol yg ada di keranjang 😭,Kocak,No Online Gambling Promotion
E6jKbO2pvVU,Reihana sulap botol yg ada di keranjang 😭,botol,No Online Gambling Promotion
E6jKbO2pvVU,Reihana sulap botol yg ada di keranjang 😭,Teman teman nonton video baca komen ingatt teman teman judol judi online menyelesaikan terjebak lingkaran setan Jadi tolong lihat komen judol dimanapun video tolong bantu report KONTEN MERUGIKAN bantu report komen judol Insya Allah pahala ingettt sekalii lagii teman temann toloongg dibantu report yaa jikaa adaa menemukan komen judol dimanapun Terima kasih,baca komentar ingat teman-teman judi online menyelesaikan terjebak lingkaran setan. Jadi tolong lihat komentar judi dimanapun video. Tolong bantu report KONTEN M
E6jKbO2pvVU,Reihana sulap botol yg ada di keranjang 😭,PADAHAL DA BOLONG,No Online Gambling Promotion
E6jKbO2pvVU,Reihana sulap botol yg ada di keranjang 😭,LAH KOK BISAH KAYA GITU SIH,No Online Gambling Promotion
E6jKbO2pvVU,Reihana sulap botol yg ada di keranjang 😭,Aku sulap botol kosong isi manusia air gila kambing kau nih,No Online Gambling Promotion
E6jKbO2pvVU,Reihana sulap botol yg ada di keranjang 😭,iya,No Online Gambling Promotion
E6jKbO2pvVU,Reihana sulap botol yg ada di keranjang 😭,Sudah,ERROR
E6jKbO2pvVU,Reihana sulap botol yg ada di keranjang 😭,Tukan boong,No Online Gambling Promotion
E6jKbO2pvVU,Reihana sulap botol yg ada di keranjang 😭,Kok muncul hewan kak,No Online Gambling Promotion
E6jKbO2pvVU,Reihana sulap botol yg ada di keranjang 😭,B,ERROR
E6jKbO2pvVU,Reihana sulap botol yg ada di keranjang 😭,Aduh Lagi puasa,No Online Gambling Promotion
E6jKbO2pvVU,Reihana sulap botol yg ada di keranjang 😭,Gk puasa bg,No Online Gambling Promotion
E6jKbO2pvVU,Reihana sulap botol yg ada di keranjang 😭,Siapa cinta nabi Muhammad Saw bahagia,No Online Gambling Promotion
E6jKbO2pvVU,Reihana sulap botol yg ada di keranjang 😭,Abang sayang adek,ERROR
E6jKbO2pvVU,Reihana sulap botol yg ada di keranjang 😭,KK kls,No Online Gambling Promotion
E6jKbO2pvVU,Reihana sulap botol yg ada di keranjang 😭,KK nya cantik banget,No Online Gambling Promotion
E6jKbO2pvVU,Reihana sulap botol yg ada di keranjang 😭,Bg addon nya,No Online Gambling Promotion
E6jKbO2pvVU,Reihana sulap botol yg ada di keranjang 😭,Aduhh pas puasa,No Online Gambling Promotion
E6jKbO2pvVU,Reihana sulap botol yg ada di keranjang 😭,Bts,No Online Gambling Promotion
E6jKbO2pvVU,Reihana sulap botol yg ada di keranjang 😭,Uda yan,ERROR
E6jKbO2pvVU,Reihana sulap botol yg ada di keranjang 😭,Cantik bet co adek lu,No Online Gambling Promotion
E6jKbO2pvVU,Reihana sulap botol yg ada di keranjang 😭,puasa,No Online Gambling Promotion
E6jKbO2pvVU,Reihana sulap botol yg ada di keranjang 😭,Kaka,No Online Gambling Promotion
E6jKbO2pvVU,Reihana sulap botol yg ada di keranjang 😭,Ang ang ang,No Online Gambling Promotion
E6jKbO2pvVU,Reihana sulap botol yg ada di keranjang 😭,2024,ERROR
E6jKbO2pvVU,Reihana sulap botol yg ada di keranjang 😭,Hahaha lucu banget ka,No Online Gambling Promotion
E6jKbO2pvVU,Reihana sulap botol yg ada di keranjang 😭,woy puasa woy,No Online Gambling Promotion
E6jKbO2pvVU,Reihana sulap botol yg ada di keranjang 😭,Gw,ERROR
E6jKbO2pvVU,Reihana sulap botol yg ada di keranjang 😭,Hak slime,No Online Gambling Promotion
E6jKbO2pvVU,Reihana sulap botol yg ada di keranjang 😭,___________________ _________________ ________ _______GTR _______ ______ ___ FacemojiKeyboard,No Online Gambling Promotion
E6jKbO2pvVU,Reihana sulap botol yg ada di keranjang 😭,sulap beneran,No Online Gambling Promotion
E6jKbO2pvVU,Reihana sulap botol yg ada di keranjang 😭,Astaghfirullah kak kak,No Online Gambling Promotion
E6jKbO2pvVU,Reihana sulap botol yg ada di keranjang 😭,haaye,No Online Gambling Promotion
E6jKbO2pvVU,Reihana sulap botol yg ada di keranjang 😭,kakacowonyakasia,No Online Gambling Promotion
E6jKbO2pvVU,Reihana sulap botol yg ada di keranjang 😭,Gila beneran ilang,No Online Gambling Promotion
E6jKbO2pvVU,Reihana sulap botol yg ada di keranjang 😭,disayang you,No Online Gambling Promotion
E6jKbO2pvVU,Reihana sulap botol yg ada di keranjang 😭,kencig,No Online Gambling Promotion
E6jKbO2pvVU,Reihana sulap botol yg ada di keranjang 😭,wau,No Online Gambling Promotion
E6jKbO2pvVU,Reihana sulap botol yg ada di keranjang 😭,ka fazila azzahra kerici,No Online Gambling Promotion
E6jKbO2pvVU,Reihana sulap botol yg ada di keranjang 😭,Gelas nya gua kali,No Online Gambling Promotion
E6jKbO2pvVU,Reihana sulap botol yg ada di keranjang 😭,Waw ngomong ngomong kakak nya cantik loo,No Online Gambling Promotion
E6jKbO2pvVU,Reihana sulap botol yg ada di keranjang 😭,Ada Abang nya Wkwkkwkwkwk,No Online Gambling Promotion
E6jKbO2pvVU,Reihana sulap botol yg ada di keranjang 😭,sponsor,No Online Gambling Promotion
E6jKbO2pvVU,Reihana sulap botol yg ada di keranjang 😭,cakep bgt ya yng cewe masyaalla,No Online Gambling Promotion
E6jKbO2pvVU,Reihana sulap botol yg ada di keranjang 😭,fbbrj8o6k8oi,No Online Gambling Promotion
E6jKbO2pvVU,Reihana sulap botol yg ada di keranjang 😭,Hfn6hrjtndffb,ERROR
E6jKbO2pvVU,Reihana sulap botol yg ada di keranjang 😭,ggg,No Online Gambling Promotion
E6jKbO2pvVU,Reihana sulap botol yg ada di keranjang 😭,temen ku kak sih beli udah dlu uangnya hehe,No Online Gambling Promotion
E6jKbO2pvVU,Reihana sulap botol yg ada di keranjang 😭,Ku berubah warna air mancur Kayak kirain Yanti yanto,No Online Gambling Promotion
E6jKbO2pvVU,Reihana sulap botol yg ada di keranjang 😭,warna oranye udah engga,No Online Gambling Promotion
E6jKbO2pvVU,Reihana sulap botol yg ada di keranjang 😭,Aku botol minuman kaya gitu warna oren,No Online Gambling Promotion
E6jKbO2pvVU,Reihana sulap botol yg ada di keranjang 😭,Haha,ERROR
E6jKbO2pvVU,Reihana sulap botol yg ada di keranjang 😭,Cuman pamerin harga bagusss,No Online Gambling Promotion
E6jKbO2pvVU,Reihana sulap botol yg ada di keranjang 😭,Kak temen botol minum nya,No Online Gambling Promotion
E6jKbO2pvVU,Reihana sulap botol yg ada di keranjang 😭,Kocak hehe,No Online Gambling Promotion
E6jKbO2pvVU,Reihana sulap botol yg ada di keranjang 😭,Kakak nya kaya teman,No Online Gambling Promotion
E6jKbO2pvVU,Reihana sulap botol yg ada di keranjang 😭,Perasaan lu korban dah bang,No Online Gambling Promotion
E6jKbO2pvVU,Reihana sulap botol yg ada di keranjang 😭,Wow langsung air mancur,No Online Gambling Promotion
E6jKbO2pvVU,Reihana sulap botol yg ada di keranjang 😭,Temen jg pinya loh,No Online Gambling Promotion
E6jKbO2pvVU,Reihana sulap botol yg ada di keranjang 😭,Singkat air mancur,No Online Gambling Promotion
E6jKbO2pvVU,Reihana sulap botol yg ada di keranjang 😭,Papah ku warna unggu nya mahal si,No Online Gambling Promotion
E6jKbO2pvVU,Reihana sulap botol yg ada di keranjang 😭,Eh kayak nya jatuhin air mulut cowok nya,No Online Gambling Promotion
E6jKbO2pvVU,Reihana sulap botol yg ada di keranjang 😭,Ade nya suda ya,No Online Gambling Promotion
E6jKbO2pvVU,Reihana sulap botol yg ada di keranjang 😭,Zizi,ERROR
E6jKbO2pvVU,Reihana sulap botol yg ada di keranjang 😭,_waduh_,No Online Gambling Promotion
E6jKbO2pvVU,Reihana sulap botol yg ada di keranjang 😭,Temen ku nama nya Kennan,ERROR
E6jKbO2pvVU,Reihana sulap botol yg ada di keranjang 😭,Gelas dipegang bening kayak beli,No Online Gambling Promotion
E6jKbO2pvVU,Reihana sulap botol yg ada di keranjang 😭,perasaan abang kenak korban nya dah bang,No Online Gambling Promotion
E6jKbO2pvVU,Reihana sulap botol yg ada di keranjang 😭,dcfff,No Online Gambling Promotion
E6jKbO2pvVU,Reihana sulap botol yg ada di keranjang 😭,Alay,ERROR
E6jKbO2pvVU,Reihana sulap botol yg ada di keranjang 😭,Yang ketipu,ERROR
E6jKbO2pvVU,Reihana sulap botol yg ada di keranjang 😭,hahahaaaa,No Online Gambling Promotion
E6jKbO2pvVU,Reihana sulap botol yg ada di keranjang 😭,makasihh bangeett temeenkuu udah kasih rekomend web JPtogel77 ga rungkad web sebela,Online Gambling Promotion
E6jKbO2pvVU,Reihana sulap botol yg ada di keranjang 😭,Rezeki anak jackpot 2jt jptogel77 hahahaa modal 50rb doang cari aja google jptogel77,Online Gambling Promotion
E6jKbO2pvVU,Reihana sulap botol yg ada di keranjang 😭,Habis kesamber petirnya kakek main JPTOGEL77 scatternya gilagilaanputarannya bagus mantap kali main bang,Online Gambling Promotion
E6jKbO2pvVU,Reihana sulap botol yg ada di keranjang 😭,makasih admin sahabat sahabat udah membujuk bermain jptogel77 gacir akut,Online Gambling Promotion
E6jKbO2pvVU,Reihana sulap botol yg ada di keranjang 😭,asik pindah pindah ajaterus temenku nyaranin main disitus JPTOGEL77 eh beneran gacir,Online Gambling Promotion
E6jKbO2pvVU,Reihana sulap botol yg ada di keranjang 😭,cobain aja bro main JPTOGEL77 gue coba main langsung dikasih profit,"gue coba main langsung diberikan profit, Online Gambling Promotion"
E6jKbO2pvVU,Reihana sulap botol yg ada di keranjang 😭,Beruntung banget bersyukur banget gw nemu situs JPTOGEL77 semenjak gw bergabung disitus banget nerima keuntungan super gede WD gak absen1 suka depo wd secepat kilat admin nya ramah,ERROR
E6jKbO2pvVU,Reihana sulap botol yg ada di keranjang 😭,enak banget maxwin nya ngap Cuman situs JPTOGEL77 gw ngerasain indah nya maxwin,"Cuman situs JPTOGEL77 gw ngerasain indahnya Maxwin, Online Gambling Promotion"
E6jKbO2pvVU,Reihana sulap botol yg ada di keranjang 😭,nice link bagus jptogel77,Online Gambling Promotion
E6jKbO2pvVU,Reihana sulap botol yg ada di keranjang 😭,iseng iseng ajak doi main jptogel77 kaget ngeliat petirnya kek wkwk,Online Gambling Promotion
E6jKbO2pvVU,Reihana sulap botol yg ada di keranjang 😭,udah ciuuaan deh main JPTOGEL77 ga pindah situs lagikarena situs uadah kksih menang beneran udah nyaman bangetttttttt,Online Gambling Promotion
E6jKbO2pvVU,Reihana sulap botol yg ada di keranjang 😭,Pragmatic nya JPTOGEL77 enak poll sih maen bet receh JP disana cari aja google JPTOGEL77,Online Gambling Promotion
E6jKbO2pvVU,Reihana sulap botol yg ada di keranjang 😭,duduk dudukk ngopii enak nya mainn slt JPTOGEL77,Online Gambling Promotion
E6jKbO2pvVU,Reihana sulap botol yg ada di keranjang 😭,Saya depo barusan 3x wdnya 7 kali Jptogel77,Online Gambling Promotion
E6jKbO2pvVU,Reihana sulap botol yg ada di keranjang 😭,nih jptogel77 pantes bnyk yg promoin gila gampang JP nya,Online Gambling Promotion
E6jKbO2pvVU,Reihana sulap botol yg ada di keranjang 😭,Jangan ragu main JPTOGEL77 kepuasan wd gede Cuan,No Online Gambling Promotion
E6jKbO2pvVU,Reihana sulap botol yg ada di keranjang 😭,Sudah situs yg ikuti satupun berhasil membuktikan kecuali JptogeI77,No Online Gambling Promotion
E6jKbO2pvVU,Reihana sulap botol yg ada di keranjang 😭,komunitas nang jptogel77 iki apik silih bawa,Online Gambling Promotion
E6jKbO2pvVU,Reihana sulap botol yg ada di keranjang 😭,TERIMAKASIH jptogel77,Online Gambling Promotion
E6jKbO2pvVU,Reihana sulap botol yg ada di keranjang 😭,khawatir Hal orang pikirkan pikirkan Hal dirimu JPTOGEL77 gk percaya sih cocok buktiin memanglah website gacirnya,"kami tidak percaya sih cocok buktiin memanglah website gacornya, No Online Gambling Promotion"
E6jKbO2pvVU,Reihana sulap botol yg ada di keranjang 😭,anjir jptogel77 situs kesukaan teman gw,Online Gambling Promotion
E6jKbO2pvVU,Reihana sulap botol yg ada di keranjang 😭,jptogel77 maxwin pragmatic pg soft nya rame,Online Gambling Promotion
E6jKbO2pvVU,Reihana sulap botol yg ada di keranjang 😭,makasih infonya kwnkwn jptogel77 ane dh daftar jg ya semoga amanah,Online Gambling Promotion
E6jKbO2pvVU,Reihana sulap botol yg ada di keranjang 😭,JPTOGEL77 bnrn gacir bre,Online Gambling Promotion
E6jKbO2pvVU,Reihana sulap botol yg ada di keranjang 😭,makasih JPTOGEL77 berkah beres 2 pinjol sisa 1 ngengngengngeng semangaaat,Online Gambling Promotion
E6jKbO2pvVU,Reihana sulap botol yg ada di keranjang 😭,paten jptogel77 makasihhh,Online Gambling Promotion
E6jKbO2pvVU,Reihana sulap botol yg ada di keranjang 😭,main jptogel77 suaranya,Online Gambling Promotion
E6jKbO2pvVU,Reihana sulap botol yg ada di keranjang 😭,kiraen admin beneran enak jptogel77 asu,Online Gambling Promotion
E6jKbO2pvVU,Reihana sulap botol yg ada di keranjang 😭,banget JPTOGEL77 cuan banget web nya gk depo gede2 depo receh kasih maxwin coba gan,"gak deposit besar, deposit kecil, kasih bonus maxwin, coba gane, Online Gambling Promotion"
E6jKbO2pvVU,Reihana sulap botol yg ada di keranjang 😭,makasih jptogel77 udah ngebuat kemenangan perihal lazim gue,"udah membuat kemenangan perihal lazim gue, Online Gambling Promotion"
E6jKbO2pvVU,Reihana sulap botol yg ada di keranjang 😭,Saran gua si bang player coba JPtogel77 temen gua maxwin main cari aja google JPtogel77,"temen gua maxwin main cari aja google JPtogel77, Online Gambling Promotion"
E6jKbO2pvVU,Reihana sulap botol yg ada di keranjang 😭,kali awak rasain JP 100juta JPTOGEL77,Online Gambling Promotion
E6jKbO2pvVU,Reihana sulap botol yg ada di keranjang 😭,Aku kasih menang diluar prediksi ku rungkat dikasih menang s1tus JPTOGEL77,Online Gambling Promotion
E6jKbO2pvVU,Reihana sulap botol yg ada di keranjang 😭,jptogel77 real tuh dah gw coba bnrn gacir,Online Gambling Promotion
E6jKbO2pvVU,Reihana sulap botol yg ada di keranjang 😭,Terimakasih JPTOGEL77 super hoki keren terpercaya nyata,Online Gambling Promotion
E6jKbO2pvVU,Reihana sulap botol yg ada di keranjang 😭,Cara daftarx JPTOGEL77 gmn bos,Online Gambling Promotion
E6jKbO2pvVU,Reihana sulap botol yg ada di keranjang 😭,JptogeI77 Yg bnr gacirr,Online Gambling Promotion
E6jKbO2pvVU,Reihana sulap botol yg ada di keranjang 😭,Wah seru banget Gue gabung jptogel77 langsung gas lingnya Main enak banget cuan,"saya gabung jptogel77 langsung, main enak banget cuan, Online Gambling Promotion"
E6jKbO2pvVU,Reihana sulap botol yg ada di keranjang 😭,udah langsung main JPTOGEL77 bang udah terjamin gacir banget zeusnya wkwkkwwk,Online Gambling Promotion
E6jKbO2pvVU,Reihana sulap botol yg ada di keranjang 😭,beda website beda kodrat bosku bermain situsu JPTOGEL77 udah kodrat bosku knapa brani bilang website kodrat karna ngerasa alangkah mudah nya maxwin web,"beda kodrat bosku bermain situsu JPTOGEL77 udah kodrat bosku kenapa brani bilang website kodrat karna ngerasa alangkah mudah nya maxwin web, Online Gambling Promotion"
E6jKbO2pvVU,Reihana sulap botol yg ada di keranjang 😭,Muadah mudahan bermanfaat coba JPTOGEL77 real asik mainnya,Online Gambling Promotion
E6jKbO2pvVU,Reihana sulap botol yg ada di keranjang 😭,Senyum senyum udah main situs JPtogel77 asli sih nyantai nyoba depo dikit saldonya brayy terbaik emang cari aja google JPtogel77,Online Gambling Promotion
E6jKbO2pvVU,Reihana sulap botol yg ada di keranjang 😭,Berbagi indah boss qu gw jg dpt komenkomen main JPTOGEL77 mantap,Online Gambling Promotion
E6jKbO2pvVU,Reihana sulap botol yg ada di keranjang 😭,tengkiu bosku kasi teman2 setongkrongan traktiran makan minum enak semoga jaya jptogel77,Online Gambling Promotion
E6jKbO2pvVU,Reihana sulap botol yg ada di keranjang 😭,gw tau JPTOGEL77 komen asli bnrn gacir,Online Gambling Promotion
E6jKbO2pvVU,Reihana sulap botol yg ada di keranjang 😭,lumayan menang 700rb JPTOGEL77 cuman depo 50 doang wkwk cari aja google JPTOGEL77,Online Gambling Promotion
E6jKbO2pvVU,Reihana sulap botol yg ada di keranjang 😭,Mau Depo Berapapun Disini Uda Pasti Auto Wede Nama Situsnya Nih Gua Bocorin Cari Aja Digoogle JPTOGEL77 Pasti Ketemu,Online Gambling Promotion
E6jKbO2pvVU,Reihana sulap botol yg ada di keranjang 😭,sy main JPtogel77 doang mas ga pindah2 ya kadang loss ya ga sampe beli fortuner karaoke sih lc gw minimal 2 bos hahaha,"mas ga pindah2 ya kadang loss ya ga sampe beli fortuner karaoke sih lc gw minimal 2 bos hahaha, Online Gambling Promotion"
E6jKbO2pvVU,Reihana sulap botol yg ada di keranjang 😭,Baru WD bang main situs terbaik tergacir nama situsnya JPtogel77 mantap mnya,Online Gambling Promotion
E6jKbO2pvVU,Reihana sulap botol yg ada di keranjang 😭,jptogel77 Kebanggan rakyat,Online Gambling Promotion
E6jKbO2pvVU,Reihana sulap botol yg ada di keranjang 😭,ramai yg main jptogel77 wkwkwk mmg gampang JP sih,Online Gambling Promotion
E6jKbO2pvVU,Reihana sulap botol yg ada di keranjang 😭,Gua aja 2 pindah situs aja total kekalahan 80jt coba jptogel77 perlahan harta,"coba judi slot jptogel77 perlahan, Online Gambling Promotion"
E6jKbO2pvVU,Reihana sulap botol yg ada di keranjang 😭,mantap nih situs JPTOGEL77 kali main udah dikasih menang aja,"udah dikasih menang, Online Gambling Promotion"
E6jKbO2pvVU,Reihana sulap botol yg ada di keranjang 😭,Keren euyy jptogel77,Online Gambling Promotion
E6jKbO2pvVU,Reihana sulap botol yg ada di keranjang 😭,makasih Jptogel77 seumur umur kali lihat perkalian merah wd 3 juta modal 60k,Online Gambling Promotion
E6jKbO2pvVU,Reihana sulap botol yg ada di keranjang 😭,seru banget main JPTOGEL77 Modal 100 menang gac0rnya diluar dugaan,Online Gambling Promotion
E6jKbO2pvVU,Reihana sulap botol yg ada di keranjang 😭,yg main google aja JPTOGEL77 tar gw promosi,Online Gambling Promotion
E6jKbO2pvVU,Reihana sulap botol yg ada di keranjang 😭,enaknya abang nrima web gacir JPTOGEL77 bermukim nunggu jam melambung nya aja ngab,Online Gambling Promotion
E6jKbO2pvVU,Reihana sulap botol yg ada di keranjang 😭,Harapan semoga kedepannya cuan ya situs JPTOGEL77 hati wajib sih main situs,Online Gambling Promotion
E6jKbO2pvVU,Reihana sulap botol yg ada di keranjang 😭,sore sore gini nyantai main JPTOGEL77 dikasih maxwin hahaa Mudah maxwin,Online Gambling Promotion
E6jKbO2pvVU,Reihana sulap botol yg ada di keranjang 😭,JPtogel77 bikin main seru cuan gak berhenti mengalir event scater ZEUS,Online Gambling Promotion
E6jKbO2pvVU,Reihana sulap botol yg ada di keranjang 😭,Gua cuman kali main doang kasih bagus eh main kasih bagus JPTOGEL77 Baru kali gua nemu s1tus bagus kek langka bener jumpa s1tus kasih wd,"kasih bagus eh main kasih bagus JPTOGEL77 Baru kali guanya nemu situs bagus kek langka bener jumpa situs kasih wd, Online Gambling Promotion"
E6jKbO2pvVU,Reihana sulap botol yg ada di keranjang 😭,Up Up Upaku coba bang gacir sltnya ya JPTOGEL77 pantes rame kali comment hahaha,Online Gambling Promotion
E6jKbO2pvVU,Reihana sulap botol yg ada di keranjang 😭,blh coba jptogel77,Online Gambling Promotion
E6jKbO2pvVU,Reihana sulap botol yg ada di keranjang 😭,saldo nya turun langsung coba main olimpus pakai pola situs JPTOGEL77 nya yg berurutan langsung otw wd,"coba main olimpus pakai situs JPTOGEL77 yang berurutan langsung otw wd, Online Gambling Promotion"
E6jKbO2pvVU,Reihana sulap botol yg ada di keranjang 😭,gw kasi kisi2 lembut sikit bermain la jptogel77 anak nih brani kasi wr tinggi2 wkwkwkwk gas kapok,"brani kasi warna tinggi, wkwkwkwk gas kapok, Online Gambling Promotion"
E6jKbO2pvVU,Reihana sulap botol yg ada di keranjang 😭,main jptogel77 udah gw rasakan mmg gacir,Online Gambling Promotion
E6jKbO2pvVU,Reihana sulap botol yg ada di keranjang 😭,Gak kecewa main JPTOGEL77 slt on fire,Online Gambling Promotion
E6jKbO2pvVU,Reihana sulap botol yg ada di keranjang 😭,Mau daptr jptogel77 bos ku,Online Gambling Promotion
E6jKbO2pvVU,Reihana sulap botol yg ada di keranjang 😭,Udh daptar dapetin skater hitam gimana jptogel77,Online Gambling Promotion
E6jKbO2pvVU,Reihana sulap botol yg ada di keranjang 😭,Saya merasakan keberuntungan JPTOGEL77 gabung bro,"gabung bro, Online Gambling Promotion"
E6jKbO2pvVU,Reihana sulap botol yg ada di keranjang 😭,Kalo nyari gacir JPTOGEL77 jawabannya bree karna gw main disana ksh menang breee cari aja google JPTOGEL77,Online Gambling Promotion
E6jKbO2pvVU,Reihana sulap botol yg ada di keranjang 😭,nyari2 link mantul kali ni gw setuju JPTOGEL77 gacir,Online Gambling Promotion
E6jKbO2pvVU,Reihana sulap botol yg ada di keranjang 😭,Sukses slalu jptogel77,Online Gambling Promotion
E6jKbO2pvVU,Reihana sulap botol yg ada di keranjang 😭,Sukses JPTOGEL77,Online Gambling Promotion
E6jKbO2pvVU,Reihana sulap botol yg ada di keranjang 😭,Mas suka JP bagusan cobain JPTOGEL77 gua narikk maunya gua rejeki kebagi play JPTOGEL77,"ga narikk maunya ga rejeki kebagi play JPTOGEL77, Online Gambling Promotion"
E6jKbO2pvVU,Reihana sulap botol yg ada di keranjang 😭,Ibarat pepatah gak kenal gak sayang silahkan coba bro main JPTOGEL77 rasakan main JPTOGEL77 maxwin bro,"silakan coba bro main JPTOGEL77, rasakan main JPTOGEL77 maxwin, Online Gambling Promotion"
E6jKbO2pvVU,Reihana sulap botol yg ada di keranjang 😭,tmn gw jptogel77 rame bgt tuh situs bre gila,Online Gambling Promotion
E6jKbO2pvVU,Reihana sulap botol yg ada di keranjang 😭,Gas tu gan jptogel77 zeusnya nya galak tu aja tu ngasi gw dikasi maxwin,Online Gambling Promotion
E6jKbO2pvVU,Reihana sulap botol yg ada di keranjang 😭,Hebat mantap jptogel77,Online Gambling Promotion
E6jKbO2pvVU,Reihana sulap botol yg ada di keranjang 😭,Sukses JptogeI77,Online Gambling Promotion
E6jKbO2pvVU,Reihana sulap botol yg ada di keranjang 😭,g prnah bosan gua main jptogel77 situs nya ga pelit kya situs2 nya main g lngsng ksh wd,"kyasitus2nyamainglngkshewd, No Online Gambling Promotion"
E6jKbO2pvVU,Reihana sulap botol yg ada di keranjang 😭,gw rungkad mandalika77 wkwkwkw tmn gw yg JP jptogel77,Online Gambling Promotion
E6jKbO2pvVU,Reihana sulap botol yg ada di keranjang 😭,mantap jptogel77,Online Gambling Promotion
E6jKbO2pvVU,Reihana sulap botol yg ada di keranjang 😭,nih galau rungkad coba main JPTOGEL77 seminggu join kasih JP gede brayy,Online Gambling Promotion
E6jKbO2pvVU,Reihana sulap botol yg ada di keranjang 😭,Apa nama link jptogel77 nya bossku,Online Gambling Promotion
E6jKbO2pvVU,Reihana sulap botol yg ada di keranjang 😭,Kakak wedein sketer s1tusnya JPTOGEL77 max mantapnya id tuh JPTOGEL77 sepele sketer brader,Online Gambling Promotion
E6jKbO2pvVU,Reihana sulap botol yg ada di keranjang 😭,Akhirnya ngerasain nama nya maxwinemang mantap situs terpercaya JPTOGEL77 mayan buatk modal nongkrong temen temen broo,"situs terpercaya JPTOGEL77 mayan buat modal nongkrong temen temen broo, Online Gambling Promotion"
E6jKbO2pvVU,Reihana sulap botol yg ada di keranjang 😭,JPTOGEL77 makasi uda ngasih keren pokoknya JPTOGEL77 sesuai pnya isi nya,Online Gambling Promotion
E6jKbO2pvVU,Reihana sulap botol yg ada di keranjang 😭,gw gw JP jptogel77 sekebon ni manusia,Online Gambling Promotion
E6jKbO2pvVU,Reihana sulap botol yg ada di keranjang 😭,sukses jptogel77,Online Gambling Promotion
E6jKbO2pvVU,Reihana sulap botol yg ada di keranjang 😭,main JPTOGEL77 coba berkali kali main situs JPTOGEL77 terbukti W3De3 akun ku deh ga nyedot situsnya,Online Gambling Promotion
E6jKbO2pvVU,Reihana sulap botol yg ada di keranjang 😭,Cuma kasi masukan aja Bang main JPTOGEL77 main sportif g Rungkad dikasi menang pokoknya cari tambahan alternatif main pokoknya mantap lha cek aj bang google nama nya JPTOGEL77,main JPTOGEL77 main sportif g Rungkad dikasi menang pokoknya cari tambahan alternatif main pokoknya mantap lha cek aj bang google nama nya JPTOGEL
E6jKbO2pvVU,Reihana sulap botol yg ada di keranjang 😭,main JPTOGEL77 aja kang pragmatic seragam pg soft nya tertib timbul maxwin tnya sm admin nya kasih info google bray JPTOGEL77 aja,Online Gambling Promotion
E6jKbO2pvVU,Reihana sulap botol yg ada di keranjang 😭,suka banget main s1tus JPTOGEL77 pokoknya the best emg,Online Gambling Promotion
E6jKbO2pvVU,Reihana sulap botol yg ada di keranjang 😭,gue gak nyangka menang JPTOGEL77 Tempat,No Online Gambling Promotion
E6jKbO2pvVU,Reihana sulap botol yg ada di keranjang 😭,mantap bro JP tipis JPTOGEL77 ngakat aja udah lumayan makasih JPTOGEL77 udah kasih menang,Online Gambling Promotion
E6jKbO2pvVU,Reihana sulap botol yg ada di keranjang 😭,maacihhh abang bos gw ngerasain namanya wede cuannn gedek terbaik bermain web JPTOGEL77,Online Gambling Promotion
E6jKbO2pvVU,Reihana sulap botol yg ada di keranjang 😭,kerap depo wd wd gw kerap wd depo abang rekomen web JPTOGEL77,Online Gambling Promotion
E6jKbO2pvVU,Reihana sulap botol yg ada di keranjang 😭,makasi saran nya brobro JPTOGEL77 wd landing lembut berhasil,Online Gambling Promotion
E6jKbO2pvVU,Reihana sulap botol yg ada di keranjang 😭,Aku udah daftar JptogeI77,Online Gambling Promotion
E6jKbO2pvVU,Reihana sulap botol yg ada di keranjang 😭,SUPER SEKALI JPTOGEL77 MANTAP,No Online Gambling Promotion
E6jKbO2pvVU,Reihana sulap botol yg ada di keranjang 😭,heran lihat postingan pda JP jdi penasaran coba main receha ehh beneran JP seneng banget dooonggg slt gacir gampang maxwin pragmatic play JPTOGEL77 nama situsnya bro,Online Gam
E6jKbO2pvVU,Reihana sulap botol yg ada di keranjang 😭,bermain website langganan gw bro J P T O G E L 7 7 ga butuh sertaan pola pola ga nyata emg situsnya bagus puteran sm pecahannya jg bagus gaskeun brooo bermain tipis2,Online Gam
E6jKbO2pvVU,Reihana sulap botol yg ada di keranjang 😭,nyesel bener maen jptogel77 depo receh wd berkali2 kalo dr ud kebeli tuh vespa matic wekekek HAHAHHAHA,Online Gambling Promotion
E6jKbO2pvVU,Reihana sulap botol yg ada di keranjang 😭,Semoga kemudahan main JPTOGEL77,Online Gambling Promotion
E6jKbO2pvVU,Reihana sulap botol yg ada di keranjang 😭,aja gw coba jptogel77 semalam lumayan dpt 2jt,Online Gambling Promotion
E6jKbO2pvVU,Reihana sulap botol yg ada di keranjang 😭,setuju bro gw jg main jptogel77 gacir,"saya juga main judi slot jptogel77 gacor, Online Gambling Promotion"
E6jKbO2pvVU,Reihana sulap botol yg ada di keranjang 😭,Gemetar bang main JPtogel77 kaget kali perkalian x500 langsung turun iseng gila sih ngerasain maxwin cari aja google JPtogel77,Online Gambling Promotion
E6jKbO2pvVU,Reihana sulap botol yg ada di keranjang 😭,ketemu situs ga pelit nih bang langsung aja JPTOGEL77,Online Gambling Promotion
E6jKbO2pvVU,Reihana sulap botol yg ada di keranjang 😭,Beda banget situs yg main berulang ulang modal gede menang JPTOGEL77 main aja uda dikasih maxwin top bgt situs,"main aja udah diberi maxwin top bagus situs, Online Gambling Promotion"
E6jKbO2pvVU,Reihana sulap botol yg ada di keranjang 😭,gw main JPTOGEL77 sampe bikin 3 akun kirain rungkad salah eh wd mulu wkkwkwk,Online Gambling Promotion
E6jKbO2pvVU,Reihana sulap botol yg ada di keranjang 😭,scroll jptogel77 bre paten emg situs gw,Online Gambling Promotion
E6jKbO2pvVU,Reihana sulap botol yg ada di keranjang 😭,Ganas slt JPTOGEL77 modal narik sejuta om,Online Gambling Promotion
E6jKbO2pvVU,Reihana sulap botol yg ada di keranjang 😭,pantes rame jptogel77 wkwkwkwkwk,Online Gambling Promotion
E6jKbO2pvVU,Reihana sulap botol yg ada di keranjang 😭,Makin seru JPTOGEL77 sltnya oke banget bonusnya bikin senang untung melimpah memberikaan cuan teruss nya emang gokil bangett,Online Gambling Promotion
E6jKbO2pvVU,Reihana sulap botol yg ada di keranjang 😭,jptogel77 MAKASIH BNRN ASIK JP AJA,Online Gambling Promotion
E6jKbO2pvVU,Reihana sulap botol yg ada di keranjang 😭,Riwayat kalah ku situs sebelah cuman situs JPTOGEL77 penyelamat keuangan ku,Online Gambling Promotion
E6jKbO2pvVU,Reihana sulap botol yg ada di keranjang 😭,Jangan tunggu2 deh bang alian coba main JPTOGEL77 asli kegaciran nya parah Buktikan aja main website nya JPTOGEL77,"bang Alian coba main JPTOGEL77 asli kegacorannya. Parah buktikan main website nya JPTOGEL77, Online Gambling Promotion"
E6jKbO2pvVU,Reihana sulap botol yg ada di keranjang 😭,gamau kalah ya coba JptogeI77 gw real udah JP,Online Gambling Promotion
E6jKbO2pvVU,Reihana sulap botol yg ada di keranjang 😭,jptogel77 ramai nih tmn gw maen situ skrg,Online Gambling Promotion
E6jKbO2pvVU,Reihana sulap botol yg ada di keranjang 😭,Awal sih ragu yah senang main JPTOGEL77 modal receehh doang lohhh,Online Gambling Promotion
E6jKbO2pvVU,Reihana sulap botol yg ada di keranjang 😭,situs JPTOGEL77 bro gak makan orang mala kasih uang main disni makasi la uda recomen,Online Gambling Promotion
E6jKbO2pvVU,Reihana sulap botol yg ada di keranjang 😭,Saran coba JPTOGEL77 bg link nya gak pelit tu mmber uda psti dikasih JP tmn gw jga mawin disitu,"mungkin udah diposting di kasih JP tim nya, saya juga mau win disitu, Online Gambling Promotion"
E6jKbO2pvVU,Reihana sulap botol yg ada di keranjang 😭,kasih uang jg JPTOGEL77 lumayan nongki ngopi with teman teman besok wkwkw,Online Gambling Promotion
E6jKbO2pvVU,Reihana sulap botol yg ada di keranjang 😭,jptogel77 pelunas utang gw cok WKWKWKWK,Online Gambling Promotion
E6jKbO2pvVU,Reihana sulap botol yg ada di keranjang 😭,cmn main JptogeI77 gw dpt teriakan mantap ayaaaaaang,Online Gambling Promotion
E6jKbO2pvVU,Reihana sulap botol yg ada di keranjang 😭,gokilll mantul kali JPTOGEL77 makasih info gacirny kakak,"terima kasih informasi gacor, Online Gambling Promotion"
E6jKbO2pvVU,Reihana sulap botol yg ada di keranjang 😭,keren banget jptogel77 kerungkatan bro rasio kemenangannya banget gokil,Online Gambling Promotion
E6jKbO2pvVU,Reihana sulap botol yg ada di keranjang 😭,Mantap Betul ahh gini gak sia sia deh gua main JPTOGEL77 keren pokonya,Online Gambling Promotion
E6jKbO2pvVU,Reihana sulap botol yg ada di keranjang 😭,gaji umr uang tambahan mah udah party malming wkwkkwkw makasih JPTOGEL77,No Online Gambling Promotion
E6jKbO2pvVU,Reihana sulap botol yg ada di keranjang 😭,Buat berani main bet 2000 modal 100rb doang ehh dikasih maxwin kakek mantap bener emng situs nya JPTOGEL77 gass gini terpecaya situs nya,Online Gambling Promotion
E6jKbO2pvVU,Reihana sulap botol yg ada di keranjang 😭,nikmat main JPTOGEL77 starlight princes ny menaburkan pesona tuh member era rungkad deh cuan harinya,Online Gambling Promotion
E6jKbO2pvVU,Reihana sulap botol yg ada di keranjang 😭,alus pisan jptogel77 wkwkwkw,Online Gambling Promotion
E6jKbO2pvVU,Reihana sulap botol yg ada di keranjang 😭,best jptogel77,Online Gambling Promotion
E6jKbO2pvVU,Reihana sulap botol yg ada di keranjang 😭,jptogel77 wwjwkwkkw mantap,Online Gambling Promotion
E6jKbO2pvVU,Reihana sulap botol yg ada di keranjang 😭,terimakasih rekomendasi link gacirnya kakak jptogel77,Online Gambling Promotion
E6jKbO2pvVU,Reihana sulap botol yg ada di keranjang 😭,JPTOGEL77 slt gacir Mantul Terus Gelem Cuan,Online Gambling Promotion
E6jKbO2pvVU,Reihana sulap botol yg ada di keranjang 😭,Woi knp promosi judol,Online Gambling Promotion
E6jKbO2pvVU,Reihana sulap botol yg ada di keranjang 😭,Huhu bohong,No Online Gambling Promotion
E6jKbO2pvVU,Reihana sulap botol yg ada di keranjang 😭,Ih bohong,No Online Gambling Promotion
E6jKbO2pvVU,Reihana sulap botol yg ada di keranjang 😭,cantik banget ka,No Online Gambling Promotion
E6jKbO2pvVU,Reihana sulap botol yg ada di keranjang 😭,guee jg kli,No Online Gambling Promotion
E6jKbO2pvVU,Reihana sulap botol yg ada di keranjang 😭,Agak cantik lu,No Online Gambling Promotion
E6jKbO2pvVU,Reihana sulap botol yg ada di keranjang 😭,Kak tas kayak gitu janji jiwa,No Online Gambling Promotion
E6jKbO2pvVU,Reihana sulap botol yg ada di keranjang 😭,Kak gelas nya,No Online Gambling Promotion
E6jKbO2pvVU,Reihana sulap botol yg ada di keranjang 😭,Kak kobisasih,No Online Gambling Promotion
E6jKbO2pvVU,Reihana sulap botol yg ada di keranjang 😭,Aku warna ungu,ERROR
E6jKbO2pvVU,Reihana sulap botol yg ada di keranjang 😭,kakk punyaaaa botol ituu,No Online Gambling Promotion
E6jKbO2pvVU,Reihana sulap botol yg ada di keranjang 😭,MPO234 bonus new member 100,Online Gambling Promotion
E6jKbO2pvVU,Reihana sulap botol yg ada di keranjang 😭,SHOLAT5WAKTU Pahalanya Gacor parahh,No Online Gambling Promotion
E6jKbO2pvVU,Reihana sulap botol yg ada di keranjang 😭,Singkat padat kosong,No Online Gambling Promotion
E6jKbO2pvVU,Reihana sulap botol yg ada di keranjang 😭,Hijabnya bagus beli dimana adek,No Online Gambling Promotion
E6jKbO2pvVU,Reihana sulap botol yg ada di keranjang 😭,ththRen thth dd ? ddNoN00NoN00ththNoN thth 00ththNoNNoN,No Online Gambling Promotion
E6jKbO2pvVU,Reihana sulap botol yg ada di keranjang 😭,Bantu subscribe mencoba kreator menghibur,No Online Gambling Promotion
E6jKbO2pvVU,Reihana sulap botol yg ada di keranjang 😭,Singkat padat air mancur,No Online Gambling Promotion
E6jKbO2pvVU,Reihana sulap botol yg ada di keranjang 😭,Gua warna ungu,No Online Gambling Promotion
E6jKbO2pvVU,Reihana sulap botol yg ada di keranjang 😭,Mirip Miska istri yislam jaidi,No Online Gambling Promotion
E6jKbO2pvVU,Reihana sulap botol yg ada di keranjang 😭,Kak temen botol nya arab sol nya,No Online Gambling Promotion
E6jKbO2pvVU,Reihana sulap botol yg ada di keranjang 😭,Ya elah beneran aja aja,No Online Gambling Promotion
E6jKbO2pvVU,Reihana sulap botol yg ada di keranjang 😭,Haha,ERROR
E6jKbO2pvVU,Reihana sulap botol yg ada di keranjang 😭,Air masuk,No Online Gambling Promotion
E6jKbO2pvVU,Reihana sulap botol yg ada di keranjang 😭,Saya nak tuan,No Online Gambling Promotion
E6jKbO2pvVU,Reihana sulap botol yg ada di keranjang 😭,SHALAT5WAKTU gacor banget pahalanya,No Online Gambling Promotion
E6jKbO2pvVU,Reihana sulap botol yg ada di keranjang 😭,Teteh warna ungu,No Online Gambling Promotion
E6jKbO2pvVU,Reihana sulap botol yg ada di keranjang 😭,kak botol nya warna oren,No Online Gambling Promotion
E6jKbO2pvVU,Reihana sulap botol yg ada di keranjang 😭,mantap bro JP tipis JPTOGEL77 ngakat aja udah lumayan makasih JPTOGEL77 udah kasih menang,Online Gambling Promotion
E6jKbO2pvVU,Reihana sulap botol yg ada di keranjang 😭,link nya Jptogel77 boss donk,Online Gambling Promotion
E6jKbO2pvVU,Reihana sulap botol yg ada di keranjang 😭,makasih JPTOGEL77 berkah beres 2 pinjol sisa 1 ngengngengngeng semangaaat,Online Gambling Promotion
E6jKbO2pvVU,Reihana sulap botol yg ada di keranjang 😭,makasihh bangeett temeenkuu udah kasih rekomend web JPtogel77 ga rungkad web sebela,Online Gambling Promotion
E6jKbO2pvVU,Reihana sulap botol yg ada di keranjang 😭,enak banget maxwin nya ngap Cuman situs JPTOGEL77 gw ngerasain indah nya maxwin,"Cuman situs JPTOGEL77 gw ngerasain indahnya maxwin, Online Gambling Promotion"
E6jKbO2pvVU,Reihana sulap botol yg ada di keranjang 😭,ramai yg main jptogel77 wkwkwk mmg gampang JP sih,Online Gambling Promotion
E6jKbO2pvVU,Reihana sulap botol yg ada di keranjang 😭,JPtogel77 bikin main seru cuan gak berhenti mengalir event scater ZEUS,Online Gambling Promotion
E6jKbO2pvVU,Reihana sulap botol yg ada di keranjang 😭,Baru WD bang main situs terbaik tergacir nama situsnya JPtogel77 mantap mnya,Online Gambling Promotion
E6jKbO2pvVU,Reihana sulap botol yg ada di keranjang 😭,Gua aja 2 pindah situs aja total kekalahan 80jt coba jptogel77 perlahan harta,"coba judi slot jptogel77 perlahan, Online Gambling Promotion"
E6jKbO2pvVU,Reihana sulap botol yg ada di keranjang 😭,lu main JPTOGEL77 lu kuasa bang nyelot hepi bang,"lu kuasa bang nyelot hepi bang, Online Gambling Promotion"
E6jKbO2pvVU,Reihana sulap botol yg ada di keranjang 😭,nih bray situs gacir inpo tetangga JPTOGEL77 seminggu join kasih JP gede brayy,Online Gambling Promotion
E6jKbO2pvVU,Reihana sulap botol yg ada di keranjang 😭,khawatir Hal orang pikirkan pikirkan Hal dirimu JPTOGEL77 gk percaya sih cocok buktiin memanglah website gacirnya,"kami tidak percaya sih cocok bukti ini memanglah website gacor, No Online Gambling Promotion"
E6jKbO2pvVU,Reihana sulap botol yg ada di keranjang 😭,Mas suka JP bagusan cobain JPTOGEL77 gua narikk maunya gua rejeki kebagi play JPTOGEL77,"ga narik maunya ga rejeki kebagi play JPTOGEL77, Online Gambling Promotion"
E6jKbO2pvVU,Reihana sulap botol yg ada di keranjang 😭,Harapan semoga kedepannya cuan ya situs JPTOGEL77 hati wajib sih main situs,Online Gambling Promotion
E6jKbO2pvVU,Reihana sulap botol yg ada di keranjang 😭,Gemetar bang main JPtogel77 kaget kali perkalian x500 langsung turun iseng gila sih ngerasain maxwin cari aja google JPtogel77,"cari aja Google JPtogel77, Online Gambling Promotion"
E6jKbO2pvVU,Reihana sulap botol yg ada di keranjang 😭,Wah seru banget Gue gabung jptogel77 langsung gas lingnya Main enak banget cuan,"saya gabung jptogel77 langsung, main enak banget cuan, Online Gambling Promotion"
E6jKbO2pvVU,Reihana sulap botol yg ada di keranjang 😭,main JPTOGEL77 aja kang pragmatic seragam pg soft nya tertib timbul maxwin tnya sm admin nya kasih info google bray JPTOGEL77 aja,Online Gambling Promotion
E6jKbO2pvVU,Reihana sulap botol yg ada di keranjang 😭,Setiap kali menang JPTOGEL77,Online Gambling Promotion
E6jKbO2pvVU,Reihana sulap botol yg ada di keranjang 😭,Mantap Betul ahh gini gak sia sia deh gua main JPTOGEL77 keren pokonya,Online Gambling Promotion
E6jKbO2pvVU,Reihana sulap botol yg ada di keranjang 😭,dikasih pola maxwin merasakan maxwin disitus JPTOGEL77 mantapp gacir banget,Online Gambling Promotion
E6jKbO2pvVU,Reihana sulap botol yg ada di keranjang 😭,makasih jptogel77 udah ngebuat kemenangan perihal lazim gue,Online Gambling Promotion
E6jKbO2pvVU,Reihana sulap botol yg ada di keranjang 😭,Modal JPTOGEL77 dikasih pecahan Gak nyesel deh main Mantap,Online Gambling Promotion
E6jKbO2pvVU,Reihana sulap botol yg ada di keranjang 😭,cmn main JptogeI77 gw dpt teriakan mantap ayaaaaaang,Online Gambling Promotion
E6jKbO2pvVU,Reihana sulap botol yg ada di keranjang 😭,selamet alam memprihatinkan wkwk dorongan bermain JPTOGEL77 udah keuntungan game clam enventya astaga mantap memanglah lagak website nya bosskuu,"udah keuntungan game clam enventya astaga mantap memanglah lagak website nya bosskuu, Online Gambling Promotion"
E6jKbO2pvVU,Reihana sulap botol yg ada di keranjang 😭,makasi saran nya brobro JPTOGEL77 wd landing lembut berhasil,No Online Gambling Promotion
E6jKbO2pvVU,Reihana sulap botol yg ada di keranjang 😭,heran lihat postingan pda JP jdi penasaran coba main receha ehh beneran JP seneng banget dooonggg slt gacir gampang maxwin pragmatic play JPTOGEL77 nama situsnya bro,Online Gambling Prom
E6jKbO2pvVU,Reihana sulap botol yg ada di keranjang 😭,nyesel bener maen jptogel77 depo receh wd berkali2 kalo dr ud kebeli tuh vespa matic wekekek HAHAHHAHA,Online Gambling Promotion
E6jKbO2pvVU,Reihana sulap botol yg ada di keranjang 😭,main server emang mantep ga turun naek nih jptogel77,No Online Gambling Promotion
E6jKbO2pvVU,Reihana sulap botol yg ada di keranjang 😭,Jangan ragu main JPTOGEL77 kepuasan wd gede Cuan,Online Gambling Promotion
E6jKbO2pvVU,Reihana sulap botol yg ada di keranjang 😭,JptogeI77 Yg bnr gacirr,Online Gambling Promotion
E6jKbO2pvVU,Reihana sulap botol yg ada di keranjang 😭,keren banget jptogel77 kerungkatan bro rasio kemenangannya banget gokil,Online Gambling Promotion
E6jKbO2pvVU,Reihana sulap botol yg ada di keranjang 😭,Tesbkotsxcbnkpyrdhjkbgfryiknbdwdvqs,No Online Gambling Promotion
E6jKbO2pvVU,Reihana sulap botol yg ada di keranjang 😭,Bebas dri komen judol Suruh aj bpk klian main judol YouTube,No Online Gambling Promotion
E6jKbO2pvVU,Reihana sulap botol yg ada di keranjang 😭,Aku pilih zulfa,No Online Gambling Promotion
E6jKbO2pvVU,Reihana sulap botol yg ada di keranjang 😭,PuLAU777 emang cari cuan enak gas,No Online Gambling Promotion
E6jKbO2pvVU,Reihana sulap botol yg ada di keranjang 😭,Duit nganggur gue bertambah berkali lipat PuLAU777,No Online Gambling Promotion
E6jKbO2pvVU,Reihana sulap botol yg ada di keranjang 😭,Mainnya gampang sabar pulau777 duit ngalir,No Online Gambling Promotion
E6jKbO2pvVU,Reihana sulap botol yg ada di keranjang 😭,Kesenangan dapet duit dapet Makasih PULAU777,Online Gambling Promotion
E6jKbO2pvVU,Reihana sulap botol yg ada di keranjang 😭,Duit makan nongkrong gue aman berkat PULAU777,No Online Gambling Promotion
E6jKbO2pvVU,Reihana sulap botol yg ada di keranjang 😭,Main santai cuannya serius PULAU777,No Online Gambling Promotion
E6jKbO2pvVU,Reihana sulap botol yg ada di keranjang 😭,Gimana bang,ERROR
E6jKbO2pvVU,Reihana sulap botol yg ada di keranjang 😭,Aku tau air nya tumpahin botol nya air nya lantai,No Online Gambling Promotion
E6jKbO2pvVU,Reihana sulap botol yg ada di keranjang 😭,Berawal iseng rutin tarik cuan PuLAU777,No Online Gambling Promotion
E6jKbO2pvVU,Reihana sulap botol yg ada di keranjang 😭,Udah menang semangat main pulau777,No Online Gambling Promotion
E6jKbO2pvVU,Reihana sulap botol yg ada di keranjang 😭,Main santai hasilnya serius Thanks PULAU777,"Thanks Pulau777, No Online Gambling Promotion"
E6jKbO2pvVU,Reihana sulap botol yg ada di keranjang 😭,Lo cari tambahan duit Coba deh PULAU777,Online Gambling Promotion
E6jKbO2pvVU,Reihana sulap botol yg ada di keranjang 😭,Gila sih saldo rekening gue tebel berkat Pulau777,No Online Gambling Promotion
E6jKbO2pvVU,Reihana sulap botol yg ada di keranjang 😭,Nggak nyangka banget sehari main Pulau777 udah cair,No Online Gambling Promotion
E6jKbO2pvVU,Reihana sulap botol yg ada di keranjang 😭,Udah y kak,No Online Gambling Promotion
E6jKbO2pvVU,Reihana sulap botol yg ada di keranjang 😭,Lo untung Gas aja PULAU777,No Online Gambling Promotion
E6jKbO2pvVU,Reihana sulap botol yg ada di keranjang 😭,Gokil saldo gue nambah drastis main PulLu777,Online Gambling Promotion
E6jKbO2pvVU,Reihana sulap botol yg ada di keranjang 😭,Main bentar doang saldo langsung drastis Pulau777,No Online Gambling Promotion
E6jKbO2pvVU,Reihana sulap botol yg ada di keranjang 😭,Paling suka main PULAU777 cuannya nggak abis abis,No Online Gambling Promotion
E6jKbO2pvVU,Reihana sulap botol yg ada di keranjang 😭,Rekening gue gemuk berkat Pulau777,No Online Gambling Promotion
E6jKbO2pvVU,Reihana sulap botol yg ada di keranjang 😭,Mau dapet duit cepet Gaskeun PuLAU777 asli gampang menang,Online Gambling Promotion
E6jKbO2pvVU,Reihana sulap botol yg ada di keranjang 😭,Niatnya iseng penghasilan tambahan Pulau777,Online Gambling Promotion
E6jKbO2pvVU,Reihana sulap botol yg ada di keranjang 😭,Baru join Pulau777 langsung pecah kemenangan gue,Online Gambling Promotion
E6jKbO2pvVU,Reihana sulap botol yg ada di keranjang 😭,Auto happy kali saldo rekening nambah PULAU777,No Online Gambling Promotion
E6jKbO2pvVU,Reihana sulap botol yg ada di keranjang 😭,Gampang menang gampang cairin duitnya PULAU777,"gampang cari duitnya Pulau777, Online Gambling Promotion"
E6jKbO2pvVU,Reihana sulap botol yg ada di keranjang 😭,Server Thailand MIYA88 meekswiin bikin seru ya,Online Gambling Promotion
E6jKbO2pvVU,Reihana sulap botol yg ada di keranjang 😭,Viral Channel main MIYA88 gicir bikin kaget,No Online Gambling Promotion
E6jKbO2pvVU,Reihana sulap botol yg ada di keranjang 😭,MIYA88 bikin Ijul Ninja 250 bikin hebat,No Online Gambling Promotion
E6jKbO2pvVU,Reihana sulap botol yg ada di keranjang 😭,Aing kaget MIYA88 sulap utang,No Online Gambling Promotion
E6jKbO2pvVU,Reihana sulap botol yg ada di keranjang 😭,MIYA88 ajaib sulap utang bikin top ya,No Online Gambling Promotion
E6jKbO2pvVU,Reihana sulap botol yg ada di keranjang 😭,WEEDEY 1 juta MIYA88 viral bikin heboh,No Online Gambling Promotion
E6jKbO2pvVU,Reihana sulap botol yg ada di keranjang 😭,Viral MIYA88 WEEDEY melulu bikin hebat,No Online Gambling Promotion
E6jKbO2pvVU,Reihana sulap botol yg ada di keranjang 😭,Sekelurahan dapet bonus MIYA88 bikin top,Online Gambling Promotion
E6jKbO2pvVU,Reihana sulap botol yg ada di keranjang 😭,MIYA88 scatter banjir bikin mekswin bikin hebat ya,Online Gambling Promotion
E6jKbO2pvVU,Reihana sulap botol yg ada di keranjang 😭,Siti Vario MIYA88 bikin puas ya,No Online Gambling Promotion
E6jKbO2pvVU,Reihana sulap botol yg ada di keranjang 😭,MIYA88 ertepe server Thailand meekswiin bikin puas,No Online Gambling Promotion
E6jKbO2pvVU,Reihana sulap botol yg ada di keranjang 😭,MIYA88 kasih gunung main,No Online Gambling Promotion
E6jKbO2pvVU,Reihana sulap botol yg ada di keranjang 😭,MIYA88 Jepee bikin kagum sekabupaten,No Online Gambling Promotion
E6jKbO2pvVU,Reihana sulap botol yg ada di keranjang 😭,MIYA88 gicir channel bikin seru ya,No Online Gambling Promotion
E6jKbO2pvVU,Reihana sulap botol yg ada di keranjang 😭,Ijul main MIYA88 Ninja 250,No Online Gambling Promotion
E6jKbO2pvVU,Reihana sulap botol yg ada di keranjang 😭,Aing dompet tebal MIYA88 bikin hepi,No Online Gambling Promotion
E6jKbO2pvVU,Reihana sulap botol yg ada di keranjang 😭,Viral MIYA88 gicir channel bikin puas ya,No Online Gambling Promotion
E6jKbO2pvVU,Reihana sulap botol yg ada di keranjang 😭,Aing kaget WEEDEY 1 juta MIYA88 viral,No Online Gambling Promotion
E6jKbO2pvVU,Reihana sulap botol yg ada di keranjang 😭,Jepee MIYA88 otw top seru,Online Gambling Promotion
E6jKbO2pvVU,Reihana sulap botol yg ada di keranjang 😭,Gunung kebeli main MIYA88 top,No Online Gambling Promotion
E6jKbO2pvVU,Reihana sulap botol yg ada di keranjang 😭,Dompet tebal hati senang MIYA88 bikin seru ya,No Online Gambling Promotion
E6jKbO2pvVU,Reihana sulap botol yg ada di keranjang 😭,Utang lunas MIYA88 ajaib bikin puas,No Online Gambling Promotion
E6jKbO2pvVU,Reihana sulap botol yg ada di keranjang 😭,MIYA88 dompet tebal hati senang bikin heboh ya,No Online Gambling Promotion
E6jKbO2pvVU,Reihana sulap botol yg ada di keranjang 😭,Scatter MIYA88 banjir bikin mekswin kagum,No Online Gambling Promotion
E6jKbO2pvVU,Reihana sulap botol yg ada di keranjang 😭,Banjir scatter MIYA88 mekswin bikin hepi,Online Gambling Promotion
E6jKbO2pvVU,Reihana sulap botol yg ada di keranjang 😭,Hati senang MIYA88 dompet tebal top,No Online Gambling Promotion
E6jKbO2pvVU,Reihana sulap botol yg ada di keranjang 😭,Channel gicir MIYA88 bikin kagum,No Online Gambling Promotion
E6jKbO2pvVU,Reihana sulap botol yg ada di keranjang 😭,MIYA88 viral WEEDEY 1 juta bikin heboh ya,No Online Gambling Promotion
E6jKbO2pvVU,Reihana sulap botol yg ada di keranjang 😭,Scatter banjir MIYA88 bikin mekswin bikin top ya,Online Gambling Promotion
E6jKbO2pvVU,Reihana sulap botol yg ada di keranjang 😭,Ajaib MIYA88 sulap utang bikin kaget,No Online Gambling Promotion
E6jKbO2pvVU,Reihana sulap botol yg ada di keranjang 😭,Gunung MIYA88 bikin kaget,No Online Gambling Promotion
E6jKbO2pvVU,Reihana sulap botol yg ada di keranjang 😭,MIYA88 kasih hati senang dompet tebal seru,No Online Gambling Promotion
E6jKbO2pvVU,Reihana sulap botol yg ada di keranjang 😭,Gunung kebeli MIYA88 bikin mantap ya,No Online Gambling Promotion
E6jKbO2pvVU,Reihana sulap botol yg ada di keranjang 😭,MIYA88 scatter melimpah mekswin bikin hepi mantap,Online Gambling Promotion
E6jKbO2pvVU,Reihana sulap botol yg ada di keranjang 😭,Banjir scatter MIYA88 mekswin bikin senang,No Online Gambling Promotion
E6jKbO2pvVU,Reihana sulap botol yg ada di keranjang 😭,MIYA88 Jepee top sekabupaten,No Online Gambling Promotion
E6jKbO2pvVU,Reihana sulap botol yg ada di keranjang 😭,Channel MIYA88 gicir viral mantap ya,No Online Gambling Promotion
E6jKbO2pvVU,Reihana sulap botol yg ada di keranjang 😭,Channel main MIYA88 viral gicir,No Online Gambling Promotion
E6jKbO2pvVU,Reihana sulap botol yg ada di keranjang 😭,MIYA88 viral channel gicir bikin puas,No Online Gambling Promotion
E6jKbO2pvVU,Reihana sulap botol yg ada di keranjang 😭,MIYA88 viral channel gicir bikin seru,No Online Gambling Promotion
E6jKbO2pvVU,Reihana sulap botol yg ada di keranjang 😭,Hati senang dompet tebal MIYA88 bikin kaget ya,No Online Gambling Promotion
E6jKbO2pvVU,Reihana sulap botol yg ada di keranjang 😭,MIYA88 Jepee bikin hepi top,No Online Gambling Promotion
E6jKbO2pvVU,Reihana sulap botol yg ada di keranjang 😭,Banjir scatter MIYA88 mekswin bikin hepi ya,Online Gambling Promotion
E6jKbO2pvVU,Reihana sulap botol yg ada di keranjang 😭,Viral MIYA88 WEEDEY 1 juta bikin seru ya,No Online Gambling Promotion
E6jKbO2pvVU,Reihana sulap botol yg ada di keranjang 😭,Aing kebeli gunung MIYA88 bikin kagum,No Online Gambling Promotion
E6jKbO2pvVU,Reihana sulap botol yg ada di keranjang 😭,Saya,ERROR
E6jKbO2pvVU,Reihana sulap botol yg ada di keranjang 😭,Uia,No Online Gambling Promotion
E6jKbO2pvVU,Reihana sulap botol yg ada di keranjang 😭,Kak btol milk arisha temanku Tau,No Online Gambling Promotion
E6jKbO2pvVU,Reihana sulap botol yg ada di keranjang 😭,Itu botol pakek kak reizuka ari,No Online Gambling Promotion
E6jKbO2pvVU,Reihana sulap botol yg ada di keranjang 😭,Kaka cantik banget,No Online Gambling Promotion
E6jKbO2pvVU,Reihana sulap botol yg ada di keranjang 😭,mah keracunan,No Online Gambling Promotion
E6jKbO2pvVU,Reihana sulap botol yg ada di keranjang 😭,Itu ayah ku Mekah,No Online Gambling Promotion
E6jKbO2pvVU,Reihana sulap botol yg ada di keranjang 😭,Botol berapaan kalo murah beli,No Online Gambling Promotion
E6jKbO2pvVU,Reihana sulap botol yg ada di keranjang 😭,Kak m ad u Ya,No Online Gambling Promotion
E6jKbO2pvVU,Reihana sulap botol yg ada di keranjang 😭,Canduu air mancurnya,No Online Gambling Promotion
E6jKbO2pvVU,Reihana sulap botol yg ada di keranjang 😭,Aku reflek bilang ih,No Online Gambling Promotion
E6jKbO2pvVU,Reihana sulap botol yg ada di keranjang 😭,Wkwkwk,No Online Gambling Promotion
E6jKbO2pvVU,Reihana sulap botol yg ada di keranjang 😭,botol warna nya biru muda,No Online Gambling Promotion
E6jKbO2pvVU,Reihana sulap botol yg ada di keranjang 😭,Singkat padat air mancur,No Online Gambling Promotion
E6jKbO2pvVU,Reihana sulap botol yg ada di keranjang 😭,Singkatpadat air mancur,No Online Gambling Promotion
E6jKbO2pvVU,Reihana sulap botol yg ada di keranjang 😭,Aduhh salah masukil,No Online Gambling Promotion
E6jKbO2pvVU,Reihana sulap botol yg ada di keranjang 😭,Sulap berbohong berbahaya,No Online Gambling Promotion
E6jKbO2pvVU,Reihana sulap botol yg ada di keranjang 😭,Aduhh salah masukin,No Online Gambling Promotion
E6jKbO2pvVU,Reihana sulap botol yg ada di keranjang 😭,Aku warna biru,No Online Gambling Promotion
E6jKbO2pvVU,Reihana sulap botol yg ada di keranjang 😭,Haha lucu banget wkwkwk,No Online Gambling Promotion
E6jKbO2pvVU,Reihana sulap botol yg ada di keranjang 😭,Hah watepakmen,No Online Gambling Promotion
E6jKbO2pvVU,Reihana sulap botol yg ada di keranjang 😭,Kak nadiem korb4n lagii,No Online Gambling Promotion
iLEs5VJMR_s,Jauh kali dia lari 😭 #shorts #rinarstn #couplecomedy #vianrina  #fyp,Ahh kak galyasss cantik pas lagunyaa,No Online Gambling Promotion
iLEs5VJMR_s,Jauh kali dia lari 😭 #shorts #rinarstn #couplecomedy #vianrina  #fyp,Hahah lagunya udah gak situ tememnya,"lagunya sudah gak ada situ temen-temenya, No Online Gambling Promotion"
iLEs5VJMR_s,Jauh kali dia lari 😭 #shorts #rinarstn #couplecomedy #vianrina  #fyp,Lucu banget sumpah,No Online Gambling Promotion
iLEs5VJMR_s,Jauh kali dia lari 😭 #shorts #rinarstn #couplecomedy #vianrina  #fyp,Kakak lucu,No Online Gambling Promotion
iLEs5VJMR_s,Jauh kali dia lari 😭 #shorts #rinarstn #couplecomedy #vianrina  #fyp,Yang tim lucu,No Online Gambling Promotion
iLEs5VJMR_s,Jauh kali dia lari 😭 #shorts #rinarstn #couplecomedy #vianrina  #fyp,lucu banget,No Online Gambling Promotion
iLEs5VJMR_s,Jauh kali dia lari 😭 #shorts #rinarstn #couplecomedy #vianrina  #fyp,QiANARamadani,No Online Gambling Promotion
iLEs5VJMR_s,Jauh kali dia lari 😭 #shorts #rinarstn #couplecomedy #vianrina  #fyp,Kak galyas lucu banget jogrt nya kaya anak,No Online Gambling Promotion
iLEs5VJMR_s,Jauh kali dia lari 😭 #shorts #rinarstn #couplecomedy #vianrina  #fyp,Ha Ha ha,No Online Gambling Promotion
iLEs5VJMR_s,Jauh kali dia lari 😭 #shorts #rinarstn #couplecomedy #vianrina  #fyp,bros,No Online Gambling Promotion
iLEs5VJMR_s,Jauh kali dia lari 😭 #shorts #rinarstn #couplecomedy #vianrina  #fyp,bros,No Online Gambling Promotion
iLEs5VJMR_s,Jauh kali dia lari 😭 #shorts #rinarstn #couplecomedy #vianrina  #fyp,ku banget menikahi wanita Tobrut,No Online Gambling Promotion
iLEs5VJMR_s,Jauh kali dia lari 😭 #shorts #rinarstn #couplecomedy #vianrina  #fyp,Barbie tetaplah kau patah hatiku namanya ku sayang,nama yang ku sayang. No Online Gambling Promotion
iLEs5VJMR_s,Jauh kali dia lari 😭 #shorts #rinarstn #couplecomedy #vianrina  #fyp,bros,No Online Gambling Promotion
iLEs5VJMR_s,Jauh kali dia lari 😭 #shorts #rinarstn #couplecomedy #vianrina  #fyp,Aku suka nya Rina andaikan ketemu Rina ketemu Rina peluk seerat erat nya,No Online Gambling Promotion
iLEs5VJMR_s,Jauh kali dia lari 😭 #shorts #rinarstn #couplecomedy #vianrina  #fyp,Iucu Banget Kak galyas Larinya Jauh Banget,No Online Gambling Promotion
iLEs5VJMR_s,Jauh kali dia lari 😭 #shorts #rinarstn #couplecomedy #vianrina  #fyp,Hhhhh lucu banget,No Online Gambling Promotion
iLEs5VJMR_s,Jauh kali dia lari 😭 #shorts #rinarstn #couplecomedy #vianrina  #fyp,muka kak Rina,No Online Gambling Promotion
iLEs5VJMR_s,Jauh kali dia lari 😭 #shorts #rinarstn #couplecomedy #vianrina  #fyp,Suka Bangat,No Online Gambling Promotion
iLEs5VJMR_s,Jauh kali dia lari 😭 #shorts #rinarstn #couplecomedy #vianrina  #fyp,Yang ngga pakai kerudung keke,No Online Gambling Promotion
iLEs5VJMR_s,Jauh kali dia lari 😭 #shorts #rinarstn #couplecomedy #vianrina  #fyp,Kak cantik banget,ERROR
iLEs5VJMR_s,Jauh kali dia lari 😭 #shorts #rinarstn #couplecomedy #vianrina  #fyp,Ngakak abis ya bagus,No Online Gambling Promotion
iLEs5VJMR_s,Jauh kali dia lari 😭 #shorts #rinarstn #couplecomedy #vianrina  #fyp,Cantiknya masyaallah,No Online Gambling Promotion
iLEs5VJMR_s,Jauh kali dia lari 😭 #shorts #rinarstn #couplecomedy #vianrina  #fyp,Larinyah kejauhan kocak banget sumpah,No Online Gambling Promotion
iLEs5VJMR_s,Jauh kali dia lari 😭 #shorts #rinarstn #couplecomedy #vianrina  #fyp,Kocak bgt kak Galyas Larinya Jauh bgtt,No Online Gambling Promotion
iLEs5VJMR_s,Jauh kali dia lari 😭 #shorts #rinarstn #couplecomedy #vianrina  #fyp,Itu kayak nya kak galyas lari sabang merauke,No Online Gambling Promotion
iLEs5VJMR_s,Jauh kali dia lari 😭 #shorts #rinarstn #couplecomedy #vianrina  #fyp,Udh bosen asik lagunyaaa,No Online Gambling Promotion
iLEs5VJMR_s,Jauh kali dia lari 😭 #shorts #rinarstn #couplecomedy #vianrina  #fyp,Lucu banget sih berdua galyqs,No Online Gambling Promotion
iLEs5VJMR_s,Jauh kali dia lari 😭 #shorts #rinarstn #couplecomedy #vianrina  #fyp,lucu kali kak,No Online Gambling Promotion
iLEs5VJMR_s,Jauh kali dia lari 😭 #shorts #rinarstn #couplecomedy #vianrina  #fyp,Luce nyyaa galyas temannya,No Online Gambling Promotion
iLEs5VJMR_s,Jauh kali dia lari 😭 #shorts #rinarstn #couplecomedy #vianrina  #fyp,Kenceng banget larinya,No Online Gambling Promotion
iLEs5VJMR_s,Jauh kali dia lari 😭 #shorts #rinarstn #couplecomedy #vianrina  #fyp,Bestie pergi Lanjutin,No Online Gambling Promotion
iLEs5VJMR_s,Jauh kali dia lari 😭 #shorts #rinarstn #couplecomedy #vianrina  #fyp,Kak like ya,No Online Gambling Promotion
iLEs5VJMR_s,Jauh kali dia lari 😭 #shorts #rinarstn #couplecomedy #vianrina  #fyp,Ngakak bgt,No Online Gambling Promotion
iLEs5VJMR_s,Jauh kali dia lari 😭 #shorts #rinarstn #couplecomedy #vianrina  #fyp,Kocang bangen,No Online Gambling Promotion
iLEs5VJMR_s,Jauh kali dia lari 😭 #shorts #rinarstn #couplecomedy #vianrina  #fyp,Kejauhan kak galyas hati2 loh jatuh kemakan jajanan warung,No Online Gambling Promotion
iLEs5VJMR_s,Jauh kali dia lari 😭 #shorts #rinarstn #couplecomedy #vianrina  #fyp,Aku bikin tapiiii bayak baget,No Online Gambling Promotion
iLEs5VJMR_s,Jauh kali dia lari 😭 #shorts #rinarstn #couplecomedy #vianrina  #fyp,Ahhhhhhhhhhhhhhhhhhhhhhhhhhhhhhhhhhhhhhhhhhhhhhhhhhhhhhhhhhhhh,No Online Gambling Promotion
iLEs5VJMR_s,Jauh kali dia lari 😭 #shorts #rinarstn #couplecomedy #vianrina  #fyp,Plisss kk bikin vidio kayak gitu kangen bestiku udh kg main,"sudah kagumi (main), No Online Gambling Promotion"
iLEs5VJMR_s,Jauh kali dia lari 😭 #shorts #rinarstn #couplecomedy #vianrina  #fyp,Jauh kaya kejar bakso,No Online Gambling Promotion
iLEs5VJMR_s,Jauh kali dia lari 😭 #shorts #rinarstn #couplecomedy #vianrina  #fyp,Waw lagu nya bagus,No Online Gambling Promotion
iLEs5VJMR_s,Jauh kali dia lari 😭 #shorts #rinarstn #couplecomedy #vianrina  #fyp,Kejahuan kocakkk,No Online Gambling Promotion
iLEs5VJMR_s,Jauh kali dia lari 😭 #shorts #rinarstn #couplecomedy #vianrina  #fyp,Wkwkwkwkk,No Online Gambling Promotion
iLEs5VJMR_s,Jauh kali dia lari 😭 #shorts #rinarstn #couplecomedy #vianrina  #fyp,hahaha,No Online Gambling Promotion
iLEs5VJMR_s,Jauh kali dia lari 😭 #shorts #rinarstn #couplecomedy #vianrina  #fyp,lucu banget baju biru baju ping,No Online Gambling Promotion
iLEs5VJMR_s,Jauh kali dia lari 😭 #shorts #rinarstn #couplecomedy #vianrina  #fyp,Kk Rina KK galyas lucu banget jogetnya,No Online Gambling Promotion
iLEs5VJMR_s,Jauh kali dia lari 😭 #shorts #rinarstn #couplecomedy #vianrina  #fyp,Itu kak galyas,No Online Gambling Promotion
iLEs5VJMR_s,Jauh kali dia lari 😭 #shorts #rinarstn #couplecomedy #vianrina  #fyp,Kak galyas gelap POV mega tu bocah lari kek,No Online Gambling Promotion
iLEs5VJMR_s,Jauh kali dia lari 😭 #shorts #rinarstn #couplecomedy #vianrina  #fyp,Eh perumah kesitu anak temen nya mamaku play ground kah kalo slh hpp,No Online Gambling Promotion
iLEs5VJMR_s,Jauh kali dia lari 😭 #shorts #rinarstn #couplecomedy #vianrina  #fyp,Galyas lari nya bgt,No Online Gambling Promotion
iLEs5VJMR_s,Jauh kali dia lari 😭 #shorts #rinarstn #couplecomedy #vianrina  #fyp,ASTAGA TU ANAK LARI NYA CEPAT BANGET,No Online Gambling Promotion
iLEs5VJMR_s,Jauh kali dia lari 😭 #shorts #rinarstn #couplecomedy #vianrina  #fyp,Kencang bgt larinya,No Online Gambling Promotion
iLEs5VJMR_s,Jauh kali dia lari 😭 #shorts #rinarstn #couplecomedy #vianrina  #fyp,Sama botol yakurt,No Online Gambling Promotion
iLEs5VJMR_s,Jauh kali dia lari 😭 #shorts #rinarstn #couplecomedy #vianrina  #fyp,Yang pakek baju pink lari hahaha,No Online Gambling Promotion
iLEs5VJMR_s,Jauh kali dia lari 😭 #shorts #rinarstn #couplecomedy #vianrina  #fyp,Wah cepat banget lari ny sonick,No Online Gambling Promotion
iLEs5VJMR_s,Jauh kali dia lari 😭 #shorts #rinarstn #couplecomedy #vianrina  #fyp,wkwkw,No Online Gambling Promotion
iLEs5VJMR_s,Jauh kali dia lari 😭 #shorts #rinarstn #couplecomedy #vianrina  #fyp,Mulu lagunya,No Online Gambling Promotion
iLEs5VJMR_s,Jauh kali dia lari 😭 #shorts #rinarstn #couplecomedy #vianrina  #fyp,coba cari lagu takbiran idul Fitri,No Online Gambling Promotion
iLEs5VJMR_s,Jauh kali dia lari 😭 #shorts #rinarstn #couplecomedy #vianrina  #fyp,Aku pengen ketemu Tajur,No Online Gambling Promotion
iLEs5VJMR_s,Jauh kali dia lari 😭 #shorts #rinarstn #couplecomedy #vianrina  #fyp,Gak capek ya kak,No Online Gambling Promotion
iLEs5VJMR_s,Jauh kali dia lari 😭 #shorts #rinarstn #couplecomedy #vianrina  #fyp,Lucu banget sih bzhua,No Online Gambling Promotion
iLEs5VJMR_s,Jauh kali dia lari 😭 #shorts #rinarstn #couplecomedy #vianrina  #fyp,Lucu banget Kak,ERROR
iLEs5VJMR_s,Jauh kali dia lari 😭 #shorts #rinarstn #couplecomedy #vianrina  #fyp,wkkwkwkwkw,No Online Gambling Promotion
iLEs5VJMR_s,Jauh kali dia lari 😭 #shorts #rinarstn #couplecomedy #vianrina  #fyp,Kakak lucu banget si,ERROR
iLEs5VJMR_s,Jauh kali dia lari 😭 #shorts #rinarstn #couplecomedy #vianrina  #fyp,S,ERROR
iLEs5VJMR_s,Jauh kali dia lari 😭 #shorts #rinarstn #couplecomedy #vianrina  #fyp,Yang ketinggalan,No Online Gambling Promotion
iLEs5VJMR_s,Jauh kali dia lari 😭 #shorts #rinarstn #couplecomedy #vianrina  #fyp,Lucu banget,No Online Gambling Promotion
iLEs5VJMR_s,Jauh kali dia lari 😭 #shorts #rinarstn #couplecomedy #vianrina  #fyp,Botol yaklut,No Online Gambling Promotion
