video_id,video_title,comment,label
iLEs5VJMR_s,Jauh kali dia lari 😭 #shorts #rinarstn #couplecomedy #vianrina  #fyp,pngen yg pink lucu,No Online Gambling Promotion
iLEs5VJMR_s,Jauh kali dia lari 😭 #shorts #rinarstn #couplecomedy #vianrina  #fyp,Tentang hp nya jatuh tuh,No Online Gambling Promotion
iLEs5VJMR_s,Jauh kali dia lari 😭 #shorts #rinarstn #couplecomedy #vianrina  #fyp,salfok joget salfok larinya iy,No Online Gambling Promotion
iLEs5VJMR_s,Jauh kali dia lari 😭 #shorts #rinarstn #couplecomedy #vianrina  #fyp,Plis netizen post video orang penat asik ni je,No Online Gambling Promotion
iLEs5VJMR_s,Jauh kali dia lari 😭 #shorts #rinarstn #couplecomedy #vianrina  #fyp,Selamat puasa,No Online Gambling Promotion
iLEs5VJMR_s,Jauh kali dia lari 😭 #shorts #rinarstn #couplecomedy #vianrina  #fyp,Lagu ny bagus bgt,No Online Gambling Promotion
iLEs5VJMR_s,Jauh kali dia lari 😭 #shorts #rinarstn #couplecomedy #vianrina  #fyp,Hahaha kali galyasssss larinya,No Online Gambling Promotion
iLEs5VJMR_s,Jauh kali dia lari 😭 #shorts #rinarstn #couplecomedy #vianrina  #fyp,Kak galyas lucu banget,No Online Gambling Promotion
iLEs5VJMR_s,Jauh kali dia lari 😭 #shorts #rinarstn #couplecomedy #vianrina  #fyp,Kocak,No Online Gambling Promotion
iLEs5VJMR_s,Jauh kali dia lari 😭 #shorts #rinarstn #couplecomedy #vianrina  #fyp,hhhh kocak hhhh tinggal hhh nama Nazma sila lucu,No Online Gambling Promotion
iLEs5VJMR_s,Jauh kali dia lari 😭 #shorts #rinarstn #couplecomedy #vianrina  #fyp,Ari,No Online Gambling Promotion
iLEs5VJMR_s,Jauh kali dia lari 😭 #shorts #rinarstn #couplecomedy #vianrina  #fyp,Anjir kali larinya,No Online Gambling Promotion
iLEs5VJMR_s,Jauh kali dia lari 😭 #shorts #rinarstn #couplecomedy #vianrina  #fyp,Tak,No Online Gambling Promotion
iLEs5VJMR_s,Jauh kali dia lari 😭 #shorts #rinarstn #couplecomedy #vianrina  #fyp,lucu banget sih,No Online Gambling Promotion
iLEs5VJMR_s,Jauh kali dia lari 😭 #shorts #rinarstn #couplecomedy #vianrina  #fyp,Meamea,No Online Gambling Promotion
iLEs5VJMR_s,Jauh kali dia lari 😭 #shorts #rinarstn #couplecomedy #vianrina  #fyp,Astaghfirullah alazim kak,No Online Gambling Promotion
iLEs5VJMR_s,Jauh kali dia lari 😭 #shorts #rinarstn #couplecomedy #vianrina  #fyp,Mrcy,ERROR
iLEs5VJMR_s,Jauh kali dia lari 😭 #shorts #rinarstn #couplecomedy #vianrina  #fyp,Ka runa ka galyas lucu banget subscribe ya,No Online Gambling Promotion
iLEs5VJMR_s,Jauh kali dia lari 😭 #shorts #rinarstn #couplecomedy #vianrina  #fyp,namasitiAsyih,No Online Gambling Promotion
iLEs5VJMR_s,Jauh kali dia lari 😭 #shorts #rinarstn #couplecomedy #vianrina  #fyp,Sumpahh bget sapehh ketawa,No Online Gambling Promotion
iLEs5VJMR_s,Jauh kali dia lari 😭 #shorts #rinarstn #couplecomedy #vianrina  #fyp,Lari lari bajuping yg baju biru,No Online Gambling Promotion
iLEs5VJMR_s,Jauh kali dia lari 😭 #shorts #rinarstn #couplecomedy #vianrina  #fyp,Takut hp yg kantong nya jatuh sumpah,No Online Gambling Promotion
iLEs5VJMR_s,Jauh kali dia lari 😭 #shorts #rinarstn #couplecomedy #vianrina  #fyp,Kocak Banget Dong Anjir Kocak,No Online Gambling Promotion
iLEs5VJMR_s,Jauh kali dia lari 😭 #shorts #rinarstn #couplecomedy #vianrina  #fyp,Lucu bettt,No Online Gambling Promotion
iLEs5VJMR_s,Jauh kali dia lari 😭 #shorts #rinarstn #couplecomedy #vianrina  #fyp,Nama Kak,ERROR
iLEs5VJMR_s,Jauh kali dia lari 😭 #shorts #rinarstn #couplecomedy #vianrina  #fyp,Galyas berhenti lari,No Online Gambling Promotion
iLEs5VJMR_s,Jauh kali dia lari 😭 #shorts #rinarstn #couplecomedy #vianrina  #fyp,kali nemu situs amanah kasih kemenangan gak pusing lebaran cari google woi MEDAN4D gacor parah,Online Gambling Promotion
iLEs5VJMR_s,Jauh kali dia lari 😭 #shorts #rinarstn #couplecomedy #vianrina  #fyp,Itu jau banget loh Kak galyas,No Online Gambling Promotion
iLEs5VJMR_s,Jauh kali dia lari 😭 #shorts #rinarstn #couplecomedy #vianrina  #fyp,yg faedah dikit,No Online Gambling Promotion
iLEs5VJMR_s,Jauh kali dia lari 😭 #shorts #rinarstn #couplecomedy #vianrina  #fyp,Pliss kayaknya kakak suka bgt ya lagu besti,No Online Gambling Promotion
iLEs5VJMR_s,Jauh kali dia lari 😭 #shorts #rinarstn #couplecomedy #vianrina  #fyp,pliss lucu banget kak galyas,No Online Gambling Promotion
iLEs5VJMR_s,Jauh kali dia lari 😭 #shorts #rinarstn #couplecomedy #vianrina  #fyp,Pils kutukan sih,No Online Gambling Promotion
iLEs5VJMR_s,Jauh kali dia lari 😭 #shorts #rinarstn #couplecomedy #vianrina  #fyp,Ya ampun lucu banget aja kekocakannya senyum senyum liatnya,No Online Gambling Promotion
iLEs5VJMR_s,Jauh kali dia lari 😭 #shorts #rinarstn #couplecomedy #vianrina  #fyp,taman dayu,No Online Gambling Promotion
iLEs5VJMR_s,Jauh kali dia lari 😭 #shorts #rinarstn #couplecomedy #vianrina  #fyp,o o Tiara 3,No Online Gambling Promotion
iLEs5VJMR_s,Jauh kali dia lari 😭 #shorts #rinarstn #couplecomedy #vianrina  #fyp,Jangan penonton guys pemain utama BANDAR388,No Online Gambling Promotion
iLEs5VJMR_s,Jauh kali dia lari 😭 #shorts #rinarstn #couplecomedy #vianrina  #fyp,Loco ba nget,No Online Gambling Promotion
iLEs5VJMR_s,Jauh kali dia lari 😭 #shorts #rinarstn #couplecomedy #vianrina  #fyp,buset kak galyas lari jalan,No Online Gambling Promotion
iLEs5VJMR_s,Jauh kali dia lari 😭 #shorts #rinarstn #couplecomedy #vianrina  #fyp,Takut hp nya jatuh pas lari,No Online Gambling Promotion
iLEs5VJMR_s,Jauh kali dia lari 😭 #shorts #rinarstn #couplecomedy #vianrina  #fyp,Bikin ngakak Kakak lari,No Online Gambling Promotion
iLEs5VJMR_s,Jauh kali dia lari 😭 #shorts #rinarstn #couplecomedy #vianrina  #fyp,hadeh aja komen komen judol dh bantu report report ges ciri ciri komen judol text kyk nama nama asing yg mencurigakan contoh mxwnjpSRR7 gaada pfp nya,No
iLEs5VJMR_s,Jauh kali dia lari 😭 #shorts #rinarstn #couplecomedy #vianrina  #fyp,Botol yakul 1 end 2larii Qigunsamamenyeramkan,No Online Gambling Promotion
iLEs5VJMR_s,Jauh kali dia lari 😭 #shorts #rinarstn #couplecomedy #vianrina  #fyp,ALEXISTGEL mah mantap cuy Duit bener beunang permainan seru Layanan apik gw jamin suka,No Online Gambling Promotion
iLEs5VJMR_s,Jauh kali dia lari 😭 #shorts #rinarstn #couplecomedy #vianrina  #fyp,Semoga besti ya kak,ERROR
iLEs5VJMR_s,Jauh kali dia lari 😭 #shorts #rinarstn #couplecomedy #vianrina  #fyp,Monmaap ya w sih laguny alay jir,No Online Gambling Promotion
iLEs5VJMR_s,Jauh kali dia lari 😭 #shorts #rinarstn #couplecomedy #vianrina  #fyp,Hahaha Lucubanget pidionya,No Online Gambling Promotion
iLEs5VJMR_s,Jauh kali dia lari 😭 #shorts #rinarstn #couplecomedy #vianrina  #fyp,Biarin ngejar om om ganteng mohan,No Online Gambling Promotion
iLEs5VJMR_s,Jauh kali dia lari 😭 #shorts #rinarstn #couplecomedy #vianrina  #fyp,Lucunya yg lari loh,No Online Gambling Promotion
iLEs5VJMR_s,Jauh kali dia lari 😭 #shorts #rinarstn #couplecomedy #vianrina  #fyp,Itu ka rina gemuk kaya buntelan kentut maaf,No Online Gambling Promotion
iLEs5VJMR_s,Jauh kali dia lari 😭 #shorts #rinarstn #couplecomedy #vianrina  #fyp,galyas kemana tuh banget larinya,No Online Gambling Promotion
iLEs5VJMR_s,Jauh kali dia lari 😭 #shorts #rinarstn #couplecomedy #vianrina  #fyp,ngakak lari nya kencang,No Online Gambling Promotion
iLEs5VJMR_s,Jauh kali dia lari 😭 #shorts #rinarstn #couplecomedy #vianrina  #fyp,ampun,No Online Gambling Promotion
iLEs5VJMR_s,Jauh kali dia lari 😭 #shorts #rinarstn #couplecomedy #vianrina  #fyp,Kakak hehehe,"hehehe, No Online Gambling Promotion"
iLEs5VJMR_s,Jauh kali dia lari 😭 #shorts #rinarstn #couplecomedy #vianrina  #fyp,Besti,ERROR
iLEs5VJMR_s,Jauh kali dia lari 😭 #shorts #rinarstn #couplecomedy #vianrina  #fyp,Anjay,No Online Gambling Promotion
iLEs5VJMR_s,Jauh kali dia lari 😭 #shorts #rinarstn #couplecomedy #vianrina  #fyp,Pamer kamera Boba,No Online Gambling Promotion
iLEs5VJMR_s,Jauh kali dia lari 😭 #shorts #rinarstn #couplecomedy #vianrina  #fyp,Kejauhan kak,No Online Gambling Promotion
iLEs5VJMR_s,Jauh kali dia lari 😭 #shorts #rinarstn #couplecomedy #vianrina  #fyp,Lagi aktif banget yh bayinya,No Online Gambling Promotion
iLEs5VJMR_s,Jauh kali dia lari 😭 #shorts #rinarstn #couplecomedy #vianrina  #fyp,hemm seru,Online Gambling Promotion
iLEs5VJMR_s,Jauh kali dia lari 😭 #shorts #rinarstn #couplecomedy #vianrina  #fyp,A haha lagu gaenak,No Online Gambling Promotion
iLEs5VJMR_s,Jauh kali dia lari 😭 #shorts #rinarstn #couplecomedy #vianrina  #fyp,Remnya blong kejauhan,No Online Gambling Promotion
iLEs5VJMR_s,Jauh kali dia lari 😭 #shorts #rinarstn #couplecomedy #vianrina  #fyp,Kenapa ya gak suka liat orang lagu,No Online Gambling Promotion
iLEs5VJMR_s,Jauh kali dia lari 😭 #shorts #rinarstn #couplecomedy #vianrina  #fyp,Siapa tau arti ramadhan,No Online Gambling Promotion
iLEs5VJMR_s,Jauh kali dia lari 😭 #shorts #rinarstn #couplecomedy #vianrina  #fyp,Hi,ERROR
iLEs5VJMR_s,Jauh kali dia lari 😭 #shorts #rinarstn #couplecomedy #vianrina  #fyp,Lucu banget sih duo botol Yakult,No Online Gambling Promotion
iLEs5VJMR_s,Jauh kali dia lari 😭 #shorts #rinarstn #couplecomedy #vianrina  #fyp,Padahal temennya udah dateng,ERROR
iLEs5VJMR_s,Jauh kali dia lari 😭 #shorts #rinarstn #couplecomedy #vianrina  #fyp,wow,ERROR
iLEs5VJMR_s,Jauh kali dia lari 😭 #shorts #rinarstn #couplecomedy #vianrina  #fyp,Suka bgt yg baju ping,No Online Gambling Promotion
iLEs5VJMR_s,Jauh kali dia lari 😭 #shorts #rinarstn #couplecomedy #vianrina  #fyp,wa,No Online Gambling Promotion
iLEs5VJMR_s,Jauh kali dia lari 😭 #shorts #rinarstn #couplecomedy #vianrina  #fyp,Keke lucu banget,No Online Gambling Promotion
iLEs5VJMR_s,Jauh kali dia lari 😭 #shorts #rinarstn #couplecomedy #vianrina  #fyp,Ngakak,No Online Gambling Promotion
iLEs5VJMR_s,Jauh kali dia lari 😭 #shorts #rinarstn #couplecomedy #vianrina  #fyp,Jauh ambrot larinya bocil 1,No Online Gambling Promotion
iLEs5VJMR_s,Jauh kali dia lari 😭 #shorts #rinarstn #couplecomedy #vianrina  #fyp,Wihhhhhh cantik bangett kakaknyaa pecahan KABARTOTO cantik cantik nya pagi,No Online Gambling Promotion
iLEs5VJMR_s,Jauh kali dia lari 😭 #shorts #rinarstn #couplecomedy #vianrina  #fyp,ga jatuh sedal nya gedean bjir,No Online Gambling Promotion
iLEs5VJMR_s,Jauh kali dia lari 😭 #shorts #rinarstn #couplecomedy #vianrina  #fyp,Yang baju biru belike,No Online Gambling Promotion
iLEs5VJMR_s,Jauh kali dia lari 😭 #shorts #rinarstn #couplecomedy #vianrina  #fyp,Cape deh kayaknya,No Online Gambling Promotion
iLEs5VJMR_s,Jauh kali dia lari 😭 #shorts #rinarstn #couplecomedy #vianrina  #fyp,Kira kaborr,No Online Gambling Promotion
iLEs5VJMR_s,Jauh kali dia lari 😭 #shorts #rinarstn #couplecomedy #vianrina  #fyp,Rondam banget jogetnya,No Online Gambling Promotion
iLEs5VJMR_s,Jauh kali dia lari 😭 #shorts #rinarstn #couplecomedy #vianrina  #fyp,Cepet banget larinya,No Online Gambling Promotion
iLEs5VJMR_s,Jauh kali dia lari 😭 #shorts #rinarstn #couplecomedy #vianrina  #fyp,lariny cepat banget kak galyas,No Online Gambling Promotion
iLEs5VJMR_s,Jauh kali dia lari 😭 #shorts #rinarstn #couplecomedy #vianrina  #fyp,Aduh ka bestie ku penghianat,No Online Gambling Promotion
iLEs5VJMR_s,Jauh kali dia lari 😭 #shorts #rinarstn #couplecomedy #vianrina  #fyp,Mantap,ERROR
iLEs5VJMR_s,Jauh kali dia lari 😭 #shorts #rinarstn #couplecomedy #vianrina  #fyp,Yg komen bocil,No Online Gambling Promotion
iLEs5VJMR_s,Jauh kali dia lari 😭 #shorts #rinarstn #couplecomedy #vianrina  #fyp,Woi kak galias lawak banget,No Online Gambling Promotion
iLEs5VJMR_s,Jauh kali dia lari 😭 #shorts #rinarstn #couplecomedy #vianrina  #fyp,Bts,ERROR
iLEs5VJMR_s,Jauh kali dia lari 😭 #shorts #rinarstn #couplecomedy #vianrina  #fyp,Kak lucu banget halo fielza kak cantik banget kayak putri,"kak cantik banget seperti puteri, No Online Gambling Promotion"
iLEs5VJMR_s,Jauh kali dia lari 😭 #shorts #rinarstn #couplecomedy #vianrina  #fyp,Ngakak banget coy,No Online Gambling Promotion
iLEs5VJMR_s,Jauh kali dia lari 😭 #shorts #rinarstn #couplecomedy #vianrina  #fyp,Gak nyadar kah orang nya samping kak galyas kaya jogetin lagu katanya2x,No Online Gambling Promotion
iLEs5VJMR_s,Jauh kali dia lari 😭 #shorts #rinarstn #couplecomedy #vianrina  #fyp,Haha,No Online Gambling Promotion
iLEs5VJMR_s,Jauh kali dia lari 😭 #shorts #rinarstn #couplecomedy #vianrina  #fyp,Mohon maaf mbak lari nya,"mbak lari, No Online Gambling Promotion"
iLEs5VJMR_s,Jauh kali dia lari 😭 #shorts #rinarstn #couplecomedy #vianrina  #fyp,Lagu besti ves banget kakak tinggal jakarta,No Online Gambling Promotion
iLEs5VJMR_s,Jauh kali dia lari 😭 #shorts #rinarstn #couplecomedy #vianrina  #fyp,Kak galyas lari nya,No Online Gambling Promotion
iLEs5VJMR_s,Jauh kali dia lari 😭 #shorts #rinarstn #couplecomedy #vianrina  #fyp,Wkwkwkwk,No Online Gambling Promotion
iLEs5VJMR_s,Jauh kali dia lari 😭 #shorts #rinarstn #couplecomedy #vianrina  #fyp,Kakak ya iseng banget teman ya tinggallin aja ngakak,No Online Gambling Promotion
iLEs5VJMR_s,Jauh kali dia lari 😭 #shorts #rinarstn #couplecomedy #vianrina  #fyp,buset lari nya,No Online Gambling Promotion
iLEs5VJMR_s,Jauh kali dia lari 😭 #shorts #rinarstn #couplecomedy #vianrina  #fyp,H ov,No Online Gambling Promotion
iLEs5VJMR_s,Jauh kali dia lari 😭 #shorts #rinarstn #couplecomedy #vianrina  #fyp,Hahahaha hahahahaha lari Nye,No Online Gambling Promotion
iLEs5VJMR_s,Jauh kali dia lari 😭 #shorts #rinarstn #couplecomedy #vianrina  #fyp,Aku lagu kayak gitu,No Online Gambling Promotion
iLEs5VJMR_s,Jauh kali dia lari 😭 #shorts #rinarstn #couplecomedy #vianrina  #fyp,utututuuu gemessss,No Online Gambling Promotion
iLEs5VJMR_s,Jauh kali dia lari 😭 #shorts #rinarstn #couplecomedy #vianrina  #fyp,lucu banget,No Online Gambling Promotion
iLEs5VJMR_s,Jauh kali dia lari 😭 #shorts #rinarstn #couplecomedy #vianrina  #fyp,kak kalu kalo kak galyas kejauhan udh tersesat hutan kak gk pulang2 gmn sih gk otak ya,No Online Gambling Promotion
iLEs5VJMR_s,Jauh kali dia lari 😭 #shorts #rinarstn #couplecomedy #vianrina  #fyp,Jauh kali,ERROR
iLEs5VJMR_s,Jauh kali dia lari 😭 #shorts #rinarstn #couplecomedy #vianrina  #fyp,Hilya,ERROR
iLEs5VJMR_s,Jauh kali dia lari 😭 #shorts #rinarstn #couplecomedy #vianrina  #fyp,Besti besti teteplah kau pata hati ku sekalu menemani karna ku sayang,No Online Gambling Promotion
iLEs5VJMR_s,Jauh kali dia lari 😭 #shorts #rinarstn #couplecomedy #vianrina  #fyp,Dikira teman nya lari,No Online Gambling Promotion
iLEs5VJMR_s,Jauh kali dia lari 😭 #shorts #rinarstn #couplecomedy #vianrina  #fyp,larinyaceqatbanget,No Online Gambling Promotion
iLEs5VJMR_s,Jauh kali dia lari 😭 #shorts #rinarstn #couplecomedy #vianrina  #fyp,Larinya gak trus aja sampe Surabaya Kan sehat tuh,No Online Gambling Promotion
iLEs5VJMR_s,Jauh kali dia lari 😭 #shorts #rinarstn #couplecomedy #vianrina  #fyp,Lucu _,ERROR
iLEs5VJMR_s,Jauh kali dia lari 😭 #shorts #rinarstn #couplecomedy #vianrina  #fyp,Kak jambi ya,No Online Gambling Promotion
iLEs5VJMR_s,Jauh kali dia lari 😭 #shorts #rinarstn #couplecomedy #vianrina  #fyp,Ru,No Online Gambling Promotion
iLEs5VJMR_s,Jauh kali dia lari 😭 #shorts #rinarstn #couplecomedy #vianrina  #fyp,wa,No Online Gambling Promotion
iLEs5VJMR_s,Jauh kali dia lari 😭 #shorts #rinarstn #couplecomedy #vianrina  #fyp,Di rumah tusuk sate,No Online Gambling Promotion
iLEs5VJMR_s,Jauh kali dia lari 😭 #shorts #rinarstn #couplecomedy #vianrina  #fyp,kakaknya cocok banget lomba lari maraton,No Online Gambling Promotion
iLEs5VJMR_s,Jauh kali dia lari 😭 #shorts #rinarstn #couplecomedy #vianrina  #fyp,Sama botol Yakult,No Online Gambling Promotion
iLEs5VJMR_s,Jauh kali dia lari 😭 #shorts #rinarstn #couplecomedy #vianrina  #fyp,Kok lucubaget,No Online Gambling Promotion
iLEs5VJMR_s,Jauh kali dia lari 😭 #shorts #rinarstn #couplecomedy #vianrina  #fyp,Jauh bingit larinya,No Online Gambling Promotion
iLEs5VJMR_s,Jauh kali dia lari 😭 #shorts #rinarstn #couplecomedy #vianrina  #fyp,Jauh banget larinyayang komentari,No Online Gambling Promotion
iLEs5VJMR_s,Jauh kali dia lari 😭 #shorts #rinarstn #couplecomedy #vianrina  #fyp,KK cantik banget kayak,ERROR
iLEs5VJMR_s,Jauh kali dia lari 😭 #shorts #rinarstn #couplecomedy #vianrina  #fyp,kuping ku uda muak banget sm ni lagu bagus kokk,No Online Gambling Promotion
iLEs5VJMR_s,Jauh kali dia lari 😭 #shorts #rinarstn #couplecomedy #vianrina  #fyp,Kok introny yg ku dengar Antara nyaman cinta sungguh ku dilema,No Online Gambling Promotion
iLEs5VJMR_s,Jauh kali dia lari 😭 #shorts #rinarstn #couplecomedy #vianrina  #fyp,Kirain kaka kerudung pulang kali lari sampe,No Online Gambling Promotion
iLEs5VJMR_s,Jauh kali dia lari 😭 #shorts #rinarstn #couplecomedy #vianrina  #fyp,besti,No Online Gambling Promotion
iLEs5VJMR_s,Jauh kali dia lari 😭 #shorts #rinarstn #couplecomedy #vianrina  #fyp,Beste,No Online Gambling Promotion
iLEs5VJMR_s,Jauh kali dia lari 😭 #shorts #rinarstn #couplecomedy #vianrina  #fyp,emang terbaik si ambil4dI,No Online Gambling Promotion
iLEs5VJMR_s,Jauh kali dia lari 😭 #shorts #rinarstn #couplecomedy #vianrina  #fyp,ambil4d Modal hasil maksimal,No Online Gambling Promotion
iLEs5VJMR_s,Jauh kali dia lari 😭 #shorts #rinarstn #couplecomedy #vianrina  #fyp,Jika Anda menghargai peningkatan berkelanjutan ambil4d pilihan,"ambil4d pilihan, No Online Gambling Promotion"
iLEs5VJMR_s,Jauh kali dia lari 😭 #shorts #rinarstn #couplecomedy #vianrina  #fyp,Main sebentar aja langsung dapet rezeki keren banget ambil4d,No Online Gambling Promotion
iLEs5VJMR_s,Jauh kali dia lari 😭 #shorts #rinarstn #couplecomedy #vianrina  #fyp,ambil4d gua maen dikit aja sldoo udah nmba byk,Online Gambling Promotion
iLEs5VJMR_s,Jauh kali dia lari 😭 #shorts #rinarstn #couplecomedy #vianrina  #fyp,Rezeki gak putusnya makasi ambil4d,"makasi ambil4d, No Online Gambling Promotion"
iLEs5VJMR_s,Jauh kali dia lari 😭 #shorts #rinarstn #couplecomedy #vianrina  #fyp,Rezeki ambil4d emang gak duanya terima kasih ya Allah limpahan rezeki Mu,No Online Gambling Promotion
iLEs5VJMR_s,Jauh kali dia lari 😭 #shorts #rinarstn #couplecomedy #vianrina  #fyp,Udah coba ambil4d mantep Ga nyangka menang ketagihan,"ga nyangka menang ketagihan, No Online Gambling Promotion"
iLEs5VJMR_s,Jauh kali dia lari 😭 #shorts #rinarstn #couplecomedy #vianrina  #fyp,Situs terpercaya 2024 resmi yah KING ambil4d nyata bayar 30,No Online Gambling Promotion
iLEs5VJMR_s,Jauh kali dia lari 😭 #shorts #rinarstn #couplecomedy #vianrina  #fyp,banget adminnya ramah kasih jpsemoga ambil4d jaya,Online Gambling Promotion
iLEs5VJMR_s,Jauh kali dia lari 😭 #shorts #rinarstn #couplecomedy #vianrina  #fyp,Bermain ambil4d uang jajan nggak habis habis,No Online Gambling Promotion
iLEs5VJMR_s,Jauh kali dia lari 😭 #shorts #rinarstn #couplecomedy #vianrina  #fyp,Bersyukur Itu langkah kebahagiaan GOOGLE AJA ambil4d,No Online Gambling Promotion
iLEs5VJMR_s,Jauh kali dia lari 😭 #shorts #rinarstn #couplecomedy #vianrina  #fyp,Bagikan pengalamanmu bermain ambil4d teman temanmu biar seru jamin wd garansi aman,No Online Gambling Promotion
iLEs5VJMR_s,Jauh kali dia lari 😭 #shorts #rinarstn #couplecomedy #vianrina  #fyp,Misi pamer2 habis meledak ambil4d asyik gak hahaha,No Online Gambling Promotion
iLEs5VJMR_s,Jauh kali dia lari 😭 #shorts #rinarstn #couplecomedy #vianrina  #fyp,Jangan ragu mantap parah ambil4d terbaik 2025,"mampu ambil4d terbaik tahun 2025, No Online Gambling Promotion"
iLEs5VJMR_s,Jauh kali dia lari 😭 #shorts #rinarstn #couplecomedy #vianrina  #fyp,ambil4d aja hki geede,No Online Gambling Promotion
iLEs5VJMR_s,Jauh kali dia lari 😭 #shorts #rinarstn #couplecomedy #vianrina  #fyp,Aku gak percaya rezeki cepat ambil4d,No Online Gambling Promotion
iLEs5VJMR_s,Jauh kali dia lari 😭 #shorts #rinarstn #couplecomedy #vianrina  #fyp,dah jgn disebar kemana2 aja tau gw jumat party duitnya ambil4d cek aja,"saya jum'at party duitnya ambil4d cek aja, Online Gambling Promotion"
iLEs5VJMR_s,Jauh kali dia lari 😭 #shorts #rinarstn #couplecomedy #vianrina  #fyp,Lucu,ERROR
iLEs5VJMR_s,Jauh kali dia lari 😭 #shorts #rinarstn #couplecomedy #vianrina  #fyp,larinya,No Online Gambling Promotion
iLEs5VJMR_s,Jauh kali dia lari 😭 #shorts #rinarstn #couplecomedy #vianrina  #fyp,Kak galyas baju kayak kakak warna pink pendek,No Online Gambling Promotion
iLEs5VJMR_s,Jauh kali dia lari 😭 #shorts #rinarstn #couplecomedy #vianrina  #fyp,LUCU banget sih Sama TEKAN like,No Online Gambling Promotion
iLEs5VJMR_s,Jauh kali dia lari 😭 #shorts #rinarstn #couplecomedy #vianrina  #fyp,Ka galyas lari nya kejauhan,No Online Gambling Promotion
iLEs5VJMR_s,Jauh kali dia lari 😭 #shorts #rinarstn #couplecomedy #vianrina  #fyp,Ngapain nunggu mobil bangsaya main ambil4d langsung beli helikopter,No Online Gambling Promotion
iLEs5VJMR_s,Jauh kali dia lari 😭 #shorts #rinarstn #couplecomedy #vianrina  #fyp,Yang pecah Kacanya Perkalian ambil4d,No Online Gambling Promotion
iLEs5VJMR_s,Jauh kali dia lari 😭 #shorts #rinarstn #couplecomedy #vianrina  #fyp,modal 50k 500k makasi ambil4d,No Online Gambling Promotion
iLEs5VJMR_s,Jauh kali dia lari 😭 #shorts #rinarstn #couplecomedy #vianrina  #fyp,si rijal doyan banget main ambil4d sampe kebeli motor,No Online Gambling Promotion
iLEs5VJMR_s,Jauh kali dia lari 😭 #shorts #rinarstn #couplecomedy #vianrina  #fyp,Hari menyenangkan berkat ambil4d Rezeki menghampiri,No Online Gambling Promotion
iLEs5VJMR_s,Jauh kali dia lari 😭 #shorts #rinarstn #couplecomedy #vianrina  #fyp,Rezeki ambil4d emang gak duanya terima kasih ya Allah limpahan rezeki Mu,"Terima kasih ya Allah limpahan rezeki Muan, No Online Gambling Promotion"
iLEs5VJMR_s,Jauh kali dia lari 😭 #shorts #rinarstn #couplecomedy #vianrina  #fyp,Tarik kemenangan ambil4d belanja,No Online Gambling Promotion
iLEs5VJMR_s,Jauh kali dia lari 😭 #shorts #rinarstn #couplecomedy #vianrina  #fyp,si rijal doyan banget main ambil4d sampe kebeli motor,No Online Gambling Promotion
iLEs5VJMR_s,Jauh kali dia lari 😭 #shorts #rinarstn #couplecomedy #vianrina  #fyp,Ibuk bos Istri Tercinta pantes salah chat sama2 Bos btw gw saranin tipu mending jujur kayak ambil4d,"btw saya sarankan tipu menjujur kaya ambil4d, Online Gambling Promotion"
iLEs5VJMR_s,Jauh kali dia lari 😭 #shorts #rinarstn #couplecomedy #vianrina  #fyp,Happy banget hasil ambil4d bikin hariku ceria,No Online Gambling Promotion
iLEs5VJMR_s,Jauh kali dia lari 😭 #shorts #rinarstn #couplecomedy #vianrina  #fyp,Rezeki gak putusnya makasi ambil4d,No Online Gambling Promotion
iLEs5VJMR_s,Jauh kali dia lari 😭 #shorts #rinarstn #couplecomedy #vianrina  #fyp,maennya ambil4d member disana kasihnya menang bang enak tuh maen,"kasihnya menang bang enak tuh, No Online Gambling Promotion"
iLEs5VJMR_s,Jauh kali dia lari 😭 #shorts #rinarstn #couplecomedy #vianrina  #fyp,Buat suka lotre online wajib dicoba Seru banget hadiahnya oke Ayo coba deh,Online Gambling Promotion
iLEs5VJMR_s,Jauh kali dia lari 😭 #shorts #rinarstn #couplecomedy #vianrina  #fyp,yg komen ambil4d boss,No Online Gambling Promotion
iLEs5VJMR_s,Jauh kali dia lari 😭 #shorts #rinarstn #couplecomedy #vianrina  #fyp,Ngapain nunggu mobil bangsaya main ambil4d langsung beli helikopter,No Online Gambling Promotion
iLEs5VJMR_s,Jauh kali dia lari 😭 #shorts #rinarstn #couplecomedy #vianrina  #fyp,Bermain ambil4d uang jajan nggak habis habis,No Online Gambling Promotion
iLEs5VJMR_s,Jauh kali dia lari 😭 #shorts #rinarstn #couplecomedy #vianrina  #fyp,Jangan ragu mantap parah ambil4d terbaik 2025,"mantap parah ambil4d terbaik 2025, No Online Gambling Promotion"
iLEs5VJMR_s,Jauh kali dia lari 😭 #shorts #rinarstn #couplecomedy #vianrina  #fyp,main ambil4d salah keberuntungan banget main dikasih menang,Online Gambling Promotion
iLEs5VJMR_s,Jauh kali dia lari 😭 #shorts #rinarstn #couplecomedy #vianrina  #fyp,ambil4dTerpopuler masakini,No Online Gambling Promotion
iLEs5VJMR_s,Jauh kali dia lari 😭 #shorts #rinarstn #couplecomedy #vianrina  #fyp,Nama Arsyila Umur 7 Kelas 2 Lahir 2017 Agama islam Hobi berenang Cita Cita penyanyi,"Umur 7, Kelas 2, Lahir 2017, Agama Islam, Hobi berenang, Cita Cita penyanyi, No Online Gambling Promotion"
iLEs5VJMR_s,Jauh kali dia lari 😭 #shorts #rinarstn #couplecomedy #vianrina  #fyp,M4in SOR76 J4ckP0t tetep ngalir,No Online Gambling Promotion
iLEs5VJMR_s,Jauh kali dia lari 😭 #shorts #rinarstn #couplecomedy #vianrina  #fyp,Gacor pisan M4in SOR76 J4ckP0t H0K1,Online Gambling Promotion
iLEs5VJMR_s,Jauh kali dia lari 😭 #shorts #rinarstn #couplecomedy #vianrina  #fyp,Keberuntungan SOR76 ngimpi menang aduh kasian,No Online Gambling Promotion
iLEs5VJMR_s,Jauh kali dia lari 😭 #shorts #rinarstn #couplecomedy #vianrina  #fyp,Dapet J4ckP0t G3d3 SOR76 gacor,Online Gambling Promotion
iLEs5VJMR_s,Jauh kali dia lari 😭 #shorts #rinarstn #couplecomedy #vianrina  #fyp,M4in SOR76 J4ckP0t H0K1 langsung turun kemenangan nyata,Online Gambling Promotion
iLEs5VJMR_s,Jauh kali dia lari 😭 #shorts #rinarstn #couplecomedy #vianrina  #fyp,Di SOR76 J4ckP0t langsung Gacor,Online Gambling Promotion
iLEs5VJMR_s,Jauh kali dia lari 😭 #shorts #rinarstn #couplecomedy #vianrina  #fyp,M4in SOR76 J4ckP0t terusan harap H0K1 langit,No Online Gambling Promotion
iLEs5VJMR_s,Jauh kali dia lari 😭 #shorts #rinarstn #couplecomedy #vianrina  #fyp,M4in SOR76 J4ckP0t gak putusnya,No Online Gambling Promotion
iLEs5VJMR_s,Jauh kali dia lari 😭 #shorts #rinarstn #couplecomedy #vianrina  #fyp,M4in SOR76 J4ckP0t langsung H0K1 menang,No Online Gambling Promotion
iLEs5VJMR_s,Jauh kali dia lari 😭 #shorts #rinarstn #couplecomedy #vianrina  #fyp,M4in SOR76 J4ckP0t langsung turun H0K1 terusan,No Online Gambling Promotion
iLEs5VJMR_s,Jauh kali dia lari 😭 #shorts #rinarstn #couplecomedy #vianrina  #fyp,SOR76 emang gacor meunangna teu aya wates,No Online Gambling Promotion
iLEs5VJMR_s,Jauh kali dia lari 😭 #shorts #rinarstn #couplecomedy #vianrina  #fyp,M4in menang SOR76,No Online Gambling Promotion
iLEs5VJMR_s,Jauh kali dia lari 😭 #shorts #rinarstn #couplecomedy #vianrina  #fyp,H0K1 SOR76 berharap udah kalah serius deh,No Online Gambling Promotion
iLEs5VJMR_s,Jauh kali dia lari 😭 #shorts #rinarstn #couplecomedy #vianrina  #fyp,Gacor banget SOR76 juara,No Online Gambling Promotion
iLEs5VJMR_s,Jauh kali dia lari 😭 #shorts #rinarstn #couplecomedy #vianrina  #fyp,M4in SOR76 J4ckP0tna ngolebat,No Online Gambling Promotion
iLEs5VJMR_s,Jauh kali dia lari 😭 #shorts #rinarstn #couplecomedy #vianrina  #fyp,M4in SOR76 J4ckP0t nyantol,No Online Gambling Promotion
iLEs5VJMR_s,Jauh kali dia lari 😭 #shorts #rinarstn #couplecomedy #vianrina  #fyp,M4in SOR76 J4ckP0t bingung pilih mesin,No Online Gambling Promotion
iLEs5VJMR_s,Jauh kali dia lari 😭 #shorts #rinarstn #couplecomedy #vianrina  #fyp,Gacor parah M4in SOR76,No Online Gambling Promotion
iLEs5VJMR_s,Jauh kali dia lari 😭 #shorts #rinarstn #couplecomedy #vianrina  #fyp,M4in SOR76 J4ckP0t ngejret,No Online Gambling Promotion
iLEs5VJMR_s,Jauh kali dia lari 😭 #shorts #rinarstn #couplecomedy #vianrina  #fyp,Keberuntungan SOR76 ngandelin keberuntungan palsu lucu banget,No Online Gambling Promotion
iLEs5VJMR_s,Jauh kali dia lari 😭 #shorts #rinarstn #couplecomedy #vianrina  #fyp,Ayo,ERROR
iLEs5VJMR_s,Jauh kali dia lari 😭 #shorts #rinarstn #couplecomedy #vianrina  #fyp,Sukabumi enak,ERROR
iLEs5VJMR_s,Jauh kali dia lari 😭 #shorts #rinarstn #couplecomedy #vianrina  #fyp,Hahahaha,ERROR
iLEs5VJMR_s,Jauh kali dia lari 😭 #shorts #rinarstn #couplecomedy #vianrina  #fyp,Hahahahalariyanlajuyab,No Online Gambling Promotion
iLEs5VJMR_s,Jauh kali dia lari 😭 #shorts #rinarstn #couplecomedy #vianrina  #fyp,Ureueyey,No Online Gambling Promotion
iLEs5VJMR_s,Jauh kali dia lari 😭 #shorts #rinarstn #couplecomedy #vianrina  #fyp,Garing agus,No Online Gambling Promotion
iLEs5VJMR_s,Jauh kali dia lari 😭 #shorts #rinarstn #couplecomedy #vianrina  #fyp,sa1,No Online Gambling Promotion
iLEs5VJMR_s,Jauh kali dia lari 😭 #shorts #rinarstn #couplecomedy #vianrina  #fyp,bestie,ERROR
iLEs5VJMR_s,Jauh kali dia lari 😭 #shorts #rinarstn #couplecomedy #vianrina  #fyp,Hhhaa,No Online Gambling Promotion
iLEs5VJMR_s,Jauh kali dia lari 😭 #shorts #rinarstn #couplecomedy #vianrina  #fyp,kakak,No Online Gambling Promotion
iLEs5VJMR_s,Jauh kali dia lari 😭 #shorts #rinarstn #couplecomedy #vianrina  #fyp,pamer iphone,No Online Gambling Promotion
iLEs5VJMR_s,Jauh kali dia lari 😭 #shorts #rinarstn #couplecomedy #vianrina  #fyp,Wih pas liat pas lagunya logo trending nyahebat banget kak galyas,No Online Gambling Promotion
iLEs5VJMR_s,Jauh kali dia lari 😭 #shorts #rinarstn #couplecomedy #vianrina  #fyp,Salfok Tgolugo gaya gopotijjujjuIma nya Salfok gaya larinya Karna lucu,No Online Gambling Promotion
iLEs5VJMR_s,Jauh kali dia lari 😭 #shorts #rinarstn #couplecomedy #vianrina  #fyp,usuududuudusujeifidiueuidueuyeyduuduruud durudu,No Online Gambling Promotion
iLEs5VJMR_s,Jauh kali dia lari 😭 #shorts #rinarstn #couplecomedy #vianrina  #fyp,Itu tomikeke,No Online Gambling Promotion
iLEs5VJMR_s,Jauh kali dia lari 😭 #shorts #rinarstn #couplecomedy #vianrina  #fyp,Ini channel Qgungalyas,No Online Gambling Promotion
iLEs5VJMR_s,Jauh kali dia lari 😭 #shorts #rinarstn #couplecomedy #vianrina  #fyp,R,ERROR
iLEs5VJMR_s,Jauh kali dia lari 😭 #shorts #rinarstn #couplecomedy #vianrina  #fyp,Hahahaha kak galyas bet,No Online Gambling Promotion
iLEs5VJMR_s,Jauh kali dia lari 😭 #shorts #rinarstn #couplecomedy #vianrina  #fyp,Kk cantik banget 22 nya,No Online Gambling Promotion
iLEs5VJMR_s,Jauh kali dia lari 😭 #shorts #rinarstn #couplecomedy #vianrina  #fyp,Kejauhan perginya pake jilbab,No Online Gambling Promotion
iLEs5VJMR_s,Jauh kali dia lari 😭 #shorts #rinarstn #couplecomedy #vianrina  #fyp,Aku pilih pake kerudung karna cantik banget sih,No Online Gambling Promotion
iLEs5VJMR_s,Jauh kali dia lari 😭 #shorts #rinarstn #couplecomedy #vianrina  #fyp,hahaha lucu,No Online Gambling Promotion
iLEs5VJMR_s,Jauh kali dia lari 😭 #shorts #rinarstn #couplecomedy #vianrina  #fyp,Whats up n L_L yo o y toPie _no no no,No Online Gambling Promotion
iLEs5VJMR_s,Jauh kali dia lari 😭 #shorts #rinarstn #couplecomedy #vianrina  #fyp,Kak trennd gendruk icha chelow,No Online Gambling Promotion
iLEs5VJMR_s,Jauh kali dia lari 😭 #shorts #rinarstn #couplecomedy #vianrina  #fyp,Hahaha,ERROR
iLEs5VJMR_s,Jauh kali dia lari 😭 #shorts #rinarstn #couplecomedy #vianrina  #fyp,Muka kak rina muka adel jkt48,No Online Gambling Promotion
iLEs5VJMR_s,Jauh kali dia lari 😭 #shorts #rinarstn #couplecomedy #vianrina  #fyp,lucu banget,No Online Gambling Promotion
iLEs5VJMR_s,Jauh kali dia lari 😭 #shorts #rinarstn #couplecomedy #vianrina  #fyp,teman TK kelas 1,No Online Gambling Promotion
iLEs5VJMR_s,Jauh kali dia lari 😭 #shorts #rinarstn #couplecomedy #vianrina  #fyp,Ini vidio bikin ngakak anjir,No Online Gambling Promotion
iLEs5VJMR_s,Jauh kali dia lari 😭 #shorts #rinarstn #couplecomedy #vianrina  #fyp,Thanos ganteng banget plis pengen pingsan izin pingsan ya pingsan,"pengen pinsan izin pinsan ya pinsan, No Online Gambling Promotion"
iLEs5VJMR_s,Jauh kali dia lari 😭 #shorts #rinarstn #couplecomedy #vianrina  #fyp,Balik pingsan tuh diahai guys puasa ngumpul guys kalo puasa,No Online Gambling Promotion
iLEs5VJMR_s,Jauh kali dia lari 😭 #shorts #rinarstn #couplecomedy #vianrina  #fyp,Lucu banget kak,ERROR
iLEs5VJMR_s,Jauh kali dia lari 😭 #shorts #rinarstn #couplecomedy #vianrina  #fyp,Kak Rina kak keke,No Online Gambling Promotion
iLEs5VJMR_s,Jauh kali dia lari 😭 #shorts #rinarstn #couplecomedy #vianrina  #fyp,wkwkwk lucu,No Online Gambling Promotion
iLEs5VJMR_s,Jauh kali dia lari 😭 #shorts #rinarstn #couplecomedy #vianrina  #fyp,wow,No Online Gambling Promotion
iLEs5VJMR_s,Jauh kali dia lari 😭 #shorts #rinarstn #couplecomedy #vianrina  #fyp,wow,No Online Gambling Promotion
iLEs5VJMR_s,Jauh kali dia lari 😭 #shorts #rinarstn #couplecomedy #vianrina  #fyp,hai,No Online Gambling Promotion
iLEs5VJMR_s,Jauh kali dia lari 😭 #shorts #rinarstn #couplecomedy #vianrina  #fyp,1,Online Gambling Promotion
iLEs5VJMR_s,Jauh kali dia lari 😭 #shorts #rinarstn #couplecomedy #vianrina  #fyp,Ko lari nya,No Online Gambling Promotion
iLEs5VJMR_s,Jauh kali dia lari 😭 #shorts #rinarstn #couplecomedy #vianrina  #fyp,Malah lomba lari pulak kelen,No Online Gambling Promotion
iLEs5VJMR_s,Jauh kali dia lari 😭 #shorts #rinarstn #couplecomedy #vianrina  #fyp,Kak lagu Bestie pergi hati Tetaplah kau patah hatiku menemani Karena Ku Sayang Oh My bestie Sudah makasih like nya like,No Online Gambling Promotion
iLEs5VJMR_s,Jauh kali dia lari 😭 #shorts #rinarstn #couplecomedy #vianrina  #fyp,Allahu Akbar setres,No Online Gambling Promotion
iLEs5VJMR_s,Jauh kali dia lari 😭 #shorts #rinarstn #couplecomedy #vianrina  #fyp,Capekkk,ERROR
iLEs5VJMR_s,Jauh kali dia lari 😭 #shorts #rinarstn #couplecomedy #vianrina  #fyp,Jangan kali mbak besti nya sedih,No Online Gambling Promotion
iLEs5VJMR_s,Jauh kali dia lari 😭 #shorts #rinarstn #couplecomedy #vianrina  #fyp,Kurang kak galyas,No Online Gambling Promotion
iLEs5VJMR_s,Jauh kali dia lari 😭 #shorts #rinarstn #couplecomedy #vianrina  #fyp,Yang pakai kerudung larinya cepat amatt,No Online Gambling Promotion
iLEs5VJMR_s,Jauh kali dia lari 😭 #shorts #rinarstn #couplecomedy #vianrina  #fyp,Kok komen nya yg judol sih,Online Gambling Promotion
iLEs5VJMR_s,Jauh kali dia lari 😭 #shorts #rinarstn #couplecomedy #vianrina  #fyp,p,"No Online Gambling PromotionText to process: kamu yang mengenal jualan maxwin?kamu yang mengenal jualan maxwin?, Online Gambling PromotionText to process: gacor terus, ap"
iLEs5VJMR_s,Jauh kali dia lari 😭 #shorts #rinarstn #couplecomedy #vianrina  #fyp,Ngakak,ERROR
iLEs5VJMR_s,Jauh kali dia lari 😭 #shorts #rinarstn #couplecomedy #vianrina  #fyp,Japan,ERROR
iLEs5VJMR_s,Jauh kali dia lari 😭 #shorts #rinarstn #couplecomedy #vianrina  #fyp,Saldin dongg Yang ngumpul,No Online Gambling Promotion
iLEs5VJMR_s,Jauh kali dia lari 😭 #shorts #rinarstn #couplecomedy #vianrina  #fyp,Hahahahahahahahahahahahahahaha,No Online Gambling Promotion
iLEs5VJMR_s,Jauh kali dia lari 😭 #shorts #rinarstn #couplecomedy #vianrina  #fyp,Loh,ERROR
iLEs5VJMR_s,Jauh kali dia lari 😭 #shorts #rinarstn #couplecomedy #vianrina  #fyp,Lucu banget,ERROR
iLEs5VJMR_s,Jauh kali dia lari 😭 #shorts #rinarstn #couplecomedy #vianrina  #fyp,Ampe tersesat ga tuh,No Online Gambling Promotion
iLEs5VJMR_s,Jauh kali dia lari 😭 #shorts #rinarstn #couplecomedy #vianrina  #fyp,kak galyas aws hp nya jth,No Online Gambling Promotion
iLEs5VJMR_s,Jauh kali dia lari 😭 #shorts #rinarstn #couplecomedy #vianrina  #fyp,ih lagunya ituajaih,No Online Gambling Promotion
iLEs5VJMR_s,Jauh kali dia lari 😭 #shorts #rinarstn #couplecomedy #vianrina  #fyp,Bikin ketawak kk yg baju pik ang ang,No Online Gambling Promotion
iLEs5VJMR_s,Jauh kali dia lari 😭 #shorts #rinarstn #couplecomedy #vianrina  #fyp,suka,No Online Gambling Promotion
iLEs5VJMR_s,Jauh kali dia lari 😭 #shorts #rinarstn #couplecomedy #vianrina  #fyp,Lucu banget,No Online Gambling Promotion
iLEs5VJMR_s,Jauh kali dia lari 😭 #shorts #rinarstn #couplecomedy #vianrina  #fyp,Numa,ERROR
iLEs5VJMR_s,Jauh kali dia lari 😭 #shorts #rinarstn #couplecomedy #vianrina  #fyp,Kasian kawannya tinggal,No Online Gambling Promotion
iLEs5VJMR_s,Jauh kali dia lari 😭 #shorts #rinarstn #couplecomedy #vianrina  #fyp,lari lomba lari,No Online Gambling Promotion
iLEs5VJMR_s,Jauh kali dia lari 😭 #shorts #rinarstn #couplecomedy #vianrina  #fyp,Azmi,ERROR
iLEs5VJMR_s,Jauh kali dia lari 😭 #shorts #rinarstn #couplecomedy #vianrina  #fyp,Azmi,ERROR
iLEs5VJMR_s,Jauh kali dia lari 😭 #shorts #rinarstn #couplecomedy #vianrina  #fyp,Bagus banget lagu galyas semangat ya konten nya,No Online Gambling Promotion
iLEs5VJMR_s,Jauh kali dia lari 😭 #shorts #rinarstn #couplecomedy #vianrina  #fyp,trend bestie,No Online Gambling Promotion
iLEs5VJMR_s,Jauh kali dia lari 😭 #shorts #rinarstn #couplecomedy #vianrina  #fyp,ok,ERROR
iLEs5VJMR_s,Jauh kali dia lari 😭 #shorts #rinarstn #couplecomedy #vianrina  #fyp,teman yan situ yan,No Online Gambling Promotion
iLEs5VJMR_s,Jauh kali dia lari 😭 #shorts #rinarstn #couplecomedy #vianrina  #fyp,Lucu banget,No Online Gambling Promotion
iLEs5VJMR_s,Jauh kali dia lari 😭 #shorts #rinarstn #couplecomedy #vianrina  #fyp,Kocak,No Online Gambling Promotion
iLEs5VJMR_s,Jauh kali dia lari 😭 #shorts #rinarstn #couplecomedy #vianrina  #fyp,Ini besti ku ni,No Online Gambling Promotion
iLEs5VJMR_s,Jauh kali dia lari 😭 #shorts #rinarstn #couplecomedy #vianrina  #fyp,buset dah,No Online Gambling Promotion
iLEs5VJMR_s,Jauh kali dia lari 😭 #shorts #rinarstn #couplecomedy #vianrina  #fyp,Bestfriend,ERROR
iLEs5VJMR_s,Jauh kali dia lari 😭 #shorts #rinarstn #couplecomedy #vianrina  #fyp,Lucu Bangen,No Online Gambling Promotion
iLEs5VJMR_s,Jauh kali dia lari 😭 #shorts #rinarstn #couplecomedy #vianrina  #fyp,Ngambil video orang ya,No Online Gambling Promotion
iLEs5VJMR_s,Jauh kali dia lari 😭 #shorts #rinarstn #couplecomedy #vianrina  #fyp,Yang Ngekomen Judol Kek Sapi,No Online Gambling Promotion
iLEs5VJMR_s,Jauh kali dia lari 😭 #shorts #rinarstn #couplecomedy #vianrina  #fyp,Ketawa lucu goyang goyang,No Online Gambling Promotion
iLEs5VJMR_s,Jauh kali dia lari 😭 #shorts #rinarstn #couplecomedy #vianrina  #fyp,wkwkwkw,No Online Gambling Promotion
iLEs5VJMR_s,Jauh kali dia lari 😭 #shorts #rinarstn #couplecomedy #vianrina  #fyp,Akfi,No Online Gambling Promotion
iLEs5VJMR_s,Jauh kali dia lari 😭 #shorts #rinarstn #couplecomedy #vianrina  #fyp,Larinya kkk,No Online Gambling Promotion
iLEs5VJMR_s,Jauh kali dia lari 😭 #shorts #rinarstn #couplecomedy #vianrina  #fyp,Kak galyas lucu banget sih,"sih, No Online Gambling Promotion"
iLEs5VJMR_s,Jauh kali dia lari 😭 #shorts #rinarstn #couplecomedy #vianrina  #fyp,Apalah orang salam malaysia,No Online Gambling Promotion
iLEs5VJMR_s,Jauh kali dia lari 😭 #shorts #rinarstn #couplecomedy #vianrina  #fyp,Goblok,No Online Gambling Promotion
iLEs5VJMR_s,Jauh kali dia lari 😭 #shorts #rinarstn #couplecomedy #vianrina  #fyp,Pliss komenan youtube knp sihh,No Online Gambling Promotion
iLEs5VJMR_s,Jauh kali dia lari 😭 #shorts #rinarstn #couplecomedy #vianrina  #fyp,kak galyas larinya merauke,No Online Gambling Promotion
iLEs5VJMR_s,Jauh kali dia lari 😭 #shorts #rinarstn #couplecomedy #vianrina  #fyp,Hahah,ERROR
iLEs5VJMR_s,Jauh kali dia lari 😭 #shorts #rinarstn #couplecomedy #vianrina  #fyp,ragu,No Online Gambling Promotion
iLEs5VJMR_s,Jauh kali dia lari 😭 #shorts #rinarstn #couplecomedy #vianrina  #fyp,Lucu bgt,No Online Gambling Promotion
iLEs5VJMR_s,Jauh kali dia lari 😭 #shorts #rinarstn #couplecomedy #vianrina  #fyp,Ko k orang kiri ge1eh,No Online Gambling Promotion
iLEs5VJMR_s,Jauh kali dia lari 😭 #shorts #rinarstn #couplecomedy #vianrina  #fyp,QQ8288 bonus new member 100,Online Gambling Promotion
iLEs5VJMR_s,Jauh kali dia lari 😭 #shorts #rinarstn #couplecomedy #vianrina  #fyp,banget dah,No Online Gambling Promotion
iLEs5VJMR_s,Jauh kali dia lari 😭 #shorts #rinarstn #couplecomedy #vianrina  #fyp,KEK ADEL JKT48 GK SIHHH,No Online Gambling Promotion
iLEs5VJMR_s,Jauh kali dia lari 😭 #shorts #rinarstn #couplecomedy #vianrina  #fyp,hhhhhhh hhhhhh,No Online Gambling Promotion
iLEs5VJMR_s,Jauh kali dia lari 😭 #shorts #rinarstn #couplecomedy #vianrina  #fyp,Mala,No Online Gambling Promotion
iLEs5VJMR_s,Jauh kali dia lari 😭 #shorts #rinarstn #couplecomedy #vianrina  #fyp,gajadi,No Online Gambling Promotion
iLEs5VJMR_s,Jauh kali dia lari 😭 #shorts #rinarstn #couplecomedy #vianrina  #fyp,glyass pass bgtt ktukannyaa,No Online Gambling Promotion
iLEs5VJMR_s,Jauh kali dia lari 😭 #shorts #rinarstn #couplecomedy #vianrina  #fyp,Yah telat,ERROR
iLEs5VJMR_s,Jauh kali dia lari 😭 #shorts #rinarstn #couplecomedy #vianrina  #fyp,Marshell,No Online Gambling Promotion
iLEs5VJMR_s,Jauh kali dia lari 😭 #shorts #rinarstn #couplecomedy #vianrina  #fyp,wkwkwk,No Online Gambling Promotion
iLEs5VJMR_s,Jauh kali dia lari 😭 #shorts #rinarstn #couplecomedy #vianrina  #fyp,PLIS KOMEN JUDOL MAKIN MENJADI2 COYYY DI YOUTUBEE NP SIHHH,No Online Gambling Promotion
iLEs5VJMR_s,Jauh kali dia lari 😭 #shorts #rinarstn #couplecomedy #vianrina  #fyp,cantik kakak nya,No Online Gambling Promotion
iLEs5VJMR_s,Jauh kali dia lari 😭 #shorts #rinarstn #couplecomedy #vianrina  #fyp,udah sma,No Online Gambling Promotion
iLEs5VJMR_s,Jauh kali dia lari 😭 #shorts #rinarstn #couplecomedy #vianrina  #fyp,Ya ampun lucu banget,No Online Gambling Promotion
iLEs5VJMR_s,Jauh kali dia lari 😭 #shorts #rinarstn #couplecomedy #vianrina  #fyp,DEAVINA,No Online Gambling Promotion
iLEs5VJMR_s,Jauh kali dia lari 😭 #shorts #rinarstn #couplecomedy #vianrina  #fyp,Ngakak teruss,No Online Gambling Promotion
iLEs5VJMR_s,Jauh kali dia lari 😭 #shorts #rinarstn #couplecomedy #vianrina  #fyp,AV,No Online Gambling Promotion
iLEs5VJMR_s,Jauh kali dia lari 😭 #shorts #rinarstn #couplecomedy #vianrina  #fyp,Kak galyas rendom bgt ya,No Online Gambling Promotion
iLEs5VJMR_s,Jauh kali dia lari 😭 #shorts #rinarstn #couplecomedy #vianrina  #fyp,Up Up Upaku coba bang gacir sltnya ya JPTOGEL77 pantes rame kali comment hahaha,Online Gambling Promotion
iLEs5VJMR_s,Jauh kali dia lari 😭 #shorts #rinarstn #couplecomedy #vianrina  #fyp,HaTi hati,No Online Gambling Promotion
iLEs5VJMR_s,Jauh kali dia lari 😭 #shorts #rinarstn #couplecomedy #vianrina  #fyp,harapan ortu,No Online Gambling Promotion
iLEs5VJMR_s,Jauh kali dia lari 😭 #shorts #rinarstn #couplecomedy #vianrina  #fyp,Kejauhan kak,No Online Gambling Promotion
iLEs5VJMR_s,Jauh kali dia lari 😭 #shorts #rinarstn #couplecomedy #vianrina  #fyp,Bes tija ganpe rna gibi lakau pata hiaku nemani,No Online Gambling Promotion
iLEs5VJMR_s,Jauh kali dia lari 😭 #shorts #rinarstn #couplecomedy #vianrina  #fyp,kak galyas emang kak galyas,No Online Gambling Promotion
iLEs5VJMR_s,Jauh kali dia lari 😭 #shorts #rinarstn #couplecomedy #vianrina  #fyp,kocak kabur,No Online Gambling Promotion
iLEs5VJMR_s,Jauh kali dia lari 😭 #shorts #rinarstn #couplecomedy #vianrina  #fyp,iya kali,No Online Gambling Promotion
iLEs5VJMR_s,Jauh kali dia lari 😭 #shorts #rinarstn #couplecomedy #vianrina  #fyp,Kak lagu kak laku pake Lain,No Online Gambling Promotion
iLEs5VJMR_s,Jauh kali dia lari 😭 #shorts #rinarstn #couplecomedy #vianrina  #fyp,Lucu banget hahaha,ERROR
iLEs5VJMR_s,Jauh kali dia lari 😭 #shorts #rinarstn #couplecomedy #vianrina  #fyp,lucunya,No Online Gambling Promotion
iLEs5VJMR_s,Jauh kali dia lari 😭 #shorts #rinarstn #couplecomedy #vianrina  #fyp,Riza,ERROR
iLEs5VJMR_s,Jauh kali dia lari 😭 #shorts #rinarstn #couplecomedy #vianrina  #fyp,Kurang jauhh,ERROR
iLEs5VJMR_s,Jauh kali dia lari 😭 #shorts #rinarstn #couplecomedy #vianrina  #fyp,Lucu banget kakkak galyas,No Online Gambling Promotion
iLEs5VJMR_s,Jauh kali dia lari 😭 #shorts #rinarstn #couplecomedy #vianrina  #fyp,lucu banget,No Online Gambling Promotion
iLEs5VJMR_s,Jauh kali dia lari 😭 #shorts #rinarstn #couplecomedy #vianrina  #fyp,Iucu,No Online Gambling Promotion
iLEs5VJMR_s,Jauh kali dia lari 😭 #shorts #rinarstn #couplecomedy #vianrina  #fyp,Salfok temannya kak qalyas Salfok lari nya kak qalyas,No Online Gambling Promotion
46rWuWwhZh8,Pulang2 Cinta bwa kebab trs mnta dibikinin mie Ngiler kta ny liat org mkn mie #shortvideo #minivlog,Salfok sm mama nya pake Kerudung lebel nya nga copot,No Online Gambling Promotion
46rWuWwhZh8,Pulang2 Cinta bwa kebab trs mnta dibikinin mie Ngiler kta ny liat org mkn mie #shortvideo #minivlog,Kak berantem gak,No Online Gambling Promotion
46rWuWwhZh8,Pulang2 Cinta bwa kebab trs mnta dibikinin mie Ngiler kta ny liat org mkn mie #shortvideo #minivlog,Aku suka lo kak,No Online Gambling Promotion
46rWuWwhZh8,Pulang2 Cinta bwa kebab trs mnta dibikinin mie Ngiler kta ny liat org mkn mie #shortvideo #minivlog,romantis,No Online Gambling Promotion
46rWuWwhZh8,Pulang2 Cinta bwa kebab trs mnta dibikinin mie Ngiler kta ny liat org mkn mie #shortvideo #minivlog,mangkok nya kayak,No Online Gambling Promotion
46rWuWwhZh8,Pulang2 Cinta bwa kebab trs mnta dibikinin mie Ngiler kta ny liat org mkn mie #shortvideo #minivlog,Puasa kak,No Online Gambling Promotion
46rWuWwhZh8,Pulang2 Cinta bwa kebab trs mnta dibikinin mie Ngiler kta ny liat org mkn mie #shortvideo #minivlog,kakak Muslim,No Online Gambling Promotion
46rWuWwhZh8,Pulang2 Cinta bwa kebab trs mnta dibikinin mie Ngiler kta ny liat org mkn mie #shortvideo #minivlog,Jilbab nya harga nya,No Online Gambling Promotion
46rWuWwhZh8,Pulang2 Cinta bwa kebab trs mnta dibikinin mie Ngiler kta ny liat org mkn mie #shortvideo #minivlog,Anaknya mangga diajak makan huh dasar,No Online Gambling Promotion
46rWuWwhZh8,Pulang2 Cinta bwa kebab trs mnta dibikinin mie Ngiler kta ny liat org mkn mie #shortvideo #minivlog,Dede eylen lucu banget,No Online Gambling Promotion
46rWuWwhZh8,Pulang2 Cinta bwa kebab trs mnta dibikinin mie Ngiler kta ny liat org mkn mie #shortvideo #minivlog,masyaallah nama dede nya elen persis kaya nama adikku masyaallah,No Online Gambling Promotion
46rWuWwhZh8,Pulang2 Cinta bwa kebab trs mnta dibikinin mie Ngiler kta ny liat org mkn mie #shortvideo #minivlog,Emang gak puasa,No Online Gambling Promotion
46rWuWwhZh8,Pulang2 Cinta bwa kebab trs mnta dibikinin mie Ngiler kta ny liat org mkn mie #shortvideo #minivlog,SUAMINYA BAIK,No Online Gambling Promotion
46rWuWwhZh8,Pulang2 Cinta bwa kebab trs mnta dibikinin mie Ngiler kta ny liat org mkn mie #shortvideo #minivlog,Mau pamer ya kk,No Online Gambling Promotion
46rWuWwhZh8,Pulang2 Cinta bwa kebab trs mnta dibikinin mie Ngiler kta ny liat org mkn mie #shortvideo #minivlog,Itu,No Online Gambling Promotion
46rWuWwhZh8,Pulang2 Cinta bwa kebab trs mnta dibikinin mie Ngiler kta ny liat org mkn mie #shortvideo #minivlog,kerudung nya bermerek,No Online Gambling Promotion
46rWuWwhZh8,Pulang2 Cinta bwa kebab trs mnta dibikinin mie Ngiler kta ny liat org mkn mie #shortvideo #minivlog,sfk sm krz'g,No Online Gambling Promotion
46rWuWwhZh8,Pulang2 Cinta bwa kebab trs mnta dibikinin mie Ngiler kta ny liat org mkn mie #shortvideo #minivlog,mahilamecca,No Online Gambling Promotion
46rWuWwhZh8,Pulang2 Cinta bwa kebab trs mnta dibikinin mie Ngiler kta ny liat org mkn mie #shortvideo #minivlog,Dih alay,No Online Gambling Promotion
46rWuWwhZh8,Pulang2 Cinta bwa kebab trs mnta dibikinin mie Ngiler kta ny liat org mkn mie #shortvideo #minivlog,bayik ayh ya,No Online Gambling Promotion
46rWuWwhZh8,Pulang2 Cinta bwa kebab trs mnta dibikinin mie Ngiler kta ny liat org mkn mie #shortvideo #minivlog,salfok kerudung Salfok kerudung ad kayak gantungan nya gituuu,No Online Gambling Promotion
46rWuWwhZh8,Pulang2 Cinta bwa kebab trs mnta dibikinin mie Ngiler kta ny liat org mkn mie #shortvideo #minivlog,Wah orang LDII ya,No Online Gambling Promotion
46rWuWwhZh8,Pulang2 Cinta bwa kebab trs mnta dibikinin mie Ngiler kta ny liat org mkn mie #shortvideo #minivlog,Wah hebat banget,ERROR
46rWuWwhZh8,Pulang2 Cinta bwa kebab trs mnta dibikinin mie Ngiler kta ny liat org mkn mie #shortvideo #minivlog,zalvok kerudung nyaada lebel japut,No Online Gambling Promotion
46rWuWwhZh8,Pulang2 Cinta bwa kebab trs mnta dibikinin mie Ngiler kta ny liat org mkn mie #shortvideo #minivlog,Liat kerudung,No Online Gambling Promotion
46rWuWwhZh8,Pulang2 Cinta bwa kebab trs mnta dibikinin mie Ngiler kta ny liat org mkn mie #shortvideo #minivlog,i,No Online Gambling Promotion
46rWuWwhZh8,Pulang2 Cinta bwa kebab trs mnta dibikinin mie Ngiler kta ny liat org mkn mie #shortvideo #minivlog,Emba orang LDII ya orang LDII,No Online Gambling Promotion
46rWuWwhZh8,Pulang2 Cinta bwa kebab trs mnta dibikinin mie Ngiler kta ny liat org mkn mie #shortvideo #minivlog,asik teruss wukong778 profit,No Online Gambling Promotion
46rWuWwhZh8,Pulang2 Cinta bwa kebab trs mnta dibikinin mie Ngiler kta ny liat org mkn mie #shortvideo #minivlog,ieieu irit Ririn ri,No Online Gambling Promotion
46rWuWwhZh8,Pulang2 Cinta bwa kebab trs mnta dibikinin mie Ngiler kta ny liat org mkn mie #shortvideo #minivlog,Orang Ldii orang Ldii,"Orang Ldii, No Online Gambling Promotion"
46rWuWwhZh8,Pulang2 Cinta bwa kebab trs mnta dibikinin mie Ngiler kta ny liat org mkn mie #shortvideo #minivlog,Itu jilbab nya ya,No Online Gambling Promotion
"46rWuWwhZh8,Pulang2 Cinta bwa kebab trs mnta dibikinin mie Ngiler kta ny liat org mkn mie #shortvideo #minivlog,""L """" tsu UU _ tsu tsu _tsu shi""",,,No Online Gambling Promotion
46rWuWwhZh8,Pulang2 Cinta bwa kebab trs mnta dibikinin mie Ngiler kta ny liat org mkn mie #shortvideo #minivlog,Sama lagu makan mei,No Online Gambling Promotion
46rWuWwhZh8,Pulang2 Cinta bwa kebab trs mnta dibikinin mie Ngiler kta ny liat org mkn mie #shortvideo #minivlog,Ih cantik anak nya nya ayah nya ganteng,ERROR
46rWuWwhZh8,Pulang2 Cinta bwa kebab trs mnta dibikinin mie Ngiler kta ny liat org mkn mie #shortvideo #minivlog,Ogko blg xkf,No Online Gambling Promotion
46rWuWwhZh8,Pulang2 Cinta bwa kebab trs mnta dibikinin mie Ngiler kta ny liat org mkn mie #shortvideo #minivlog,kerap depo wd wd gw kerap wd depo abang rekomen web JPTOGEL77,"saya kerap withdraw deposit abang rekomendasi web jptogel77, Online Gambling Promotion"
46rWuWwhZh8,Pulang2 Cinta bwa kebab trs mnta dibikinin mie Ngiler kta ny liat org mkn mie #shortvideo #minivlog,Up Up Upaku coba bang gacir sltnya ya JPTOGEL77 pantes rame kali comment hahaha,"cobakan bang gacor slotnya ya JPTOGEL77 pante rame kali comment hahaha, Online Gambling Promotion"
46rWuWwhZh8,Pulang2 Cinta bwa kebab trs mnta dibikinin mie Ngiler kta ny liat org mkn mie #shortvideo #minivlog,Riwayat kalah ku situs sebelah cuman situs JPTOGEL77 penyelamat keuangan ku,Online Gambling Promotion
46rWuWwhZh8,Pulang2 Cinta bwa kebab trs mnta dibikinin mie Ngiler kta ny liat org mkn mie #shortvideo #minivlog,Up Up Upaku coba bang gacir sltnya ya JPTOGEL77 pantes rame kali comment hahaha,Online Gambling Promotion
46rWuWwhZh8,Pulang2 Cinta bwa kebab trs mnta dibikinin mie Ngiler kta ny liat org mkn mie #shortvideo #minivlog,Sungguh ku sangka sungguh ku duga new member auto cuan main JPTOGEL77 scatternya gampang kali keluarnya Pola acak gass keun,Online Gambling Promotion
46rWuWwhZh8,Pulang2 Cinta bwa kebab trs mnta dibikinin mie Ngiler kta ny liat org mkn mie #shortvideo #minivlog,cmn main JPTOGEL77 gw dpt teriakan mantap ayaaaaaang,Online Gambling Promotion
46rWuWwhZh8,Pulang2 Cinta bwa kebab trs mnta dibikinin mie Ngiler kta ny liat org mkn mie #shortvideo #minivlog,TERIMAKASIH JPTOGEL77 MENANG SUPER HOKI KEREN TEPERCAYA DAN NYATA,Online Gambling Promotion
46rWuWwhZh8,Pulang2 Cinta bwa kebab trs mnta dibikinin mie Ngiler kta ny liat org mkn mie #shortvideo #minivlog,gw main JPTOGEL77 sampe bikin 3 akun kirain rungkad salah eh wd mulu wkkwkwk,Online Gambling Promotion
46rWuWwhZh8,Pulang2 Cinta bwa kebab trs mnta dibikinin mie Ngiler kta ny liat org mkn mie #shortvideo #minivlog,Saran coba JPTOGEL77 bg link nya gak pelit tu mmber uda psti dikasih JP tmn gw jga mawin disitu,"mudah udah didapatkan linknya di kasih JP tmn gw juga maxwin disitu, Online Gambling Promotion"
46rWuWwhZh8,Pulang2 Cinta bwa kebab trs mnta dibikinin mie Ngiler kta ny liat org mkn mie #shortvideo #minivlog,Akhirnya ngerasain nama nya maxwinemang mantap situs terpercaya JPTOGEL77 mayan buatk modal nongkrong temen temen broo,"mayan buatk modal nongkrong temen temen broo, Online Gambling Promotion"
46rWuWwhZh8,Pulang2 Cinta bwa kebab trs mnta dibikinin mie Ngiler kta ny liat org mkn mie #shortvideo #minivlog,Makin seru JPTOGEL77 sltnya oke banget bonusnya bikin senang untung melimpah memberikaan cuan teruss nya emang gokil bangett,Online Gambling Promotion
46rWuWwhZh8,Pulang2 Cinta bwa kebab trs mnta dibikinin mie Ngiler kta ny liat org mkn mie #shortvideo #minivlog,Awal sih ragu yah senang main JPTOGEL77 modal receehh doang lohhh,Online Gambling Promotion
46rWuWwhZh8,Pulang2 Cinta bwa kebab trs mnta dibikinin mie Ngiler kta ny liat org mkn mie #shortvideo #minivlog,Riwayat kalah ku situs sebelah cuman situs JPTOGEL77 penyelamat keuangan ku,Online Gambling Promotion
46rWuWwhZh8,Pulang2 Cinta bwa kebab trs mnta dibikinin mie Ngiler kta ny liat org mkn mie #shortvideo #minivlog,Up Up Upaku coba bang gacir sltnya ya JPTOGEL77 pantes rame kali comment hahaha,Online Gambling Promotion
46rWuWwhZh8,Pulang2 Cinta bwa kebab trs mnta dibikinin mie Ngiler kta ny liat org mkn mie #shortvideo #minivlog,Saran coba JPTOGEL77 bg link nya gak pelit tu mmber uda psti dikasih JP tmn gw jga mawin disitu,"bagian linknya gak pelit tu, mungkin udah pasti di kasih JP tim nya, ya saya juga mau win disitu, Online Gambling Promotion"
46rWuWwhZh8,Pulang2 Cinta bwa kebab trs mnta dibikinin mie Ngiler kta ny liat org mkn mie #shortvideo #minivlog,kacau masbrayitungan nya gak melencengtidak merugikan memberselalu memperkaya member JPTOGEL77,Online Gambling Promotion
46rWuWwhZh8,Pulang2 Cinta bwa kebab trs mnta dibikinin mie Ngiler kta ny liat org mkn mie #shortvideo #minivlog,TERIMAKASIH JPTOGEL77 MENANG SUPER HOKI KEREN TEPERCAYA DAN NYATA,Online Gambling Promotion
46rWuWwhZh8,Pulang2 Cinta bwa kebab trs mnta dibikinin mie Ngiler kta ny liat org mkn mie #shortvideo #minivlog,Sudah situs yg ikuti satupun berhasil membuktikan kecuali JPTOGEL77,Online Gambling Promotion
46rWuWwhZh8,Pulang2 Cinta bwa kebab trs mnta dibikinin mie Ngiler kta ny liat org mkn mie #shortvideo #minivlog,gw main JPTOGEL77 sampe bikin 3 akun kirain rungkad salah eh wd mulu wkkwkwk,Online Gambling Promotion
46rWuWwhZh8,Pulang2 Cinta bwa kebab trs mnta dibikinin mie Ngiler kta ny liat org mkn mie #shortvideo #minivlog,gw tau JPTOGEL77 komen asli bnrn gacir,Online Gambling Promotion
46rWuWwhZh8,Pulang2 Cinta bwa kebab trs mnta dibikinin mie Ngiler kta ny liat org mkn mie #shortvideo #minivlog,gila JPTOGEL77 member kasi JP trus,Online Gambling Promotion
46rWuWwhZh8,Pulang2 Cinta bwa kebab trs mnta dibikinin mie Ngiler kta ny liat org mkn mie #shortvideo #minivlog,Riwayat kalah ku situs sebelah cuman situs JPTOGEL77 penyelamat keuangan ku,Online Gambling Promotion
46rWuWwhZh8,Pulang2 Cinta bwa kebab trs mnta dibikinin mie Ngiler kta ny liat org mkn mie #shortvideo #minivlog,Akhirnya ngerasain nama nya maxwinemang mantap situs terpercaya JPTOGEL77 mayan buatk modal nongkrong temen temen broo,"mantap situs terpercaya JPTOGEL77 yang manfaatkan modal nongkrong teman-teman broo, Online Gambling Promotion"
46rWuWwhZh8,Pulang2 Cinta bwa kebab trs mnta dibikinin mie Ngiler kta ny liat org mkn mie #shortvideo #minivlog,Gan hasil wede cair bermain dis3rver JPTOGEL77 angan angan member gua kelepek saking cakapnya JPTOGEL77 nyarik cuan,Online Gambling Promotion
46rWuWwhZh8,Pulang2 Cinta bwa kebab trs mnta dibikinin mie Ngiler kta ny liat org mkn mie #shortvideo #minivlog,Sudah situs yg ikuti satupun berhasil membuktikan kecuali JPTOGEL77,Online Gambling Promotion
46rWuWwhZh8,Pulang2 Cinta bwa kebab trs mnta dibikinin mie Ngiler kta ny liat org mkn mie #shortvideo #minivlog,makasihh bangeett temeenkuu udah kasih rekomend web JPTOGEL77 ga rungkad web sebela,Online Gambling Promotion
46rWuWwhZh8,Pulang2 Cinta bwa kebab trs mnta dibikinin mie Ngiler kta ny liat org mkn mie #shortvideo #minivlog,Up Up Upaku coba bang gacir sltnya ya JPTOGEL77 pantes rame kali comment hahaha,Online Gambling Promotion
46rWuWwhZh8,Pulang2 Cinta bwa kebab trs mnta dibikinin mie Ngiler kta ny liat org mkn mie #shortvideo #minivlog,Sungguh ku sangka sungguh ku duga new member auto cuan main JPTOGEL77 scatternya gampang kali keluarnya Pola acak gass keun,Online Gambling Promotion
46rWuWwhZh8,Pulang2 Cinta bwa kebab trs mnta dibikinin mie Ngiler kta ny liat org mkn mie #shortvideo #minivlog,JPTOGEL77 emang juara kepuasan bermain Cuan mengalir,Online Gambling Promotion
46rWuWwhZh8,Pulang2 Cinta bwa kebab trs mnta dibikinin mie Ngiler kta ny liat org mkn mie #shortvideo #minivlog,Riwayat kalah ku situs sebelah cuman situs JPTOGEL77 penyelamat keuangan ku,Online Gambling Promotion
46rWuWwhZh8,Pulang2 Cinta bwa kebab trs mnta dibikinin mie Ngiler kta ny liat org mkn mie #shortvideo #minivlog,Makin seru JPTOGEL77 sltnya oke banget bonusnya bikin senang untung melimpah memberikaan cuan teruss nya emang gokil bangett,Online Gambling Promotion
46rWuWwhZh8,Pulang2 Cinta bwa kebab trs mnta dibikinin mie Ngiler kta ny liat org mkn mie #shortvideo #minivlog,kiraen admin beneran enak jptogel77 asu,Online Gambling Promotion
46rWuWwhZh8,Pulang2 Cinta bwa kebab trs mnta dibikinin mie Ngiler kta ny liat org mkn mie #shortvideo #minivlog,nih jam segini dikasih JPTOGEL77,Online Gambling Promotion
46rWuWwhZh8,Pulang2 Cinta bwa kebab trs mnta dibikinin mie Ngiler kta ny liat org mkn mie #shortvideo #minivlog,Cuma kasi masukan aja Bang main JPTOGEL77 main sportif g Rungkad dikasi menang pokoknya cari tambahan alternatif main pokoknya mantap lha cek aj bang google nama nya JPTOGEL77,ERROR
46rWuWwhZh8,Pulang2 Cinta bwa kebab trs mnta dibikinin mie Ngiler kta ny liat org mkn mie #shortvideo #minivlog,ramai yg main jptogel77 wkwkwk mmg gampang JP sih,Online Gambling Promotion
46rWuWwhZh8,Pulang2 Cinta bwa kebab trs mnta dibikinin mie Ngiler kta ny liat org mkn mie #shortvideo #minivlog,situs terbesar kebanggan gw jptogel77,Online Gambling Promotion
46rWuWwhZh8,Pulang2 Cinta bwa kebab trs mnta dibikinin mie Ngiler kta ny liat org mkn mie #shortvideo #minivlog,setuju bro gw jg main jptogel77 gacir,"bro, saya juga main judi slot jptogel77, Online Gambling Promotion"
46rWuWwhZh8,Pulang2 Cinta bwa kebab trs mnta dibikinin mie Ngiler kta ny liat org mkn mie #shortvideo #minivlog,Pragmatic nya JPTOGEL77 enak poll sih maen bet receh JP disana cari aja google JPTOGEL77,Online Gambling Promotion
46rWuWwhZh8,Pulang2 Cinta bwa kebab trs mnta dibikinin mie Ngiler kta ny liat org mkn mie #shortvideo #minivlog,JPTOGEL77 makasi uda ngasih keren pokoknya JPTOGEL77 sesuai pnya isi nya,Online Gambling Promotion
46rWuWwhZh8,Pulang2 Cinta bwa kebab trs mnta dibikinin mie Ngiler kta ny liat org mkn mie #shortvideo #minivlog,JptogeI77 Yg bnr gacirr,Online Gambling Promotion
46rWuWwhZh8,Pulang2 Cinta bwa kebab trs mnta dibikinin mie Ngiler kta ny liat org mkn mie #shortvideo #minivlog,jptogel77 Kebanggan rakyat,No Online Gambling Promotion
46rWuWwhZh8,Pulang2 Cinta bwa kebab trs mnta dibikinin mie Ngiler kta ny liat org mkn mie #shortvideo #minivlog,suka banget main s1tus JPTOGEL77 pokoknya the best emg,Online Gambling Promotion
46rWuWwhZh8,Pulang2 Cinta bwa kebab trs mnta dibikinin mie Ngiler kta ny liat org mkn mie #shortvideo #minivlog,Harapan semoga kedepannya cuan ya situs JPTOGEL77 hati wajib sih main situs,Online Gambling Promotion
46rWuWwhZh8,Pulang2 Cinta bwa kebab trs mnta dibikinin mie Ngiler kta ny liat org mkn mie #shortvideo #minivlog,main ni ya wee kasi tau main JPTOGEL77 depsoit gampang wede cepat kuyyy daftar wee jamin gacir,Online Gambling Promotion
46rWuWwhZh8,Pulang2 Cinta bwa kebab trs mnta dibikinin mie Ngiler kta ny liat org mkn mie #shortvideo #minivlog,main disitus sebelah asik kalah depo semenjak kenal JPtogel77 lunas utang gw bre paten JPtogel77,Online Gambling Promotion
46rWuWwhZh8,Pulang2 Cinta bwa kebab trs mnta dibikinin mie Ngiler kta ny liat org mkn mie #shortvideo #minivlog,Baru WD bang main situs terbaik tergacir nama situsnya JPtogel77 mantap mnya,Online Gambling Promotion
46rWuWwhZh8,Pulang2 Cinta bwa kebab trs mnta dibikinin mie Ngiler kta ny liat org mkn mie #shortvideo #minivlog,Mantap Betul ahh gini gak sia sia deh gua main JPTOGEL77 keren pokonya,Online Gambling Promotion
46rWuWwhZh8,Pulang2 Cinta bwa kebab trs mnta dibikinin mie Ngiler kta ny liat org mkn mie #shortvideo #minivlog,mantap jptogel77,Online Gambling Promotion
46rWuWwhZh8,Pulang2 Cinta bwa kebab trs mnta dibikinin mie Ngiler kta ny liat org mkn mie #shortvideo #minivlog,gamau kalah ya coba JptogeI77 gw real udah JP,Online Gambling Promotion
46rWuWwhZh8,Pulang2 Cinta bwa kebab trs mnta dibikinin mie Ngiler kta ny liat org mkn mie #shortvideo #minivlog,jptogel77 ramai nih tmn gw maen situ skrg,Online Gambling Promotion
46rWuWwhZh8,Pulang2 Cinta bwa kebab trs mnta dibikinin mie Ngiler kta ny liat org mkn mie #shortvideo #minivlog,Awal sih ragu yah senang main JPTOGEL77 modal receehh doang lohhh,Online Gambling Promotion
46rWuWwhZh8,Pulang2 Cinta bwa kebab trs mnta dibikinin mie Ngiler kta ny liat org mkn mie #shortvideo #minivlog,Makin seru JPTOGEL77 sltnya oke banget bonusnya bikin senang untung melimpah memberikaan cuan teruss nya emang gokil bangett,Online Gambling Promotion
46rWuWwhZh8,Pulang2 Cinta bwa kebab trs mnta dibikinin mie Ngiler kta ny liat org mkn mie #shortvideo #minivlog,komunitas nang jptogel77 iki apik silih bawa,Online Gambling Promotion
46rWuWwhZh8,Pulang2 Cinta bwa kebab trs mnta dibikinin mie Ngiler kta ny liat org mkn mie #shortvideo #minivlog,heran lihat postingan pda JP jdi penasaran coba main receha ehh beneran JP seneng banget dooonggg slt gacir gampang maxwin pragmatic play JPTOGEL77 nama situsnya bro,Online Gam
46rWuWwhZh8,Pulang2 Cinta bwa kebab trs mnta dibikinin mie Ngiler kta ny liat org mkn mie #shortvideo #minivlog,Mau daptr jptogel77 bos ku,Online Gambling Promotion
46rWuWwhZh8,Pulang2 Cinta bwa kebab trs mnta dibikinin mie Ngiler kta ny liat org mkn mie #shortvideo #minivlog,Modal JPTOGEL77 dikasih pecahan Gak nyesel deh main Mantap,Online Gambling Promotion
46rWuWwhZh8,Pulang2 Cinta bwa kebab trs mnta dibikinin mie Ngiler kta ny liat org mkn mie #shortvideo #minivlog,ga bikin kecewa kalo main JPTOGEL77 game nya bagusmpuatarannya bonuss mantap betull la,"puataranannya bonus mantap betul lalu , Online Gambling Promotion"
46rWuWwhZh8,Pulang2 Cinta bwa kebab trs mnta dibikinin mie Ngiler kta ny liat org mkn mie #shortvideo #minivlog,pemula bermain modal saranin main JPTOGEL77 bang udah terjamin wd dibayar gacir,Online Gambling Promotion
46rWuWwhZh8,Pulang2 Cinta bwa kebab trs mnta dibikinin mie Ngiler kta ny liat org mkn mie #shortvideo #minivlog,cmn main JptogeI77 gw dpt teriakan mantap ayaaaaaang,Online Gambling Promotion
46rWuWwhZh8,Pulang2 Cinta bwa kebab trs mnta dibikinin mie Ngiler kta ny liat org mkn mie #shortvideo #minivlog,semoga jptogel77 sukses amin,Online Gambling Promotion
46rWuWwhZh8,Pulang2 Cinta bwa kebab trs mnta dibikinin mie Ngiler kta ny liat org mkn mie #shortvideo #minivlog,mantap bget ni bree ni situs bagi2 uang JPTOGEL77 rezeki butuh wkwk,Online Gambling Promotion
46rWuWwhZh8,Pulang2 Cinta bwa kebab trs mnta dibikinin mie Ngiler kta ny liat org mkn mie #shortvideo #minivlog,gw kasi kisi2 halus sikit main la JPTOGEL77 anak nih brani kasi wr tinggi2 wkwkwkwk gas biar kapok,Online Gambling Promotion
46rWuWwhZh8,Pulang2 Cinta bwa kebab trs mnta dibikinin mie Ngiler kta ny liat org mkn mie #shortvideo #minivlog,Hebat mantap jptogel77,Online Gambling Promotion
46rWuWwhZh8,Pulang2 Cinta bwa kebab trs mnta dibikinin mie Ngiler kta ny liat org mkn mie #shortvideo #minivlog,makasih jptogel77 udah ngebuat kemenangan perihal lazim gue,Online Gambling Promotion
46rWuWwhZh8,Pulang2 Cinta bwa kebab trs mnta dibikinin mie Ngiler kta ny liat org mkn mie #shortvideo #minivlog,nyari2 link mantul kali ni gw setuju JPTOGEL77 gacir,Online Gambling Promotion
46rWuWwhZh8,Pulang2 Cinta bwa kebab trs mnta dibikinin mie Ngiler kta ny liat org mkn mie #shortvideo #minivlog,temen nyaranin bermain jptogel77 asian ngikutin saran temen wd,Online Gambling Promotion
46rWuWwhZh8,Pulang2 Cinta bwa kebab trs mnta dibikinin mie Ngiler kta ny liat org mkn mie #shortvideo #minivlog,Beda banget situs yg main berulang ulang modal gede menang JPTOGEL77 main aja uda dikasih maxwin top bgt situs,"main aja udah disediakan maxwin atau bonus teratas, situs ituOnline Gambling Promotion"
46rWuWwhZh8,Pulang2 Cinta bwa kebab trs mnta dibikinin mie Ngiler kta ny liat org mkn mie #shortvideo #minivlog,main jptogel77 udah gw rasakan mmg gacir,Online Gambling Promotion
46rWuWwhZh8,Pulang2 Cinta bwa kebab trs mnta dibikinin mie Ngiler kta ny liat org mkn mie #shortvideo #minivlog,gw kasi kisi2 lembut sikit bermain la jptogel77 anak nih brani kasi wr tinggi2 wkwkwkwk gas kapok,Online Gambling Promotion
46rWuWwhZh8,Pulang2 Cinta bwa kebab trs mnta dibikinin mie Ngiler kta ny liat org mkn mie #shortvideo #minivlog,Selalu nangis karna gapernah menang disitus coba coba main JPTOGEL77 langsung menang Sekarang gw member setia situs,Online Gambling Promotion
46rWuWwhZh8,Pulang2 Cinta bwa kebab trs mnta dibikinin mie Ngiler kta ny liat org mkn mie #shortvideo #minivlog,Muadah mudahan bermanfaat coba JPTOGEL77 real asik mainnya,Online Gambling Promotion
46rWuWwhZh8,Pulang2 Cinta bwa kebab trs mnta dibikinin mie Ngiler kta ny liat org mkn mie #shortvideo #minivlog,makasihh bangeett temeenkuu udah kasih rekomend web JPtogel77 ga rungkad web sebela,"udah kasih rekomendasi website JPtogel77, ga rungkad website sebela, Online Gambling Promotion"
46rWuWwhZh8,Pulang2 Cinta bwa kebab trs mnta dibikinin mie Ngiler kta ny liat org mkn mie #shortvideo #minivlog,yg main google aja JPTOGEL77 tar gw promosi,No Online Gambling Promotion
46rWuWwhZh8,Pulang2 Cinta bwa kebab trs mnta dibikinin mie Ngiler kta ny liat org mkn mie #shortvideo #minivlog,saldo nya turun langsung coba main olimpus pakai pola situs JPTOGEL77 nya yg berurutan langsung otw wd,Online Gambling Promotion
46rWuWwhZh8,Pulang2 Cinta bwa kebab trs mnta dibikinin mie Ngiler kta ny liat org mkn mie #shortvideo #minivlog,asu jptogel77 asli gacir mantapppp,Online Gambling Promotion
46rWuWwhZh8,Pulang2 Cinta bwa kebab trs mnta dibikinin mie Ngiler kta ny liat org mkn mie #shortvideo #minivlog,Sukses JptogeI77,Online Gambling Promotion
46rWuWwhZh8,Pulang2 Cinta bwa kebab trs mnta dibikinin mie Ngiler kta ny liat org mkn mie #shortvideo #minivlog,SUPER MANTAP JPTOGEL77 TERBAIK PALING MANTAP DENGAN RTP DI ATAS 98 BAGUS BANGET SEMOGA HOKI SEMOGA BISA NULAR SAMA PELAYER LAIN,Online
46rWuWwhZh8,Pulang2 Cinta bwa kebab trs mnta dibikinin mie Ngiler kta ny liat org mkn mie #shortvideo #minivlog,Ibarat pepatah gak kenal gak sayang silahkan coba bro main JPTOGEL77 rasakan main JPTOGEL77 maxwin bro,"silahkan coba bro main JPTOGEL77 rasakan main JPTOGEL77 maxwin, Online Gambling Promotion"
46rWuWwhZh8,Pulang2 Cinta bwa kebab trs mnta dibikinin mie Ngiler kta ny liat org mkn mie #shortvideo #minivlog,lumayan menang 700rb JPTOGEL77 cuman depo 50 doang wkwk cari aja google JPTOGEL77,Online Gambling Promotion
46rWuWwhZh8,Pulang2 Cinta bwa kebab trs mnta dibikinin mie Ngiler kta ny liat org mkn mie #shortvideo #minivlog,gue gak nyangka menang JPTOGEL77 Tempat,No Online Gambling Promotion
46rWuWwhZh8,Pulang2 Cinta bwa kebab trs mnta dibikinin mie Ngiler kta ny liat org mkn mie #shortvideo #minivlog,dikasih pola maxwin merasakan maxwin disitus JPTOGEL77 mantapp gacir banget,Online Gambling Promotion
46rWuWwhZh8,Pulang2 Cinta bwa kebab trs mnta dibikinin mie Ngiler kta ny liat org mkn mie #shortvideo #minivlog,gw gw JP jptogel77 sekebon ni manusia,Online Gambling Promotion
46rWuWwhZh8,Pulang2 Cinta bwa kebab trs mnta dibikinin mie Ngiler kta ny liat org mkn mie #shortvideo #minivlog,Habis kesamber petirnya kakek main JPTOGEL77 scatternya gilagilaanputarannya bagus mantap kali main bang,Online Gambling Promotion
46rWuWwhZh8,Pulang2 Cinta bwa kebab trs mnta dibikinin mie Ngiler kta ny liat org mkn mie #shortvideo #minivlog,gimana carahnya daptar JptogeI77 kak,Online Gambling Promotion
46rWuWwhZh8,Pulang2 Cinta bwa kebab trs mnta dibikinin mie Ngiler kta ny liat org mkn mie #shortvideo #minivlog,best jptogel77,Online Gambling Promotion
46rWuWwhZh8,Pulang2 Cinta bwa kebab trs mnta dibikinin mie Ngiler kta ny liat org mkn mie #shortvideo #minivlog,makasih admin sahabat sahabat udah membujuk bermain jptogel77 gacir akut,Online Gambling Promotion
46rWuWwhZh8,Pulang2 Cinta bwa kebab trs mnta dibikinin mie Ngiler kta ny liat org mkn mie #shortvideo #minivlog,tmn gw jptogel77 rame bgt tuh situs bre gila,Online Gambling Promotion
46rWuWwhZh8,Pulang2 Cinta bwa kebab trs mnta dibikinin mie Ngiler kta ny liat org mkn mie #shortvideo #minivlog,nih jptogel77 pantes bnyk yg promoin gila gampang JP nya,Online Gambling Promotion
46rWuWwhZh8,Pulang2 Cinta bwa kebab trs mnta dibikinin mie Ngiler kta ny liat org mkn mie #shortvideo #minivlog,cobain aja bro main JPTOGEL77 gue coba main langsung dikasih profit,"gue coba main langsung diberikan profit, Online Gambling Promotion"
46rWuWwhZh8,Pulang2 Cinta bwa kebab trs mnta dibikinin mie Ngiler kta ny liat org mkn mie #shortvideo #minivlog,suka bertemu ni link JPTOGEL77 nya udah web coba web ngasih terimakasih,Online Gambling Promotion
46rWuWwhZh8,Pulang2 Cinta bwa kebab trs mnta dibikinin mie Ngiler kta ny liat org mkn mie #shortvideo #minivlog,dah lu mendingan kek gw aja main Gaskeun JPTOGEL77 aman tentram wd,Online Gambling Promotion
46rWuWwhZh8,Pulang2 Cinta bwa kebab trs mnta dibikinin mie Ngiler kta ny liat org mkn mie #shortvideo #minivlog,makasih admin sahabat sahabat udah membujuk bermain jptogel77 gacir akut,Online Gambling Promotion
46rWuWwhZh8,Pulang2 Cinta bwa kebab trs mnta dibikinin mie Ngiler kta ny liat org mkn mie #shortvideo #minivlog,JPTOGEL77 emang juara kepuasan bermain Cuan mengalir,Online Gambling Promotion
46rWuWwhZh8,Pulang2 Cinta bwa kebab trs mnta dibikinin mie Ngiler kta ny liat org mkn mie #shortvideo #minivlog,gila JPTOGEL77 real gacirnya pantes rame,Online Gambling Promotion
46rWuWwhZh8,Pulang2 Cinta bwa kebab trs mnta dibikinin mie Ngiler kta ny liat org mkn mie #shortvideo #minivlog,TERIMAKASIH JPTOGEL77 MEMANG SUPER HOKI KEREN TEPERCAYA DAN NYATA,Online Gambling Promotion
46rWuWwhZh8,Pulang2 Cinta bwa kebab trs mnta dibikinin mie Ngiler kta ny liat org mkn mie #shortvideo #minivlog,seru banget main JPTOGEL77 Modal 100 menang gac0rnya diluar dugaan,Online Gambling Promotion
46rWuWwhZh8,Pulang2 Cinta bwa kebab trs mnta dibikinin mie Ngiler kta ny liat org mkn mie #shortvideo #minivlog,link nya Jptogel77 boss donk,Online Gambling Promotion
46rWuWwhZh8,Pulang2 Cinta bwa kebab trs mnta dibikinin mie Ngiler kta ny liat org mkn mie #shortvideo #minivlog,kacau masbrayitungan nya gak melencengtidak merugikan memberselalu memperkaya member JptogeI77,Online Gambling Promotion
46rWuWwhZh8,Pulang2 Cinta bwa kebab trs mnta dibikinin mie Ngiler kta ny liat org mkn mie #shortvideo #minivlog,kali awak rasain JP 100juta JPTOGEL77,Online Gambling Promotion
46rWuWwhZh8,Pulang2 Cinta bwa kebab trs mnta dibikinin mie Ngiler kta ny liat org mkn mie #shortvideo #minivlog,g prnah bosan gua main jptogel77 situs nya ga pelit kya situs2 nya main g lngsng ksh wd,"kyasitus2nyamainglngkshwd, No Online Gambling Promotion"
46rWuWwhZh8,Pulang2 Cinta bwa kebab trs mnta dibikinin mie Ngiler kta ny liat org mkn mie #shortvideo #minivlog,Gua aja 2 pindah situs aja total kekalahan 80jt coba jptogel77 perlahan harta,"coba permainan slot jptogel77 perlahan, Online Gambling Promotion"
46rWuWwhZh8,Pulang2 Cinta bwa kebab trs mnta dibikinin mie Ngiler kta ny liat org mkn mie #shortvideo #minivlog,oke mantap Jptogel77 udah wd ya otw mabar teman jg,Online Gambling Promotion
46rWuWwhZh8,Pulang2 Cinta bwa kebab trs mnta dibikinin mie Ngiler kta ny liat org mkn mie #shortvideo #minivlog,jptogel77 real tuh dah gw coba bnrn gacir,Online Gambling Promotion
46rWuWwhZh8,Pulang2 Cinta bwa kebab trs mnta dibikinin mie Ngiler kta ny liat org mkn mie #shortvideo #minivlog,Asli emang hoki bangett main situs JPTOGEL77 jarang bangett gw main rungkad manjain bangett gw main disni,Online Gambling Promotion
46rWuWwhZh8,Pulang2 Cinta bwa kebab trs mnta dibikinin mie Ngiler kta ny liat org mkn mie #shortvideo #minivlog,lu main JPTOGEL77 lu kuasa bang nyelot hepi bang,"lu kuasa bang nyelot hepi bang, Online Gambling Promotion"
46rWuWwhZh8,Pulang2 Cinta bwa kebab trs mnta dibikinin mie Ngiler kta ny liat org mkn mie #shortvideo #minivlog,JPtogel77 bikin main seru cuan gak berhenti mengalir event scater ZEUS,Online Gambling Promotion
46rWuWwhZh8,Pulang2 Cinta bwa kebab trs mnta dibikinin mie Ngiler kta ny liat org mkn mie #shortvideo #minivlog,Coba main JPtogel77 ane barusan dikasih wd 700rb link selagi bagus slt nya,Online Gambling Promotion
46rWuWwhZh8,Pulang2 Cinta bwa kebab trs mnta dibikinin mie Ngiler kta ny liat org mkn mie #shortvideo #minivlog,gokilll mantul kali JPTOGEL77 makasih info gacirny kakak,"terima kasih informasi gacor, Online Gambling Promotion"
46rWuWwhZh8,Pulang2 Cinta bwa kebab trs mnta dibikinin mie Ngiler kta ny liat org mkn mie #shortvideo #minivlog,Beruntung banget bersyukur banget gw nemu situs JPTOGEL77 semenjak gw bergabung disitus banget nerima keuntungan super gede WD gak absen1 suka depo wd secepat kilat admin nya ramah,Online Gambling Promotion
46rWuWwhZh8,Pulang2 Cinta bwa kebab trs mnta dibikinin mie Ngiler kta ny liat org mkn mie #shortvideo #minivlog,JPTOGEL77 slt gacir Mantul Terus Gelem Cuan,Online Gambling Promotion
46rWuWwhZh8,Pulang2 Cinta bwa kebab trs mnta dibikinin mie Ngiler kta ny liat org mkn mie #shortvideo #minivlog,sy main JPtogel77 doang mas ga pindah2 ya kadang loss ya ga sampe beli fortuner karaoke sih lc gw minimal 2 bos hahaha,Online Gambling Promotion
46rWuWwhZh8,Pulang2 Cinta bwa kebab trs mnta dibikinin mie Ngiler kta ny liat org mkn mie #shortvideo #minivlog,beda website beda kodrat bosku bermain situsu JPTOGEL77 udah kodrat bosku knapa brani bilang website kodrat karna ngerasa alangkah mudah nya maxwin web,"beda kodrat bosku bermain situsu JPTOGEL77 udah kodrat bosku knapa brani bilang website kodrat karna ngerasa alangkah mudah nya maxwin web, Online Gambling Promotion"
46rWuWwhZh8,Pulang2 Cinta bwa kebab trs mnta dibikinin mie Ngiler kta ny liat org mkn mie #shortvideo #minivlog,Saran coba JPTOGEL77 bg link nya gak pelit tu mmber uda psti dikasih JP tmn gw jga mawin disitu,"tu munggu udah diposting di kasih JP tim nya, saya juga mau win disitu, Online Gambling Promotion"
46rWuWwhZh8,Pulang2 Cinta bwa kebab trs mnta dibikinin mie Ngiler kta ny liat org mkn mie #shortvideo #minivlog,Berbagi indah boss qu gw jg dpt komenkomen main JPTOGEL77 mantap,Online Gambling Promotion
46rWuWwhZh8,Pulang2 Cinta bwa kebab trs mnta dibikinin mie Ngiler kta ny liat org mkn mie #shortvideo #minivlog,liat teman bru kali main game Profit WEB JPTOGEL77 heboh gtu kirain aja karna main disitu wkwk,Online Gambling Promotion
46rWuWwhZh8,Pulang2 Cinta bwa kebab trs mnta dibikinin mie Ngiler kta ny liat org mkn mie #shortvideo #minivlog,Aku udah daftar JptogeI77,Online Gambling Promotion
46rWuWwhZh8,Pulang2 Cinta bwa kebab trs mnta dibikinin mie Ngiler kta ny liat org mkn mie #shortvideo #minivlog,Up Up Upaku coba bang gacir sltnya ya JPTOGEL77 pantes rame kali comment hahaha,Online Gambling Promotion
46rWuWwhZh8,Pulang2 Cinta bwa kebab trs mnta dibikinin mie Ngiler kta ny liat org mkn mie #shortvideo #minivlog,pas rungkad rungkad nya saranin main temen JPtogel77 kasih gacir,Online Gambling Promotion
46rWuWwhZh8,Pulang2 Cinta bwa kebab trs mnta dibikinin mie Ngiler kta ny liat org mkn mie #shortvideo #minivlog,Gua cuman kali main doang kasih bagus eh main kasih bagus JPTOGEL77 Baru kali gua nemu s1tus bagus kek langka bener jumpa s1tus kasih wd,Online Gambling Promotion
46rWuWwhZh8,Pulang2 Cinta bwa kebab trs mnta dibikinin mie Ngiler kta ny liat org mkn mie #shortvideo #minivlog,khawatir Hal orang pikirkan pikirkan Hal dirimu JPTOGEL77 gk percaya sih cocok buktiin memanglah website gacirnya,"kami tidak percaya sih cocok buktiin memanglah website gacirnya, No Online Gambling Promotion"
46rWuWwhZh8,Pulang2 Cinta bwa kebab trs mnta dibikinin mie Ngiler kta ny liat org mkn mie #shortvideo #minivlog,Udh daptar dapetin skater hitam gimana jptogel77,Online Gambling Promotion
46rWuWwhZh8,Pulang2 Cinta bwa kebab trs mnta dibikinin mie Ngiler kta ny liat org mkn mie #shortvideo #minivlog,jptogel77 maxwin pragmatic pg soft nya rame,Online Gambling Promotion
46rWuWwhZh8,Pulang2 Cinta bwa kebab trs mnta dibikinin mie Ngiler kta ny liat org mkn mie #shortvideo #minivlog,Cuma kasi masukan aja Bang main jptogel77 main sportif g Rungkad dikasi menang,"bang main jptogel77 main sportif g Rungkad dikasi menang, Online Gambling Promotion"
46rWuWwhZh8,Pulang2 Cinta bwa kebab trs mnta dibikinin mie Ngiler kta ny liat org mkn mie #shortvideo #minivlog,mantap nih situs JPTOGEL77 kali main udah dikasih menang aja,Online Gambling Promotion
46rWuWwhZh8,Pulang2 Cinta bwa kebab trs mnta dibikinin mie Ngiler kta ny liat org mkn mie #shortvideo #minivlog,Keren euyy jptogel77,Online Gambling Promotion
46rWuWwhZh8,Pulang2 Cinta bwa kebab trs mnta dibikinin mie Ngiler kta ny liat org mkn mie #shortvideo #minivlog,Riwayat kalah ku situs sebelah cuman situs JPTOGEL77 penyelamat keuangan ku,Online Gambling Promotion
46rWuWwhZh8,Pulang2 Cinta bwa kebab trs mnta dibikinin mie Ngiler kta ny liat org mkn mie #shortvideo #minivlog,Sukses JPTOGEL77,Online Gambling Promotion
46rWuWwhZh8,Pulang2 Cinta bwa kebab trs mnta dibikinin mie Ngiler kta ny liat org mkn mie #shortvideo #minivlog,maacihhh abang bos gw ngerasain namanya wede cuannn gedek terbaik bermain web JPTOGEL77,"gw ngerti nama yang apa, wede cuann gedek terbaik bermain web jptogel77, Online Gambling Promotion"
46rWuWwhZh8,Pulang2 Cinta bwa kebab trs mnta dibikinin mie Ngiler kta ny liat org mkn mie #shortvideo #minivlog,scroll jptogel77 bre paten emg situs gw,Online Gambling Promotion
46rWuWwhZh8,Pulang2 Cinta bwa kebab trs mnta dibikinin mie Ngiler kta ny liat org mkn mie #shortvideo #minivlog,main server emang mantep ga turun naek nih jptogel77,Online Gambling Promotion
46rWuWwhZh8,Pulang2 Cinta bwa kebab trs mnta dibikinin mie Ngiler kta ny liat org mkn mie #shortvideo #minivlog,gw rungkad mandalika77 wkwkwkw tmn gw yg JP jptogel77,Online Gambling Promotion
46rWuWwhZh8,Pulang2 Cinta bwa kebab trs mnta dibikinin mie Ngiler kta ny liat org mkn mie #shortvideo #minivlog,aja gw coba jptogel77 semalam lumayan dpt 2jt,Online Gambling Promotion
46rWuWwhZh8,Pulang2 Cinta bwa kebab trs mnta dibikinin mie Ngiler kta ny liat org mkn mie #shortvideo #minivlog,SUPER SEKALI JPTOGEL77 MANTAP,No Online Gambling Promotion
46rWuWwhZh8,Pulang2 Cinta bwa kebab trs mnta dibikinin mie Ngiler kta ny liat org mkn mie #shortvideo #minivlog,Ganas slt JPTOGEL77 modal narik sejuta om,Online Gambling Promotion
46rWuWwhZh8,Pulang2 Cinta bwa kebab trs mnta dibikinin mie Ngiler kta ny liat org mkn mie #shortvideo #minivlog,Sungguh ku sangka sungguh ku duga new member auto cuan main JPTOGEL77 scatternya gampang kali keluarnya Pola acak gass keun,Online Gambling Promotion
46rWuWwhZh8,Pulang2 Cinta bwa kebab trs mnta dibikinin mie Ngiler kta ny liat org mkn mie #shortvideo #minivlog,Sudah situs yg ikuti satupun berhasil membuktikan kecuali JptogeI77,No Online Gambling Promotion
46rWuWwhZh8,Pulang2 Cinta bwa kebab trs mnta dibikinin mie Ngiler kta ny liat org mkn mie #shortvideo #minivlog,gaji umr uang tambahan mah udah party malming wkwkkwkw makasih JPTOGEL77,Online Gambling Promotion
46rWuWwhZh8,Pulang2 Cinta bwa kebab trs mnta dibikinin mie Ngiler kta ny liat org mkn mie #shortvideo #minivlog,Cara daftarx JPTOGEL77 gmn bos,Online Gambling Promotion
46rWuWwhZh8,Pulang2 Cinta bwa kebab trs mnta dibikinin mie Ngiler kta ny liat org mkn mie #shortvideo #minivlog,diberkahi kakek zeus nikmat ampun JPTOGEL77 toppppp,Online Gambling Promotion
46rWuWwhZh8,Pulang2 Cinta bwa kebab trs mnta dibikinin mie Ngiler kta ny liat org mkn mie #shortvideo #minivlog,nyesel bener maen jptogel77 depo receh wd berkali2 kalo dr ud kebeli tuh vespa matic wekekek HAHAHHAHA,Online Gambling Promotion
46rWuWwhZh8,Pulang2 Cinta bwa kebab trs mnta dibikinin mie Ngiler kta ny liat org mkn mie #shortvideo #minivlog,jptogel77 asu bnrn gacir,Online Gambling Promotion
46rWuWwhZh8,Pulang2 Cinta bwa kebab trs mnta dibikinin mie Ngiler kta ny liat org mkn mie #shortvideo #minivlog,kek jptogel77 gini situs mantap member wajib menang,Online Gambling Promotion
46rWuWwhZh8,Pulang2 Cinta bwa kebab trs mnta dibikinin mie Ngiler kta ny liat org mkn mie #shortvideo #minivlog,terimakasih rekomendasi link gacirnya kakak jptogel77,Online Gambling Promotion
46rWuWwhZh8,Pulang2 Cinta bwa kebab trs mnta dibikinin mie Ngiler kta ny liat org mkn mie #shortvideo #minivlog,Berkali kali main Olympus JPTOGEL77 hasilnya mantapp wee semoga ikutin saran Hokinya ya,"wee semoga ikutin saran Hokinya ya, Online Gambling Promotion"
46rWuWwhZh8,Pulang2 Cinta bwa kebab trs mnta dibikinin mie Ngiler kta ny liat org mkn mie #shortvideo #minivlog,pantes rame jptogel77 wkwkwkwkwk,Online Gambling Promotion
46rWuWwhZh8,Pulang2 Cinta bwa kebab trs mnta dibikinin mie Ngiler kta ny liat org mkn mie #shortvideo #minivlog,kerap depo wd wd gw kerap wd depo abang rekomen web JPTOGEL77,"gw kerap withdraw deposit abang rekomendasi web JPTOGEL77, Online Gambling Promotion"
46rWuWwhZh8,Pulang2 Cinta bwa kebab trs mnta dibikinin mie Ngiler kta ny liat org mkn mie #shortvideo #minivlog,Wah seru banget Gue gabung JPTOGEL77 langsung gas lingnya Main enak banget cuan,"saya gabung JPTOGEL77 langsung, main enak banget cuan, Online Gambling Promotion"
46rWuWwhZh8,Pulang2 Cinta bwa kebab trs mnta dibikinin mie Ngiler kta ny liat org mkn mie #shortvideo #minivlog,nikmat main JPTOGEL77 starlight princes ny menaburkan pesona tuh member era rungkad deh cuan harinya,Online Gambling Promotion
46rWuWwhZh8,Pulang2 Cinta bwa kebab trs mnta dibikinin mie Ngiler kta ny liat org mkn mie #shortvideo #minivlog,enak banget maxwin nya ngap Cuman situs JPTOGEL77 gw ngerasain indah nya maxwin,"ngap Cuman situs JPTOGEL77 gw ngerasain indah nya maxwin, Online Gambling Promotion"
46rWuWwhZh8,Pulang2 Cinta bwa kebab trs mnta dibikinin mie Ngiler kta ny liat org mkn mie #shortvideo #minivlog,Semoga kemudahan main JPTOGEL77,Online Gambling Promotion
46rWuWwhZh8,Pulang2 Cinta bwa kebab trs mnta dibikinin mie Ngiler kta ny liat org mkn mie #shortvideo #minivlog,Gemetar bang main JPtogel77 kaget kali perkalian x500 langsung turun iseng gila sih ngerasain maxwin cari aja google JPtogel77,Online Gambling Promotion
46rWuWwhZh8,Pulang2 Cinta bwa kebab trs mnta dibikinin mie Ngiler kta ny liat org mkn mie #shortvideo #minivlog,Cukup bagus bagus kali depo 30k dikasi wd 400 lumayan sensasi petir merah JPTOGEL77 cobain dah nihh,Online Gambling Promotion
46rWuWwhZh8,Pulang2 Cinta bwa kebab trs mnta dibikinin mie Ngiler kta ny liat org mkn mie #shortvideo #minivlog,kerudung nya ya kakak,No Online Gambling Promotion
46rWuWwhZh8,Pulang2 Cinta bwa kebab trs mnta dibikinin mie Ngiler kta ny liat org mkn mie #shortvideo #minivlog,Isss lebay banget pakai ngomong cinta cinta lagiisssss,No Online Gambling Promotion
46rWuWwhZh8,Pulang2 Cinta bwa kebab trs mnta dibikinin mie Ngiler kta ny liat org mkn mie #shortvideo #minivlog,AzmitA,ERROR
46rWuWwhZh8,Pulang2 Cinta bwa kebab trs mnta dibikinin mie Ngiler kta ny liat org mkn mie #shortvideo #minivlog,jilbabnya merk nya,No Online Gambling Promotion
46rWuWwhZh8,Pulang2 Cinta bwa kebab trs mnta dibikinin mie Ngiler kta ny liat org mkn mie #shortvideo #minivlog,Jijik cinta manggilnya,No Online Gambling Promotion
46rWuWwhZh8,Pulang2 Cinta bwa kebab trs mnta dibikinin mie Ngiler kta ny liat org mkn mie #shortvideo #minivlog,Salfok video salah Salfok kerudung,No Online Gambling Promotion
46rWuWwhZh8,Pulang2 Cinta bwa kebab trs mnta dibikinin mie Ngiler kta ny liat org mkn mie #shortvideo #minivlog,Lebel nya blm copot ya ka,No Online Gambling Promotion
46rWuWwhZh8,Pulang2 Cinta bwa kebab trs mnta dibikinin mie Ngiler kta ny liat org mkn mie #shortvideo #minivlog,Mbk orang ldii ya,No Online Gambling Promotion
46rWuWwhZh8,Pulang2 Cinta bwa kebab trs mnta dibikinin mie Ngiler kta ny liat org mkn mie #shortvideo #minivlog,Nama anak nya Vika ya kk,ERROR
46rWuWwhZh8,Pulang2 Cinta bwa kebab trs mnta dibikinin mie Ngiler kta ny liat org mkn mie #shortvideo #minivlog,Anggun,ERROR
46rWuWwhZh8,Pulang2 Cinta bwa kebab trs mnta dibikinin mie Ngiler kta ny liat org mkn mie #shortvideo #minivlog,KK ko manggil suami sinta,No Online Gambling Promotion
46rWuWwhZh8,Pulang2 Cinta bwa kebab trs mnta dibikinin mie Ngiler kta ny liat org mkn mie #shortvideo #minivlog,Halo mima,ERROR
46rWuWwhZh8,Pulang2 Cinta bwa kebab trs mnta dibikinin mie Ngiler kta ny liat org mkn mie #shortvideo #minivlog,Keluarga bahagia,No Online Gambling Promotion
46rWuWwhZh8,Pulang2 Cinta bwa kebab trs mnta dibikinin mie Ngiler kta ny liat org mkn mie #shortvideo #minivlog,Wow,No Online Gambling Promotion
46rWuWwhZh8,Pulang2 Cinta bwa kebab trs mnta dibikinin mie Ngiler kta ny liat org mkn mie #shortvideo #minivlog,Sungguh ku sangka sungguh ku duga new member auto cuan main JPTOGEL77 scatternya gampang kali keluarnya Pola acak gass keun,Online Gambling Promotion
46rWuWwhZh8,Pulang2 Cinta bwa kebab trs mnta dibikinin mie Ngiler kta ny liat org mkn mie #shortvideo #minivlog,gila JPTOGEL77 member kasi JP trus,Online Gambling Promotion
46rWuWwhZh8,Pulang2 Cinta bwa kebab trs mnta dibikinin mie Ngiler kta ny liat org mkn mie #shortvideo #minivlog,makasihh bangeett temeenkuu udah kasih rekomend web JPTOGEL77 ga rungkad web sebela,Online Gambling Promotion
46rWuWwhZh8,Pulang2 Cinta bwa kebab trs mnta dibikinin mie Ngiler kta ny liat org mkn mie #shortvideo #minivlog,TERIMAKASIH JPTOGEL77 MENANG SUPER HOKI KEREN TEPERCAYA DAN NYATA,Online Gambling Promotion
46rWuWwhZh8,Pulang2 Cinta bwa kebab trs mnta dibikinin mie Ngiler kta ny liat org mkn mie #shortvideo #minivlog,kacau masbrayitungan nya gak melencengtidak merugikan memberselalu memperkaya member JPTOGEL77,Online Gambling Promotion
46rWuWwhZh8,Pulang2 Cinta bwa kebab trs mnta dibikinin mie Ngiler kta ny liat org mkn mie #shortvideo #minivlog,Sudah situs yg ikuti satupun berhasil membuktikan kecuali JPTOGEL77,Online Gambling Promotion
46rWuWwhZh8,Pulang2 Cinta bwa kebab trs mnta dibikinin mie Ngiler kta ny liat org mkn mie #shortvideo #minivlog,Salpok segel kerudung nya,No Online Gambling Promotion
46rWuWwhZh8,Pulang2 Cinta bwa kebab trs mnta dibikinin mie Ngiler kta ny liat org mkn mie #shortvideo #minivlog,Up Up Upaku coba bang gacir sltnya ya JPTOGEL77 pantes rame kali comment hahaha,Online Gambling Promotion
46rWuWwhZh8,Pulang2 Cinta bwa kebab trs mnta dibikinin mie Ngiler kta ny liat org mkn mie #shortvideo #minivlog,Riwayat kalah ku situs sebelah cuman situs JPTOGEL77 penyelamat keuangan ku,Online Gambling Promotion
46rWuWwhZh8,Pulang2 Cinta bwa kebab trs mnta dibikinin mie Ngiler kta ny liat org mkn mie #shortvideo #minivlog,Niat mo ngabesin sisa saldo JPTOGEL77 d kasih maxwin emng the best gak bikin kecewa si mantap BO gacir kali zeus nya bukain mesin perkalian JPTOGEL77,"gak bikin kecewa si mantap BO gacir kali zeus nya bukain mesin perkalian JPTOGEL77, Online"
46rWuWwhZh8,Pulang2 Cinta bwa kebab trs mnta dibikinin mie Ngiler kta ny liat org mkn mie #shortvideo #minivlog,Up Up Upaku coba bang gacir sltnya ya JPTOGEL77 pantes rame kali comment hahaha,Online Gambling Promotion
46rWuWwhZh8,Pulang2 Cinta bwa kebab trs mnta dibikinin mie Ngiler kta ny liat org mkn mie #shortvideo #minivlog,Kerudung nya bandrol nya,No Online Gambling Promotion
46rWuWwhZh8,Pulang2 Cinta bwa kebab trs mnta dibikinin mie Ngiler kta ny liat org mkn mie #shortvideo #minivlog,GUYS YUK DUKUNG ANAK BANGSA INDONESIA CARMEN DI SM ENTERTAIMENT AYO KALIAN DUKUNG CARMEN DI HEARTS2HEARTS YANG GAK SUKA KPOP AYO COBA DULU SINI ENAK LAGUNYA,No Online Gambling Promotion
46rWuWwhZh8,Pulang2 Cinta bwa kebab trs mnta dibikinin mie Ngiler kta ny liat org mkn mie #shortvideo #minivlog,Asli emang hoki bangett main situs JPTOGEL77 jarang bangett gw main rungkad manjain bangett gw main disni,Online Gambling Promotion
46rWuWwhZh8,Pulang2 Cinta bwa kebab trs mnta dibikinin mie Ngiler kta ny liat org mkn mie #shortvideo #minivlog,Cukup bagus bagus kali depo 30k dikasi wd 400 lumayan sensasi petir merah JPTOGEL77 cobain dah nihh,Online Gambling Promotion
46rWuWwhZh8,Pulang2 Cinta bwa kebab trs mnta dibikinin mie Ngiler kta ny liat org mkn mie #shortvideo #minivlog,kerap depo wd wd gw kerap wd depo abang rekomen web JPTOGEL77,Online Gambling Promotion
46rWuWwhZh8,Pulang2 Cinta bwa kebab trs mnta dibikinin mie Ngiler kta ny liat org mkn mie #shortvideo #minivlog,Gas tu gan jptogel77 zeusnya nya galak tu aja tu ngasi gw dikasi maxwin,Online Gambling Promotion
46rWuWwhZh8,Pulang2 Cinta bwa kebab trs mnta dibikinin mie Ngiler kta ny liat org mkn mie #shortvideo #minivlog,kacau masbrayitungan nya gak melencengtidak merugikan memberselalu memperkaya member JptogeI77,No Online Gambling Promotion
46rWuWwhZh8,Pulang2 Cinta bwa kebab trs mnta dibikinin mie Ngiler kta ny liat org mkn mie #shortvideo #minivlog,maacihhh abang bos gw ngerasain namanya wede cuannn gedek terbaik bermain web JPTOGEL77,Online Gambling Promotion
46rWuWwhZh8,Pulang2 Cinta bwa kebab trs mnta dibikinin mie Ngiler kta ny liat org mkn mie #shortvideo #minivlog,mantap nih situs JPTOGEL77 kali main udah dikasih menang aja,Online Gambling Promotion
46rWuWwhZh8,Pulang2 Cinta bwa kebab trs mnta dibikinin mie Ngiler kta ny liat org mkn mie #shortvideo #minivlog,situs JPTOGEL77 bro gak makan orang mala kasih uang main disni makasi la uda recomen,Online Gambling Promotion
46rWuWwhZh8,Pulang2 Cinta bwa kebab trs mnta dibikinin mie Ngiler kta ny liat org mkn mie #shortvideo #minivlog,gw kasi kisi2 lembut sikit bermain la jptogel77 anak nih brani kasi wr tinggi2 wkwkwkwk gas kapok,"brani kasi warna tinggi, wkwkwkwk gas kapok, Online Gambling Promotion"
46rWuWwhZh8,Pulang2 Cinta bwa kebab trs mnta dibikinin mie Ngiler kta ny liat org mkn mie #shortvideo #minivlog,seru banget main JPTOGEL77 Modal 100 menang gac0rnya diluar dugaan,Online Gambling Promotion
46rWuWwhZh8,Pulang2 Cinta bwa kebab trs mnta dibikinin mie Ngiler kta ny liat org mkn mie #shortvideo #minivlog,Cuma kasi masukan aja Bang main jptogel77 main sportif g Rungkad dikasi menang,"bang main jptogel77 main sportif GRungkad dikasi menang, Online Gambling Promotion"
46rWuWwhZh8,Pulang2 Cinta bwa kebab trs mnta dibikinin mie Ngiler kta ny liat org mkn mie #shortvideo #minivlog,jptogel77 GAMPANG MENANGNYA,Online Gambling Promotion
46rWuWwhZh8,Pulang2 Cinta bwa kebab trs mnta dibikinin mie Ngiler kta ny liat org mkn mie #shortvideo #minivlog,jptogel77 asu bnrn gacir,Online Gambling Promotion
46rWuWwhZh8,Pulang2 Cinta bwa kebab trs mnta dibikinin mie Ngiler kta ny liat org mkn mie #shortvideo #minivlog,emang ya jptogel77 gampang menang,Online Gambling Promotion
46rWuWwhZh8,Pulang2 Cinta bwa kebab trs mnta dibikinin mie Ngiler kta ny liat org mkn mie #shortvideo #minivlog,suka banget main s1tus JPTOGEL77 pokoknya the best emg,Online Gambling Promotion
46rWuWwhZh8,Pulang2 Cinta bwa kebab trs mnta dibikinin mie Ngiler kta ny liat org mkn mie #shortvideo #minivlog,nih jptogel77 pantes bnyk yg promoin gila gampang JP nya,Online Gambling Promotion
46rWuWwhZh8,Pulang2 Cinta bwa kebab trs mnta dibikinin mie Ngiler kta ny liat org mkn mie #shortvideo #minivlog,situs terbesar kebanggan gw jptogel77,Online Gambling Promotion
46rWuWwhZh8,Pulang2 Cinta bwa kebab trs mnta dibikinin mie Ngiler kta ny liat org mkn mie #shortvideo #minivlog,makasih JPTOGEL77 berkah beres 2 pinjol sisa 1 ngengngengngeng semangaaat,Online Gambling Promotion
46rWuWwhZh8,Pulang2 Cinta bwa kebab trs mnta dibikinin mie Ngiler kta ny liat org mkn mie #shortvideo #minivlog,dikasih pola maxwin merasakan maxwin disitus JPTOGEL77 mantapp gacir banget,Online Gambling Promotion
46rWuWwhZh8,Pulang2 Cinta bwa kebab trs mnta dibikinin mie Ngiler kta ny liat org mkn mie #shortvideo #minivlog,Udh daptar dapetin skater hitam gimana jptogel77,Online Gambling Promotion
46rWuWwhZh8,Pulang2 Cinta bwa kebab trs mnta dibikinin mie Ngiler kta ny liat org mkn mie #shortvideo #minivlog,semoga jptogel77 sukses amin,Online Gambling Promotion
46rWuWwhZh8,Pulang2 Cinta bwa kebab trs mnta dibikinin mie Ngiler kta ny liat org mkn mie #shortvideo #minivlog,gw kasi kisi2 halus sikit main la JPTOGEL77 anak nih brani kasi wr tinggi2 wkwkwkwk gas biar kapok,Online Gambling Promotion
46rWuWwhZh8,Pulang2 Cinta bwa kebab trs mnta dibikinin mie Ngiler kta ny liat org mkn mie #shortvideo #minivlog,gokilll mantul kali jptogel77 makasih info gacirny kakak,Online Gambling Promotion
46rWuWwhZh8,Pulang2 Cinta bwa kebab trs mnta dibikinin mie Ngiler kta ny liat org mkn mie #shortvideo #minivlog,nyesel bener maen jptogel77 depo receh wd berkali2 kalo dr ud kebeli tuh vespa matic wekekek HAHAHHAHA,Online Gambling Promotion
46rWuWwhZh8,Pulang2 Cinta bwa kebab trs mnta dibikinin mie Ngiler kta ny liat org mkn mie #shortvideo #minivlog,Niat mo ngabesin sisa saldo JPTOGEL77 d kasih maxwin emng the best gak bikin kecewa si mantap BO gacir kali zeus nya bukain mesin perkalian JPTOGEL77,
46rWuWwhZh8,Pulang2 Cinta bwa kebab trs mnta dibikinin mie Ngiler kta ny liat org mkn mie #shortvideo #minivlog,gokilll mantul kali JPTOGEL77 makasih info gacirny kakak,Online Gambling Promotion
46rWuWwhZh8,Pulang2 Cinta bwa kebab trs mnta dibikinin mie Ngiler kta ny liat org mkn mie #shortvideo #minivlog,kiraen admin beneran enak jptogel77 asu,Online Gambling Promotion
46rWuWwhZh8,Pulang2 Cinta bwa kebab trs mnta dibikinin mie Ngiler kta ny liat org mkn mie #shortvideo #minivlog,Luar orang baikberkah semoga rejekix berlipat gandadan slalu kesehatan JPTOGEL77 emang top,No Online Gambling Promotion
46rWuWwhZh8,Pulang2 Cinta bwa kebab trs mnta dibikinin mie Ngiler kta ny liat org mkn mie #shortvideo #minivlog,daftar sampe JPtogel77 kasih terbaik hehe love banget pokonya google bray JPtogel77,"kasih terbaik hehe love banget pokonya google bray JPtogel77, Online Gambling Promotion"
46rWuWwhZh8,Pulang2 Cinta bwa kebab trs mnta dibikinin mie Ngiler kta ny liat org mkn mie #shortvideo #minivlog,Wah seru banget Gue gabung jptogel77 langsung gas lingnya Main enak banget cuan,"saya gabung jptogel77 langsung, main enak banget cuan, Online Gambling Promotion"
46rWuWwhZh8,Pulang2 Cinta bwa kebab trs mnta dibikinin mie Ngiler kta ny liat org mkn mie #shortvideo #minivlog,jptogel77 Kebanggan rakyat,No Online Gambling Promotion
46rWuWwhZh8,Pulang2 Cinta bwa kebab trs mnta dibikinin mie Ngiler kta ny liat org mkn mie #shortvideo #minivlog,gaji umr uang tambahan mah udah party malming wkwkkwkw makasih JPTOGEL77,No Online Gambling Promotion
46rWuWwhZh8,Pulang2 Cinta bwa kebab trs mnta dibikinin mie Ngiler kta ny liat org mkn mie #shortvideo #minivlog,Saran coba JPTOGEL77 bg link nya gak pelit tu mmber uda psti dikasih JP tmn gw jga mawin disitu,"mungkin udah pusti dikasih JP tim nya, saya juga mau win disitu, Online Gambling Promotion"
46rWuWwhZh8,Pulang2 Cinta bwa kebab trs mnta dibikinin mie Ngiler kta ny liat org mkn mie #shortvideo #minivlog,oke mantap Jptogel77 udah wd ya otw mabar teman jg,Online Gambling Promotion
46rWuWwhZh8,Pulang2 Cinta bwa kebab trs mnta dibikinin mie Ngiler kta ny liat org mkn mie #shortvideo #minivlog,makasihh bangeett temeenkuu udah kasih rekomend web JPTOGEL77 ga rungkad web sebela,Online Gambling Promotion
46rWuWwhZh8,Pulang2 Cinta bwa kebab trs mnta dibikinin mie Ngiler kta ny liat org mkn mie #shortvideo #minivlog,kacau masbrayitungan nya gak melencengtidak merugikan memberselalu memperkaya member JPTOGEL77,No Online Gambling Promotion
46rWuWwhZh8,Pulang2 Cinta bwa kebab trs mnta dibikinin mie Ngiler kta ny liat org mkn mie #shortvideo #minivlog,gw tau JPTOGEL77 komen asli bnrn gacir,Online Gambling Promotion
46rWuWwhZh8,Pulang2 Cinta bwa kebab trs mnta dibikinin mie Ngiler kta ny liat org mkn mie #shortvideo #minivlog,Makasih bang link gacir nya barusan WD gak lumayan kopi rokok mantap depo WD aman lancar jaya emang enak main JPTOGEL77 bang,Online Gambling Promotion
46rWuWwhZh8,Pulang2 Cinta bwa kebab trs mnta dibikinin mie Ngiler kta ny liat org mkn mie #shortvideo #minivlog,Saran coba JPTOGEL77 bg link nya gak pelit tu mmber uda psti dikasih JP tmn gw jga mawin disitu,"mungkin udah diposting di kasih JP tim nya, saya juga mau win disitu, Online Gambling Promotion"
46rWuWwhZh8,Pulang2 Cinta bwa kebab trs mnta dibikinin mie Ngiler kta ny liat org mkn mie #shortvideo #minivlog,alhamdulillah kasih wd JPTOGEL77 modal receh doang main,Online Gambling Promotion
46rWuWwhZh8,Pulang2 Cinta bwa kebab trs mnta dibikinin mie Ngiler kta ny liat org mkn mie #shortvideo #minivlog,JPTOGEL77 emang juara kepuasan bermain Cuan mengalir,Online Gambling Promotion
46rWuWwhZh8,Pulang2 Cinta bwa kebab trs mnta dibikinin mie Ngiler kta ny liat org mkn mie #shortvideo #minivlog,gw tau JPTOGEL77 komen asli bnrn gacir,Online Gambling Promotion
46rWuWwhZh8,Pulang2 Cinta bwa kebab trs mnta dibikinin mie Ngiler kta ny liat org mkn mie #shortvideo #minivlog,Up Up Upaku coba bang gacir sltnya ya JPTOGEL77 pantes rame kali comment hahaha,Online Gambling Promotion
46rWuWwhZh8,Pulang2 Cinta bwa kebab trs mnta dibikinin mie Ngiler kta ny liat org mkn mie #shortvideo #minivlog,kacau masbrayitungan nya gak melencengtidak merugikan memberselalu memperkaya member JPTOGEL77,Online Gambling Promotion
46rWuWwhZh8,Pulang2 Cinta bwa kebab trs mnta dibikinin mie Ngiler kta ny liat org mkn mie #shortvideo #minivlog,alhamdulillah kasih wd JPTOGEL77 modal receh doang main,Online Gambling Promotion
46rWuWwhZh8,Pulang2 Cinta bwa kebab trs mnta dibikinin mie Ngiler kta ny liat org mkn mie #shortvideo #minivlog,gila JPTOGEL77 member kasi JP trus,Online Gambling Promotion
46rWuWwhZh8,Pulang2 Cinta bwa kebab trs mnta dibikinin mie Ngiler kta ny liat org mkn mie #shortvideo #minivlog,Makasih bang link gacir nya barusan WD gak lumayan kopi rokok mantap depo WD aman lancar jaya emang enak main JPTOGEL77 bang,Online Gambling Promotion
46rWuWwhZh8,Pulang2 Cinta bwa kebab trs mnta dibikinin mie Ngiler kta ny liat org mkn mie #shortvideo #minivlog,TERIMAKASIH JPTOGEL77 MENANG SUPER HOKI KEREN TEPERCAYA DAN NYATA,Online Gambling Promotion
46rWuWwhZh8,Pulang2 Cinta bwa kebab trs mnta dibikinin mie Ngiler kta ny liat org mkn mie #shortvideo #minivlog,Salfok cidung,No Online Gambling Promotion
46rWuWwhZh8,Pulang2 Cinta bwa kebab trs mnta dibikinin mie Ngiler kta ny liat org mkn mie #shortvideo #minivlog,Nggak ribet nggak bikin pusing main PulLu777 cuan,No Online Gambling Promotion
46rWuWwhZh8,Pulang2 Cinta bwa kebab trs mnta dibikinin mie Ngiler kta ny liat org mkn mie #shortvideo #minivlog,Rekening gue gemuk berkat Pulau777,No Online Gambling Promotion
46rWuWwhZh8,Pulang2 Cinta bwa kebab trs mnta dibikinin mie Ngiler kta ny liat org mkn mie #shortvideo #minivlog,Modal receh doang menangnya gokil banget PULAU777,Online Gambling Promotion
46rWuWwhZh8,Pulang2 Cinta bwa kebab trs mnta dibikinin mie Ngiler kta ny liat org mkn mie #shortvideo #minivlog,Udah menang semangat main pulau777,No Online Gambling Promotion
46rWuWwhZh8,Pulang2 Cinta bwa kebab trs mnta dibikinin mie Ngiler kta ny liat org mkn mie #shortvideo #minivlog,Tiap main pulau777 duit masuk,No Online Gambling Promotion
46rWuWwhZh8,Pulang2 Cinta bwa kebab trs mnta dibikinin mie Ngiler kta ny liat org mkn mie #shortvideo #minivlog,Duit darurat gue aman menang pulau777,No Online Gambling Promotion
46rWuWwhZh8,Pulang2 Cinta bwa kebab trs mnta dibikinin mie Ngiler kta ny liat org mkn mie #shortvideo #minivlog,Main Pulau777 tuh kayak nemu tambang emas asli gacor abis,No Online Gambling Promotion
46rWuWwhZh8,Pulang2 Cinta bwa kebab trs mnta dibikinin mie Ngiler kta ny liat org mkn mie #shortvideo #minivlog,Gue nggak nyangka narik 2 juta pulau777 sehari,No Online Gambling Promotion
46rWuWwhZh8,Pulang2 Cinta bwa kebab trs mnta dibikinin mie Ngiler kta ny liat org mkn mie #shortvideo #minivlog,Duit traktir gebetan aman berkat Pulau777,No Online Gambling Promotion
46rWuWwhZh8,Pulang2 Cinta bwa kebab trs mnta dibikinin mie Ngiler kta ny liat org mkn mie #shortvideo #minivlog,Main santai cuannya serius PULAU777,No Online Gambling Promotion
46rWuWwhZh8,Pulang2 Cinta bwa kebab trs mnta dibikinin mie Ngiler kta ny liat org mkn mie #shortvideo #minivlog,Gue udah buktiin main PULAU777 cuan,No Online Gambling Promotion
46rWuWwhZh8,Pulang2 Cinta bwa kebab trs mnta dibikinin mie Ngiler kta ny liat org mkn mie #shortvideo #minivlog,Dari iseng penghasilan PuLAU777,Online Gambling Promotion
46rWuWwhZh8,Pulang2 Cinta bwa kebab trs mnta dibikinin mie Ngiler kta ny liat org mkn mie #shortvideo #minivlog,Niatnya iseng penghasilan tambahan Pulau777,Online Gambling Promotion
46rWuWwhZh8,Pulang2 Cinta bwa kebab trs mnta dibikinin mie Ngiler kta ny liat org mkn mie #shortvideo #minivlog,Aing kaget WEEDEY MIYA88 viral ya,No Online Gambling Promotion
46rWuWwhZh8,Pulang2 Cinta bwa kebab trs mnta dibikinin mie Ngiler kta ny liat org mkn mie #shortvideo #minivlog,Aing kaget Ijul Ninja MIYA88 bikin mantap,No Online Gambling Promotion
46rWuWwhZh8,Pulang2 Cinta bwa kebab trs mnta dibikinin mie Ngiler kta ny liat org mkn mie #shortvideo #minivlog,Aing Jepee MIYA88 top bikin seru,No Online Gambling Promotion
46rWuWwhZh8,Pulang2 Cinta bwa kebab trs mnta dibikinin mie Ngiler kta ny liat org mkn mie #shortvideo #minivlog,MIYA88 bikin dompet tebal hati senang hebat,No Online Gambling Promotion
46rWuWwhZh8,Pulang2 Cinta bwa kebab trs mnta dibikinin mie Ngiler kta ny liat org mkn mie #shortvideo #minivlog,Ijul kebeli Ninja 250 MIYA88 kemarin,No Online Gambling Promotion
46rWuWwhZh8,Pulang2 Cinta bwa kebab trs mnta dibikinin mie Ngiler kta ny liat org mkn mie #shortvideo #minivlog,Hati senang dompet tebal MIYA88 bikin wow ya,No Online Gambling Promotion
46rWuWwhZh8,Pulang2 Cinta bwa kebab trs mnta dibikinin mie Ngiler kta ny liat org mkn mie #shortvideo #minivlog,Aing dapet gunung main MIYA88,Online Gambling Promotion
46rWuWwhZh8,Pulang2 Cinta bwa kebab trs mnta dibikinin mie Ngiler kta ny liat org mkn mie #shortvideo #minivlog,Auto meekswiin MIYA88 ertepe Thailand,No Online Gambling Promotion
46rWuWwhZh8,Pulang2 Cinta bwa kebab trs mnta dibikinin mie Ngiler kta ny liat org mkn mie #shortvideo #minivlog,Scatter MIYA88 banjir mekswin bikin mantap ya,Online Gambling Promotion
46rWuWwhZh8,Pulang2 Cinta bwa kebab trs mnta dibikinin mie Ngiler kta ny liat org mkn mie #shortvideo #minivlog,Siti main MIYA88 Vario nyata,Online Gambling Promotion
46rWuWwhZh8,Pulang2 Cinta bwa kebab trs mnta dibikinin mie Ngiler kta ny liat org mkn mie #shortvideo #minivlog,Aing lihat Siti Vario MIYA88 nyata,No Online Gambling Promotion
46rWuWwhZh8,Pulang2 Cinta bwa kebab trs mnta dibikinin mie Ngiler kta ny liat org mkn mie #shortvideo #minivlog,MIYA88 Jepee otw top sekabupaten,No Online Gambling Promotion
46rWuWwhZh8,Pulang2 Cinta bwa kebab trs mnta dibikinin mie Ngiler kta ny liat org mkn mie #shortvideo #minivlog,Gue hoax beneran narik duit PULAU777,No Online Gambling Promotion
46rWuWwhZh8,Pulang2 Cinta bwa kebab trs mnta dibikinin mie Ngiler kta ny liat org mkn mie #shortvideo #minivlog,Aing meekswiin MIYA88 server Thailand,No Online Gambling Promotion
46rWuWwhZh8,Pulang2 Cinta bwa kebab trs mnta dibikinin mie Ngiler kta ny liat org mkn mie #shortvideo #minivlog,Viral Channel MIYA88 gicir bikin heboh,No Online Gambling Promotion
46rWuWwhZh8,Pulang2 Cinta bwa kebab trs mnta dibikinin mie Ngiler kta ny liat org mkn mie #shortvideo #minivlog,Aing kaget MIYA88 bonus sekampung seru,Online Gambling Promotion
46rWuWwhZh8,Pulang2 Cinta bwa kebab trs mnta dibikinin mie Ngiler kta ny liat org mkn mie #shortvideo #minivlog,MIYA88 bikin hati senang dompet tebal,No Online Gambling Promotion
46rWuWwhZh8,Pulang2 Cinta bwa kebab trs mnta dibikinin mie Ngiler kta ny liat org mkn mie #shortvideo #minivlog,Siti Vario MIYA88 nyata bikin senang,No Online Gambling Promotion
46rWuWwhZh8,Pulang2 Cinta bwa kebab trs mnta dibikinin mie Ngiler kta ny liat org mkn mie #shortvideo #minivlog,MIYA88 bikin dompet tebal hati senang bikin wow,No Online Gambling Promotion
46rWuWwhZh8,Pulang2 Cinta bwa kebab trs mnta dibikinin mie Ngiler kta ny liat org mkn mie #shortvideo #minivlog,Sumpah main bentar aja udah tarik saldo pulau777,"sudah tarik saldo pulau777, Online Gambling Promotion"
46rWuWwhZh8,Pulang2 Cinta bwa kebab trs mnta dibikinin mie Ngiler kta ny liat org mkn mie #shortvideo #minivlog,MIYA88 bonus bikin hepi sekelurahan,Online Gambling Promotion
46rWuWwhZh8,Pulang2 Cinta bwa kebab trs mnta dibikinin mie Ngiler kta ny liat org mkn mie #shortvideo #minivlog,Duit nongkrong temen udah nggak PULAU777,No Online Gambling Promotion
46rWuWwhZh8,Pulang2 Cinta bwa kebab trs mnta dibikinin mie Ngiler kta ny liat org mkn mie #shortvideo #minivlog,Main MIYA88 gunung kebeli,No Online Gambling Promotion
46rWuWwhZh8,Pulang2 Cinta bwa kebab trs mnta dibikinin mie Ngiler kta ny liat org mkn mie #shortvideo #minivlog,MIYA88 top sekabupaten Jepee seru ya,No Online Gambling Promotion
46rWuWwhZh8,Pulang2 Cinta bwa kebab trs mnta dibikinin mie Ngiler kta ny liat org mkn mie #shortvideo #minivlog,Channel main MIYA88 gicir bikin hebat ya,No Online Gambling Promotion
46rWuWwhZh8,Pulang2 Cinta bwa kebab trs mnta dibikinin mie Ngiler kta ny liat org mkn mie #shortvideo #minivlog,MIYA88 scatter banjir bikin mekswin puas,Online Gambling Promotion
46rWuWwhZh8,Pulang2 Cinta bwa kebab trs mnta dibikinin mie Ngiler kta ny liat org mkn mie #shortvideo #minivlog,Server Thailand MIYA88 meekswiin bikin senang ya,No Online Gambling Promotion
46rWuWwhZh8,Pulang2 Cinta bwa kebab trs mnta dibikinin mie Ngiler kta ny liat org mkn mie #shortvideo #minivlog,MIYA88 main gunung mantap,No Online Gambling Promotion
46rWuWwhZh8,Pulang2 Cinta bwa kebab trs mnta dibikinin mie Ngiler kta ny liat org mkn mie #shortvideo #minivlog,MIYA88 meekswiin ertepe Thailand bikin hepi,"making happiness) , No Online Gambling Promotion"
46rWuWwhZh8,Pulang2 Cinta bwa kebab trs mnta dibikinin mie Ngiler kta ny liat org mkn mie #shortvideo #minivlog,MIYA88 banjir scatter mekswin bikin heboh,Online Gambling Promotion
46rWuWwhZh8,Pulang2 Cinta bwa kebab trs mnta dibikinin mie Ngiler kta ny liat org mkn mie #shortvideo #minivlog,MIYA88 ajaib utang lenyap cepat,No Online Gambling Promotion
46rWuWwhZh8,Pulang2 Cinta bwa kebab trs mnta dibikinin mie Ngiler kta ny liat org mkn mie #shortvideo #minivlog,Jepee MIYA88 top 1 bikin heboh,No Online Gambling Promotion
46rWuWwhZh8,Pulang2 Cinta bwa kebab trs mnta dibikinin mie Ngiler kta ny liat org mkn mie #shortvideo #minivlog,MIYA88 server Thailand ertepe meekswiin bikin top,No Online Gambling Promotion
46rWuWwhZh8,Pulang2 Cinta bwa kebab trs mnta dibikinin mie Ngiler kta ny liat org mkn mie #shortvideo #minivlog,MIYA88 ajaib sulap utang bikin hebat ya,Online Gambling Promotion
46rWuWwhZh8,Pulang2 Cinta bwa kebab trs mnta dibikinin mie Ngiler kta ny liat org mkn mie #shortvideo #minivlog,Thailand server MIYA88 meekswiin bikin puas ya,Online Gambling Promotion
46rWuWwhZh8,Pulang2 Cinta bwa kebab trs mnta dibikinin mie Ngiler kta ny liat org mkn mie #shortvideo #minivlog,MIYA88 kasih hati senang tebal,No Online Gambling Promotion
46rWuWwhZh8,Pulang2 Cinta bwa kebab trs mnta dibikinin mie Ngiler kta ny liat org mkn mie #shortvideo #minivlog,Aing Jepee MIYA88 otw top ya,No Online Gambling Promotion
46rWuWwhZh8,Pulang2 Cinta bwa kebab trs mnta dibikinin mie Ngiler kta ny liat org mkn mie #shortvideo #minivlog,Aing mekswin MIYA88 scatter banjir,Online Gambling Promotion
46rWuWwhZh8,Pulang2 Cinta bwa kebab trs mnta dibikinin mie Ngiler kta ny liat org mkn mie #shortvideo #minivlog,Viral Channel MIYA88 seru,No Online Gambling Promotion
46rWuWwhZh8,Pulang2 Cinta bwa kebab trs mnta dibikinin mie Ngiler kta ny liat org mkn mie #shortvideo #minivlog,MIYA88 gicir channel viral,No Online Gambling Promotion
46rWuWwhZh8,Pulang2 Cinta bwa kebab trs mnta dibikinin mie Ngiler kta ny liat org mkn mie #shortvideo #minivlog,Thailand server MIYA88 bikin meekswiin,Online Gambling Promotion
46rWuWwhZh8,Pulang2 Cinta bwa kebab trs mnta dibikinin mie Ngiler kta ny liat org mkn mie #shortvideo #minivlog,Jepee MIYA88 bikin kaget,No Online Gambling Promotion
46rWuWwhZh8,Pulang2 Cinta bwa kebab trs mnta dibikinin mie Ngiler kta ny liat org mkn mie #shortvideo #minivlog,Channel main MIYA88 gicir bikin wow ya,No Online Gambling Promotion
46rWuWwhZh8,Pulang2 Cinta bwa kebab trs mnta dibikinin mie Ngiler kta ny liat org mkn mie #shortvideo #minivlog,Aing dompet tebal MIYA88 bikin hepi,No Online Gambling Promotion
46rWuWwhZh8,Pulang2 Cinta bwa kebab trs mnta dibikinin mie Ngiler kta ny liat org mkn mie #shortvideo #minivlog,Aing meekswiin MIYA88 server Thailand,No Online Gambling Promotion
46rWuWwhZh8,Pulang2 Cinta bwa kebab trs mnta dibikinin mie Ngiler kta ny liat org mkn mie #shortvideo #minivlog,MIYA88 gicir banget channel viral,No Online Gambling Promotion
46rWuWwhZh8,Pulang2 Cinta bwa kebab trs mnta dibikinin mie Ngiler kta ny liat org mkn mie #shortvideo #minivlog,MIYA88 dompet tebal hati senang bikin mantap,No Online Gambling Promotion
46rWuWwhZh8,Pulang2 Cinta bwa kebab trs mnta dibikinin mie Ngiler kta ny liat org mkn mie #shortvideo #minivlog,Channel gicir MIYA88 bikin hepi,No Online Gambling Promotion
46rWuWwhZh8,Pulang2 Cinta bwa kebab trs mnta dibikinin mie Ngiler kta ny liat org mkn mie #shortvideo #minivlog,MIYA88 WEEDEY 1 juta viral bikin puas ya,No Online Gambling Promotion
46rWuWwhZh8,Pulang2 Cinta bwa kebab trs mnta dibikinin mie Ngiler kta ny liat org mkn mie #shortvideo #minivlog,Channel main MIYA88 gicir bikin senang,No Online Gambling Promotion
46rWuWwhZh8,Pulang2 Cinta bwa kebab trs mnta dibikinin mie Ngiler kta ny liat org mkn mie #shortvideo #minivlog,Cemara benget keluarga Nya,No Online Gambling Promotion
46rWuWwhZh8,Pulang2 Cinta bwa kebab trs mnta dibikinin mie Ngiler kta ny liat org mkn mie #shortvideo #minivlog,Kk orang LDII ya,No Online Gambling Promotion
46rWuWwhZh8,Pulang2 Cinta bwa kebab trs mnta dibikinin mie Ngiler kta ny liat org mkn mie #shortvideo #minivlog,Salfok merek kerudung nya nge gantung,No Online Gambling Promotion
46rWuWwhZh8,Pulang2 Cinta bwa kebab trs mnta dibikinin mie Ngiler kta ny liat org mkn mie #shortvideo #minivlog,LDII kak,No Online Gambling Promotion
46rWuWwhZh8,Pulang2 Cinta bwa kebab trs mnta dibikinin mie Ngiler kta ny liat org mkn mie #shortvideo #minivlog,papa adek,No Online Gambling Promotion
46rWuWwhZh8,Pulang2 Cinta bwa kebab trs mnta dibikinin mie Ngiler kta ny liat org mkn mie #shortvideo #minivlog,Kerudung nya tep nya,No Online Gambling Promotion
46rWuWwhZh8,Pulang2 Cinta bwa kebab trs mnta dibikinin mie Ngiler kta ny liat org mkn mie #shortvideo #minivlog,masyaallah akrab banget,No Online Gambling Promotion
46rWuWwhZh8,Pulang2 Cinta bwa kebab trs mnta dibikinin mie Ngiler kta ny liat org mkn mie #shortvideo #minivlog,masya Allaah bahagianyaa,No Online Gambling Promotion
46rWuWwhZh8,Pulang2 Cinta bwa kebab trs mnta dibikinin mie Ngiler kta ny liat org mkn mie #shortvideo #minivlog,Bahagia y,No Online Gambling Promotion
46rWuWwhZh8,Pulang2 Cinta bwa kebab trs mnta dibikinin mie Ngiler kta ny liat org mkn mie #shortvideo #minivlog,Ternyata jamaah354,No Online Gambling Promotion
46rWuWwhZh8,Pulang2 Cinta bwa kebab trs mnta dibikinin mie Ngiler kta ny liat org mkn mie #shortvideo #minivlog,Ngikutin ans family,ERROR
46rWuWwhZh8,Pulang2 Cinta bwa kebab trs mnta dibikinin mie Ngiler kta ny liat org mkn mie #shortvideo #minivlog,Komennya judol guys like ya biar kependem,Kependem Online Gambling Promotion
46rWuWwhZh8,Pulang2 Cinta bwa kebab trs mnta dibikinin mie Ngiler kta ny liat org mkn mie #shortvideo #minivlog,MENANG GAMPANG BONUS MELIMPAH Hanya JOKER188,Online Gambling Promotion
46rWuWwhZh8,Pulang2 Cinta bwa kebab trs mnta dibikinin mie Ngiler kta ny liat org mkn mie #shortvideo #minivlog,Keluarga banget,No Online Gambling Promotion
46rWuWwhZh8,Pulang2 Cinta bwa kebab trs mnta dibikinin mie Ngiler kta ny liat org mkn mie #shortvideo #minivlog,Awal sih ragu yah senang main JPTOGEL77 modal receehh doang lohhh,Online Gambling Promotion
46rWuWwhZh8,Pulang2 Cinta bwa kebab trs mnta dibikinin mie Ngiler kta ny liat org mkn mie #shortvideo #minivlog,Makin seru JPTOGEL77 sltnya oke banget bonusnya bikin senang untung melimpah memberikaan cuan teruss nya emang gokil bangett,Online Gambling Promotion
46rWuWwhZh8,Pulang2 Cinta bwa kebab trs mnta dibikinin mie Ngiler kta ny liat org mkn mie #shortvideo #minivlog,ga bikin kecewa kalo main JPTOGEL77 game nya bagusmpuatarannya bonuss mantap betull la,"puataranannya bonuss mantap betul, Online Gambling Promotion"
46rWuWwhZh8,Pulang2 Cinta bwa kebab trs mnta dibikinin mie Ngiler kta ny liat org mkn mie #shortvideo #minivlog,main ni ya wee kasi tau main JPTOGEL77 depsoit gampang wede cepat kuyyy daftar wee jamin gacir,Online Gambling Promotion
46rWuWwhZh8,Pulang2 Cinta bwa kebab trs mnta dibikinin mie Ngiler kta ny liat org mkn mie #shortvideo #minivlog,Niat mo ngabesin sisa saldo JPTOGEL77 d kasih maxwin emng the best gak bikin kecewa si mantap BO gacir kali zeus nya bukain mesin perkalian JPTOGEL77,"gak bikin kecewa si mantap BO gacir kali zeus nya buka mesin perkalian JPTOGEL77, Online Gam"
46rWuWwhZh8,Pulang2 Cinta bwa kebab trs mnta dibikinin mie Ngiler kta ny liat org mkn mie #shortvideo #minivlog,kerap depo wd wd gw kerap wd depo abang rekomen web JPTOGEL77,Online Gambling Promotion
46rWuWwhZh8,Pulang2 Cinta bwa kebab trs mnta dibikinin mie Ngiler kta ny liat org mkn mie #shortvideo #minivlog,Riwayat kalah ku situs sebelah cuman situs JPTOGEL77 penyelamat keuangan ku,Online Gambling Promotion
46rWuWwhZh8,Pulang2 Cinta bwa kebab trs mnta dibikinin mie Ngiler kta ny liat org mkn mie #shortvideo #minivlog,Cuman 35 menin main slt situs JPTOGEL77 asli gokik kali guys Gak bosan bener2 website yg gacir2 nya,"Gak bosan dengan benar website yang gacor nyata, Online Gambling Promotion"
46rWuWwhZh8,Pulang2 Cinta bwa kebab trs mnta dibikinin mie Ngiler kta ny liat org mkn mie #shortvideo #minivlog,Up Up Upaku coba bang gacir sltnya ya JPTOGEL77 pantes rame kali comment hahaha,Online Gambling Promotion
46rWuWwhZh8,Pulang2 Cinta bwa kebab trs mnta dibikinin mie Ngiler kta ny liat org mkn mie #shortvideo #minivlog,jptogel77 real tuh dah gw coba bnrn gacir,Online Gambling Promotion
46rWuWwhZh8,Pulang2 Cinta bwa kebab trs mnta dibikinin mie Ngiler kta ny liat org mkn mie #shortvideo #minivlog,PG Soft JPtogel77 bikin berasa kayak bos cuman situs gw dpt scatter hitam asli bro,Online Gambling Promotion
46rWuWwhZh8,Pulang2 Cinta bwa kebab trs mnta dibikinin mie Ngiler kta ny liat org mkn mie #shortvideo #minivlog,Gan hasil wede cair bermain dis3rver JPTOGEL77 angan angan member gua kelepek saking cakapnya JPTOGEL77 nyarik cuan,Online Gambling Promotion
46rWuWwhZh8,Pulang2 Cinta bwa kebab trs mnta dibikinin mie Ngiler kta ny liat org mkn mie #shortvideo #minivlog,kasih uang jg JPTOGEL77 lumayan nongki ngopi with teman teman besok wkwkw,Online Gambling Promotion
46rWuWwhZh8,Pulang2 Cinta bwa kebab trs mnta dibikinin mie Ngiler kta ny liat org mkn mie #shortvideo #minivlog,JPTOGEL77 emang juara kepuasan bermain Cuan mengalir,Online Gambling Promotion
46rWuWwhZh8,Pulang2 Cinta bwa kebab trs mnta dibikinin mie Ngiler kta ny liat org mkn mie #shortvideo #minivlog,nikmat main JPTOGEL77 starlight princes ny menaburkan pesona tuh member era rungkad deh cuan harinya,Online Gambling Promotion
46rWuWwhZh8,Pulang2 Cinta bwa kebab trs mnta dibikinin mie Ngiler kta ny liat org mkn mie #shortvideo #minivlog,jptogel77 pelunas utang gw cok WKWKWKWK,Online Gambling Promotion
46rWuWwhZh8,Pulang2 Cinta bwa kebab trs mnta dibikinin mie Ngiler kta ny liat org mkn mie #shortvideo #minivlog,nih galau rungkad coba main JPTOGEL77 seminggu join kasih JP gede brayy,Online Gambling Promotion
46rWuWwhZh8,Pulang2 Cinta bwa kebab trs mnta dibikinin mie Ngiler kta ny liat org mkn mie #shortvideo #minivlog,Apa nama link jptogel77 nya bossku,Online Gambling Promotion
46rWuWwhZh8,Pulang2 Cinta bwa kebab trs mnta dibikinin mie Ngiler kta ny liat org mkn mie #shortvideo #minivlog,diberkahi kakek zeus nikmat ampun JPTOGEL77 toppppp,Online Gambling Promotion
46rWuWwhZh8,Pulang2 Cinta bwa kebab trs mnta dibikinin mie Ngiler kta ny liat org mkn mie #shortvideo #minivlog,Gak kecewa main JPTOGEL77 slt on fire,Online Gambling Promotion
46rWuWwhZh8,Pulang2 Cinta bwa kebab trs mnta dibikinin mie Ngiler kta ny liat org mkn mie #shortvideo #minivlog,makasih infonya kwnkwn jptogel77 ane dh daftar jg ya semoga amanah,"aku sudah daftar juga ya semoga amanah, Online Gambling Promotion"
46rWuWwhZh8,Pulang2 Cinta bwa kebab trs mnta dibikinin mie Ngiler kta ny liat org mkn mie #shortvideo #minivlog,Setiap kali menang JPTOGEL77,Online Gambling Promotion
46rWuWwhZh8,Pulang2 Cinta bwa kebab trs mnta dibikinin mie Ngiler kta ny liat org mkn mie #shortvideo #minivlog,mantap bro JP tipis JPTOGEL77 ngakat aja udah lumayan makasih JPTOGEL77 udah kasih menang,Online Gambling Promotion
46rWuWwhZh8,Pulang2 Cinta bwa kebab trs mnta dibikinin mie Ngiler kta ny liat org mkn mie #shortvideo #minivlog,anjir jptogel77 situs kesukaan teman gw,Online Gambling Promotion
46rWuWwhZh8,Pulang2 Cinta bwa kebab trs mnta dibikinin mie Ngiler kta ny liat org mkn mie #shortvideo #minivlog,Beda banget situs yg main berulang ulang modal gede menang JPTOGEL77 main aja uda dikasih maxwin top bgt situs,"main aja udah diberi maxwin top bagus situs, Online Gambling Promotion"
46rWuWwhZh8,Pulang2 Cinta bwa kebab trs mnta dibikinin mie Ngiler kta ny liat org mkn mie #shortvideo #minivlog,seru banget main JPTOGEL77 Modal 100 menang gac0rnya diluar dugaan,Online Gambling Promotion
46rWuWwhZh8,Pulang2 Cinta bwa kebab trs mnta dibikinin mie Ngiler kta ny liat org mkn mie #shortvideo #minivlog,main situs cuman umbar janji manis emang beneran UNTUNG main situs JPTOGEL77 ku gak menang eh dapet wEdEan,Online Gambling Promotion
46rWuWwhZh8,Pulang2 Cinta bwa kebab trs mnta dibikinin mie Ngiler kta ny liat org mkn mie #shortvideo #minivlog,selamet alam memprihatinkan wkwk dorongan bermain JPTOGEL77 udah keuntungan game clam enventya astaga mantap memanglah lagak website nya bosskuu,Online Gambling Promotion
46rWuWwhZh8,Pulang2 Cinta bwa kebab trs mnta dibikinin mie Ngiler kta ny liat org mkn mie #shortvideo #minivlog,gokilll mantul kali JPTOGEL77 makasih info gacirny kakak,"terima kasih informasi gacor, Online Gambling Promotion"
46rWuWwhZh8,Pulang2 Cinta bwa kebab trs mnta dibikinin mie Ngiler kta ny liat org mkn mie #shortvideo #minivlog,semoga jptogel77 sukses amin,Online Gambling Promotion
46rWuWwhZh8,Pulang2 Cinta bwa kebab trs mnta dibikinin mie Ngiler kta ny liat org mkn mie #shortvideo #minivlog,Gua cuman kali main doang kasih bagus eh main kasih bagus JPTOGEL77 Baru kali gua nemu s1tus bagus kek langka bener jumpa s1tus kasih wd,Online Gambling Promotion
46rWuWwhZh8,Pulang2 Cinta bwa kebab trs mnta dibikinin mie Ngiler kta ny liat org mkn mie #shortvideo #minivlog,main jptogel77 udah gw rasakan mmg gacir,Online Gambling Promotion
46rWuWwhZh8,Pulang2 Cinta bwa kebab trs mnta dibikinin mie Ngiler kta ny liat org mkn mie #shortvideo #minivlog,Sukses JPTOGEL77,Online Gambling Promotion
46rWuWwhZh8,Pulang2 Cinta bwa kebab trs mnta dibikinin mie Ngiler kta ny liat org mkn mie #shortvideo #minivlog,paten jptogel77 makasihhh,No Online Gambling Promotion
46rWuWwhZh8,Pulang2 Cinta bwa kebab trs mnta dibikinin mie Ngiler kta ny liat org mkn mie #shortvideo #minivlog,lu main JPTOGEL77 lu kuasa bang nyelot hepi bang,"lu kuasa bang nyelot hepi bang, Online Gambling Promotion"
46rWuWwhZh8,Pulang2 Cinta bwa kebab trs mnta dibikinin mie Ngiler kta ny liat org mkn mie #shortvideo #minivlog,Modal JPTOGEL77 dikasih pecahan Gak nyesel deh main Mantap,Online Gambling Promotion
46rWuWwhZh8,Pulang2 Cinta bwa kebab trs mnta dibikinin mie Ngiler kta ny liat org mkn mie #shortvideo #minivlog,gue gak nyangka menang JPTOGEL77 Tempat,No Online Gambling Promotion
46rWuWwhZh8,Pulang2 Cinta bwa kebab trs mnta dibikinin mie Ngiler kta ny liat org mkn mie #shortvideo #minivlog,Beruntung banget bersyukur banget gw nemu situs JPTOGEL77 semenjak gw bergabung disitus banget nerima keuntungan super gede WD gak absen1 suka depo wd secepat kilat admin nya ramah,Online Gambling Promotion
46rWuWwhZh8,Pulang2 Cinta bwa kebab trs mnta dibikinin mie Ngiler kta ny liat org mkn mie #shortvideo #minivlog,Awalnya ragu percaya maen s10t JPTOGEL77 kasih menang menerus,Online Gambling Promotion
46rWuWwhZh8,Pulang2 Cinta bwa kebab trs mnta dibikinin mie Ngiler kta ny liat org mkn mie #shortvideo #minivlog,main JPTOGEL77 coba berkali kali main situs JPTOGEL77 terbukti W3De3 akun ku deh ga nyedot situsnya,Online Gambling Promotion
46rWuWwhZh8,Pulang2 Cinta bwa kebab trs mnta dibikinin mie Ngiler kta ny liat org mkn mie #shortvideo #minivlog,banget JPTOGEL77 cuan banget web nya gk depo gede2 depo receh kasih maxwin coba gan,"gak deposit besar deposit kecil kasih bonus maxwin, coba gane, Online Gambling Promotion"
46rWuWwhZh8,Pulang2 Cinta bwa kebab trs mnta dibikinin mie Ngiler kta ny liat org mkn mie #shortvideo #minivlog,Saran gua si bang player coba JPtogel77 temen gua maxwin main cari aja google JPtogel77,Online Gambling Promotion
46rWuWwhZh8,Pulang2 Cinta bwa kebab trs mnta dibikinin mie Ngiler kta ny liat org mkn mie #shortvideo #minivlog,saldo nya turun langsung coba main olimpus pakai pola situs JPTOGEL77 nya yg berurutan langsung otw wd,"coba main olimpus pakai pola situs jptogel77 yang berurutan langsung otw wd, Online Gambling Promotion"
46rWuWwhZh8,Pulang2 Cinta bwa kebab trs mnta dibikinin mie Ngiler kta ny liat org mkn mie #shortvideo #minivlog,Jangan ragu main JPTOGEL77 kepuasan wd gede Cuan,No Online Gambling Promotion
46rWuWwhZh8,Pulang2 Cinta bwa kebab trs mnta dibikinin mie Ngiler kta ny liat org mkn mie #shortvideo #minivlog,makasih JPTOGEL77 berkah beres 2 pinjol sisa 1 ngengngengngeng semangaaat,Online Gambling Promotion
46rWuWwhZh8,Pulang2 Cinta bwa kebab trs mnta dibikinin mie Ngiler kta ny liat org mkn mie #shortvideo #minivlog,Mantap Betul ahh gini gak sia sia deh gua main JPTOGEL77 keren pokonya,Online Gambling Promotion
46rWuWwhZh8,Pulang2 Cinta bwa kebab trs mnta dibikinin mie Ngiler kta ny liat org mkn mie #shortvideo #minivlog,asik pindah pindah ajaterus temenku nyaranin main disitus JPTOGEL77 eh beneran gacir,Online Gambling Promotion
46rWuWwhZh8,Pulang2 Cinta bwa kebab trs mnta dibikinin mie Ngiler kta ny liat org mkn mie #shortvideo #minivlog,Saya merasakan keberuntungan JPTOGEL77 gabung bro,"gabung bro, Online Gambling Promotion"
46rWuWwhZh8,Pulang2 Cinta bwa kebab trs mnta dibikinin mie Ngiler kta ny liat org mkn mie #shortvideo #minivlog,Pragmatic nya JPTOGEL77 enak poll sih maen bet receh JP disana cari aja google JPTOGEL77,"poll sih maen bet receh JP di sana cari aja Google JPTOGEL77, Online Gambling Promotion"
46rWuWwhZh8,Pulang2 Cinta bwa kebab trs mnta dibikinin mie Ngiler kta ny liat org mkn mie #shortvideo #minivlog,Gua aja 2 pindah situs aja total kekalahan 80jt coba jptogel77 perlahan harta,"coba judi slot jptogel77 perlahan, Online Gambling Promotion"
46rWuWwhZh8,Pulang2 Cinta bwa kebab trs mnta dibikinin mie Ngiler kta ny liat org mkn mie #shortvideo #minivlog,Kakak wedein sketer s1tusnya JPTOGEL77 max mantapnya id tuh JPTOGEL77 sepele sketer brader,Online Gambling Promotion
46rWuWwhZh8,Pulang2 Cinta bwa kebab trs mnta dibikinin mie Ngiler kta ny liat org mkn mie #shortvideo #minivlog,Makasih JPTOGEL77 withdraw dah landing secepat kilat gacirnya kaleng kaleng,Online Gambling Promotion
46rWuWwhZh8,Pulang2 Cinta bwa kebab trs mnta dibikinin mie Ngiler kta ny liat org mkn mie #shortvideo #minivlog,Mau JptogeI77,No Online Gambling Promotion
46rWuWwhZh8,Pulang2 Cinta bwa kebab trs mnta dibikinin mie Ngiler kta ny liat org mkn mie #shortvideo #minivlog,Mau Depo Berapapun Disini Uda Pasti Auto Wede Nama Situsnya Nih Gua Bocorin Cari Aja Digoogle JPTOGEL77 Pasti Ketemu,Online Gambling Promotion
46rWuWwhZh8,Pulang2 Cinta bwa kebab trs mnta dibikinin mie Ngiler kta ny liat org mkn mie #shortvideo #minivlog,tmn gw jptogel77 rame bgt tuh situs bre gila,Online Gambling Promotion
46rWuWwhZh8,Pulang2 Cinta bwa kebab trs mnta dibikinin mie Ngiler kta ny liat org mkn mie #shortvideo #minivlog,heran lihat postingan pda JP jdi penasaran coba main receha ehh beneran JP seneng banget dooonggg slt gacir gampang maxwin pragmatic play JPTOGEL77 nama situsnya bro,Online Gambling Promotion
46rWuWwhZh8,Pulang2 Cinta bwa kebab trs mnta dibikinin mie Ngiler kta ny liat org mkn mie #shortvideo #minivlog,jptogel77 asu bnrn gacir,Online Gambling Promotion
46rWuWwhZh8,Pulang2 Cinta bwa kebab trs mnta dibikinin mie Ngiler kta ny liat org mkn mie #shortvideo #minivlog,Asli emang hoki bangett main situs JPTOGEL77 jarang bangett gw main rungkad manjain bangett gw main disni,Online Gambling Promotion
46rWuWwhZh8,Pulang2 Cinta bwa kebab trs mnta dibikinin mie Ngiler kta ny liat org mkn mie #shortvideo #minivlog,Makin seru JPTOGEL77 sltnya oke banget bonusnya bikin senang untung melimpah memberikaan cuan teruss nya emang gokil bangett,Online Gambling Promotion
46rWuWwhZh8,Pulang2 Cinta bwa kebab trs mnta dibikinin mie Ngiler kta ny liat org mkn mie #shortvideo #minivlog,nyesel bener maen jptogel77 depo receh wd berkali2 kalo dr ud kebeli tuh vespa matic wekekek HAHAHHAHA,No Online Gambling Promotion
46rWuWwhZh8,Pulang2 Cinta bwa kebab trs mnta dibikinin mie Ngiler kta ny liat org mkn mie #shortvideo #minivlog,mayan terusan JPTOGEL77,Online Gambling Promotion
46rWuWwhZh8,Pulang2 Cinta bwa kebab trs mnta dibikinin mie Ngiler kta ny liat org mkn mie #shortvideo #minivlog,jptogel77 MAKASIH BNRN ASIK JP AJA,Online Gambling Promotion
46rWuWwhZh8,Pulang2 Cinta bwa kebab trs mnta dibikinin mie Ngiler kta ny liat org mkn mie #shortvideo #minivlog,nih bray situs gacir inpo tetangga JPTOGEL77 seminggu join kasih JP gede brayy,Online Gambling Promotion
46rWuWwhZh8,Pulang2 Cinta bwa kebab trs mnta dibikinin mie Ngiler kta ny liat org mkn mie #shortvideo #minivlog,enak banget maxwin nya ngap Cuman situs JPTOGEL77 gw ngerasain indah nya maxwin,"ngap Cuman situs JPTOGEL77 gw ngerasain indah nya maxwin, Online Gambling Promotion"
46rWuWwhZh8,Pulang2 Cinta bwa kebab trs mnta dibikinin mie Ngiler kta ny liat org mkn mie #shortvideo #minivlog,jptogel77 GAMPANG MENANGNYA,Online Gambling Promotion
46rWuWwhZh8,Pulang2 Cinta bwa kebab trs mnta dibikinin mie Ngiler kta ny liat org mkn mie #shortvideo #minivlog,Ibarat pepatah gak kenal gak sayang silahkan coba bro main JPTOGEL77 rasakan main JPTOGEL77 maxwin bro,"silahkan coba bro main JPTOGEL77 rasakan main JPTOGEL77 maxwin, Online Gambling Promotion"
46rWuWwhZh8,Pulang2 Cinta bwa kebab trs mnta dibikinin mie Ngiler kta ny liat org mkn mie #shortvideo #minivlog,Senyum senyum udah main situs JPtogel77 asli sih nyantai nyoba depo dikit saldonya brayy terbaik emang cari aja google JPtogel77,Online Gambling Promotion
46rWuWwhZh8,Pulang2 Cinta bwa kebab trs mnta dibikinin mie Ngiler kta ny liat org mkn mie #shortvideo #minivlog,aja gw coba jptogel77 semalam lumayan dpt 2jt,Online Gambling Promotion
46rWuWwhZh8,Pulang2 Cinta bwa kebab trs mnta dibikinin mie Ngiler kta ny liat org mkn mie #shortvideo #minivlog,Sukses slalu jptogel77,Online Gambling Promotion
46rWuWwhZh8,Pulang2 Cinta bwa kebab trs mnta dibikinin mie Ngiler kta ny liat org mkn mie #shortvideo #minivlog,Aku udah daftar JptogeI77,Online Gambling Promotion
46rWuWwhZh8,Pulang2 Cinta bwa kebab trs mnta dibikinin mie Ngiler kta ny liat org mkn mie #shortvideo #minivlog,jptogel77 SUPERRRRRR bosku gacir melayang,Online Gambling Promotion
46rWuWwhZh8,Pulang2 Cinta bwa kebab trs mnta dibikinin mie Ngiler kta ny liat org mkn mie #shortvideo #minivlog,pantes rame jptogel77 wkwkwkwkwk,Online Gambling Promotion
46rWuWwhZh8,Pulang2 Cinta bwa kebab trs mnta dibikinin mie Ngiler kta ny liat org mkn mie #shortvideo #minivlog,alus pisan jptogel77 wkwkwkw,Online Gambling Promotion
46rWuWwhZh8,Pulang2 Cinta bwa kebab trs mnta dibikinin mie Ngiler kta ny liat org mkn mie #shortvideo #minivlog,mantap bro JP tipis jptogel77 ngakat aja udah lumayan makasih jptogel77 udah kasih menang,Online Gambling Promotion
46rWuWwhZh8,Pulang2 Cinta bwa kebab trs mnta dibikinin mie Ngiler kta ny liat org mkn mie #shortvideo #minivlog,udah langsung main JPTOGEL77 bang udah terjamin gacir banget zeusnya wkwkkwwk,Online Gambling Promotion
46rWuWwhZh8,Pulang2 Cinta bwa kebab trs mnta dibikinin mie Ngiler kta ny liat org mkn mie #shortvideo #minivlog,makasih admin sahabat sahabat udah membujuk bermain jptogel77 gacir akut,Online Gambling Promotion
46rWuWwhZh8,Pulang2 Cinta bwa kebab trs mnta dibikinin mie Ngiler kta ny liat org mkn mie #shortvideo #minivlog,liat teman bru kali main game Profit WEB JPTOGEL77 heboh gtu kirain aja karna main disitu wkwk,"karena main disitu wkwk, Online Gambling Promotion"
46rWuWwhZh8,Pulang2 Cinta bwa kebab trs mnta dibikinin mie Ngiler kta ny liat org mkn mie #shortvideo #minivlog,Saya depo barusan 3x wdnya 7 kali Jptogel77,Online Gambling Promotion
46rWuWwhZh8,Pulang2 Cinta bwa kebab trs mnta dibikinin mie Ngiler kta ny liat org mkn mie #shortvideo #minivlog,Gemetar bang main JPtogel77 kaget kali perkalian x500 langsung turun iseng gila sih ngerasain maxwin cari aja google JPtogel77,Online Gambling Promotion
46rWuWwhZh8,Pulang2 Cinta bwa kebab trs mnta dibikinin mie Ngiler kta ny liat org mkn mie #shortvideo #minivlog,Hebat mantap jptogel77,Online Gambling Promotion
46rWuWwhZh8,Pulang2 Cinta bwa kebab trs mnta dibikinin mie Ngiler kta ny liat org mkn mie #shortvideo #minivlog,jptogel77 ramai nih tmn gw maen situ skrg,Online Gambling Promotion
46rWuWwhZh8,Pulang2 Cinta bwa kebab trs mnta dibikinin mie Ngiler kta ny liat org mkn mie #shortvideo #minivlog,Mau daptr jptogel77 bos ku,Online Gambling Promotion
46rWuWwhZh8,Pulang2 Cinta bwa kebab trs mnta dibikinin mie Ngiler kta ny liat org mkn mie #shortvideo #minivlog,tengkiu bosku kasi teman2 setongkrongan traktiran makan minum enak semoga jaya JPTOGEL77,"semoga jaya JPTOGEL77, Online Gambling Promotion"
46rWuWwhZh8,Pulang2 Cinta bwa kebab trs mnta dibikinin mie Ngiler kta ny liat org mkn mie #shortvideo #minivlog,kiraen admin beneran enak jptogel77 asu,Online Gambling Promotion
46rWuWwhZh8,Pulang2 Cinta bwa kebab trs mnta dibikinin mie Ngiler kta ny liat org mkn mie #shortvideo #minivlog,terimakasih rekomendasi link gacirnya kakak jptogel77,Online Gambling Promotion
46rWuWwhZh8,Pulang2 Cinta bwa kebab trs mnta dibikinin mie Ngiler kta ny liat org mkn mie #shortvideo #minivlog,nih jptogel77 pantes bnyk yg promoin gila gampang JP nya,Online Gambling Promotion
46rWuWwhZh8,Pulang2 Cinta bwa kebab trs mnta dibikinin mie Ngiler kta ny liat org mkn mie #shortvideo #minivlog,Sungguh ku sangka sungguh ku duga new member auto cuan main JPTOGEL77 scatternya gampang kali keluarnya Pola acak gass keun,Online Gambling Promotion
46rWuWwhZh8,Pulang2 Cinta bwa kebab trs mnta dibikinin mie Ngiler kta ny liat org mkn mie #shortvideo #minivlog,nice link bagus jptogel77,Online Gambling Promotion
46rWuWwhZh8,Pulang2 Cinta bwa kebab trs mnta dibikinin mie Ngiler kta ny liat org mkn mie #shortvideo #minivlog,Awal sih ragu yah senang main JPTOGEL77 modal receehh doang lohhh,Online Gambling Promotion
46rWuWwhZh8,Pulang2 Cinta bwa kebab trs mnta dibikinin mie Ngiler kta ny liat org mkn mie #shortvideo #minivlog,sy main JPtogel77 doang mas ga pindah2 ya kadang loss ya ga sampe beli fortuner karaoke sih lc gw minimal 2 bos hahaha,Online Gambling Promotion
46rWuWwhZh8,Pulang2 Cinta bwa kebab trs mnta dibikinin mie Ngiler kta ny liat org mkn mie #shortvideo #minivlog,wkwkwkwkwk viral ni situs jptogel77,Online Gambling Promotion
46rWuWwhZh8,Pulang2 Cinta bwa kebab trs mnta dibikinin mie Ngiler kta ny liat org mkn mie #shortvideo #minivlog,suka banget main s1tus JPTOGEL77 pokoknya the best emg,Online Gambling Promotion
46rWuWwhZh8,Pulang2 Cinta bwa kebab trs mnta dibikinin mie Ngiler kta ny liat org mkn mie #shortvideo #minivlog,pantes kwn nyaman main jptogel77,Online Gambling Promotion
46rWuWwhZh8,Pulang2 Cinta bwa kebab trs mnta dibikinin mie Ngiler kta ny liat org mkn mie #shortvideo #minivlog,scroll jptogel77 bre paten emg situs gw,Online Gambling Promotion
46rWuWwhZh8,Pulang2 Cinta bwa kebab trs mnta dibikinin mie Ngiler kta ny liat org mkn mie #shortvideo #minivlog,sore sore gini nyantai main JPTOGEL77 dikasih maxwin hahaa Mudah maxwin,Online Gambling Promotion
46rWuWwhZh8,Pulang2 Cinta bwa kebab trs mnta dibikinin mie Ngiler kta ny liat org mkn mie #shortvideo #minivlog,Cara daftarx JPTOGEL77 gmn bos,Online Gambling Promotion
46rWuWwhZh8,Pulang2 Cinta bwa kebab trs mnta dibikinin mie Ngiler kta ny liat org mkn mie #shortvideo #minivlog,like doain menang main jptogel77,Online Gambling Promotion
46rWuWwhZh8,Pulang2 Cinta bwa kebab trs mnta dibikinin mie Ngiler kta ny liat org mkn mie #shortvideo #minivlog,nih jam segini dikasih JPTOGEL77,Online Gambling Promotion
46rWuWwhZh8,Pulang2 Cinta bwa kebab trs mnta dibikinin mie Ngiler kta ny liat org mkn mie #shortvideo #minivlog,iseng iseng ajak doi main jptogel77 kaget ngeliat petirnya kek wkwk,Online Gambling Promotion
46rWuWwhZh8,Pulang2 Cinta bwa kebab trs mnta dibikinin mie Ngiler kta ny liat org mkn mie #shortvideo #minivlog,udah ciuuaan deh main JPTOGEL77 ga pindah situs lagikarena situs uadah kksih menang beneran udah nyaman bangetttttttt,Online Gambling Promotion
46rWuWwhZh8,Pulang2 Cinta bwa kebab trs mnta dibikinin mie Ngiler kta ny liat org mkn mie #shortvideo #minivlog,beda website beda kodrat bosku bermain situsu JPTOGEL77 udah kodrat bosku knapa brani bilang website kodrat karna ngerasa alangkah mudah nya maxwin web,"beda kodrat bosku bermain situsu JPTOGEL77 udah kodrat bosku knapa brani bilang website kodrat karna ngerasa alangkah mudah nya maxwin web, Online Gambling Promotion"
46rWuWwhZh8,Pulang2 Cinta bwa kebab trs mnta dibikinin mie Ngiler kta ny liat org mkn mie #shortvideo #minivlog,gila JPTOGEL77 member kasi JP trus gaskeun selagi ngasih situsnya aman,Online Gambling Promotion
46rWuWwhZh8,Pulang2 Cinta bwa kebab trs mnta dibikinin mie Ngiler kta ny liat org mkn mie #shortvideo #minivlog,Harapan semoga kedepannya cuan ya situs JPTOGEL77 hati wajib sih main situs,Online Gambling Promotion
46rWuWwhZh8,Pulang2 Cinta bwa kebab trs mnta dibikinin mie Ngiler kta ny liat org mkn mie #shortvideo #minivlog,Riwayat kalah ku situs sebelah cuman situs JPTOGEL77 penyelamat keuangan ku,No Online Gambling Promotion
46rWuWwhZh8,Pulang2 Cinta bwa kebab trs mnta dibikinin mie Ngiler kta ny liat org mkn mie #shortvideo #minivlog,TERIMAKASIH JPTOGEL77 MEMANG SUPER HOKI KEREN TEPERCAYA DAN NYATA,Online Gambling Promotion
46rWuWwhZh8,Pulang2 Cinta bwa kebab trs mnta dibikinin mie Ngiler kta ny liat org mkn mie #shortvideo #minivlog,Berkali kali main Olympus JPTOGEL77 hasilnya mantapp wee semoga ikutin saran Hokinya ya,Online Gambling Promotion
46rWuWwhZh8,Pulang2 Cinta bwa kebab trs mnta dibikinin mie Ngiler kta ny liat org mkn mie #shortvideo #minivlog,Up Up Upaku coba bang gacir sltnya ya JPTOGEL77 pantes rame kali comment hahaha,Online Gambling Promotion
46rWuWwhZh8,Pulang2 Cinta bwa kebab trs mnta dibikinin mie Ngiler kta ny liat org mkn mie #shortvideo #minivlog,Akhirnya ngerasain nama nya maxwinemang mantap situs terpercaya JPTOGEL77 mayan buatk modal nongkrong temen temen broo,"situs terpercaya JPTOGEL77 mayan buat modal nongkrong temen temen broo, Online Gambling Promotion"
46rWuWwhZh8,Pulang2 Cinta bwa kebab trs mnta dibikinin mie Ngiler kta ny liat org mkn mie #shortvideo #minivlog,ramai yg main jptogel77 wkwkwk mmg gampang JP sih,Online Gambling Promotion
46rWuWwhZh8,Pulang2 Cinta bwa kebab trs mnta dibikinin mie Ngiler kta ny liat org mkn mie #shortvideo #minivlog,g prnah bosan gua main jptogel77 situs nya ga pelit kya situs2 nya main g lngsng ksh wd,Online Gambling Promotion
46rWuWwhZh8,Pulang2 Cinta bwa kebab trs mnta dibikinin mie Ngiler kta ny liat org mkn mie #shortvideo #minivlog,kek jptogel77 gini situs mantap member wajib menang,"member wajib menang, Online Gambling Promotion"
46rWuWwhZh8,Pulang2 Cinta bwa kebab trs mnta dibikinin mie Ngiler kta ny liat org mkn mie #shortvideo #minivlog,mantap nih situs JPTOGEL77 kali main udah dikasih menang aja,"udah dikasih menang, Online Gambling Promotion"
46rWuWwhZh8,Pulang2 Cinta bwa kebab trs mnta dibikinin mie Ngiler kta ny liat org mkn mie #shortvideo #minivlog,oke jptogel77 gas gas gas,Online Gambling Promotion
46rWuWwhZh8,Pulang2 Cinta bwa kebab trs mnta dibikinin mie Ngiler kta ny liat org mkn mie #shortvideo #minivlog,SUPER SEKALI JPTOGEL77 MANTAP,No Online Gambling Promotion
46rWuWwhZh8,Pulang2 Cinta bwa kebab trs mnta dibikinin mie Ngiler kta ny liat org mkn mie #shortvideo #minivlog,kacau masbrayitungan nya gak melencengtidak merugikan memberselalu memperkaya member JptogeI77,Online Gambling Promotion
46rWuWwhZh8,Pulang2 Cinta bwa kebab trs mnta dibikinin mie Ngiler kta ny liat org mkn mie #shortvideo #minivlog,pantes tongkrongan maen jptogel77,Online Gambling Promotion
46rWuWwhZh8,Pulang2 Cinta bwa kebab trs mnta dibikinin mie Ngiler kta ny liat org mkn mie #shortvideo #minivlog,nyari2 link mantul kali ni gw setuju JPTOGEL77 gacir,Online Gambling Promotion
46rWuWwhZh8,Pulang2 Cinta bwa kebab trs mnta dibikinin mie Ngiler kta ny liat org mkn mie #shortvideo #minivlog,Baru WD bang main situs terbaik tergacir nama situsnya JPtogel77 mantap mnya,Online Gambling Promotion
46rWuWwhZh8,Pulang2 Cinta bwa kebab trs mnta dibikinin mie Ngiler kta ny liat org mkn mie #shortvideo #minivlog,Bangun tidur ku ngeslt emang paten kali JPTOGEL77 nih apa2 udah maxwin kirain mimpi doang maxwin,Online Gambling Promotion
46rWuWwhZh8,Pulang2 Cinta bwa kebab trs mnta dibikinin mie Ngiler kta ny liat org mkn mie #shortvideo #minivlog,nya ketemu situs JPTOGEL77 JP coba dh lu gua aj kasih member,Online Gambling Promotion
46rWuWwhZh8,Pulang2 Cinta bwa kebab trs mnta dibikinin mie Ngiler kta ny liat org mkn mie #shortvideo #minivlog,kerap depo wd wd gw kerap wd depo abang rekomen web JPTOGEL77,Online Gambling Promotion
46rWuWwhZh8,Pulang2 Cinta bwa kebab trs mnta dibikinin mie Ngiler kta ny liat org mkn mie #shortvideo #minivlog,main JPTOGEL77 aja kang pragmatic seragam pg soft nya tertib timbul maxwin tnya sm admin nya kasih info google bray JPTOGEL77 aja,Online Gambling Promotion
46rWuWwhZh8,Pulang2 Cinta bwa kebab trs mnta dibikinin mie Ngiler kta ny liat org mkn mie #shortvideo #minivlog,emang ya jptogel77 gampang menang,Online Gambling Promotion
46rWuWwhZh8,Pulang2 Cinta bwa kebab trs mnta dibikinin mie Ngiler kta ny liat org mkn mie #shortvideo #minivlog,sukses jptogel77,Online Gambling Promotion
46rWuWwhZh8,Pulang2 Cinta bwa kebab trs mnta dibikinin mie Ngiler kta ny liat org mkn mie #shortvideo #minivlog,kali awak rasain JP 100juta JPTOGEL77,Online Gambling Promotion
46rWuWwhZh8,Pulang2 Cinta bwa kebab trs mnta dibikinin mie Ngiler kta ny liat org mkn mie #shortvideo #minivlog,SUPER MANTAP SITUS JPTOGEL77 GAMPANG MENANGNYA,Online Gambling Promotion
46rWuWwhZh8,Pulang2 Cinta bwa kebab trs mnta dibikinin mie Ngiler kta ny liat org mkn mie #shortvideo #minivlog,JPTOGEL77 makasi uda ngasih keren pokoknya JPTOGEL77 sesuai pnya isi nya,Online Gambling Promotion
46rWuWwhZh8,Pulang2 Cinta bwa kebab trs mnta dibikinin mie Ngiler kta ny liat org mkn mie #shortvideo #minivlog,gw rungkad mandalika77 wkwkwkw tmn gw yg JP jptogel77,Online Gambling Promotion
46rWuWwhZh8,Pulang2 Cinta bwa kebab trs mnta dibikinin mie Ngiler kta ny liat org mkn mie #shortvideo #minivlog,keren jptogel77,Online Gambling Promotion
46rWuWwhZh8,Pulang2 Cinta bwa kebab trs mnta dibikinin mie Ngiler kta ny liat org mkn mie #shortvideo #minivlog,suka bertemu ni link JPTOGEL77 nya udah web coba web ngasih terimakasih,"sudah website coba website ngasih terima kasih, Online Gambling Promotion"
46rWuWwhZh8,Pulang2 Cinta bwa kebab trs mnta dibikinin mie Ngiler kta ny liat org mkn mie #shortvideo #minivlog,Gan hasil wede cair bermain dis3rver JPTOGEL77 angan angan member gua kelepek saking cakapnya JPTOGEL77 nyarik cuan,Online Gambling Promotion
46rWuWwhZh8,Pulang2 Cinta bwa kebab trs mnta dibikinin mie Ngiler kta ny liat org mkn mie #shortvideo #minivlog,Berbagi indah boss qu gw jg dpt komenkomen main JPTOGEL77 mantap,"kw juga dapat komentar main JPTOGEL77 mantap, Online Gambling Promotion"
46rWuWwhZh8,Pulang2 Cinta bwa kebab trs mnta dibikinin mie Ngiler kta ny liat org mkn mie #shortvideo #minivlog,daftar sampe JPtogel77 kasih terbaik hehe love banget pokonya google bray JPtogel77,"kasih terbaik hehe love banget pokonya Google bray JPtogel77, Online Gambling Promotion"
46rWuWwhZh8,Pulang2 Cinta bwa kebab trs mnta dibikinin mie Ngiler kta ny liat org mkn mie #shortvideo #minivlog,gw kasi kisi2 halus sikit main la JPTOGEL77 anak nih brani kasi wr tinggi2 wkwkwkwk gas biar kapok,Online Gambling Promotion
46rWuWwhZh8,Pulang2 Cinta bwa kebab trs mnta dibikinin mie Ngiler kta ny liat org mkn mie #shortvideo #minivlog,Cuma kasi masukan aja Bang main jptogel77 main sportif g Rungkad dikasi menang,"bang main jptogel77 main sportif g Rungkad dikasi menang, Online Gambling Promotion"
46rWuWwhZh8,Pulang2 Cinta bwa kebab trs mnta dibikinin mie Ngiler kta ny liat org mkn mie #shortvideo #minivlog,gw gw JP jptogel77 sekebon ni manusia,Online Gambling Promotion
46rWuWwhZh8,Pulang2 Cinta bwa kebab trs mnta dibikinin mie Ngiler kta ny liat org mkn mie #shortvideo #minivlog,keren banget jptogel77 kerungkatan bro rasio kemenangannya banget gokil,Online Gambling Promotion
46rWuWwhZh8,Pulang2 Cinta bwa kebab trs mnta dibikinin mie Ngiler kta ny liat org mkn mie #shortvideo #minivlog,JPTOGEL77 slt gacir Mantul Terus Gelem Cuan,Online Gambling Promotion
46rWuWwhZh8,Pulang2 Cinta bwa kebab trs mnta dibikinin mie Ngiler kta ny liat org mkn mie #shortvideo #minivlog,gimana carahnya daptar JptogeI77 kak,Online Gambling Promotion
46rWuWwhZh8,Pulang2 Cinta bwa kebab trs mnta dibikinin mie Ngiler kta ny liat org mkn mie #shortvideo #minivlog,gamau kalah ya coba JptogeI77 gw real udah JP,Online Gambling Promotion
46rWuWwhZh8,Pulang2 Cinta bwa kebab trs mnta dibikinin mie Ngiler kta ny liat org mkn mie #shortvideo #minivlog,gw main jptogel77 nih skrg emg jptogel77 BERKUALITAS,"emg jptogel77 Berkualitas, Online Gambling Promotion"
46rWuWwhZh8,Pulang2 Cinta bwa kebab trs mnta dibikinin mie Ngiler kta ny liat org mkn mie #shortvideo #minivlog,dikasih pola maxwin merasakan maxwin disitus JPTOGEL77 mantapp gacir banget,Online Gambling Promotion
46rWuWwhZh8,Pulang2 Cinta bwa kebab trs mnta dibikinin mie Ngiler kta ny liat org mkn mie #shortvideo #minivlog,Kalo nyari gacir JPTOGEL77 jawabannya bree karna gw main disana ksh menang breee cari aja google JPTOGEL77,Online Gambling Promotion
46rWuWwhZh8,Pulang2 Cinta bwa kebab trs mnta dibikinin mie Ngiler kta ny liat org mkn mie #shortvideo #minivlog,gaji umr uang tambahan mah udah party malming wkwkkwkw makasih JPTOGEL77,Online Gambling Promotion
46rWuWwhZh8,Pulang2 Cinta bwa kebab trs mnta dibikinin mie Ngiler kta ny liat org mkn mie #shortvideo #minivlog,makasi saran nya brobro JPTOGEL77 wd landing lembut berhasil,Online Gambling Promotion
46rWuWwhZh8,Pulang2 Cinta bwa kebab trs mnta dibikinin mie Ngiler kta ny liat org mkn mie #shortvideo #minivlog,mantap bro JP tipis JPtogel77 ngangkat aja udah lumayan makasih JPtogel77 udah kasih kemenangan,"udah lumayan makasih JPtogel77 udah kasih kemenangan, Online Gambling Promotion"
46rWuWwhZh8,Pulang2 Cinta bwa kebab trs mnta dibikinin mie Ngiler kta ny liat org mkn mie #shortvideo #minivlog,makasih jptogel77 udah ngebuat kemenangan perihal lazim gue,Online Gambling Promotion
46rWuWwhZh8,Pulang2 Cinta bwa kebab trs mnta dibikinin mie Ngiler kta ny liat org mkn mie #shortvideo #minivlog,JPtogel77 bro Pagmatic nya viral maxwin grup sebelah bro situs JPtogel77,Online Gambling Promotion
46rWuWwhZh8,Pulang2 Cinta bwa kebab trs mnta dibikinin mie Ngiler kta ny liat org mkn mie #shortvideo #minivlog,main server emang mantep ga turun naek nih jptogel77,No Online Gambling Promotion
d6HKd3uFln4,KESIRAM APA TUH 😅 #WePlay #WePlayLite #KeseruanWePlay #WhostheLiar #animasi #kartun,OUA,No Online Gambling Promotion
d6HKd3uFln4,KESIRAM APA TUH 😅 #WePlay #WePlayLite #KeseruanWePlay #WhostheLiar #animasi #kartun,Bang bikin animasi pakai frame by frame tweening rigging,No Online Gambling Promotion
d6HKd3uFln4,KESIRAM APA TUH 😅 #WePlay #WePlayLite #KeseruanWePlay #WhostheLiar #animasi #kartun,Pernah skeptis coba MANDALIKA77 langsung percaya,"langsung percaya, Online Gambling Promotion"
d6HKd3uFln4,KESIRAM APA TUH 😅 #WePlay #WePlayLite #KeseruanWePlay #WhostheLiar #animasi #kartun,Orang orang bilang MANDALIKA77 the next big thing,No Online Gambling Promotion
d6HKd3uFln4,KESIRAM APA TUH 😅 #WePlay #WePlayLite #KeseruanWePlay #WhostheLiar #animasi #kartun,Komen positif mengalir bukti MANDALIKA77,No Online Gambling Promotion
d6HKd3uFln4,KESIRAM APA TUH 😅 #WePlay #WePlayLite #KeseruanWePlay #WhostheLiar #animasi #kartun,Kualitasnya sejalan review MANDALIKA77 top abis,No Online Gambling Promotion
d6HKd3uFln4,KESIRAM APA TUH 😅 #WePlay #WePlayLite #KeseruanWePlay #WhostheLiar #animasi #kartun,Nggak tren MANDALIKA77 emang terbukti berkualitas,No Online Gambling Promotion
d6HKd3uFln4,KESIRAM APA TUH 😅 #WePlay #WePlayLite #KeseruanWePlay #WhostheLiar #animasi #kartun,Pasang target cepat Coba MANDALIKA77 langsung beres,No Online Gambling Promotion
d6HKd3uFln4,KESIRAM APA TUH 😅 #WePlay #WePlayLite #KeseruanWePlay #WhostheLiar #animasi #kartun,Susah nyari kekurangan MANDALIKA77 serba efektif,No Online Gambling Promotion
d6HKd3uFln4,KESIRAM APA TUH 😅 #WePlay #WePlayLite #KeseruanWePlay #WhostheLiar #animasi #kartun,Walau tau langsung ngerasa MANDALIKA77 solusi banget,No Online Gambling Promotion
d6HKd3uFln4,KESIRAM APA TUH 😅 #WePlay #WePlayLite #KeseruanWePlay #WhostheLiar #animasi #kartun,Setelah pakai gue bilang MANDALIKA77 layak diperhitungkan,No Online Gambling Promotion
d6HKd3uFln4,KESIRAM APA TUH 😅 #WePlay #WePlayLite #KeseruanWePlay #WhostheLiar #animasi #kartun,Nggak nunggu MANDALIKA77 langsung kasih hasil,No Online Gambling Promotion
d6HKd3uFln4,KESIRAM APA TUH 😅 #WePlay #WePlayLite #KeseruanWePlay #WhostheLiar #animasi #kartun,Nggak ragu rekomendasiin MANDALIKA77 orang,No Online Gambling Promotion
d6HKd3uFln4,KESIRAM APA TUH 😅 #WePlay #WePlayLite #KeseruanWePlay #WhostheLiar #animasi #kartun,Optimis MANDALIKA77 bertahan puncak popularitas,No Online Gambling Promotion
d6HKd3uFln4,KESIRAM APA TUH 😅 #WePlay #WePlayLite #KeseruanWePlay #WhostheLiar #animasi #kartun,Takjub sistem MANDALIKA77 beneran nggak ribet,No Online Gambling Promotion
d6HKd3uFln4,KESIRAM APA TUH 😅 #WePlay #WePlayLite #KeseruanWePlay #WhostheLiar #animasi #kartun,Wajar kalo popularitas MANDALIKA77 meledak hasilnya nyata,No Online Gambling Promotion
d6HKd3uFln4,KESIRAM APA TUH 😅 #WePlay #WePlayLite #KeseruanWePlay #WhostheLiar #animasi #kartun,Pengalaman menyenangkan thanks JPTOGEL77,"thanks JPTOGEL77, No Online Gambling Promotion"
d6HKd3uFln4,KESIRAM APA TUH 😅 #WePlay #WePlayLite #KeseruanWePlay #WhostheLiar #animasi #kartun,Makin abis baca review JPTOGEL77,No Online Gambling Promotion
d6HKd3uFln4,KESIRAM APA TUH 😅 #WePlay #WePlayLite #KeseruanWePlay #WhostheLiar #animasi #kartun,Sebagai pemula JPTOGEL77 kasih panduan mudah dipahami,No Online Gambling Promotion
d6HKd3uFln4,KESIRAM APA TUH 😅 #WePlay #WePlayLite #KeseruanWePlay #WhostheLiar #animasi #kartun,Kolom komentar ramai ikutan bahas JPTOGEL77,Online Gambling Promotion
d6HKd3uFln4,KESIRAM APA TUH 😅 #WePlay #WePlayLite #KeseruanWePlay #WhostheLiar #animasi #kartun,Heboh bener platform rame JPTOGEL77,Online Gambling Promotion
d6HKd3uFln4,KESIRAM APA TUH 😅 #WePlay #WePlayLite #KeseruanWePlay #WhostheLiar #animasi #kartun,Buat ragu coba JPTOGEL77 komentar,Online Gambling Promotion
d6HKd3uFln4,KESIRAM APA TUH 😅 #WePlay #WePlayLite #KeseruanWePlay #WhostheLiar #animasi #kartun,Apapun cari kayaknya JPTOGEL77 jawabannya,Online Gambling Promotion
d6HKd3uFln4,KESIRAM APA TUH 😅 #WePlay #WePlayLite #KeseruanWePlay #WhostheLiar #animasi #kartun,Idenya jenius JPTOGEL77 beda,Online Gambling Promotion
d6HKd3uFln4,KESIRAM APA TUH 😅 #WePlay #WePlayLite #KeseruanWePlay #WhostheLiar #animasi #kartun,Wajarlah JPTOGEL77 dikagumi orang,Online Gambling Promotion
d6HKd3uFln4,KESIRAM APA TUH 😅 #WePlay #WePlayLite #KeseruanWePlay #WhostheLiar #animasi #kartun,Pokoknya JPTOGEL77 keribetan,Online Gambling Promotion
d6HKd3uFln4,KESIRAM APA TUH 😅 #WePlay #WePlayLite #KeseruanWePlay #WhostheLiar #animasi #kartun,Satu satunya bikin proses ringkas ya JPTOGEL77,Online Gambling Promotion
d6HKd3uFln4,KESIRAM APA TUH 😅 #WePlay #WePlayLite #KeseruanWePlay #WhostheLiar #animasi #kartun,Wih trending nih JPTOGEL77 bikin penasaran aja,Online Gambling Promotion
d6HKd3uFln4,KESIRAM APA TUH 😅 #WePlay #WePlayLite #KeseruanWePlay #WhostheLiar #animasi #kartun,Bingung kenal JPTOGEL77,No Online Gambling Promotion
d6HKd3uFln4,KESIRAM APA TUH 😅 #WePlay #WePlayLite #KeseruanWePlay #WhostheLiar #animasi #kartun,Sering muncul FYP JPTOGEL77 semenarik,Online Gambling Promotion
d6HKd3uFln4,KESIRAM APA TUH 😅 #WePlay #WePlayLite #KeseruanWePlay #WhostheLiar #animasi #kartun,Gue suka kecepatan prosesnya JPTOGEL77 emang juara,Online Gambling Promotion
d6HKd3uFln4,KESIRAM APA TUH 😅 #WePlay #WePlayLite #KeseruanWePlay #WhostheLiar #animasi #kartun,Bukan kaleng kaleng JPTOGEL77 memuaskan,No Online Gambling Promotion
d6HKd3uFln4,KESIRAM APA TUH 😅 #WePlay #WePlayLite #KeseruanWePlay #WhostheLiar #animasi #kartun,Bahas JPTOGEL77 ga habisnya saking bagusnya,Online Gambling Promotion
d6HKd3uFln4,KESIRAM APA TUH 😅 #WePlay #WePlayLite #KeseruanWePlay #WhostheLiar #animasi #kartun,Hampir video gue tonton aja JPTOGEL77,Online Gambling Promotion
d6HKd3uFln4,KESIRAM APA TUH 😅 #WePlay #WePlayLite #KeseruanWePlay #WhostheLiar #animasi #kartun,Kesiram ti,No Online Gambling Promotion
d6HKd3uFln4,KESIRAM APA TUH 😅 #WePlay #WePlayLite #KeseruanWePlay #WhostheLiar #animasi #kartun,Disiram ti,No Online Gambling Promotion
d6HKd3uFln4,KESIRAM APA TUH 😅 #WePlay #WePlayLite #KeseruanWePlay #WhostheLiar #animasi #kartun,Curang,ERROR
d6HKd3uFln4,KESIRAM APA TUH 😅 #WePlay #WePlayLite #KeseruanWePlay #WhostheLiar #animasi #kartun,Itu kana siram pipis gabung tai,No Online Gambling Promotion
d6HKd3uFln4,KESIRAM APA TUH 😅 #WePlay #WePlayLite #KeseruanWePlay #WhostheLiar #animasi #kartun,tai,No Online Gambling Promotion
d6HKd3uFln4,KESIRAM APA TUH 😅 #WePlay #WePlayLite #KeseruanWePlay #WhostheLiar #animasi #kartun,Itu eek,No Online Gambling Promotion
d6HKd3uFln4,KESIRAM APA TUH 😅 #WePlay #WePlayLite #KeseruanWePlay #WhostheLiar #animasi #kartun,Lah dikiarin iklan cok,No Online Gambling Promotion
d6HKd3uFln4,KESIRAM APA TUH 😅 #WePlay #WePlayLite #KeseruanWePlay #WhostheLiar #animasi #kartun,cuv,No Online Gambling Promotion
d6HKd3uFln4,KESIRAM APA TUH 😅 #WePlay #WePlayLite #KeseruanWePlay #WhostheLiar #animasi #kartun,Iya,ERROR
d6HKd3uFln4,KESIRAM APA TUH 😅 #WePlay #WePlayLite #KeseruanWePlay #WhostheLiar #animasi #kartun,Bukanya hukuman ya bomm,No Online Gambling Promotion
d6HKd3uFln4,KESIRAM APA TUH 😅 #WePlay #WePlayLite #KeseruanWePlay #WhostheLiar #animasi #kartun,tito,No Online Gambling Promotion
d6HKd3uFln4,KESIRAM APA TUH 😅 #WePlay #WePlayLite #KeseruanWePlay #WhostheLiar #animasi #kartun,ku iklan,No Online Gambling Promotion
d6HKd3uFln4,KESIRAM APA TUH 😅 #WePlay #WePlayLite #KeseruanWePlay #WhostheLiar #animasi #kartun,Kook game ny mirip2 liar bars,No Online Gambling Promotion
d6HKd3uFln4,KESIRAM APA TUH 😅 #WePlay #WePlayLite #KeseruanWePlay #WhostheLiar #animasi #kartun,Pake paketan ga,No Online Gambling Promotion
d6HKd3uFln4,KESIRAM APA TUH 😅 #WePlay #WePlayLite #KeseruanWePlay #WhostheLiar #animasi #kartun,tai kak,No Online Gambling Promotion
d6HKd3uFln4,KESIRAM APA TUH 😅 #WePlay #WePlayLite #KeseruanWePlay #WhostheLiar #animasi #kartun,tai,No Online Gambling Promotion
d6HKd3uFln4,KESIRAM APA TUH 😅 #WePlay #WePlayLite #KeseruanWePlay #WhostheLiar #animasi #kartun,Kesiram p u B,No Online Gambling Promotion
d6HKd3uFln4,KESIRAM APA TUH 😅 #WePlay #WePlayLite #KeseruanWePlay #WhostheLiar #animasi #kartun,coba download weplay seru loh whos the laer,No Online Gambling Promotion
d6HKd3uFln4,KESIRAM APA TUH 😅 #WePlay #WePlayLite #KeseruanWePlay #WhostheLiar #animasi #kartun,Ta,No Online Gambling Promotion
d6HKd3uFln4,KESIRAM APA TUH 😅 #WePlay #WePlayLite #KeseruanWePlay #WhostheLiar #animasi #kartun,Tai burung cok,No Online Gambling Promotion
d6HKd3uFln4,KESIRAM APA TUH 😅 #WePlay #WePlayLite #KeseruanWePlay #WhostheLiar #animasi #kartun,Kirain Ireng,No Online Gambling Promotion
d6HKd3uFln4,KESIRAM APA TUH 😅 #WePlay #WePlayLite #KeseruanWePlay #WhostheLiar #animasi #kartun,Itu game weplay whos the liar,No Online Gambling Promotion
d6HKd3uFln4,KESIRAM APA TUH 😅 #WePlay #WePlayLite #KeseruanWePlay #WhostheLiar #animasi #kartun,Itu ti,No Online Gambling Promotion
d6HKd3uFln4,KESIRAM APA TUH 😅 #WePlay #WePlayLite #KeseruanWePlay #WhostheLiar #animasi #kartun,Tai kah,No Online Gambling Promotion
d6HKd3uFln4,KESIRAM APA TUH 😅 #WePlay #WePlayLite #KeseruanWePlay #WhostheLiar #animasi #kartun,V i t o r y,No Online Gambling Promotion
d6HKd3uFln4,KESIRAM APA TUH 😅 #WePlay #WePlayLite #KeseruanWePlay #WhostheLiar #animasi #kartun,Hai bang nama ku tito lo,No Online Gambling Promotion
d6HKd3uFln4,KESIRAM APA TUH 😅 #WePlay #WePlayLite #KeseruanWePlay #WhostheLiar #animasi #kartun,12345,No Online Gambling Promotion
d6HKd3uFln4,KESIRAM APA TUH 😅 #WePlay #WePlayLite #KeseruanWePlay #WhostheLiar #animasi #kartun,Kesiram TAHI,No Online Gambling Promotion
d6HKd3uFln4,KESIRAM APA TUH 😅 #WePlay #WePlayLite #KeseruanWePlay #WhostheLiar #animasi #kartun,Tai,ERROR
d6HKd3uFln4,KESIRAM APA TUH 😅 #WePlay #WePlayLite #KeseruanWePlay #WhostheLiar #animasi #kartun,Kesiram tai bang,No Online Gambling Promotion
d6HKd3uFln4,KESIRAM APA TUH 😅 #WePlay #WePlayLite #KeseruanWePlay #WhostheLiar #animasi #kartun,Boong kirain iklann,No Online Gambling Promotion
d6HKd3uFln4,KESIRAM APA TUH 😅 #WePlay #WePlayLite #KeseruanWePlay #WhostheLiar #animasi #kartun,gw iklan weplay mainnya gimana,No Online Gambling Promotion
d6HKd3uFln4,KESIRAM APA TUH 😅 #WePlay #WePlayLite #KeseruanWePlay #WhostheLiar #animasi #kartun,Kesiram lumpur bang,No Online Gambling Promotion
d6HKd3uFln4,KESIRAM APA TUH 😅 #WePlay #WePlayLite #KeseruanWePlay #WhostheLiar #animasi #kartun,Ke bang,No Online Gambling Promotion
d6HKd3uFln4,KESIRAM APA TUH 😅 #WePlay #WePlayLite #KeseruanWePlay #WhostheLiar #animasi #kartun,Di siram tai,No Online Gambling Promotion
d6HKd3uFln4,KESIRAM APA TUH 😅 #WePlay #WePlayLite #KeseruanWePlay #WhostheLiar #animasi #kartun,Aku iklan,No Online Gambling Promotion
d6HKd3uFln4,KESIRAM APA TUH 😅 #WePlay #WePlayLite #KeseruanWePlay #WhostheLiar #animasi #kartun,Bayar gak gak,No Online Gambling Promotion
d6HKd3uFln4,KESIRAM APA TUH 😅 #WePlay #WePlayLite #KeseruanWePlay #WhostheLiar #animasi #kartun,Bang nama ku Lo tito,No Online Gambling Promotion
d6HKd3uFln4,KESIRAM APA TUH 😅 #WePlay #WePlayLite #KeseruanWePlay #WhostheLiar #animasi #kartun,Ketiga bang,ERROR
d6HKd3uFln4,KESIRAM APA TUH 😅 #WePlay #WePlayLite #KeseruanWePlay #WhostheLiar #animasi #kartun,Ke bang,No Online Gambling Promotion
d6HKd3uFln4,KESIRAM APA TUH 😅 #WePlay #WePlayLite #KeseruanWePlay #WhostheLiar #animasi #kartun,Keempat bang,ERROR
d6HKd3uFln4,KESIRAM APA TUH 😅 #WePlay #WePlayLite #KeseruanWePlay #WhostheLiar #animasi #kartun,Ketiga bang,ERROR
d6HKd3uFln4,KESIRAM APA TUH 😅 #WePlay #WePlayLite #KeseruanWePlay #WhostheLiar #animasi #kartun,Ketimpa tai,No Online Gambling Promotion
d6HKd3uFln4,KESIRAM APA TUH 😅 #WePlay #WePlayLite #KeseruanWePlay #WhostheLiar #animasi #kartun,bang,No Online Gambling Promotion
d6HKd3uFln4,KESIRAM APA TUH 😅 #WePlay #WePlayLite #KeseruanWePlay #WhostheLiar #animasi #kartun,Pertama bang,No Online Gambling Promotion
PsxbmFgsK7k,Kalian pilih yang biru atau kuning?🤔🤔,Lek,ERROR
PsxbmFgsK7k,Kalian pilih yang biru atau kuning?🤔🤔,Konten gk jelassss,No Online Gambling Promotion
PsxbmFgsK7k,Kalian pilih yang biru atau kuning?🤔🤔,pura pura bodoh,No Online Gambling Promotion
PsxbmFgsK7k,Kalian pilih yang biru atau kuning?🤔🤔,PURA PURA GANGLIHAT Padahal keliatan rambutnya,No Online Gambling Promotion
PsxbmFgsK7k,Kalian pilih yang biru atau kuning?🤔🤔,Cura rabu rabi,No Online Gambling Promotion
PsxbmFgsK7k,Kalian pilih yang biru atau kuning?🤔🤔,Dongo,No Online Gambling Promotion
PsxbmFgsK7k,Kalian pilih yang biru atau kuning?🤔🤔,Pura GK tau,No Online Gambling Promotion
PsxbmFgsK7k,Kalian pilih yang biru atau kuning?🤔🤔,Dia pura pura ngak tau tuh curang,No Online Gambling Promotion
PsxbmFgsK7k,Kalian pilih yang biru atau kuning?🤔🤔,Orang,ERROR
PsxbmFgsK7k,Kalian pilih yang biru atau kuning?🤔🤔,pura pura nggak transparan nampak tuh rambutnya nampak celananya,"nampak tahu rambutnya nampak cleanliness, No Online Gambling Promotion"
PsxbmFgsK7k,Kalian pilih yang biru atau kuning?🤔🤔,Kini loll Kkllp no min,No Online Gambling Promotion
PsxbmFgsK7k,Kalian pilih yang biru atau kuning?🤔🤔,skali kak bilang laik,No Online Gambling Promotion
PsxbmFgsK7k,Kalian pilih yang biru atau kuning?🤔🤔,Bang ituh Paldsli Bang,No Online Gambling Promotion
PsxbmFgsK7k,Kalian pilih yang biru atau kuning?🤔🤔,Padahal transparan,No Online Gambling Promotion
PsxbmFgsK7k,Kalian pilih yang biru atau kuning?🤔🤔,Kak,ERROR
PsxbmFgsK7k,Kalian pilih yang biru atau kuning?🤔🤔,bening belajar bodoh aja,No Online Gambling Promotion
PsxbmFgsK7k,Kalian pilih yang biru atau kuning?🤔🤔,Udasar pura pura gak tau aneh,"tidak tahu apa yang aneh, No Online Gambling Promotion"
PsxbmFgsK7k,Kalian pilih yang biru atau kuning?🤔🤔,Pura pura gak tau aja ngapain bikin konten gak,No Online Gambling Promotion
PsxbmFgsK7k,Kalian pilih yang biru atau kuning?🤔🤔,Kak warna upin ipin,No Online Gambling Promotion
PsxbmFgsK7k,Kalian pilih yang biru atau kuning?🤔🤔,Keciri mah,No Online Gambling Promotion
PsxbmFgsK7k,Kalian pilih yang biru atau kuning?🤔🤔,Ya ampun merry megang,No Online Gambling Promotion
PsxbmFgsK7k,Kalian pilih yang biru atau kuning?🤔🤔,Najis,No Online Gambling Promotion
PsxbmFgsK7k,Kalian pilih yang biru atau kuning?🤔🤔,Bro berfikir tolol,No Online Gambling Promotion
PsxbmFgsK7k,Kalian pilih yang biru atau kuning?🤔🤔,Pilih biru kuning,No Online Gambling Promotion
PsxbmFgsK7k,Kalian pilih yang biru atau kuning?🤔🤔,Gtr,No Online Gambling Promotion
PsxbmFgsK7k,Kalian pilih yang biru atau kuning?🤔🤔,Gts,No Online Gambling Promotion
PsxbmFgsK7k,Kalian pilih yang biru atau kuning?🤔🤔,Padahal kena bodoh mending unsub,No Online Gambling Promotion
PsxbmFgsK7k,Kalian pilih yang biru atau kuning?🤔🤔,Garing welll,No Online Gambling Promotion
PsxbmFgsK7k,Kalian pilih yang biru atau kuning?🤔🤔,Aneh,No Online Gambling Promotion
PsxbmFgsK7k,Kalian pilih yang biru atau kuning?🤔🤔,Padahal rambutnya Keliatan,ERROR
PsxbmFgsK7k,Kalian pilih yang biru atau kuning?🤔🤔,Heran gw video bodoh kek gini rame video edukasi yg ga tolol kek gini,No Online Gambling Promotion
PsxbmFgsK7k,Kalian pilih yang biru atau kuning?🤔🤔,Gajelas aneh banget,No Online Gambling Promotion
PsxbmFgsK7k,Kalian pilih yang biru atau kuning?🤔🤔,Saran coba JPTOGEL77 bg link nya gak pelit tu mmber uda psti dikasih JP tmn gw jga mawin disitu,"tu munggu udah diposting di kasih JP temen gw juga maxwin disitu, Online Gambling Promotion"
PsxbmFgsK7k,Kalian pilih yang biru atau kuning?🤔🤔,Up Up Upaku coba bang gacir sltnya ya JPTOGEL77 pantes rame kali comment hahaha,Online Gambling Promotion
PsxbmFgsK7k,Kalian pilih yang biru atau kuning?🤔🤔,kacau masbrayitungan nya gak melencengtidak merugikan memberselalu memperkaya member JPTOGEL77,No Online Gambling Promotion
PsxbmFgsK7k,Kalian pilih yang biru atau kuning?🤔🤔,gw main JPTOGEL77 sampe bikin 3 akun kirain rungkad salah eh wd mulu wkkwkwk,Online Gambling Promotion
PsxbmFgsK7k,Kalian pilih yang biru atau kuning?🤔🤔,Riwayat kalah ku situs sebelah cuman situs JPTOGEL77 penyelamat keuangan ku,Online Gambling Promotion
PsxbmFgsK7k,Kalian pilih yang biru atau kuning?🤔🤔,cmn main JPTOGEL77 gw dpt teriakan mantap ayaaaaaang,"saya dapat teriakan mantap ayaaaaaang, Online Gambling Promotion"
PsxbmFgsK7k,Kalian pilih yang biru atau kuning?🤔🤔,gw tau JPTOGEL77 komen asli bnrn gacir,Online Gambling Promotion
PsxbmFgsK7k,Kalian pilih yang biru atau kuning?🤔🤔,makasihh bangeett temeenkuu udah kasih rekomend web JPTOGEL77 ga rungkad web sebela,Online Gambling Promotion
PsxbmFgsK7k,Kalian pilih yang biru atau kuning?🤔🤔,Akhirnya ngerasain nama nya maxwinemang mantap situs terpercaya JPTOGEL77 mayan buatk modal nongkrong temen temen broo,"mayan buatkan modal nongkrong temen-temen broo, Online Gambling Promotion"
PsxbmFgsK7k,Kalian pilih yang biru atau kuning?🤔🤔,JPTOGEL77 emang juara kepuasan bermain Cuan mengalir,Online Gambling Promotion
PsxbmFgsK7k,Kalian pilih yang biru atau kuning?🤔🤔,gila JPTOGEL77 member kasi JP trus,Online Gambling Promotion
PsxbmFgsK7k,Kalian pilih yang biru atau kuning?🤔🤔,Pura pura bodoh aja sih,No Online Gambling Promotion
PsxbmFgsK7k,Kalian pilih yang biru atau kuning?🤔🤔,lawak emang,No Online Gambling Promotion
PsxbmFgsK7k,Kalian pilih yang biru atau kuning?🤔🤔,konten gini aja rame indo,No Online Gambling Promotion
PsxbmFgsK7k,Kalian pilih yang biru atau kuning?🤔🤔,setingan,No Online Gambling Promotion
PsxbmFgsK7k,Kalian pilih yang biru atau kuning?🤔🤔,Wereng,No Online Gambling Promotion
PsxbmFgsK7k,Kalian pilih yang biru atau kuning?🤔🤔,tangan cewek nya kali maincoba liat tangan kiri ceweknya itunya manekin,No Online Gambling Promotion
PsxbmFgsK7k,Kalian pilih yang biru atau kuning?🤔🤔,Garing banget,No Online Gambling Promotion
PsxbmFgsK7k,Kalian pilih yang biru atau kuning?🤔🤔,buta,No Online Gambling Promotion
PsxbmFgsK7k,Kalian pilih yang biru atau kuning?🤔🤔,Sampek penyok tu botol galon nya Cokk,No Online Gambling Promotion
PsxbmFgsK7k,Kalian pilih yang biru atau kuning?🤔🤔,Keliatan rambut kaki,No Online Gambling Promotion
PsxbmFgsK7k,Kalian pilih yang biru atau kuning?🤔🤔,Di AGUSTOTO jepey trs sumpah,No Online Gambling Promotion
PsxbmFgsK7k,Kalian pilih yang biru atau kuning?🤔🤔,Depo LIMPUL 5 juta AXL777,No Online Gambling Promotion
PsxbmFgsK7k,Kalian pilih yang biru atau kuning?🤔🤔,AXL777 gachor abis maip langsung pengen,Online Gambling Promotion
PsxbmFgsK7k,Kalian pilih yang biru atau kuning?🤔🤔,AERO88 Cuma depo 100k jd sultan,Online Gambling Promotion
PsxbmFgsK7k,Kalian pilih yang biru atau kuning?🤔🤔,AERO88 Modal maxwin trs,Online Gambling Promotion
PsxbmFgsK7k,Kalian pilih yang biru atau kuning?🤔🤔,maen AXL777 ga rernah rugi,No Online Gambling Promotion
PsxbmFgsK7k,Kalian pilih yang biru atau kuning?🤔🤔,Gacor abis AXL777 menang,No Online Gambling Promotion
PsxbmFgsK7k,Kalian pilih yang biru atau kuning?🤔🤔,AERO88 beperan gacir auto kaya,Online Gambling Promotion
PsxbmFgsK7k,Kalian pilih yang biru atau kuning?🤔🤔,maen AGUSTOTO ngga sia2 dzumpah,No Online Gambling Promotion
PsxbmFgsK7k,Kalian pilih yang biru atau kuning?🤔🤔,AERO88 maxoin ga lawan,No Online Gambling Promotion
PsxbmFgsK7k,Kalian pilih yang biru atau kuning?🤔🤔,gacir parah AGUSTOTO,No Online Gambling Promotion
PsxbmFgsK7k,Kalian pilih yang biru atau kuning?🤔🤔,mekswin AXL777,No Online Gambling Promotion
PsxbmFgsK7k,Kalian pilih yang biru atau kuning?🤔🤔,gachor banget AERO88 jepe gampang,No Online Gambling Promotion
PsxbmFgsK7k,Kalian pilih yang biru atau kuning?🤔🤔,maen AGUSTOTO jepey,No Online Gambling Promotion
PsxbmFgsK7k,Kalian pilih yang biru atau kuning?🤔🤔,Pecah DORA77 gokil,No Online Gambling Promotion
PsxbmFgsK7k,Kalian pilih yang biru atau kuning?🤔🤔,Pura pura gak tau,No Online Gambling Promotion
PsxbmFgsK7k,Kalian pilih yang biru atau kuning?🤔🤔,yangkuningcurang goyanggoyangyangbiru,No Online Gambling Promotion
PsxbmFgsK7k,Kalian pilih yang biru atau kuning?🤔🤔,Kok sy terhibur ya,No Online Gambling Promotion
PsxbmFgsK7k,Kalian pilih yang biru atau kuning?🤔🤔,Sirik si netizen,ERROR
PsxbmFgsK7k,Kalian pilih yang biru atau kuning?🤔🤔,Begog,No Online Gambling Promotion
PsxbmFgsK7k,Kalian pilih yang biru atau kuning?🤔🤔,suka ati,No Online Gambling Promotion
PsxbmFgsK7k,Kalian pilih yang biru atau kuning?🤔🤔,ga seru kontennya,No Online Gambling Promotion
PsxbmFgsK7k,Kalian pilih yang biru atau kuning?🤔🤔,Kayaknya Sengaja coba kalo kaga kena,No Online Gambling Promotion
PsxbmFgsK7k,Kalian pilih yang biru atau kuning?🤔🤔,Buta lu yak,ERROR
PsxbmFgsK7k,Kalian pilih yang biru atau kuning?🤔🤔,Oon,No Online Gambling Promotion
PsxbmFgsK7k,Kalian pilih yang biru atau kuning?🤔🤔,Bro bodoh,No Online Gambling Promotion
PsxbmFgsK7k,Kalian pilih yang biru atau kuning?🤔🤔,Aku pilih kiri,No Online Gambling Promotion
PsxbmFgsK7k,Kalian pilih yang biru atau kuning?🤔🤔,Aku pilih kiri,No Online Gambling Promotion
PsxbmFgsK7k,Kalian pilih yang biru atau kuning?🤔🤔,konten nya orang,No Online Gambling Promotion
PsxbmFgsK7k,Kalian pilih yang biru atau kuning?🤔🤔,Piran,ERROR
PsxbmFgsK7k,Kalian pilih yang biru atau kuning?🤔🤔,pura gatau wkwk,No Online Gambling Promotion
PsxbmFgsK7k,Kalian pilih yang biru atau kuning?🤔🤔,Konten ngak bermutu ngak asyik,No Online Gambling Promotion
PsxbmFgsK7k,Kalian pilih yang biru atau kuning?🤔🤔,Pura pura buta aja,No Online Gambling Promotion
PsxbmFgsK7k,Kalian pilih yang biru atau kuning?🤔🤔,Dah,ERROR
PsxbmFgsK7k,Kalian pilih yang biru atau kuning?🤔🤔,Saskere,No Online Gambling Promotion
PsxbmFgsK7k,Kalian pilih yang biru atau kuning?🤔🤔,Kelihatan rambutnya,No Online Gambling Promotion
PsxbmFgsK7k,Kalian pilih yang biru atau kuning?🤔🤔,Maksud main tipu,No Online Gambling Promotion
PsxbmFgsK7k,Kalian pilih yang biru atau kuning?🤔🤔,Mana adil botol,No Online Gambling Promotion
PsxbmFgsK7k,Kalian pilih yang biru atau kuning?🤔🤔,Yauda kelen aja LA capek,No Online Gambling Promotion
PsxbmFgsK7k,Kalian pilih yang biru atau kuning?🤔🤔,Sok asik,No Online Gambling Promotion
PsxbmFgsK7k,Kalian pilih yang biru atau kuning?🤔🤔,Dasar gk berguna lu conten creator lu motong kaki ganti manekin apalah gj transparan,No Online Gambling Promotion
PsxbmFgsK7k,Kalian pilih yang biru atau kuning?🤔🤔,gajelas,No Online Gambling Promotion
PsxbmFgsK7k,Kalian pilih yang biru atau kuning?🤔🤔,Creator gadungan,No Online Gambling Promotion
PsxbmFgsK7k,Kalian pilih yang biru atau kuning?🤔🤔,Licik cupu,No Online Gambling Promotion
PsxbmFgsK7k,Kalian pilih yang biru atau kuning?🤔🤔,Curang banget,No Online Gambling Promotion
PsxbmFgsK7k,Kalian pilih yang biru atau kuning?🤔🤔,Yang biru,No Online Gambling Promotion
PsxbmFgsK7k,Kalian pilih yang biru atau kuning?🤔🤔,Yang warna biru aja perkemahan tempatnya,No Online Gambling Promotion
PsxbmFgsK7k,Kalian pilih yang biru atau kuning?🤔🤔,Beru kak biru,No Online Gambling Promotion
PsxbmFgsK7k,Kalian pilih yang biru atau kuning?🤔🤔,Subscriber Baye,ERROR
PsxbmFgsK7k,Kalian pilih yang biru atau kuning?🤔🤔,Gua Like anjing,No Online Gambling Promotion
PsxbmFgsK7k,Kalian pilih yang biru atau kuning?🤔🤔,Pura pura gak liat,No Online Gambling Promotion
PsxbmFgsK7k,Kalian pilih yang biru atau kuning?🤔🤔,ga jls,No Online Gambling Promotion
PsxbmFgsK7k,Kalian pilih yang biru atau kuning?🤔🤔,Bisa jas hujannya transparan nggaknya,No Online Gambling Promotion
PsxbmFgsK7k,Kalian pilih yang biru atau kuning?🤔🤔,300000000k,No Online Gambling Promotion
PsxbmFgsK7k,Kalian pilih yang biru atau kuning?🤔🤔,Rangurus,No Online Gambling Promotion
PsxbmFgsK7k,Kalian pilih yang biru atau kuning?🤔🤔,ga tau,No Online Gambling Promotion
PsxbmFgsK7k,Kalian pilih yang biru atau kuning?🤔🤔,woila cik,No Online Gambling Promotion
PsxbmFgsK7k,Kalian pilih yang biru atau kuning?🤔🤔,Ko gw ga liat ya orang asli,No Online Gambling Promotion
PsxbmFgsK7k,Kalian pilih yang biru atau kuning?🤔🤔,kartun rabbit momen manusia,No Online Gambling Promotion
PsxbmFgsK7k,Kalian pilih yang biru atau kuning?🤔🤔,Makin hri mkin goblo,No Online Gambling Promotion
PsxbmFgsK7k,Kalian pilih yang biru atau kuning?🤔🤔,Pura pura gk tau aja,No Online Gambling Promotion
PsxbmFgsK7k,Kalian pilih yang biru atau kuning?🤔🤔,Chennel gua benci ngeselin,No Online Gambling Promotion
PsxbmFgsK7k,Kalian pilih yang biru atau kuning?🤔🤔,YANG BIRU,No Online Gambling Promotion
PsxbmFgsK7k,Kalian pilih yang biru atau kuning?🤔🤔,Emg gw bocil napa,No Online Gambling Promotion
PsxbmFgsK7k,Kalian pilih yang biru atau kuning?🤔🤔,DKI kerjain hahaha,No Online Gambling Promotion
PsxbmFgsK7k,Kalian pilih yang biru atau kuning?🤔🤔,dah,No Online Gambling Promotion
PsxbmFgsK7k,Kalian pilih yang biru atau kuning?🤔🤔,Itumah pura pura gak tau aja udah rambut warna hitam keliatan,No Online Gambling Promotion
PsxbmFgsK7k,Kalian pilih yang biru atau kuning?🤔🤔,gj co,Online Gambling Promotion
