video_id,video_title,comment,label
"ZshDHBFmkqU,Jangan salah pilih kotak😅,""Output Itulah yang membuat kotaknya sendiri ya, gampang tahu lompat mana yang sengaja agar ga curiga"",No Online Gambling Promotion"
ZshDHBFmkqU,Jangan salah pilih kotak😅,AaaaaaKalah,No Online Gambling Promotion
ZshDHBFmkqU,Jangan salah pilih kotak😅,Answer Kasihan banget kk nya,No Online Gambling Promotion
ZshDHBFmkqU,Jangan salah pilih kotak😅,Lucu lu bang,No Online Gambling Promotion
"ZshDHBFmkqU,Jangan salah pilih kotak😅,""Output Saran coba JPTOGEL77 bg linknya gak pelit tu, mungkin udah diposting di kasih JP tmn gw juga maxwin disitu"",Online Gambling Promotion"
ZshDHBFmkqU,Jangan salah pilih kotak😅,gila JPTOGEL77 member kasi JP trus,Online Gambling Promotion
ZshDHBFmkqU,Jangan salah pilih kotak😅,Output Akhirnya ngerasain nama nyanya Maxwinemang mantap situs terpercaya JPTOGEL77 mungkin buat modal nongkrong tementemen broo,Online Gambling Promotion
ZshDHBFmkqU,Jangan salah pilih kotak😅,scam,No Online Gambling Promotion
ZshDHBFmkqU,Jangan salah pilih kotak😅,Answer Makasih bang link gacor nya barusan WD gak lumayan kopi rokok mantap depo WD aman lancar jaya,Online Gambling Promotion
ZshDHBFmkqU,Jangan salah pilih kotak😅,Output Up Up Upaku coba bang gacir slotnya ya JPTOGEL77 pante rame kali comment hahaha,Online Gambling Promotion
ZshDHBFmkqU,Jangan salah pilih kotak😅,Up Up Upaku coba bang gacir sltnya ya JPTOGEL77 pantes rame kali comment hahaha,
ZshDHBFmkqU,Jangan salah pilih kotak😅,Answer Sepasang suami istri setia,No Online Gambling Promotion
ZshDHBFmkqU,Jangan salah pilih kotak😅,Bisa ngintip bego hp,No Online Gambling Promotion
ZshDHBFmkqU,Jangan salah pilih kotak😅,Dasar GK de buat konten,No Online Gambling Promotion
ZshDHBFmkqU,Jangan salah pilih kotak😅,Ih dasar niruin konten youtuber USA,No Online Gambling Promotion
ZshDHBFmkqU,Jangan salah pilih kotak😅,Dua duanya kami subscribe,No Online Gambling Promotion
ZshDHBFmkqU,Jangan salah pilih kotak😅,Dora77 gacor menang,Online Gambling Promotion
ZshDHBFmkqU,Jangan salah pilih kotak😅,Output kiri kak,No Online Gambling Promotion
ZshDHBFmkqU,Jangan salah pilih kotak😅,Curang,No Online Gambling Promotion
ZshDHBFmkqU,Jangan salah pilih kotak😅,Answer Kanan,No Online Gambling Promotion
"ZshDHBFmkqU,Jangan salah pilih kotak😅,""`Scam, No Online Gambling Promotion`"",ERROR"
ZshDHBFmkqU,Jangan salah pilih kotak😅,Answer coba nyeri,No Online Gambling Promotion
ZshDHBFmkqU,Jangan salah pilih kotak😅,hahaha,No Online Gambling Promotion
ZshDHBFmkqU,Jangan salah pilih kotak😅,Yah kaya ginih mah curang orang warnanya aja beda,No Online Gambling Promotion
ZshDHBFmkqU,Jangan salah pilih kotak😅,Alaiy,No Online Gambling Promotion
ZshDHBFmkqU,Jangan salah pilih kotak😅,Answer Curangggggggggggggggggggg,No Online Gambling Promotion
ZshDHBFmkqU,Jangan salah pilih kotak😅,Label: No Online Gambling Promotion,ERROR
ZshDHBFmkqU,Jangan salah pilih kotak😅,Curang orang boongin,No Online Gambling Promotion
ZshDHBFmkqU,Jangan salah pilih kotak😅,yg ngisi yang nginjek,No Online Gambling Promotion
ZshDHBFmkqU,Jangan salah pilih kotak😅,Orang mengganti kartu kado nya,No Online Gambling Promotion
ZshDHBFmkqU,Jangan salah pilih kotak😅,Answer Ik langsung rancang raja darat bahkan menantang kartu ganti besi,No Online Gambling Promotion
ZshDHBFmkqU,Jangan salah pilih kotak😅,KK nyacurang karna udah,No Online Gambling Promotion
ZshDHBFmkqU,Jangan salah pilih kotak😅,Mereka ngikutin wilisalim,No Online Gambling Promotion
ZshDHBFmkqU,Jangan salah pilih kotak😅,Answer Kakak mau coba slot gacor,Online Gambling Promotion
ZshDHBFmkqU,Jangan salah pilih kotak😅,Bang follow like Aku Nisa Savana follow nih nama Aqila Anisa sovana follow Maaf mengganggu video kakak urusan abang kakak,No Online Gambling Promotion
ZshDHBFmkqU,Jangan salah pilih kotak😅,Ceweknya ama cowoknya,No Online Gambling Promotion
ZshDHBFmkqU,Jangan salah pilih kotak😅,Dikit2 like dikit2 subscribe layak,No Online Gambling Promotion
ZshDHBFmkqU,Jangan salah pilih kotak😅,bohomgan,No Online Gambling Promotion
ZshDHBFmkqU,Jangan salah pilih kotak😅,Setingan,No Online Gambling Promotion
"ZshDHBFmkqU,Jangan salah pilih kotak😅,""Answer Konten real ide menarik expressionnya lucu seru, tonton puasa marah"",No Online Gambling Promotion"
ZshDHBFmkqU,Jangan salah pilih kotak😅,Kertas kado nya btw beda ya,No Online Gambling Promotion
ZshDHBFmkqU,Jangan salah pilih kotak😅,ua ua aku tahu,No Online Gambling Promotion
ZshDHBFmkqU,Jangan salah pilih kotak😅,niru konten orang jir,No Online Gambling Promotion
ZshDHBFmkqU,Jangan salah pilih kotak😅,udah settings biat doang kena,No Online Gambling Promotion
ZshDHBFmkqU,Jangan salah pilih kotak😅,Itukeliatanpenutulugwbodohgitukocaklugw,No Online Gambling Promotion
ZshDHBFmkqU,Jangan salah pilih kotak😅,Output gak tolok,No Online Gambling Promotion
ZshDHBFmkqU,Jangan salah pilih kotak😅,Label: No Online Gambling Promotion,ERROR
ZshDHBFmkqU,Jangan salah pilih kotak😅,Answer Bang kaki lu gak patah,No Online Gambling Promotion
ZshDHBFmkqU,Jangan salah pilih kotak😅,Iya dikasih tau,No Online Gambling Promotion
ZshDHBFmkqU,Jangan salah pilih kotak😅,Answer Pasti sakit kena Lego kayak ditusuk,No Online Gambling Promotion
ZshDHBFmkqU,Jangan salah pilih kotak😅,Setingan,No Online Gambling Promotion
ZshDHBFmkqU,Jangan salah pilih kotak😅,cringe lu,No Online Gambling Promotion
ZshDHBFmkqU,Jangan salah pilih kotak😅,Answer: Emose,No Online Gambling Promotion
ZshDHBFmkqU,Jangan salah pilih kotak😅,2000,No Online Gambling Promotion
ZshDHBFmkqU,Jangan salah pilih kotak😅,Answer: Memang cemerlang main curang,No Online Gambling Promotion
ZshDHBFmkqU,Jangan salah pilih kotak😅,Answer: aku main salah milih,No Online Gambling Promotion
"ZshDHBFmkqU,Jangan salah pilih kotak😅,""Answer: aku sudah like, sudah follow hadiahnya tidak Natal konto"",No Online Gambling Promotion"
ZshDHBFmkqU,Jangan salah pilih kotak😅,Ada ketawa kuntilanak,No Online Gambling Promotion
ZshDHBFmkqU,Jangan salah pilih kotak😅,ngapa sih lu gila kali lu,No Online Gambling Promotion
ZshDHBFmkqU,Jangan salah pilih kotak😅,komentar judi,Online Gambling Promotion
ZshDHBFmkqU,Jangan salah pilih kotak😅,Answer: Gak maling gak viral,No Online Gambling Promotion
ZshDHBFmkqU,Jangan salah pilih kotak😅,kak copa pake paku payung,No Online Gambling Promotion
ZshDHBFmkqU,Jangan salah pilih kotak😅,Output: PSKTM,No Online Gambling Promotion
ZshDHBFmkqU,Jangan salah pilih kotak😅,Answer: Settigan,No Online Gambling Promotion
ZshDHBFmkqU,Jangan salah pilih kotak😅,Answer: tebak iq,No Online Gambling Promotion
ZshDHBFmkqU,Jangan salah pilih kotak😅,Curangggg banet,No Online Gambling Promotion
ZshDHBFmkqU,Jangan salah pilih kotak😅,Answer: Legonya legoku,No Online Gambling Promotion
ZshDHBFmkqU,Jangan salah pilih kotak😅,YouTuber banget loh ya,No Online Gambling Promotion
ZshDHBFmkqU,Jangan salah pilih kotak😅,Dibedakan kartanya cowok ya,No Online Gambling Promotion
ZshDHBFmkqU,Jangan salah pilih kotak😅,Gejebanget anjjjj,No Online Gambling Promotion
ZshDHBFmkqU,Jangan salah pilih kotak😅,rak mutu,No Online Gambling Promotion
ZshDHBFmkqU,Jangan salah pilih kotak😅,Ga ber manfaat konten lu bro,No Online Gambling Promotion
ZshDHBFmkqU,Jangan salah pilih kotak😅,Answer: Garing,No Online Gambling Promotion
ZshDHBFmkqU,Jangan salah pilih kotak😅,Answer: harapkan sih jago banget,No Online Gambling Promotion
ZshDHBFmkqU,Jangan salah pilih kotak😅,Label: No Online Gambling Promotion,ERROR
ZshDHBFmkqU,Jangan salah pilih kotak😅,Output: Waduh menangku SCBD belanja pake duit kemenangan jptogel77 uang trakhirmu situs baru alhamdulillah diksih jepe ngab,Online Gambling Promotion
"ZshDHBFmkqU,Jangan salah pilih kotak😅,""Output: temanku saranin main Mandalika77, coba iseng2 main situs, dapettt jackpot udah cape banget gonta ganti situs mulu situs menghasilkan cuan"",Online Gambling Promotion"
ZshDHBFmkqU,Jangan salah pilih kotak😅,Output: Info seloter pakai link Bosku Karena link MLNDALIKL77 bikin Member Baru JPnya WD Perkalian X250 X500 scatter nya nyangkut dikasih pecahan bagus Mantap,Online
ZshDHBFmkqU,Jangan salah pilih kotak😅,Output: nyelot gak ribet MANTAB J P T O G E L 7 7,Online Gambling Promotion
ZshDHBFmkqU,Jangan salah pilih kotak😅,seneng bangun2 kumpulin nyawa main JPTOGEL77 langsung dikasi wekwekwek,Online Gambling Promotion
ZshDHBFmkqU,Jangan salah pilih kotak😅,MEMPANG TERBUKTI TERBAIK DAN MANTAP NIH SITUS KEREN WAWW MANTAP asli SERVER TERBAIK bos jgn salah pilih BO rungkat member rutin dikasih MAXWIN amp tur,ERROR
ZshDHBFmkqU,Jangan salah pilih kotak😅,Answer: JPTOGEL77 ga mau main bentar saja langsung WEDEY gede,Online Gambling Promotion
ZshDHBFmkqU,Jangan salah pilih kotak😅,Output: modal halus jp paus J P TO G E L 7 7 untung gw kasi tau sodara gak sih gw masi maen sedot wc makasih J P TO G E L 7 7 jajannya,Online Gambling Promotion
"ZshDHBFmkqU,Jangan salah pilih kotak😅,""Answer: gua pasukan jptogel77 bro, udah setia gw main amanah gampang"",Online Gambling Promotion"
ZshDHBFmkqU,Jangan salah pilih kotak😅,Output: jptogel77 ngangka duit ngalir permainan seru atau tidak aya istirahatna layanan oke banget abdi rekomendasi duh euy,Online Gambling Promotion
ZshDHBFmkqU,Jangan salah pilih kotak😅,Output: member langsung diberikan jajanan meningkat senang bermain J P T O G E L 7 7,Online Gambling Promotion
ZshDHBFmkqU,Jangan salah pilih kotak😅,Output: menang gak dibayar nih langgana gua aja bro jptogel77 mantap deh gw u main tenang hp bunyi mulu wkkw,No Online Gambling Promotion
ZshDHBFmkqU,Jangan salah pilih kotak😅,Answer: Memang main slot jptogel77 untung,Online Gambling Promotion
ZshDHBFmkqU,Jangan salah pilih kotak😅,WAJIB COBA DI SINI BOS SUPER GACCOOORR YANG TERBARU COBA PAKE SERVER THAILAND SERVER LUAR YANG SAYA PAKE RTP NYA DI ATAS 98 TANPA HARUS BUY P,ERROR
"ZshDHBFmkqU,Jangan salah pilih kotak😅,""Answer: percaya aku aman bro keluarga main slot jptogel77 banget, JP dibanding situs"",Online Gambling Promotion"
"ZshDHBFmkqU,Jangan salah pilih kotak😅,""Output: banget JPTOGEL77 cuan banget website nya, gk depok gede2 depok resep maxwin coba gan"",Online Gambling Promotion"
ZshDHBFmkqU,Jangan salah pilih kotak😅,server2 emang royal mesin nya lokal semalam gw maen jptogel77 menang gua wkkw google bro,Online Gambling Promotion
ZshDHBFmkqU,Jangan salah pilih kotak😅,sensasi nyata bro main jptogel77 udah sekampung teman gw main JP,Online Gambling Promotion
ZshDHBFmkqU,Jangan salah pilih kotak😅,Output: saya hanya main permainan slot jptogel77 sekali 100,Online Gambling Promotion
"ZshDHBFmkqU,Jangan salah pilih kotak😅,""ga nyarnin server abal-abal dahgua udah tahu main cari aja JPTOGEL77, ngab terbaik situs sih teman wede coba deh ngab lumayan nambah2 isi dompet"",Online Gambling Promotion"
ZshDHBFmkqU,Jangan salah pilih kotak😅,JPTOGEL77 tidak mau main judi jepet gede lagi ngung,No Online Gambling Promotion
ZshDHBFmkqU,Jangan salah pilih kotak😅,Output: Ternyata bgt dibilang teman gue main judi slot jptogel77 gampang dapatkan maxwin member positif WD,Online Gambling Promotion
ZshDHBFmkqU,Jangan salah pilih kotak😅,Senang banget rezeki terduga MANDALIKA77,No Online Gambling Promotion
ZshDHBFmkqU,Jangan salah pilih kotak😅,aja nih isi saldo ku semenjak main JPTOGEL77 bawaan nya se4lalu hepy saldo jarang sesak nafas matap nih situs nya,Online Gambling Promotion
ZshDHBFmkqU,Jangan salah pilih kotak😅,Output: udah 5 kali main ke situs yang benar-benar mudah dan menyenangkan JPTOGEL77,Online Gambling Promotion
ZshDHBFmkqU,Jangan salah pilih kotak😅,sensasi nyata bro main jptogel77 udah sekampung teman-teman gw main JP,Online Gambling Promotion
ZshDHBFmkqU,Jangan salah pilih kotak😅,JPTOGEL77 bro saya main tidak menggunakan janji palsu bro hanya saya menang,Online Gambling Promotion
ZshDHBFmkqU,Jangan salah pilih kotak😅,Output: tengku bosku kasi teman-teman setongkrongan traktiran makan minum yang baik mudah mudahan meningkat berhasil slot jptogel77,Online Gambling Promotion
ZshDHBFmkqU,Jangan salah pilih kotak😅,hidup saya enak bermain jptogel77 ini situs rekomendasi saya bro,Online Gambling Promotion
ZshDHBFmkqU,Jangan salah pilih kotak😅,Answer: Paling mantap cuma webb JPTOGEL77 member di manjain kasih cuan,Online Gambling Promotion
ZshDHBFmkqU,Jangan salah pilih kotak😅,Output: temanku saranin main JPTOGEL77 coba iseng2 main situs,Online Gambling Promotion
"ZshDHBFmkqU,Jangan salah pilih kotak😅,""tidur auto spin jp togel 7 7, bangun2 saldo sudah battery lowbett ngantor senyam senyum macem udah gila cari aja google tu jp togel 7 7"",Online Gambling Promotion"
ZshDHBFmkqU,Jangan salah pilih kotak😅,Output: jam segi ini main kakek jptogel77 bikin nagih luar scatter ya gampang turun sekitar perkalian yang koneksi,Online Gambling Promotion
ZshDHBFmkqU,Jangan salah pilih kotak😅,Modal receh hasil lumer mantap kali JPTOGEL77 sensasi maxwin berulang brooo kali nemu web seqacor check langsung deh webbnya dp wd gesit prosesnya,Online Gambling Promotion
"ZshDHBFmkqU,Jangan salah pilih kotak😅,""Output: bersyukur gw ga ketipu janji manis situs emang real, gampang JP cuman jptogel77"",Online Gambling Promotion"
ZshDHBFmkqU,Jangan salah pilih kotak😅,gak salah emang sodara gw maen jptogel77 hasilnya mantep bgt brooo maen bntaran doang udah dikasi narik gini kwkwkw makasih jptogel77 mantep,Online Gambling Promotion
ZshDHBFmkqU,Jangan salah pilih kotak😅,Answer: betah dah nongkrong situs jptogel77 kalo lihat rtp asli gak gagal rtpnya angkanya cuyy,Online Gambling Promotion
ZshDHBFmkqU,Jangan salah pilih kotak😅,udah 5 kali main ke situs yang benar-benar mudah dan menyenangkan JPTOGEL77,Online Gambling Promotion
ZshDHBFmkqU,Jangan salah pilih kotak😅,TRENDING 1 GILA jptogel77,Online Gambling Promotion
ZshDHBFmkqU,Jangan salah pilih kotak😅,Output: main JPTOGEL77 jarang2 ling bagus kali merasa petir merah si kakek senang x hati,Online Gambling Promotion
ZshDHBFmkqU,Jangan salah pilih kotak😅,intinya bermainlah sabar barbar kemenenangan sabar wkwk hiburan jadiin mata pencaharian gw main JPTOGEL77,Online Gambling Promotion
ZshDHBFmkqU,Jangan salah pilih kotak😅,Answer: JPTOGEL77 coba langsung bawa pulang cuan besar,Online Gambling Promotion
ZshDHBFmkqU,Jangan salah pilih kotak😅,Output: lumayan untuk beli peralatan rumah cari gugul J P T O G E L 7 7 di link dp aja mekswin dp auto makan enak,No Online Gambling Promotion
"ZshDHBFmkqU,Jangan salah pilih kotak😅,""gua pasukan jptogel77 bro, udah setia gw main amanah gampang JP"",Online Gambling Promotion"
ZshDHBFmkqU,Jangan salah pilih kotak😅,Output: aja nih isi saldo ku semenjak main JPTOGEL77 bawaan nya se4lalu hepy saldo jarang sesak nafas matap nih situs nya,Online Gambling Promotion
ZshDHBFmkqU,Jangan salah pilih kotak😅,Output: gampang banget situs JPTOGEL77 turun perkaliannya member bermain main JPTOGEL77 aja,Online Gambling Promotion
ZshDHBFmkqU,Jangan salah pilih kotak😅,Answer: Selamat ya kak trending 1 lohh akhirnyaa J P T O G E L 7 7,No Online Gambling Promotion
"ZshDHBFmkqU,Jangan salah pilih kotak😅,""Output: Gak maxwin produk segini main mahabarunya, test aja jika JP si JPTOGEL77"",Online Gambling Promotion"
ZshDHBFmkqU,Jangan salah pilih kotak😅,0701 JPTOGEL77,Online Gambling Promotion
ZshDHBFmkqU,Jangan salah pilih kotak😅,Answer: Ternyata main JPTOGEL77 bikin rezeki langsung gacor,Online Gambling Promotion
ZshDHBFmkqU,Jangan salah pilih kotak😅,Output: nikmat ngopi sembari nyelot moment maxwin yang langsung full senyum makasih website jptogel77 udah ngasih maxwin meningkat,Online Gambling Promotion
ZshDHBFmkqU,Jangan salah pilih kotak😅,JPTOGEL77 ga akan main bentar langsung jepe,No Online Gambling Promotion
ZshDHBFmkqU,Jangan salah pilih kotak😅,JPTOGEL77 autowin,Online Gambling Promotion
"ZshDHBFmkqU,Jangan salah pilih kotak😅,""Output: coba bro bergabung gw main Mandalika tujuh tujuh, sudah gw seleksi ratusan situs mantap"",Online Gambling Promotion"
ZshDHBFmkqU,Jangan salah pilih kotak😅,web JPTOGEL77 tak hilang seru ya disini cair trus dari web JPTOGEL77 gokil mantap la jajan,Online Gambling Promotion
ZshDHBFmkqU,Jangan salah pilih kotak😅,Answer: udah gw coba bro bagus main slot jptogel77 patut dibanggakan profitnya,Online Gambling Promotion
ZshDHBFmkqU,Jangan salah pilih kotak😅,Iseng cuma coba deposit resep situs JPTOGEL77 kalau seandainya deposit tidak kebayang mampu situs JPTOGEL77 langsung gas aja bro rasakan dimanjain ni BO,Online Gambling Promotion
ZshDHBFmkqU,Jangan salah pilih kotak😅,Output: Iseng cuman coba deposit reche situs jptogel77 kalau seandainya deposit nggak kebayang mantap situs jptogel77 langsung gasa ja bro rasakan dimanjain ni BO,Online Gambling Promotion
"ZshDHBFmkqU,Jangan salah pilih kotak😅,""Output: Gak maxwin provision segini main mahabarunya, kasih JP si MANDALIKA77 ni test aja"",Online Gambling Promotion"
ZshDHBFmkqU,Jangan salah pilih kotak😅,Modal 60 ribu maxwin segini brooo emang mantap nge disitus search google namanya JPTOGEL77,Online Gambling Promotion
ZshDHBFmkqU,Jangan salah pilih kotak😅,web JPTOGEL77 tak hilang seru ya disini cair trus dari web JPTOGEL77 gokil mantap la jajan,Online Gambling Promotion
ZshDHBFmkqU,Jangan salah pilih kotak😅,situs tu jptogel77 kasi wede lancar ga apa2,Online Gambling Promotion
ZshDHBFmkqU,Jangan salah pilih kotak😅,Akhirrrnyaaa bagus konten abang coba main J P T O G E L 77,Online Gambling Promotion
ZshDHBFmkqU,Jangan salah pilih kotak😅,Memang main J P TO G E L 7 7 untung saran teman menang,Online Gambling Promotion
ZshDHBFmkqU,Jangan salah pilih kotak😅,Output: beres2 rumah nyepin pas dengar suaranya behhhhhh garang kaliii suara petirnya hahaha makasih ya J P T O G E L 77,Online Gambling Promotion
"ZshDHBFmkqU,Jangan salah pilih kotak😅,""Answer: saya setia bro bermain permainan slot jptogel77, sudah ada ratusan situs yang beroperasi dan masih enak jptogel77"",Online Gambling Promotion"
ZshDHBFmkqU,Jangan salah pilih kotak😅,Answer: J P T O G E L 7 7 bikin senyum gak berhenti mantap,Online Gambling Promotion
ZshDHBFmkqU,Jangan salah pilih kotak😅,gak salah emang sodara gw maen jptogel77 hasilnya mantep bgt brooo maen bntaran doang udah dikasi narik gini kwkwkw makasih jptogel77 mantep,Online Gambling Promotion
ZshDHBFmkqU,Jangan salah pilih kotak😅,Paling mantap cuman web jptogel77 member di manjain kasih cuan,Online Gambling Promotion
ZshDHBFmkqU,Jangan salah pilih kotak😅,Padahal moda tipis aja kasi Maxwin J P T O G E L 7 7 emg hoki bgt lha main disitus scternya gampang turun RTPnya akurat bgt buran cobain main JPTOGEL77,
ZshDHBFmkqU,Jangan salah pilih kotak😅,Jangan mikir buruan aja bosku JPTogel77,No Online Gambling Promotion
"ZshDHBFmkqU,Jangan salah pilih kotak😅,""the best local server negri ini sama dengan server lokal, tidak ada apa-apa situs main JPTOGEL77 hanya"",No Online Gambling Promotion"
ZshDHBFmkqU,Jangan salah pilih kotak😅,Output: menangnya gak banyak yang ga bikin rungkad naik sikit-sikit bukit ini buktinya udah menang jptogel77 di sambar kake zeusss wkkwkw,Online Gambling Promotion
"ZshDHBFmkqU,Jangan salah pilih kotak😅,""Output: gacari untung menang segini aja, sudah berkebangga bangga gua game J P T O G E L 77 aja narik udah langsung masuk duit dua menit aja"",Online Gambling Promotion"
ZshDHBFmkqU,Jangan salah pilih kotak😅,Answer: Akhirnya menang judi J P T O G E L 77 dengan cerita orang,Online Gambling Promotion
ZshDHBFmkqU,Jangan salah pilih kotak😅,Output: member JPTOGEL77 udah kasih maxwin gila sih situs asli ga salah cobaain situs JPTOGEL77 member setia,Online Gambling Promotion
ZshDHBFmkqU,Jangan salah pilih kotak😅,seneng bangun2 kumpulinya nyawa main slot jptogel77 langsung di kasih wekwekwek,Online Gambling Promotion
"ZshDHBFmkqU,Jangan salah pilih kotak😅,""Output: Dari sekian ling cari web J P T O G E L 7 7 yang bikin betah bagus websitenya, kasih maxwin, tidak takut J P T O G E L 7 7"",No Online Gambling Promotion"
ZshDHBFmkqU,Jangan salah pilih kotak😅,JPTOGEL77 main slot,Online Gambling Promotion
"ZshDHBFmkqU,Jangan salah pilih kotak😅,""Output: coba cari jptogel77 mantap bosku, makasih uda kasih saran main situs wd ku allhamdullah lancar main"",Online Gambling Promotion"
ZshDHBFmkqU,Jangan salah pilih kotak😅,lama2 bangkrut ni bossnya jptogel77 profit trus main kemaren,No Online Gambling Promotion
ZshDHBFmkqU,Jangan salah pilih kotak😅,Output: coba coba main server Thailand karena tau saudara eh gile saldo nambah mulu awlkwkwkkw cari Google J P T O G E L 77,Online Gambling Promotion
"ZshDHBFmkqU,Jangan salah pilih kotak😅,""Output: Saran aku main jptogel77, ga perlu linknya, gw mungkin baru saja main auto lgsung maxwin pada hari ini modal rezeki doang"",Online Gambling Promotion"
"ZshDHBFmkqU,Jangan salah pilih kotak😅,""mantap main, sudah didiskan menang aja MANDALIKA77 modal reeh wd haha"",Online Gambling Promotion"
ZshDHBFmkqU,Jangan salah pilih kotak😅,Output: ajakin mabar temen bermain jptogel 7 7 angkat topi sih kali bermain langsung kasih kemenangan server berhasil nih mantap memiliki broo,Online Gambling Promotion
ZshDHBFmkqU,Jangan salah pilih kotak😅,gacir gila JPTOGEL77 bikin jepe terus,Online Gambling Promotion
ZshDHBFmkqU,Jangan salah pilih kotak😅,Output: Begitu mantap memuaskan bermain mandalika77 lancar hambatan rezeki mengalir deras,Online Gambling Promotion
ZshDHBFmkqU,Jangan salah pilih kotak😅,Output: nyari2 uang rokok dikasih uang jajan seminggu hahaha emng terbaik nih J P T O G E L 7 7,No Online Gambling Promotion
ZshDHBFmkqU,Jangan salah pilih kotak😅,Answer: J P T O G O L 77 gacor menang,Online Gambling Promotion
ZshDHBFmkqU,Jangan salah pilih kotak😅,Output: Ternyata bgt dibilang teman gue main JPTOGEL77 gampang dapetin maxwin member positif WD,Online Gambling Promotion
ZshDHBFmkqU,Jangan salah pilih kotak😅,Output: Seru bang J P T O G E L 77 Alhamdulillah pensaran ku terjawabkan mampir disini JPTOGEL77 jamin HOK1,Online Gambling Promotion
ZshDHBFmkqU,Jangan salah pilih kotak😅,Answer: Mumpung gacor nya gasakan aja bos J P T O G E L 77,Online Gambling Promotion
ZshDHBFmkqU,Jangan salah pilih kotak😅,asik dikasih rezeki makasih bget y J P T O G E L 7 7 kudoakan webbnya bangkit biar kasih sIotter profit wkwk gk ambil pusing main J P T O G E L 7,ERROR
ZshDHBFmkqU,Jangan salah pilih kotak😅,lama2 bangkrut ni bossnya jptogel77 profit tersisipan main kemarin,Online Gambling Promotion
ZshDHBFmkqU,Jangan salah pilih kotak😅,modal recehpun wd J P T O G E L 7 7 benar2 profit hasil main bermain main bermain sukses jutaan mantap webnya,Online Gambling Promotion
ZshDHBFmkqU,Jangan salah pilih kotak😅,Rezeki melimpah JPTOGEL77,Online Gambling Promotion
"ZshDHBFmkqU,Jangan salah pilih kotak😅,""Answer: Mandalika tujuhtujuh bro, saya mainkan tidak menggunakan janji palsu bro, saya hanya menangani"",Online Gambling Promotion"
"ZshDHBFmkqU,Jangan salah pilih kotak😅,""Output: tidur auto spin jptogel77, bangun2 saldo udah battery lowbett ngantor senyam senyum macem udah gila cari aja google tu jptogel77"",Online Gambling Promotion"
ZshDHBFmkqU,Jangan salah pilih kotak😅,Output: main J P T O G E L 77 jarang2 ling bagus kali merasa petir merah si kakek senang x hati,Online Gambling Promotion
ZshDHBFmkqU,Jangan salah pilih kotak😅,Output: asyik abang J P T O G E L 7 7 anjir terkejut kasih kemenangan kali menciptakan pas meleset,Online Gambling Promotion
ZshDHBFmkqU,Jangan salah pilih kotak😅,Output: Waduh menangku SCBD belanja pake duit kemenangan J P T O G E L 7 7 uang trakhirnya situs baraualhamdulilah d ksih jepe ngab,Online Gambling Promotion
ZshDHBFmkqU,Jangan salah pilih kotak😅,Modal receh hasil lumer mantap kali JPTOGEL77 sensasi maxwin berulang brooo kali nemu web seqacor check langsung deh webbnya dp wd gesit prosesnya,Online Gambling Promotion
"ZshDHBFmkqU,Jangan salah pilih kotak😅,""Answer: mantap bro jp JPTOGEL77 aja, udah makasih, udah kasih kemenangan"",Online Gambling Promotion"
ZshDHBFmkqU,Jangan salah pilih kotak😅,Answer: Saatnya bersinar 1312 jptogel77,Online Gambling Promotion
ZshDHBFmkqU,Jangan salah pilih kotak😅,Output: Patenisan aja teman sibuk ngajakin main Mandalika77 benar tokker bgt main langsung cair malam lumayan traktir teman2,Online Gambling Promotion
ZshDHBFmkqU,Jangan salah pilih kotak😅,udah kali saya main jptogel77 wd meluncur aman bonus selalu,Online Gambling Promotion
ZshDHBFmkqU,Jangan salah pilih kotak😅,Output: Modal reseh hasil lumer mampat kali JPTOGEL77 sensasi maxwin berulang brooo kali nemu web seqacor check langsung deh webbnya dp wd gesit prosesnya,Online Gambling Promotion
ZshDHBFmkqU,Jangan salah pilih kotak😅,Output: beres2 rumah nyepin pas dengar suaranya behhhhhh garang kaliii suara petirnya hahaha makasih y J P T O G E L 7 7,Online Gambling Promotion
ZshDHBFmkqU,Jangan salah pilih kotak😅,Answer: tetangga saya sore bermain slot jptogel77,Online Gambling Promotion
"ZshDHBFmkqU,Jangan salah pilih kotak😅,""Output: Perasaan x deh nemu situs kayak MLNDALIKL77, tidak beli spin kasi gratis uda gitu dikasi Maxwin emg jos bgt ni JPTOGEL77 ga duanya deh"",Online Gambling Promotion"
ZshDHBFmkqU,Jangan salah pilih kotak😅,1012 JPTOGEL77 emang juara rezeki gak abisnya,Online Gambling Promotion
ZshDHBFmkqU,Jangan salah pilih kotak😅,Answer: Tidak boleh curang gak boleh curang,No Online Gambling Promotion
ZshDHBFmkqU,Jangan salah pilih kotak😅,Output: main J P T O G E L 77 aman2 jaya aja yah gua dikasi proses nariknya cepet maju,Online Gambling Promotion
ZshDHBFmkqU,Jangan salah pilih kotak😅,Answer: Malam nya main deposit pakai GO PAY modal 50 ribu J P T O G E L 77 Gak nyangka putaran aja langsung jackpot,Udah coba server VIETNAM main game Buffalo King untungnya melimpah W
ZshDHBFmkqU,Jangan salah pilih kotak😅,J P TO G E L 7 7 mekswin deposit limpul,Online Gambling Promotion
ZshDHBFmkqU,Jangan salah pilih kotak😅,Output: tiap bingung cari cuan gk sengaja nemu situs jptogel77 iseng nyoba main eh kasih jepe tipis cuan setia main jptogel77,Online Gambling Promotion
ZshDHBFmkqU,Jangan salah pilih kotak😅,Output: beraniin buat deposit situs jptogel77 modal cekak dan negara asia sensasional nyata ga rungkad main situs,Online Gambling Promotion
ZshDHBFmkqU,Jangan salah pilih kotak😅,mantap bro jp JPTOGEL77 aja udah makasih udah kasih kemenangan,Online Gambling Promotion
ZshDHBFmkqU,Jangan salah pilih kotak😅,Output: member langsung diberikan jajanan meningkatkan senang bermain slot jptogel77,Online Gambling Promotion
ZshDHBFmkqU,Jangan salah pilih kotak😅,hidup seru 108 jptogel77,Online Gambling Promotion
ZshDHBFmkqU,Jangan salah pilih kotak😅,Output: Paling kasih orang bahagia s1tus Mandalika 77 pemain udah kasih kemenangan,No Online Gambling Promotion
ZshDHBFmkqU,Jangan salah pilih kotak😅,Perasaan x deh nemu situs kayak JPTOGEL77 gak beli spin kasi gratis uda gitu dikasi Maxwin,Online Gambling Promotion
"ZshDHBFmkqU,Jangan salah pilih kotak😅,""JPTOGEL77 tempatnya jagoan judi, lu nggak main belajar pro"",Online Gambling Promotion"
ZshDHBFmkqU,Jangan salah pilih kotak😅,J P To Go El 7 7 Terbaik jepe bro,No Online Gambling Promotion
ZshDHBFmkqU,Jangan salah pilih kotak😅,JPTOGEL77 tampil fitur,Online Gambling Promotion
ZshDHBFmkqU,Jangan salah pilih kotak😅,Answer: JPTOGEL77 ga coba bentar saldo langsung 2x lipat,Online Gambling Promotion
ZshDHBFmkqU,Jangan salah pilih kotak😅,Output: nikmat ngopi sembari nyelot moment maxwin ya langsung full senyum makasih website jptogel77 udah ngasih maxwin meningkat senang mainnya,Online Gambling Promotion
ZshDHBFmkqU,Jangan salah pilih kotak😅,Answer: JPTOGEL77 jackpot gampong banget gak percaya,Online Gambling Promotion
ZshDHBFmkqU,Jangan salah pilih kotak😅,Answer: Di sini J P T O G E L 77 sangat senang,No Online Gambling Promotion
ZshDHBFmkqU,Jangan salah pilih kotak😅,Output: bener teman situs emang keren banget labaru dep aja udah dapet menang jptogel77,Online Gambling Promotion
ZshDHBFmkqU,Jangan salah pilih kotak😅,Output: beres2 rumah nyepin pas dengar suaranya behhhhhh garang kaliii suara petirnya hahaha makasih ya JPTOGEL77,Online Gambling Promotion
"ZshDHBFmkqU,Jangan salah pilih kotak😅,""Answer: Kalo gak coba, Rezaki bisa J P T O G E L 77"",Online Gambling Promotion"
ZshDHBFmkqU,Jangan salah pilih kotak😅,Output: rngkad sempet putus asa sih main dapet referensi anak komunitas main JPTOGEL77 behhh semangat gw membara banget coy ngasi u google aja JPTOGEL77,Online Gambling Promotion
ZshDHBFmkqU,Jangan salah pilih kotak😅,Output: asik dikasih rezeki makasih bget y jptogel77 kudoakan webbnya bangkit biar kasih sIotter profit wkwk gk ambil pusing main jptogel77 bang siap2 W,ERROR
ZshDHBFmkqU,Jangan salah pilih kotak😅,bener teman situs emang keren banget labaru depaja udah dapat menang jptogel77,Online Gambling Promotion
ZshDHBFmkqU,Jangan salah pilih kotak😅,Output: member JPTOGEL77 udah kasih maxwin gila situs asli,Online Gambling Promotion
ZshDHBFmkqU,Jangan salah pilih kotak😅,Tiap bingung cari cuan gk sengaja nemu s1tus jptogel77 iseng nyoba main eh kasih Jepe tipis2 cuan setia main jptogel77,Online Gambling Promotion
ZshDHBFmkqU,Jangan salah pilih kotak😅,Output: edan web JPTOGEL77 gk bangkrut web nya kasih jepe gua udh 5 main kasih jepe mulu Kelen wajib main web J P TO G E L 7 7 si wak,Online Gambling Promotion
ZshDHBFmkqU,Jangan salah pilih kotak😅,setia bro main J P TO G E L 7 7 sudah ratusan situs bermain tetap enak JPTOGEL77,Online Gambling Promotion
ZshDHBFmkqU,Jangan salah pilih kotak😅,Output: hati nemu web JPTOGEL77 berlega hati sehabis bermain kali selisih gw segini brayyy nangis saking senengnya,Online Gambling Promotion
ZshDHBFmkqU,Jangan salah pilih kotak😅,Patenesan aja teman sibuk ngajakin main JPTOGEL77 benar toker bgat main langsung cair malam lumayan traktir teman2,Online Gambling Promotion
"ZshDHBFmkqU,Jangan salah pilih kotak😅,""Penasaran cerita orang-orang menang JPTOGEL77, coba langsung dapat rezeki"",Online Gambling Promotion"
"ZshDHBFmkqU,Jangan salah pilih kotak😅,""udah gw coba, bro bagus main slot jptogel77, patut dibanggakan profitnya"",Online Gambling Promotion"
ZshDHBFmkqU,Jangan salah pilih kotak😅,aja bro gw main jptogel77 bener ngasih menang ga kyk situs nedot,Online Gambling Promotion
ZshDHBFmkqU,Jangan salah pilih kotak😅,Output: J P T O G E L 7 7 ngangukur Duit ngalir permainan seru ora aya istirahatna Layanan oke banget abdi recom duh euy,Online Gambling Promotion
ZshDHBFmkqU,Jangan salah pilih kotak😅,JPTOGEL77 tidak mau main jekpot gede,Online Gambling Promotion
ZshDHBFmkqU,Jangan salah pilih kotak😅,gapernah saya temukan situs gampang menang JPTOGEL77,Online Gambling Promotion
"ZshDHBFmkqU,Jangan salah pilih kotak😅,""Answer: Dari sekian ling cari web jptogel77 yang bikin betah website nya kasih maxwin, tidak takut jptogel77"",Online Gambling Promotion"
ZshDHBFmkqU,Jangan salah pilih kotak😅,provider game terbaik JPTOGEL77 salah memilih web perkalian sering turun modal rejeki kasih wd main terbaik ni web,Online Gambling Promotion
ZshDHBFmkqU,Jangan salah pilih kotak😅,Output: intinya bermainlah sabar barbar kemenenangan sabar wkwk hiburan jadiin mata pencaharian,Online Gambling Promotion
"ZshDHBFmkqU,Jangan salah pilih kotak😅,""Output: gak cari untung menang segini aja, sudah berkebangga bangga gua game jptogel77 aja narik udah langsung masuk duit dua menit saja"",Online Gambling Promotion"
ZshDHBFmkqU,Jangan salah pilih kotak😅,Ini keren kak main J P T O G E L 77 kasi JP kak Nga sangka sih dapat segenapunungan aja Temen nyaranin Server Luar ngerasain MAXWIN,Online Gambling Promotion
ZshDHBFmkqU,Jangan salah pilih kotak😅,asyik abang J P T O G E L 7 7 anjir terkejut kasih kemenangan kali menciptakan pas meleset,Online Gambling Promotion
ZshDHBFmkqU,Jangan salah pilih kotak😅,seru bang JPTOGEL77 Alhamdulillah pensaran ku terjawabkan mampir disini JPTOGEL77 jamin HOKI,Online Gambling Promotion
ZshDHBFmkqU,Jangan salah pilih kotak😅,Slide FB turun turun isinya J P T O G E L 7 7 Penasaran cobain depo main bentar aja Ehhh MAXWINNN,Online Gambling Promotion
ZshDHBFmkqU,Jangan salah pilih kotak😅,mantap gua cobain gampang dapat sketernya udh gitu dapat sketer isinya tau nama nya nih coba cari google Mandalika 77 dijamin nagih,Online Gambling Promotion
ZshDHBFmkqU,Jangan salah pilih kotak😅,Answer: mantap main udah didikasih menang jptogel77 modal reeh wd haha,Online Gambling Promotion
ZshDHBFmkqU,Jangan salah pilih kotak😅,Output: gua udah 5 tahun main jptogel77 jangka profit gw ratusan juta,Online Gambling Promotion
ZshDHBFmkqU,Jangan salah pilih kotak😅,Answer: 1210 Jangan tunggu modal bareng JPTOGEL77,No Online Gambling Promotion
ZshDHBFmkqU,Jangan salah pilih kotak😅,Output: Modal 60 ribu maxwin segini brooo emang mantap nge disitus search google namanya MLNDALIKL77,Online Gambling Promotion
"ZshDHBFmkqU,Jangan salah pilih kotak😅,""u abis gak duitnya gara2 kalah pindah nih bagusnya, u google J P T O G E L 7 7 aja betahh deh"",Online Gambling Promotion"
"ZshDHBFmkqU,Jangan salah pilih kotak😅,""Output: Rezeki J P T O G E L 7 7 sungguh tidak ada tarafnya, terima kasih ya Allah berkat Mu"",No Online Gambling Promotion"
ZshDHBFmkqU,Jangan salah pilih kotak😅,Output: bersyukur banget gw main situs Mandalika tujuhtujuh udah lunasin utang,Online Gambling Promotion
ZshDHBFmkqU,Jangan salah pilih kotak😅,Answer: JPTOGEL77 suka banyak main mudah menangnya,Online Gambling Promotion
ZshDHBFmkqU,Jangan salah pilih kotak😅,modal halus jp paus J P TO G E L 7 7 untung gw kasi tau sodara gak sih gw masi maen sedot wc makasih J P TO G E L 7 7 jajannya,Online Gambling Promotion
"ZshDHBFmkqU,Jangan salah pilih kotak😅,""edan web jptogel77 gk bangkrut webnya kasih jepe, gua udh 5 main kasih jepe mulu kelen wajib main web jptogel77 si wak"",Online Gambling Promotion"
ZshDHBFmkqU,Jangan salah pilih kotak😅,Trending 1 jptogel77,No Online Gambling Promotion
ZshDHBFmkqU,Jangan salah pilih kotak😅,Output: nyari2 uang rokok dikasih uang jajan seminggu hahaha emng terbaik nih jptogel77,Online Gambling Promotion
"ZshDHBFmkqU,Jangan salah pilih kotak😅,""Answer: Slide FB turun turun ini yang isinya jptogel77, Penasaran cobain depo main bentar aja Ehhh MAXWINNN"",Online Gambling Promotion"
"ZshDHBFmkqU,Jangan salah pilih kotak😅,""Output: u abis gak duitnya garau kalah pindah nih bagusnya, u google j ptogel 7 7 aja betahh deh"",Online Gambling Promotion"
"ZshDHBFmkqU,Jangan salah pilih kotak😅,""Output: jam segi ini main kakek jptogel77 bikin nagih lunar (scatter), sketer perkaliannya konek"",Online Gambling Promotion"
ZshDHBFmkqU,Jangan salah pilih kotak😅,Alhamdulillah rezeki lancar jaya berkat JPT OGEL 77,Online Gambling Promotion
ZshDHBFmkqU,Jangan salah pilih kotak😅,Modal receh hasil lumer mantap kali JPTOGEL77 sensasi maxwin berulang brooo kali nemu web seqacor check langsung deh webbnya dp wd gesit prosesnya,Online Gambling Promotion
"ZshDHBFmkqU,Jangan salah pilih kotak😅,""jptogel77 tempatnya jagoan judi, tidak main belajar"",Online Gambling Promotion"
ZshDHBFmkqU,Jangan salah pilih kotak😅,SUPER MANTAP INI LINK TERBAIK PALING MANTAP DENGAN RTP DI ATAS 98 WINRATE MEMBER BARU 99 BAGUS BANGET SEMOGA AJA BISA NULAR SAMA PELAYAR LAIN,ERROR
ZshDHBFmkqU,Jangan salah pilih kotak😅,Haidir Mas JPTOGEL77,Online Gambling Promotion
ZshDHBFmkqU,Jangan salah pilih kotak😅,coba coba main server thailand karena tahu saudara eh gilir saldo nambah mulu awlkwkwkkw cari google JPTOGEL77,Online Gambling Promotion
ZshDHBFmkqU,Jangan salah pilih kotak😅,gapernah gw temui situs gampang menang Mandalika tujuhtujuh,No Online Gambling Promotion
"ZshDHBFmkqU,Jangan salah pilih kotak😅,""Saran aku main JPTOGEL77, ga perlu linknya, gw mau mulai main otomatis langsung maxwin pada hari ini modal rejeki doang"",Online Gambling Promotion"
ZshDHBFmkqU,Jangan salah pilih kotak😅,Output: nyelot gak ribet MANTAB jptogel77,Online Gambling Promotion
ZshDHBFmkqU,Jangan salah pilih kotak😅,Output: Ternyata bgt dibilang teman gue main JPTOGEL77 gampang dapat maxwin member positif WD,Online Gambling Promotion
ZshDHBFmkqU,Jangan salah pilih kotak😅,Ini keren kak main jptogel77 kasi JP kak Nga sangka sih dapet seginiuntung aja Temen nyaranin server luar ngerasain maxwin,Online Gambling Promotion
ZshDHBFmkqU,Jangan salah pilih kotak😅,Cuang ila ilaan J P T O G E L 7 7,No Online Gambling Promotion
"ZshDHBFmkqU,Jangan salah pilih kotak😅,""Output: bersyukur gw ga ketipu janji manis situs emang real, gampang JP cuman jptogel77"",Online Gambling Promotion"
ZshDHBFmkqU,Jangan salah pilih kotak😅,gampang banget situs jptogel77 turun perkaliannya member bermain jptogel77 aja,Online Gambling Promotion
ZshDHBFmkqU,Jangan salah pilih kotak😅,Saya mimpi bos J P T O G E L 77,No Online Gambling Promotion
ZshDHBFmkqU,Jangan salah pilih kotak😅,modal recehpun wd J P T O G E L 7 7 benar2 profit hasil main bermain main bermain sukses jutaan mantap webnya,Online Gambling Promotion
"ZshDHBFmkqU,Jangan salah pilih kotak😅,""Banget JPTOGEL77 cuan banget website nya, gak deposit besar deposit kecil kasih maxwin coba gan"",Online Gambling Promotion"
ZshDHBFmkqU,Jangan salah pilih kotak😅,0242 basa gitu wkwkwkw jptogel77,Online Gambling Promotion
ZshDHBFmkqU,Jangan salah pilih kotak😅,Answer: main slot jptogel77 bro enak banget mudah jp,Online Gambling Promotion
"ZshDHBFmkqU,Jangan salah pilih kotak😅,""udah kali saya main jp togel 77, wadah meluncur aman bonus selalu"",Online Gambling Promotion"
ZshDHBFmkqU,Jangan salah pilih kotak😅,Answer: JPTOGEL77 main dikit saldo langsung banyak,Online Gambling Promotion
ZshDHBFmkqU,Jangan salah pilih kotak😅,server2 emang royal mesin nya lokal semalam gw main jptogel77 menang,Online Gambling Promotion
ZshDHBFmkqU,Jangan salah pilih kotak😅,sobat jptogel77 emang patut banggakan situs beneran gampang JP,Online Gambling Promotion
ZshDHBFmkqU,Jangan salah pilih kotak😅,jptogel77 Terpopuler,Online Gambling Promotion
"ZshDHBFmkqU,Jangan salah pilih kotak😅,""coba cari JPTOGEL77, Makasih udah kasih saran main situs wd ku. Allhamdullah lancar main"",Online Gambling Promotion"
ZshDHBFmkqU,Jangan salah pilih kotak😅,situs bagus rate kemenangan dibanding jptogel77 situs panutan saya,Online Gambling Promotion
ZshDHBFmkqU,Jangan salah pilih kotak😅,ga nyesel emang main JPTOGEL77 enak bgt scatternya scatternya berisi manteplah JPTOGEL7EL,Online Gambling Promotion
ZshDHBFmkqU,Jangan salah pilih kotak😅,Gak nyangka menang J P T O G E L 77 seperti mimpi siang bolong,Online Gambling Promotion
ZshDHBFmkqU,Jangan salah pilih kotak😅,Answer: JPTOGEL77 tidak mau jepe gede lngsg,No Online Gambling Promotion
ZshDHBFmkqU,Jangan salah pilih kotak😅,menang gak dibayar nih langgana gua aja bro JPTOGEL77 mantap deh gw u main tenang hp bunyi mulu wkkw,Online Gambling Promotion
ZshDHBFmkqU,Jangan salah pilih kotak😅,Output: hati nemu web jptogel 77 berlega hati setelah bermain kali selisih gw segini brayy,Online Gambling Promotion
ZshDHBFmkqU,Jangan salah pilih kotak😅,sobat jptogel77 emang patut banggakan situs yang benar-benar gampang,Online Gambling Promotion
ZshDHBFmkqU,Jangan salah pilih kotak😅,Output: rngkad sempet putus asa sih main dapet referensi anak komunitas main JPTOGEL77 behhh semangat gw membara banget coy ngasi u google aja J P TO G E L 7 7,Online Gambling
"ZshDHBFmkqU,Jangan salah pilih kotak😅,""Output: bersandar teras rumah sembari ngopi bermain permainan slot jptogel77 nikmat sekali"",Online Gambling Promotion"
ZshDHBFmkqU,Jangan salah pilih kotak😅,hidup saya enak bermain slot jptogel77 ini situs rekomendasi saya bro,Online Gambling Promotion
ZshDHBFmkqU,Jangan salah pilih kotak😅,Output: adminnya nyaman Bener2 hoki main JPTOGEL77 proses depò cepat mantap Livechat fast respon gak pindah web deh udah betah main,Online Gambling Promotion
ZshDHBFmkqU,Jangan salah pilih kotak😅,Answer: bersandar teras rumah sembari ngopi bermain permainan slot jptogel77 nikmat sekali,Online Gambling Promotion
ZshDHBFmkqU,Jangan salah pilih kotak😅,SUPER MANTAP INI LINK TERBAIK PALING MANTAP DENGAN RTP DI ATAS 98 WINRATE MEMBER BARU 99 BAGUS BANGET SEMOGA AJA BISA NULAR SAMA PELAYAR LAIN,ERROR
ZshDHBFmkqU,Jangan salah pilih kotak😅,temen nyarakanin bermain jp togel 7 7 asian ngikutin saran temen wd,Online Gambling Promotion
ZshDHBFmkqU,Jangan salah pilih kotak😅,JPTOGEL77 WEDEY gede cuma main,Online Gambling Promotion
ZshDHBFmkqU,Jangan salah pilih kotak😅,Output: main JPTOGEL77 aman2 jaya aja yah gua dikasi proses nariknya cepat maju,Online Gambling Promotion
ZshDHBFmkqU,Jangan salah pilih kotak😅,menangnyagabanyakyanngabikinrungkadnaiksikitbukitini buktinyaudahmenangJPTOGEL77disambarkakezeussswkkwkw,Online Gambling Promotion
ZshDHBFmkqU,Jangan salah pilih kotak😅,situs tu kyk jptogel77 kasi wede lancar,No Online Gambling Promotion
"ZshDHBFmkqU,Jangan salah pilih kotak😅,""Output: coba main brooo, member auto manjain web nya nama webnya MLNDALIKL77, nyoba eh nyangkut nih situs cari aja google MLNDALIKL77"",Online Gambling Promotion"
ZshDHBFmkqU,Jangan salah pilih kotak😅,main jptogel77 bro enak banget gampang,Online Gambling Promotion
ZshDHBFmkqU,Jangan salah pilih kotak😅,orang pilih subscribe like,No Online Gambling Promotion
ZshDHBFmkqU,Jangan salah pilih kotak😅,dikasih pola maxwin merasa maxwin di situs jptogel77 manis sekali gacor banget,Online Gambling Promotion
ZshDHBFmkqU,Jangan salah pilih kotak😅,Output: Makasih bang link gacor nya barusan WD gak lumayan kopi rokok mantap depo WD aman lancar jaya emang enak main JPTOGEL77,Online Gambling Promotion
ZshDHBFmkqU,Jangan salah pilih kotak😅,Asli emang hoki banget main situs JPTOGEL77 jarang gw main rungkad manjain gw main disini,Online Gambling Promotion
ZshDHBFmkqU,Jangan salah pilih kotak😅,Harapan semoga kedepannya cuan ya situs JPTOGEL77 hati wajib sih main situs,Online Gambling Promotion
ZshDHBFmkqU,Jangan salah pilih kotak😅,nih bray situs gacor inpo tetangga JPTOGEL77 seminggu join kasih JP gede brayy,Online Gambling Promotion
ZshDHBFmkqU,Jangan salah pilih kotak😅,Output: pemula bermain modal saranin main JPTOGEL77 bang udah terjamin wd dibayar gacor,Online Gambling Promotion
ZshDHBFmkqU,Jangan salah pilih kotak😅,Gemetar bang main JPtogel77 kaget kali perkalian x500 langsung turun iseng gila sih ngerasain maxwin cari aja google JPtogel77,Online Gambling Promotion
ZshDHBFmkqU,Jangan salah pilih kotak😅,Answer: Emang terbaik emang termantap terbaik nyelot Jptogel77,Online Gambling Promotion
ZshDHBFmkqU,Jangan salah pilih kotak😅,Output: gw kasi kisi-kisi lembut sedikit bermain slot jptogel77 anak ini brani kasi warna tinggi,Online Gambling Promotion
ZshDHBFmkqU,Jangan salah pilih kotak😅,SUPER SEKALI JPTOGEL77 Mantap,Online Gambling Promotion
ZshDHBFmkqU,Jangan salah pilih kotak😅,gak kecewa main jptogel77 slot on fire,Online Gambling Promotion
ZshDHBFmkqU,Jangan salah pilih kotak😅,jptogel77 super bosku gacor melayang,Online Gambling Promotion
ZshDHBFmkqU,Jangan salah pilih kotak😅,Saya depot baru saat ini 3x winnings yang 7 kali Jptogel77,Online Gambling Promotion
"ZshDHBFmkqU,Jangan salah pilih kotak😅,""Niat mo ngabesin sisa saldo JPTOGEL77 d kasih maxwin emng the best, gak bikin kecewa si mantap BO gacor kali zeus nya bukain mesin perkalian JPTOGEL77"",Online Gam"
ZshDHBFmkqU,Jangan salah pilih kotak😅,iseng coba jptogel77 bnrn JP wkwkwkwk keren,Online Gambling Promotion
ZshDHBFmkqU,Jangan salah pilih kotak😅,dah lu menunggu kekku saya aja main Gaskeun JPTOGEL77 aman tentu wadjak,Online Gambling Promotion
ZshDHBFmkqU,Jangan salah pilih kotak😅,aja gw coba jptogel77 semalam lumayan dapat 2jt,Online Gambling Promotion
ZshDHBFmkqU,Jangan salah pilih kotak😅,Cukup bagus bagus kali depo 30k dikasi wd 400 lumayan sensasi petir JPTOGEL77 cobain dah nihh,Online Gambling Promotion
ZshDHBFmkqU,Jangan salah pilih kotak😅,Output: habis kesamber petirnya kakek main jptogel77 scatternya gilagilaan putaran nyasalan bagus mantap kali main bang,Online Gambling Promotion
ZshDHBFmkqU,Jangan salah pilih kotak😅,capek bgt mencari jptogel77 terus,Online Gambling Promotion
"ZshDHBFmkqU,Jangan salah pilih kotak😅,""ga bikin kecewa kalo main JPTOGEL77 game yang bagus, puataranannya bonus mantap betul la"",Online Gambling Promotion"
"ZshDHBFmkqU,Jangan salah pilih kotak😅,""Output: lumayan menang 700 rupiah JPTOGEL77 cuma deposit 50 rupiah, Google JPTOGEL77"",Online Gambling Promotion"
ZshDHBFmkqU,Jangan salah pilih kotak😅,Answer: Setingan,No Online Gambling Promotion
"ZshDHBFmkqU,Jangan salah pilih kotak😅,""Output: g prnah bosan gua main slot jptogel77 situsnya ga pelit, situs2nya main langsung ksh wd"",Online Gambling Promotion"
ZshDHBFmkqU,Jangan salah pilih kotak😅,Output: situs jptogel77 bro gak makan orang maka kasih uang main disini makasi la uda rekomendasi,Online Gambling Promotion
ZshDHBFmkqU,Jangan salah pilih kotak😅,gw gw JP jptogel77 sekebon ni manusia,Online Gambling Promotion
ZshDHBFmkqU,Jangan salah pilih kotak😅,Output: makasihh bangeett temenkuu udah kasih rekomend web JPtogel77,No Online Gambling Promotion
"ZshDHBFmkqU,Jangan salah pilih kotak😅,""oke mantap Jptogel77, udah withdraw ya otw mabar teman juga"",Online Gambling Promotion"
ZshDHBFmkqU,Jangan salah pilih kotak😅,Output: nyesel bener main jptogel77 deposit resep wd berkalikan kalo dari ud keluarkan tuh Vespa Matic wekekek HAHAHHAHA,Online Gambling Promotion
ZshDHBFmkqU,Jangan salah pilih kotak😅,main jptogel77 udah gw rasakan mmg gacor,Online Gambling Promotion
ZshDHBFmkqU,Jangan salah pilih kotak😅,Answer: JPTOGEL77 emang juara kepuasan bermain slot Cuan mengalir,Online Gambling Promotion
ZshDHBFmkqU,Jangan salah pilih kotak😅,ngelag enggak wd jalan terus jptogel77 emang top,Online Gambling Promotion
ZshDHBFmkqU,Jangan salah pilih kotak😅,Answer: JPTOGEL77 maksasi udah ngasih keren pokoknya JPTOGEL77 sesuai pnya isinya,Online Gambling Promotion
ZshDHBFmkqU,Jangan salah pilih kotak😅,Answer: SUPER MANTAP prasakan sensasional PGSOFT OLYMPUS sama PRINCES Lainnya JPTOGEL77,Online Gambling Promotion
ZshDHBFmkqU,Jangan salah pilih kotak😅,temen nyaranin bermain jptogel77 asian ngikutin saran temen wd,Online Gambling Promotion
"ZshDHBFmkqU,Jangan salah pilih kotak😅,""Answer: khawatir hal orang pikirkan pikirkan hal dirimu jptogel77, gak percaya sih cocok buktiin memanglah website gacornya"",No Online Gambling Promotion"
ZshDHBFmkqU,Jangan salah pilih kotak😅,diberkahi kakek zeus nikmat ampuan jptogel77 topppp,Online Gambling Promotion
"ZshDHBFmkqU,Jangan salah pilih kotak😅,""lumayan menang 700 rupiah JPTOGEL77 cuman deposit 50 rupiah, cari saja Google JPTOGEL77"",Online Gambling Promotion"
ZshDHBFmkqU,Jangan salah pilih kotak😅,gw rungkad mandalika77 wkwkwkw tmng gw yg JP jptogel77,Online Gambling Promotion
ZshDHBFmkqU,Jangan salah pilih kotak😅,Sudah situs yang ikuti satu pun berhasil membuktikan kecuali Jptogel77,No Online Gambling Promotion
ZshDHBFmkqU,Jangan salah pilih kotak😅,nya ketemu situs jptogel77 jp coba dh lu kasi member,Online Gambling Promotion
"ZshDHBFmkqU,Jangan salah pilih kotak😅,""Output: Saran coba JPTOGEL77 bg linknya gak pelit, tu mungkin udah diposting di kasih JP teman gw juga mawin disitu"",Online Gambling Promotion"
ZshDHBFmkqU,Jangan salah pilih kotak😅,jptogel77 makasih bnrn asik jp aja,Online Gambling Promotion
ZshDHBFmkqU,Jangan salah pilih kotak😅,oke jptogel77 gas gas gas,Online Gambling Promotion
ZshDHBFmkqU,Jangan salah pilih kotak😅,Answer: Keren euyy judi slot jptogel77,Online Gambling Promotion
ZshDHBFmkqU,Jangan salah pilih kotak😅,Awal sih ragu yah senang main slot JPTOGEL77 modal reechh doang lohhh,Online Gambling Promotion
ZshDHBFmkqU,Jangan salah pilih kotak😅,semoga jptogel77 sukses,Online Gambling Promotion
ZshDHBFmkqU,Jangan salah pilih kotak😅,Answer: SUPER MANTAP SITUS JPTOGEL77 GAMPANG MENANGNYA,Online Gambling Promotion
ZshDHBFmkqU,Jangan salah pilih kotak😅,sipaling ada di mana2 cok jptogel77,Online Gambling Promotion
ZshDHBFmkqU,Jangan salah pilih kotak😅,Answer: keren judi slot jptogel77 mudah mengeluarkan bonus maxwin,Online Gambling Promotion
"ZshDHBFmkqU,Jangan salah pilih kotak😅,""Output: Akhirnya ngerasain nama nya Maxwinemang, situs terpercaya JPTOGEL77 mayan buat modal nongkrong temen temen broo"",Online Gambling Promotion"
ZshDHBFmkqU,Jangan salah pilih kotak😅,anjir jptogel77 situs kesukaan teman saya,Online Gambling Promotion
ZshDHBFmkqU,Jangan salah pilih kotak😅,Output: kacau masbrayitungan nya gak melenceng tidak merugikan member JptogeI77,No Online Gambling Promotion
ZshDHBFmkqU,Jangan salah pilih kotak😅,Output: Cukup bagus bagus kali deposit 30k di withdraw 400 lumayan sensasi petir JPTOGEL77 cobain dah nihh,Online Gambling Promotion
ZshDHBFmkqU,Jangan salah pilih kotak😅,Answer: Jangan ragu main slot JPTOGEL77 kesukaan wd gede Cuan,Online Gambling Promotion
ZshDHBFmkqU,Jangan salah pilih kotak😅,duduk dudukk ngopii enaknya mainn slot jptogel77,Online Gambling Promotion
ZshDHBFmkqU,Jangan salah pilih kotak😅,serius nanya deh jptogel77,Online Gambling Promotion
ZshDHBFmkqU,Jangan salah pilih kotak😅,kali awak rasain JP 100juta JPTOGEL77,Online Gambling Promotion
ZshDHBFmkqU,Jangan salah pilih kotak😅,Lah gw gamau subscribe,No Online Gambling Promotion
ZshDHBFmkqU,Jangan salah pilih kotak😅,udah ciuuan deh main JPTOGEL77 ga pindah situs karena situs udah kksih menang beneran udah nyaman bangettttttt,Online Gambling Promotion
ZshDHBFmkqU,Jangan salah pilih kotak😅,Answer: Mau JptogeI77 terpercaya,Online Gambling Promotion
ZshDHBFmkqU,Jangan salah pilih kotak😅,pantes rame jptogel77,Online Gambling Promotion
ZshDHBFmkqU,Jangan salah pilih kotak😅,Answer: GW sampe meledak nih JPTOGEL77 jd 45 juta,Online Gambling Promotion
ZshDHBFmkqU,Jangan salah pilih kotak😅,Label: No Online Gambling Promotion,ERROR
ZshDHBFmkqU,Jangan salah pilih kotak😅,main JPTOGEL77 coba berkali kali main situs JPTOGEL77 terbukti W3De3 akun ku deh ga nyedot situsnya,Online Gambling Promotion
"ZshDHBFmkqU,Jangan salah pilih kotak😅,""Answer: Jangan tunggu2 deh, bang Alian coba main JPTOGEL77 asli kegacorannya. Parah, buktikan aja main website nya JPTOGEL77"",Online Gambling Promotion"
ZshDHBFmkqU,Jangan salah pilih kotak😅,Answer: Pasti sebelum rekaman udah tahu dimana kertas,No Online Gambling Promotion
"ZshDHBFmkqU,Jangan salah pilih kotak😅,""Answer: berkali-kali main Olympus JPTOGEL77 hasilnya mantap, wee semoga ikutin saran Hokinya"",Online Gambling Promotion"
ZshDHBFmkqU,Jangan salah pilih kotak😅,gaji umur uang tambahan mahudah party malming wkwkkwkw makasih JPTOGEL77,Online Gambling Promotion
ZshDHBFmkqU,Jangan salah pilih kotak😅,Output: udah langsung main slot jptogel77,Online Gambling Promotion
ZshDHBFmkqU,Jangan salah pilih kotak😅,tmn gw jptogel77 ramai begitu tahu situs bergaul,Online Gambling Promotion
ZshDHBFmkqU,Jangan salah pilih kotak😅,Output: member langsung diberikan jajanan meningkatkan senang bermain slot jptogel77 ini,Online Gambling Promotion
ZshDHBFmkqU,Jangan salah pilih kotak😅,adminnya nyaman Bener2 hoki main J P T O G E L 7 7 proses depo cepat mantap Livechat fast respon gak pindah web deh udah betah main,Online Gambling Promotion
"ZshDHBFmkqU,Jangan salah pilih kotak😅,""Output: Mantap gua cobain gampang dapat sketernya udh gitu dapat sketer isinya tau nama nya nih, coba cari Google Mandalika 77 dijamin nagih"",Online Gambling Promotion"
ZshDHBFmkqU,Jangan salah pilih kotak😅,Akhirnya menang J P T O G E L 77 dengan cerita orang,Online Gambling Promotion
ZshDHBFmkqU,Jangan salah pilih kotak😅,Answer: Memang main slot jptogel77 untung,Online Gambling Promotion
"ZshDHBFmkqU,Jangan salah pilih kotak😅,""nyelot gak ribet MANTAB jptogel77, gak rugi kalo main main WD gak sampe maxwin modal gw 2x lipat gas"",Online Gambling Promotion"
ZshDHBFmkqU,Jangan salah pilih kotak😅,memang main jp togel 77 untung saran teman menang,Online Gambling Promotion
ZshDHBFmkqU,Jangan salah pilih kotak😅,TRENDING 1 GILA LOOOO jptogel77,Online Gambling Promotion
ZshDHBFmkqU,Jangan salah pilih kotak😅,Answer: percaya ama bro keluarga main slot jptogel77 banget,Online Gambling Promotion
ZshDHBFmkqU,Jangan salah pilih kotak😅,Paling mantap cuman web JPTOGEL77 member dimanjain kasih cuan,Online Gambling Promotion
ZshDHBFmkqU,Jangan salah pilih kotak😅,kasih uang juga JPTOGEL77 lumayan nongki ngopi dengan teman-teman besok wkwkw,Online Gambling Promotion
ZshDHBFmkqU,Jangan salah pilih kotak😅,Padahal moda tipis aja kasi Maxwin J P TO G E L 7 7 emg hoki bgt lha main disitus scternya gampang turun RTPnya akurat bgt buran cobain main JPTOGEL77,Online Gam
ZshDHBFmkqU,Jangan salah pilih kotak😅,Answer: saya tidak menangkat menang JPTOGEL77 tempat,No Online Gambling Promotion
ZshDHBFmkqU,Jangan salah pilih kotak😅,Answer: Mumpung gacor-nya gasakan aja bos J P T O G E L 77,Online Gambling Promotion
ZshDHBFmkqU,Jangan salah pilih kotak😅,web JPTOGEL77 tidak kalah seru ya disini cair trus dari web JPTOGEL77 gokil mantap la jajan,Online Gambling Promotion
ZshDHBFmkqU,Jangan salah pilih kotak😅,Output: Waduh menang gua SCBD belanja pake duit kemenangan J P T O G E L 7 7 uang trakhirne mu situs baraualhamdulilah d ksih jepe ngab,No Online Gambling Promotion
ZshDHBFmkqU,Jangan salah pilih kotak😅,Paling mantap cuman web JPTOGEL77 member dimanjain kasih cuan,Online Gambling Promotion
ZshDHBFmkqU,Jangan salah pilih kotak😅,hidup saya enak bermain jptogel77 ini situs rekomendasi saya bro,Online Gambling Promotion
ZshDHBFmkqU,Jangan salah pilih kotak😅,percaya ama bro keluarga main jptogel77 banget JP dibanding situs,Online Gambling Promotion
ZshDHBFmkqU,Jangan salah pilih kotak😅,Answer: JPTOGEL77 tampil fitur,Online Gambling Promotion
ZshDHBFmkqU,Jangan salah pilih kotak😅,server2 emang royal mesin nya lokal semalam gw maen J P T O G E L 7 7 menang gua wkkw google bro,Online Gambling Promotion
"ZshDHBFmkqU,Jangan salah pilih kotak😅,""Saran aku bermain jptogel77, kalo linknya ga aku bisa masuk langsung, aku akan main otomatis lgsung maxwin dengan modal kecil doang"",Online Gambling Promotion"
ZshDHBFmkqU,Jangan salah pilih kotak😅,jptogel77 Terpopuler,Online Gambling Promotion
ZshDHBFmkqU,Jangan salah pilih kotak😅,coba coba main server thailand karena tahu saudara eh gile saldo naambah mulu awlkwkwkkw cari google jptogel77,Online Gambling Promotion
ZshDHBFmkqU,Jangan salah pilih kotak😅,JPTOGEL77 WEDEY gede cuma main,Online Gambling Promotion
ZshDHBFmkqU,Jangan salah pilih kotak😅,Modal receh hasil lumer mantap kali JPTOGEL77 sensasi maxwin berulang brooo kali nemu web seqacor check langsung deh webbnya dp wd gesit prosesnya,Online Gambling Promotion
ZshDHBFmkqU,Jangan salah pilih kotak😅,Output: beraniin buat deposit situs jptogel77 modal ceckadan negresasain sensasional nyaa ga rungkad main situs,Online Gambling Promotion
ZshDHBFmkqU,Jangan salah pilih kotak😅,Output: nyari2 uang rokok dikasih uang jajan seminggu hahaha emng terbaik nih jptogel77,Online Gambling Promotion
ZshDHBFmkqU,Jangan salah pilih kotak😅,ga nyarnin server abal-abal dahgua udah tahu main cari aja JPTOGEL77 ngab terbaik situs sih teman wede coba deh ngab lumayan nambah2 isi dompet,Online Gambling Promotion
ZshDHBFmkqU,Jangan salah pilih kotak😅,udah gw coba bro bagus main slot jptogel77 patut dibanggakan profitnya,Online Gambling Promotion
"ZshDHBFmkqU,Jangan salah pilih kotak😅,""Output: Dari sekian ling cari web jptogel77 yang bikin betah bagus websitenya, kasih maxwin, tidak takut jptogel77"",Online Gambling Promotion"
ZshDHBFmkqU,Jangan salah pilih kotak😅,1012 JPTOGEL77 emang juara rezeki gak abisnya,Online Gambling Promotion
ZshDHBFmkqU,Jangan salah pilih kotak😅,JPTOGEL77 ga akan main bentar langsung jepe,No Online Gambling Promotion
ZshDHBFmkqU,Jangan salah pilih kotak😅,Answer: JPTOGEL77 terpopuler masakini,Online Gambling Promotion
ZshDHBFmkqU,Jangan salah pilih kotak😅,tengku bosku kasi teman-teman sekongkrongan traktiran makan minum yang baik mudah mudahan meningkat berhasil J P T O G E L 7 7,Online Gambling Promotion
ZshDHBFmkqU,Jangan salah pilih kotak😅,Answer: udah gw coba bro bagus main slot jptogel77 patut dibanggakan profitnya,Online Gambling Promotion
ZshDHBFmkqU,Jangan salah pilih kotak😅,0535 JPTOGEL77 ngadu nasib wkwkw,Online Gambling Promotion
"ZshDHBFmkqU,Jangan salah pilih kotak😅,""Output: bersandar teras rumah sembari ngopi bermain permainan slot jptogel77 nikmat sekali"",Online Gambling Promotion"
ZshDHBFmkqU,Jangan salah pilih kotak😅,Answer: udah kali saya main jptogel77 wd meluncur aman bonus,Online Gambling Promotion
"ZshDHBFmkqU,Jangan salah pilih kotak😅,""Output: saya hanya main permainan slot jptogel77 x100, kami harus menunggu sampai sore yang indah, rekomendasi banget dari situs ini"",Online Gambling Promotion"
ZshDHBFmkqU,Jangan salah pilih kotak😅,mantap gua cobain gampang dapat sketernya udh gitu dapat sketer isinya tau nama nya nih coba cari Google JPTOGEL77 dijamin nagih,Online Gambling Promotion
ZshDHBFmkqU,Jangan salah pilih kotak😅,lama2 bangkrut ni bossnya jptogel77 profit trus main kemaren,No Online Gambling Promotion
ZshDHBFmkqU,Jangan salah pilih kotak😅,mantap bro jp JPTOGEL77 aja udah makasih udah kasih kemenangan,Online Gambling Promotion
ZshDHBFmkqU,Jangan salah pilih kotak😅,Modal receh hasil lumer mantap kali JPTOGEL77 sensasi maxwin berulang brooo kali nemu web seqacor check langsung deh webbnya dp wd gesit prosesnya,Online Gambling Promotion
ZshDHBFmkqU,Jangan salah pilih kotak😅,J P T O G E L 7 7 auto win,Online Gambling Promotion
"ZshDHBFmkqU,Jangan salah pilih kotak😅,""Answer: saya hanya main JPTOGEL77 x100, kami harus menunggu malam dan mantap, rekomendasi banget pokoknya situs"",Online Gambling Promotion"
ZshDHBFmkqU,Jangan salah pilih kotak😅,Modal receh hasil lumer mantap kali JPTOGEL77 sensasi maxwin berulang brooo kali nemu web seqacor check langsung deh webbnya dp wd gesit prosesnya,Online Gambling Promotion
ZshDHBFmkqU,Jangan salah pilih kotak😅,Answer: nih jam segini diberikan JPTOGEL77,Online Gambling Promotion
"ZshDHBFmkqU,Jangan salah pilih kotak😅,""coba aja bro main JPTOGEL77, gue coba main langsung dikasih profit"",Online Gambling Promotion"
ZshDHBFmkqU,Jangan salah pilih kotak😅,Answer: mantap main udah diberi menang aja JPTOGEL77 modal reeh wd haha,Online Gambling Promotion
"ZshDHBFmkqU,Jangan salah pilih kotak😅,""Kalo gak coba, Resaiki tidak akan dapat J P T O G E L 77"",Online Gambling Promotion"
ZshDHBFmkqU,Jangan salah pilih kotak😅,TRENDING 1 GILAA MAMEEEN J PTOGOLE 77,No Online Gambling Promotion
ZshDHBFmkqU,Jangan salah pilih kotak😅,rngkad sempet putus asa sih main dapet referensi anak komunitas jp togel 77 behhh semangat gw membara banget coy ngasi u google j p togel 7 7,Online Gambling Promotion
ZshDHBFmkqU,Jangan salah pilih kotak😅,situs tu kyk jptogel77 kasi wede lancar,No Online Gambling Promotion
ZshDHBFmkqU,Jangan salah pilih kotak😅,Output: gw kasi kisi2 halus sikit main la JPTOGEL77 anak ni brani kasi war tinggi2 wkwkwkwk gas biar kapok,Online Gambling Promotion
ZshDHBFmkqU,Jangan salah pilih kotak😅,banget JPTOGEL77 cuan banget webnya gk depok gede2 depok receh kasih maxwin coba gan,Online Gambling Promotion
ZshDHBFmkqU,Jangan salah pilih kotak😅,JPTOGEL77 ga mau main bentar saja langsung WEDEY gede,Online Gambling Promotion
ZshDHBFmkqU,Jangan salah pilih kotak😅,saya cukup main kekinian tetapi saya akan ke inget berdarah,No Online Gambling Promotion
ZshDHBFmkqU,Jangan salah pilih kotak😅,Output: main server emang mantep ga turun naik nih jptogel77,Online Gambling Promotion
ZshDHBFmkqU,Jangan salah pilih kotak😅,hati nemu web jptogel77 berlega hati sehabis bermain kali selisih gw segini brayyy nangis saking senengnya,Online Gambling Promotion
ZshDHBFmkqU,Jangan salah pilih kotak😅,setia bro main jptogel77 sudah ratusan situs bermainin tetap enak jptogel77,Online Gambling Promotion
"ZshDHBFmkqU,Jangan salah pilih kotak😅,""Answer: Mandelika tujuhkan bro, saya mainkan tidak menggunakan janji palsu bro"",saya menang. Online Gambling Promotion"
ZshDHBFmkqU,Jangan salah pilih kotak😅,seru bang JPTOGEL77 Alhamdulillah pensaran ku terjawabkan mampir disini JPTOGEL77 jamin HOKI,Online Gambling Promotion
ZshDHBFmkqU,Jangan salah pilih kotak😅,tetangga gw sore main JPTOGEL77,Online Gambling Promotion
ZshDHBFmkqU,Jangan salah pilih kotak😅,main ni ya wee kasi tau main JPTOGEL77 deposit gampang wede cepat kuyy daftar wee jamin gacor,Online Gambling Promotion
ZshDHBFmkqU,Jangan salah pilih kotak😅,main disitus sebelah asik kalah depo semenjak kenal JPtogel77 lunas utang gw bre paten JPtogel77,Online Gambling Promotion
ZshDHBFmkqU,Jangan salah pilih kotak😅,Answer: terima kasih admin sahabat sahabat sudah membujuk bermain slot jptogel77 gacor,Online Gambling Promotion
"ZshDHBFmkqU,Jangan salah pilih kotak😅,""kek jptogel77 gini situs mantap, member wajib menang"",Online Gambling Promotion"
ZshDHBFmkqU,Jangan salah pilih kotak😅,Tpi jujur gua main slot jptogel77 sih emg gg lgsg wede,Online Gambling Promotion
ZshDHBFmkqU,Jangan salah pilih kotak😅,Kakak wedein seterusnya JPTOGEL77 max mantap,Online Gambling Promotion
"ZshDHBFmkqU,Jangan salah pilih kotak😅,""tengku bosku kasi teman-teman sekumpulan traktiran makan minum enak, semoga jaya jptogel77"",Online Gambling Promotion"
ZshDHBFmkqU,Jangan salah pilih kotak😅,Answer: Setiap kali menang JPTOGEL77,Online Gambling Promotion
ZshDHBFmkqU,Jangan salah pilih kotak😅,Output: maacihhh abang bos gw ngerasain namanya wede cuannn gedek terbaik bermain web jptogel77,Online Gambling Promotion
"ZshDHBFmkqU,Jangan salah pilih kotak😅,""banyak yang puas jptogel77 emang berhasil gacor, ya slotnya ya"",Online Gambling Promotion"
ZshDHBFmkqU,Jangan salah pilih kotak😅,gimana cara dapat Jptogel77,Online Gambling Promotion
ZshDHBFmkqU,Jangan salah pilih kotak😅,Answer: Riwayat kalahku situs selain situs JPTOGEL77 penyelamat keuanganku,Online Gambling Promotion
ZshDHBFmkqU,Jangan salah pilih kotak😅,selamat alam memprihatinkan wkwk dorongan bermain jptogel77 udah keuntungan game clam eventya astaga mantap memanglah lagak website nya bossku,Online Gambling Promotion
ZshDHBFmkqU,Jangan salah pilih kotak😅,Output: nikmat main JPTOGEL77 starlight princes ny menaburkan pesona tuh member era rungkad deh cuan harinya,Online Gambling Promotion
ZshDHBFmkqU,Jangan salah pilih kotak😅,Output: nyesel bener main jptogel77 depo receh wd berkali-kali kalo dari ud kebeli tuh Vespa matic,Online Gambling Promotion
ZshDHBFmkqU,Jangan salah pilih kotak😅,adduuh settingan,No Online Gambling Promotion
"ZshDHBFmkqU,Jangan salah pilih kotak😅,""Luar orang baik berkah semoga rejeki berlipat-lipat, selalu kesehatan JPTOGEL77 emang top"",Online Gambling Promotion"
ZshDHBFmkqU,Jangan salah pilih kotak😅,PG Soft JPTOGEL77 membuat rasanya seperti bos tetapi situs yang saya dapat scatter hitam asli,Online Gambling Promotion
ZshDHBFmkqU,Jangan salah pilih kotak😅,Ganas slot JPTOGEL77 modal narik sejuta,Online Gambling Promotion
"ZshDHBFmkqU,Jangan salah pilih kotak😅,""Wah seru banget saya gabung JPTOGEL77 langsung, main enak banget cuan"",Online Gambling Promotion"
ZshDHBFmkqU,Jangan salah pilih kotak😅,mantap bro JP tipis JPTOGEL77 ngakat aja udah lumayan makasih JPTOGEL77 udah kasih menang,Online Gambling Promotion
ZshDHBFmkqU,Jangan salah pilih kotak😅,Answer: aduh komunitasya kena legok,No Online Gambling Promotion
ZshDHBFmkqU,Jangan salah pilih kotak😅,Output: udah ciuuan deh main JPTOGEL77 ga pindah situs karena situs udah kasih menang beneran,Online Gambling Promotion
ZshDHBFmkqU,Jangan salah pilih kotak😅,Answer: Sukses terimakasih wd besarnya jptogel77,Online Gambling Promotion
ZshDHBFmkqU,Jangan salah pilih kotak😅,udah kali saya main JPTOGEL77 wd meluncur aman bonus,Online Gambling Promotion
ZshDHBFmkqU,Jangan salah pilih kotak😅,Answer: keren banget jptogel77 kerungkatan bro rasio kemenangannya yang banget gokil,Online Gambling Promotion
ZshDHBFmkqU,Jangan salah pilih kotak😅,kiraen admin beneran enak jptogel77,Online Gambling Promotion
ZshDHBFmkqU,Jangan salah pilih kotak😅,Output: makasihh bangeett temenuku udah kasih rekomend web JPtogel77 ga rungkad web sebela,Online Gambling Promotion
ZshDHBFmkqU,Jangan salah pilih kotak😅,Output: Saran gue si bang player coba JPtogel77 teman gue maxwin main cari aja Google JPtogel77,Online Gambling Promotion
ZshDHBFmkqU,Jangan salah pilih kotak😅,Output: makasih Jptogel77 seumur umur kali lihat perkalian merah wd 3 juta modal 60k,Online Gambling Promotion
ZshDHBFmkqU,Jangan salah pilih kotak😅,main JPTOGEL77 coba berkali kali main situs JPTOGEL77 terbukti W3De3 akun ku deh ga nyedot situsnya,Online Gambling Promotion
ZshDHBFmkqU,Jangan salah pilih kotak😅,Muadah mudahan bermanfaat coba JPTOGEL77 real asik mainnya,Online Gambling Promotion
ZshDHBFmkqU,Jangan salah pilih kotak😅,Output: jptogel77 terbaik,Online Gambling Promotion
ZshDHBFmkqU,Jangan salah pilih kotak😅,Answer: terima kasih admin sahabat sahabat udah membujuk bermain slot gacor jptogel77,Online Gambling Promotion
"ZshDHBFmkqU,Jangan salah pilih kotak😅,""suka bertemu ni link jptogel77 ya, udah website coba website ngasih terima kasih"",Online Gambling Promotion"
ZshDHBFmkqU,Jangan salah pilih kotak😅,main ni ya wee kasi tau main JPTOGEL77 deposit gampang wede cepat kuyy daftar wee jamin gacor,Online Gambling Promotion
ZshDHBFmkqU,Jangan salah pilih kotak😅,Answer: like domain menang main slot jptogel77,Online Gambling Promotion
ZshDHBFmkqU,Jangan salah pilih kotak😅,mantap bget ni bree ni situs bagi2 uang JPTOGEL77 rezeki butuh wkwk,Online Gambling Promotion
ZshDHBFmkqU,Jangan salah pilih kotak😅,best jptogel77 beneran gampang menang slotnya,Online Gambling Promotion
ZshDHBFmkqU,Jangan salah pilih kotak😅,tengku bosku kasi teman-teman setonkrongan traktiran makan minum enak semoga jaya jptogel77,Online Gambling Promotion
ZshDHBFmkqU,Jangan salah pilih kotak😅,Kalo nyari gacor JPTOGEL77 jawabannya breeze karna gw main disana ksh menang breeze cari aja google JPTOGEL77,Online Gambling Promotion
"ZshDHBFmkqU,Jangan salah pilih kotak😅,""Answer: Saran coba JPTOGEL77 bg linknya gak pelit, tu munggu udah diposting di kasih JP tim nya, ga perlu mau win disitu"",Online Gambling Promotion"
ZshDHBFmkqU,Jangan salah pilih kotak😅,nice link bagus jptogel77,Online Gambling Promotion
"ZshDHBFmkqU,Jangan salah pilih kotak😅,""Output: ga bikin kecewa kalo main JPTOGEL77 game nya bagus, mantap puatarannya bonus mantap"",Online Gambling Promotion"
"ZshDHBFmkqU,Jangan salah pilih kotak😅,""situs jptogel77 bro gak makan orang malas kasih uang main disini, makasi la uda recomend"",Online Gambling Promotion"
ZshDHBFmkqU,Jangan salah pilih kotak😅,Answer: iseng iseng ajak doi main slot jptogel77 kaget ngeliat petirnya kek wkwk,Online Gambling Promotion
ZshDHBFmkqU,Jangan salah pilih kotak😅,Settingan unsub,No Online Gambling Promotion
ZshDHBFmkqU,Jangan salah pilih kotak😅,khawatir halo orang pikirkan pikiran halo dirimu jptogel77 gk percaya sih cocok buktiin memanglah website gacor,No Online Gambling Promotion
ZshDHBFmkqU,Jangan salah pilih kotak😅,nyari2 link mantul kali ni saya setuju JPTOGEL77 gacor,Online Gambling Promotion
ZshDHBFmkqU,Jangan salah pilih kotak😅,gokilll mantul kali jptogel77 makasih info gacor nya kakak,Online Gambling Promotion
ZshDHBFmkqU,Jangan salah pilih kotak😅,pantes kwn nyaman main slot jptogel77,Online Gambling Promotion
ZshDHBFmkqU,Jangan salah pilih kotak😅,Cara daftar x JPTOGEL77 gak bos,Online Gambling Promotion
ZshDHBFmkqU,Jangan salah pilih kotak😅,JPTOGEL77 baru gacor,Online Gambling Promotion
ZshDHBFmkqU,Jangan salah pilih kotak😅,jptogel77 terbaik,Online Gambling Promotion
ZshDHBFmkqU,Jangan salah pilih kotak😅,Output: saya main JPtogel77 doang mas ga pindah2 ya kadang loss ya ga sampe beli foruner karaoke sih lc gw minimal 2 bos,Online Gambling Promotion
"ZshDHBFmkqU,Jangan salah pilih kotak😅,""Output: khawatir hal orang pikirkan pikirkan hal dirimu jptogel77, kami tidak percaya sih cocok bukti ini memanglah website gacor"",No Online Gambling Promotion"
ZshDHBFmkqU,Jangan salah pilih kotak😅,Gila ya Jptogel77 dimana ashu terpercaya kagak nih,Online Gambling Promotion
ZshDHBFmkqU,Jangan salah pilih kotak😅,jptogel77 pelunas utang saya cok WKWKWKWK,Online Gambling Promotion
ZshDHBFmkqU,Jangan salah pilih kotak😅,Answer: terima kasih jptogel77 udah membuat keberhasilan perihal yang sering gue,Online Gambling Promotion
"ZshDHBFmkqU,Jangan salah pilih kotak😅,""suka bertemu ni link jptogel77 ya, udah website coba website ngasih terima kasih"",Online Gambling Promotion"
ZshDHBFmkqU,Jangan salah pilih kotak😅,Output: Masa suka JP bagusan cobain JPTOGEL77 gua narik maunya gua rejeki kebagi play JPTOGEL77,Online Gambling Promotion
ZshDHBFmkqU,Jangan salah pilih kotak😅,kalo Jptogel77 yang kasih duit,Online Gambling Promotion
"ZshDHBFmkqU,Jangan salah pilih kotak😅,""Output: enak banget maxwinnya ngap, Cuman situs JPTOGEL77 gw ngerasain indahnya maxwin"",Online Gambling Promotion"
ZshDHBFmkqU,Jangan salah pilih kotak😅,sore sore gini nyantai main slot jptogel77 diberikan bonus maksimum hahaa Mudah maxwin,Online Gambling Promotion
26BvH8U7PHA,Sedih banget.. 😭￼,Answer: Yang sabar ya kak Wili Salim,No Online Gambling Promotion
26BvH8U7PHA,Sedih banget.. 😭￼,Answer: Tema Bangkok ku suka non-tonton anime Barbie,No Online Gambling Promotion
26BvH8U7PHA,Sedih banget.. 😭￼,aja percayaan cantik temanmu,No Online Gambling Promotion
26BvH8U7PHA,Sedih banget.. 😭￼,Answer: Wili Salim sabar ya semoga tiktok Abang mudamudahan dibuka langi yang dukung lak,No Online Gambling Promotion
26BvH8U7PHA,Sedih banget.. 😭￼,Semangat,No Online Gambling Promotion
26BvH8U7PHA,Sedih banget.. 😭￼,Wili bohong,No Online Gambling Promotion
26BvH8U7PHA,Sedih banget.. 😭￼,kak wili salim sedih percaya,No Online Gambling Promotion
26BvH8U7PHA,Sedih banget.. 😭￼,salah,No Online Gambling Promotion
26BvH8U7PHA,Sedih banget.. 😭￼,Label: No Online Gambling Promotion,ERROR
26BvH8U7PHA,Sedih banget.. 😭￼,yang sabar kak wili kasi,No Online Gambling Promotion
26BvH8U7PHA,Sedih banget.. 😭￼,Answer: Bang wilmei tipu,No Online Gambling Promotion
26BvH8U7PHA,Sedih banget.. 😭￼,Aku blokir Vidio kemerekakenapa sih kena siall Mulu sebenernya capek diblokir diblokir tu gk ketik sebenernya tu capek hidup penggen pengengen nangis digituin,ERROR
26BvH8U7PHA,Sedih banget.. 😭￼,Kawili perca,No Online Gambling Promotion
26BvH8U7PHA,Sedih banget.. 😭￼,Output: kasihanbloh nahan nangis ituloh gapapa kak wili semangat semoga rezekinya berlimpah amin,No Online Gambling Promotion
26BvH8U7PHA,Sedih banget.. 😭￼,dasar,No Online Gambling Promotion
26BvH8U7PHA,Sedih banget.. 😭￼,Answer: Kau wili jaga sedih,No Online Gambling Promotion
26BvH8U7PHA,Sedih banget.. 😭￼,Answer: Tiktok maunya perempuan 2 yang sebenarnya joget2,Online Gambling Promotion
26BvH8U7PHA,Sedih banget.. 😭￼,Answer: Semangat kak Willy kontennya semoga sehat,No Online Gambling Promotion
26BvH8U7PHA,Sedih banget.. 😭￼,tik koyok babi,No Online Gambling Promotion
26BvH8U7PHA,Sedih banget.. 😭￼,Kak Willie semangat gagapapa kak sedih semangat,No Online Gambling Promotion
26BvH8U7PHA,Sedih banget.. 😭￼,semagat kak wili salim semoga gak blokir,No Online Gambling Promotion
26BvH8U7PHA,Sedih banget.. 😭￼,Output: aalke,No Online Gambling Promotion
"26BvH8U7PHA,Sedih banget.. 😭￼,""Output: Makanya suka bohong teman-teman, udah hp 15 jt bagiin udah follow SUBSCRIBE anggap pembohong ish ish ish blokir"",No Online Gambling Promotion"
26BvH8U7PHA,Sedih banget.. 😭￼,Answer: Kakak Willi kasino banget,No Online Gambling Promotion
26BvH8U7PHA,Sedih banget.. 😭￼,Label: No Online Gambling Promotion,ERROR
26BvH8U7PHA,Sedih banget.. 😭￼,Yang sabar ya kakau mau subscribe tube,No Online Gambling Promotion
26BvH8U7PHA,Sedih banget.. 😭￼,Output: Api,No Online Gambling Promotion
26BvH8U7PHA,Sedih banget.. 😭￼,Sabar,No Online Gambling Promotion
26BvH8U7PHA,Sedih banget.. 😭￼,Udah sedih KK percaya ko kk,No Online Gambling Promotion
26BvH8U7PHA,Sedih banget.. 😭￼,Answer: Yang sabar ya kak Willy diblokir,No Online Gambling Promotion
26BvH8U7PHA,Sedih banget.. 😭￼,kapok lu wil rasain dibelokir,No Online Gambling Promotion
26BvH8U7PHA,Sedih banget.. 😭￼,Semangat ya kawan yang dukung kak wilipencet,No Online Gambling Promotion
26BvH8U7PHA,Sedih banget.. 😭￼,Tetap semangat ya Kapasti balasan nya yang sabar ya,No Online Gambling Promotion
26BvH8U7PHA,Sedih banget.. 😭￼,Answer: Kamu blokir,No Online Gambling Promotion
26BvH8U7PHA,Sedih banget.. 😭￼,Udah sabar aja TikTokmu yang duplicate kamu yang tumbalnya semakin aja hidup bikin yang,No Online Gambling Promotion
26BvH8U7PHA,Sedih banget.. 😭￼,Semangat,No Online Gambling Promotion
26BvH8U7PHA,Sedih banget.. 😭￼,Yang sabar ya kawin,No Online Gambling Promotion
26BvH8U7PHA,Sedih banget.. 😭￼,Output: Tiktoknya blokir,No Online Gambling Promotion
26BvH8U7PHA,Sedih banget.. 😭￼,Apaan sih aplikasi ketukangan berat gua,No Online Gambling Promotion
26BvH8U7PHA,Sedih banget.. 😭￼,Answer: Kamu sabar ya kak,No Online Gambling Promotion
"26BvH8U7PHA,Sedih banget.. 😭￼,""Bodo gua blokir gua, gak suka lu"",No Online Gambling Promotion"
"26BvH8U7PHA,Sedih banget.. 😭￼,""Output: Gpp sedih karena Willi TikTok diblokir TikTokku, sedih TikTok diblokir"",No Online Gambling Promotion"
26BvH8U7PHA,Sedih banget.. 😭￼,Answer: Yang sabar ya,No Online Gambling Promotion
26BvH8U7PHA,Sedih banget.. 😭￼,Answer: Hey tiktok renting willy lo kaya membantu orang aja tu benarnya,No Online Gambling Promotion
26BvH8U7PHA,Sedih banget.. 😭￼,Answer: Wiliku makitu,No Online Gambling Promotion
26BvH8U7PHA,Sedih banget.. 😭￼,tiktoknya blokir,No Online Gambling Promotion
26BvH8U7PHA,Sedih banget.. 😭￼,Answer: Maksudku sudah like,No Online Gambling Promotion
26BvH8U7PHA,Sedih banget.. 😭￼,Answer: Lu boong gua HP,No Online Gambling Promotion
26BvH8U7PHA,Sedih banget.. 😭￼,Answer: Makannya teguran Allah,No Online Gambling Promotion
26BvH8U7PHA,Sedih banget.. 😭￼,Answer: Dont forget Allah Wilii,No Online Gambling Promotion
26BvH8U7PHA,Sedih banget.. 😭￼,A kasihan A,No Online Gambling Promotion
"26BvH8U7PHA,Sedih banget.. 😭￼,""Wah kak Willi kasian banget gak bohong, mantuin sabar ya semangat"",No Online Gambling Promotion"
26BvH8U7PHA,Sedih banget.. 😭￼,banyakan bohongnya,No Online Gambling Promotion
26BvH8U7PHA,Sedih banget.. 😭￼,Output: hmmmmmm,No Online Gambling Promotion
26BvH8U7PHA,Sedih banget.. 😭￼,Kak Willy sabar ya,No Online Gambling Promotion
"26BvH8U7PHA,Sedih banget.. 😭￼,""Output: Kau wilai sabar ya oh, iya HP aypon harga 1000 oh, iya alamatnya Cimuncang kecamatan Cicantayan kabupaten Sukabumi do'ain rejekinya lancar"",No Online Gam"
26BvH8U7PHA,Sedih banget.. 😭￼,Answer: Ksos,No Online Gambling Promotion
26BvH8U7PHA,Sedih banget.. 😭￼,Answer: Sabar ya bang wilil,No Online Gambling Promotion
26BvH8U7PHA,Sedih banget.. 😭￼,aku belokir tiktok,No Online Gambling Promotion
26BvH8U7PHA,Sedih banget.. 😭￼,sabar,No Online Gambling Promotion
26BvH8U7PHA,Sedih banget.. 😭￼,Answer: Kita bantai TikTok memblokir secara sembarang,No Online Gambling Promotion
26BvH8U7PHA,Sedih banget.. 😭￼,Sabar ya kak Willli semangat,No Online Gambling Promotion
"26BvH8U7PHA,Sedih banget.. 😭￼,""Kak Sabar, Aku sedih"",No Online Gambling Promotion"
26BvH8U7PHA,Sedih banget.. 😭￼,Yang sabar ya KK wil,No Online Gambling Promotion
26BvH8U7PHA,Sedih banget.. 😭￼,Answer: Wilisalim,No Online Gambling Promotion
26BvH8U7PHA,Sedih banget.. 😭￼,Tiktok jahat,No Online Gambling Promotion
26BvH8U7PHA,Sedih banget.. 😭￼,Foto editan,No Online Gambling Promotion
26BvH8U7PHA,Sedih banget.. 😭￼,Answer: Kasih ya banget,No Online Gambling Promotion
26BvH8U7PHA,Sedih banget.. 😭￼,Answer: Kawili dukung abang,No Online Gambling Promotion
26BvH8U7PHA,Sedih banget.. 😭￼,Hasil kerjaan kakak,No Online Gambling Promotion
"26BvH8U7PHA,Sedih banget.. 😭￼,""Output: Semangat ya bang dukung abang abang, gak bohong butinya loh foto abang tunjukkan video, Semangat ya bang orang dunia emang gugup sabar ya bang"",No Online Gambling Promotion"
26BvH8U7PHA,Sedih banget.. 😭￼,Aku uta kaku pecakka,No Online Gambling Promotion
26BvH8U7PHA,Sedih banget.. 😭￼,Saya HP buka Willy,No Online Gambling Promotion
26BvH8U7PHA,Sedih banget.. 😭￼,Answer: Tiktok APUS,No Online Gambling Promotion
26BvH8U7PHA,Sedih banget.. 😭￼,Answer: Kwli,No Online Gambling Promotion
26BvH8U7PHA,Sedih banget.. 😭￼,Output: Kaka keristen,No Online Gambling Promotion
"26BvH8U7PHA,Sedih banget.. 😭￼,""Output: bg akan mintak gak akan lagi pingin berangkatin umrah, pingin mintak sepeda motor pcx, pingin mintak mobil pajero, bg akan udah follow plus bg akan wol"",No Online Gambling Promotion"
26BvH8U7PHA,Sedih banget.. 😭￼,Answer: Adam,No Online Gambling Promotion
26BvH8U7PHA,Sedih banget.. 😭￼,Kasihan banget kak Willy,No Online Gambling Promotion
26BvH8U7PHA,Sedih banget.. 😭￼,Siapa blokir siapa kak,No Online Gambling Promotion
26BvH8U7PHA,Sedih banget.. 😭￼,Answer: Yah miskin gito,No Online Gambling Promotion
26BvH8U7PHA,Sedih banget.. 😭￼,Answer: Kak agama mu Islam,No Online Gambling Promotion
26BvH8U7PHA,Sedih banget.. 😭￼,Sabar bang,No Online Gambling Promotion
26BvH8U7PHA,Sedih banget.. 😭￼,Answer: Gak aku Willie live YouTube,No Online Gambling Promotion
26BvH8U7PHA,Sedih banget.. 😭￼,Yang sabar ya KK wilil,No Online Gambling Promotion
26BvH8U7PHA,Sedih banget.. 😭￼,Label: No Online Gambling Promotion,ERROR
26BvH8U7PHA,Sedih banget.. 😭￼,akuendak benci willy salim bang,No Online Gambling Promotion
26BvH8U7PHA,Sedih banget.. 😭￼,Sabar bangisnya Allah Abang dilindungi Allah SWT,No Online Gambling Promotion
26BvH8U7PHA,Sedih banget.. 😭￼,Semangat ya wili,No Online Gambling Promotion
26BvH8U7PHA,Sedih banget.. 😭￼,Yang sabar ya kak Wili engga yang ngembloirkan orang yang menganakkan asu yang setuju orang yang ngembloirkan ngen like,No Online Gambling Promotion
26BvH8U7PHA,Sedih banget.. 😭￼,patung folow,No Online Gambling Promotion
26BvH8U7PHA,Sedih banget.. 😭￼,bikin masuk neraka kak wile semangat ya kak samaLike,No Online Gambling Promotion
"26BvH8U7PHA,Sedih banget.. 😭￼,""Sudah wil jangan menangis aku dukun kamu iya, aku perjaya"",No Online Gambling Promotion"
26BvH8U7PHA,Sedih banget.. 😭￼,Answer: Yang setuju tiktok ban like ga maksud,No Online Gambling Promotion
26BvH8U7PHA,Sedih banget.. 😭￼,Sabar ya KA Wili laporin aja polisi,No Online Gambling Promotion
26BvH8U7PHA,Sedih banget.. 😭￼,Answer: Kasian semangat ya kak Willie,No Online Gambling Promotion
26BvH8U7PHA,Sedih banget.. 😭￼,Sabar ya kak filme,No Online Gambling Promotion
26BvH8U7PHA,Sedih banget.. 😭￼,Sabar ya bang wili belokir,No Online Gambling Promotion
26BvH8U7PHA,Sedih banget.. 😭￼,Kasian willisalim,No Online Gambling Promotion
26BvH8U7PHA,Sedih banget.. 😭￼,Padahal kak Willi baikknp blokir tiktok,No Online Gambling Promotion
26BvH8U7PHA,Sedih banget.. 😭￼,Kakak semangat ya,No Online Gambling Promotion
26BvH8U7PHA,Sedih banget.. 😭￼,Yang sabar ya KK Elif kembang seri,No Online Gambling Promotion
26BvH8U7PHA,Sedih banget.. 😭￼,Warna cat rumah eh emang sudah yang ditenagai mobile BRAVIA,No Online Gambling Promotion
26BvH8U7PHA,Sedih banget.. 😭￼,Answer: Kau wilik Indonesia,No Online Gambling Promotion
26BvH8U7PHA,Sedih banget.. 😭￼,Tiktok gak suka gak tiktok,No Online Gambling Promotion
26BvH8U7PHA,Sedih banget.. 😭￼,Label: No Online Gambling Promotion,ERROR
26BvH8U7PHA,Sedih banget.. 😭￼,Answer: Kak wilisalim sabar ya ujian Allah SWT,No Online Gambling Promotion
26BvH8U7PHA,Sedih banget.. 😭￼,Answer: kakwilisalin semangat naksis,No Online Gambling Promotion
26BvH8U7PHA,Sedih banget.. 😭￼,Kakak emang bohong di kasi hp,No Online Gambling Promotion
26BvH8U7PHA,Sedih banget.. 😭￼,Kakajang Sedih Aku Likekok,No Online Gambling Promotion
26BvH8U7PHA,Sedih banget.. 😭￼,Answer: Kesyan kak wiliyini tiktok ajar,No Online Gambling Promotion
26BvH8U7PHA,Sedih banget.. 😭￼,Bang bok dadi Islam,No Online Gambling Promotion
26BvH8U7PHA,Sedih banget.. 😭￼,Semoga TikTok blokir,No Online Gambling Promotion
26BvH8U7PHA,Sedih banget.. 😭￼,Answer: Jangan sedih tuhan berdoa Amen,No Online Gambling Promotion
26BvH8U7PHA,Sedih banget.. 😭￼,Answer: Yang sabar ya kak Willi salim semoga kak semangat konten,No Online Gambling Promotion
26BvH8U7PHA,Sedih banget.. 😭￼,Answer: Memang tiktok tidak dapat dipercaya,No Online Gambling Promotion
26BvH8U7PHA,Sedih banget.. 😭￼,Output: mampuslu wil,No Online Gambling Promotion
26BvH8U7PHA,Sedih banget.. 😭￼,Answer: Tetap semangat ya kak,No Online Gambling Promotion
"26BvH8U7PHA,Sedih banget.. 😭￼,""Answer: Udah bang nangis, No Online Gambling Promotion"",ERROR"
26BvH8U7PHA,Sedih banget.. 😭￼,Semangat kak larut kesedihan,No Online Gambling Promotion
26BvH8U7PHA,Sedih banget.. 😭￼,Yang sabar ya kak Wile,No Online Gambling Promotion
26BvH8U7PHA,Sedih banget.. 😭￼,Salim dengertin orang,No Online Gambling Promotion
26BvH8U7PHA,Sedih banget.. 😭￼,Answer: Bang bang sungai udang,No Online Gambling Promotion
26BvH8U7PHA,Sedih banget.. 😭￼,Yang Sabar Yah,No Online Gambling Promotion
26BvH8U7PHA,Sedih banget.. 😭￼,kak sibcribernya ga usah nagis,No Online Gambling Promotion
26BvH8U7PHA,Sedih banget.. 😭￼,Answer: Sabar Kawili,No Online Gambling Promotion
26BvH8U7PHA,Sedih banget.. 😭￼,Kawilimintahapeaipong,No Online Gambling Promotion
26BvH8U7PHA,Sedih banget.. 😭￼,Answer: aku percaya,No Online Gambling Promotion
26BvH8U7PHA,Sedih banget.. 😭￼,Kawilijangsedi,No Online Gambling Promotion
26BvH8U7PHA,Sedih banget.. 😭￼,Sabar kak wilisali,No Online Gambling Promotion
26BvH8U7PHA,Sedih banget.. 😭￼,TikTok emg sosoan sa spend akun bang Willie Salim bukti kalo bang Willie gak bohong semoga TikTok lihat biar in akun bang Willie,No Online Gambling Promotion
26BvH8U7PHA,Sedih banget.. 😭￼,Answer: TikTok emang suka aniaya salah akunnya gak papat adek blokir tetap solid,No Online Gambling Promotion
26BvH8U7PHA,Sedih banget.. 😭￼,kakaku percaya kok yang sabar ya,No Online Gambling Promotion
"26BvH8U7PHA,Sedih banget.. 😭￼,""Abang Wili nangis, Abang Wili jangan nangis Elsa"",No Online Gambling Promotion"
26BvH8U7PHA,Sedih banget.. 😭￼,Yang sabar ya kawilli kawilli sabar ya sabar,No Online Gambling Promotion
26BvH8U7PHA,Sedih banget.. 😭￼,Sabar kakak Willy ko blockir,No Online Gambling Promotion
26BvH8U7PHA,Sedih banget.. 😭￼,Label: No Online Gambling Promotion,ERROR
26BvH8U7PHA,Sedih banget.. 😭￼,Output: Kenapa kayak gitu sedih blokir ya TikTok TikTok kertas TikTok bohong tidak bohong Billy Salim,No Online Gambling Promotion
26BvH8U7PHA,Sedih banget.. 😭￼,Ka Wili aipon,No Online Gambling Promotion
26BvH8U7PHA,Sedih banget.. 😭￼,ngeselin sedih kau Salim,No Online Gambling Promotion
26BvH8U7PHA,Sedih banget.. 😭￼,Kawili Jang Sedi Ya,No Online Gambling Promotion
26BvH8U7PHA,Sedih banget.. 😭￼,Sabar ya kk wilie kuat,No Online Gambling Promotion
"26BvH8U7PHA,Sedih banget.. 😭￼,""Jangan sedih, will"",No Online Gambling Promotion"
26BvH8U7PHA,Sedih banget.. 😭￼,Yang sabar nya kak Wili,No Online Gambling Promotion
26BvH8U7PHA,Sedih banget.. 😭￼,Sabar ya kak,No Online Gambling Promotion
26BvH8U7PHA,Sedih banget.. 😭￼,bohong lu,No Online Gambling Promotion
26BvH8U7PHA,Sedih banget.. 😭￼,yaa sabar,No Online Gambling Promotion
26BvH8U7PHA,Sedih banget.. 😭￼,Output: Rasaintu sedih nggak kasih trima kasih tiktok,No Online Gambling Promotion
26BvH8U7PHA,Sedih banget.. 😭￼,Sabar kak,No Online Gambling Promotion
26BvH8U7PHA,Sedih banget.. 😭￼,Kasihan kawili mening sucrab,No Online Gambling Promotion
26BvH8U7PHA,Sedih banget.. 😭￼,Bang willy semangat menyerah,No Online Gambling Promotion
26BvH8U7PHA,Sedih banget.. 😭￼,Bang telepon bang anak,No Online Gambling Promotion
26BvH8U7PHA,Sedih banget.. 😭￼,Output: tiktok goplok,No Online Gambling Promotion
26BvH8U7PHA,Sedih banget.. 😭￼,Sedi alay pembohong,No Online Gambling Promotion
26BvH8U7PHA,Sedih banget.. 😭￼,Tetap semangat kak Willie ngontonnya,No Online Gambling Promotion
26BvH8U7PHA,Sedih banget.. 😭￼,Answer: Iya yang bohong mengatakan minta uang admin,No Online Gambling Promotion
26BvH8U7PHA,Sedih banget.. 😭￼,Sabar bang wili salim semoga bisa laga (lep) wil,No Online Gambling Promotion
26BvH8U7PHA,Sedih banget.. 😭￼,Dat dusuf sht dipa saya saya,No Online Gambling Promotion
26BvH8U7PHA,Sedih banget.. 😭￼,Kesian kak wiliy semangat kak,No Online Gambling Promotion
26BvH8U7PHA,Sedih banget.. 😭￼,Label: No Online Gambling Promotion,ERROR
26BvH8U7PHA,Sedih banget.. 😭￼,Output: kak Wili buka akun TikTok,No Online Gambling Promotion
"26BvH8U7PHA,Sedih banget.. 😭￼,""jangan cepat mengalah hikmat di sebalah yang semangat, jangan stress dr jiranmu"",No Online Gambling Promotion"
26BvH8U7PHA,Sedih banget.. 😭￼,Answer: Sabar ya kak sedih,No Online Gambling Promotion
26BvH8U7PHA,Sedih banget.. 😭￼,Bohong lu wili,No Online Gambling Promotion
26BvH8U7PHA,Sedih banget.. 😭￼,grgr 10k ya,No Online Gambling Promotion
26BvH8U7PHA,Sedih banget.. 😭￼,Output: Kamu willi orangnya berbohong subscribernya,Kamu wilili orangnya ramah jujur we kawan kawan ayo Semangati kamu wilili biar kamu wilili semangat kontennya ya set
26BvH8U7PHA,Sedih banget.. 😭￼,Dora77 juara jepang,No Online Gambling Promotion
26BvH8U7PHA,Sedih banget.. 😭￼,Answer: Dora77 maxwin,No Online Gambling Promotion
26BvH8U7PHA,Sedih banget.. 😭￼,Answer: Dora77 gacor,Online Gambling Promotion
26BvH8U7PHA,Sedih banget.. 😭￼,Answer: Dora77 cuan banget,No Online Gambling Promotion
26BvH8U7PHA,Sedih banget.. 😭￼,Answer: DORA77 gacor ga matinya,Online Gambling Promotion
26BvH8U7PHA,Sedih banget.. 😭￼,Aku di kira putri,No Online Gambling Promotion
26BvH8U7PHA,Sedih banget.. 😭￼,Kakwiliakusudahsakkker,No Online Gambling Promotion
26BvH8U7PHA,Sedih banget.. 😭￼,Answer: Sabaryakakwili,No Online Gambling Promotion
26BvH8U7PHA,Sedih banget.. 😭￼,Oiya maap ka ganat zzypshy yati vepzzyrshycyt,No Online Gambling Promotion
"26BvH8U7PHA,Sedih banget.. 😭￼,""Output: Sabar yaaaa Anak Ganteng Willy Allah maha tahu take care wt semangat yaaaa Bu Nur Spore"",No Online Gambling Promotion"
26BvH8U7PHA,Sedih banget.. 😭￼,Yang sabar ya kak Wilie percaya,No Online Gambling Promotion
26BvH8U7PHA,Sedih banget.. 😭￼,sabar ya kak wiili,No Online Gambling Promotion
26BvH8U7PHA,Sedih banget.. 😭￼,Kak Wili Sabar Ya,No Online Gambling Promotion
26BvH8U7PHA,Sedih banget.. 😭￼,ksos,No Online Gambling Promotion
26BvH8U7PHA,Sedih banget.. 😭￼,Wily yg sabar Wily uji Allah sayangjgn takut karna disetiap kesusahan kesedihan kebahagiaan musabar,No Online Gambling Promotion
"26BvH8U7PHA,Sedih banget.. 😭￼,""Wilu orang hati mu marlait sabar ya, kak Wilu"",No Online Gambling Promotion"
26BvH8U7PHA,Sedih banget.. 😭￼,Answer: Pengen hack TikTok aja,No Online Gambling Promotion
26BvH8U7PHA,Sedih banget.. 😭￼,kena PL kak Willie Yang sabar,No Online Gambling Promotion
"26BvH8U7PHA,Sedih banget.. 😭￼,""Answer: Jang sabar ya, bang"",No Online Gambling Promotion"
26BvH8U7PHA,Sedih banget.. 😭￼,Output: 5000000,No Online Gambling Promotion
26BvH8U7PHA,Sedih banget.. 😭￼,Sabar takdir sabar takdir biar Allah membalas perbuatan,No Online Gambling Promotion
26BvH8U7PHA,Sedih banget.. 😭￼,Tenang ya kakudah like sedihlihatceritanyanya,No Online Gambling Promotion
26BvH8U7PHA,Sedih banget.. 😭￼,Ya Allah sabar mas wiliyy,No Online Gambling Promotion
"26BvH8U7PHA,Sedih banget.. 😭￼,""Answer: Tenang ya bang, sialan TikTok"",No Online Gambling Promotion"
26BvH8U7PHA,Sedih banget.. 😭￼,sabar yah bang,No Online Gambling Promotion
26BvH8U7PHA,Sedih banget.. 😭￼,Answer: Sabar cobaan,No Online Gambling Promotion
26BvH8U7PHA,Sedih banget.. 😭￼,Semangat kak mending kakak wili cap istirahat aja kak,No Online Gambling Promotion
26BvH8U7PHA,Sedih banget.. 😭￼,Sabar Willy org baik aje banyak tantangan ya,No Online Gambling Promotion
26BvH8U7PHA,Sedih banget.. 😭￼,Kau yakin lihat kak Wili pengingin nangis,No Online Gambling Promotion
26BvH8U7PHA,Sedih banget.. 😭￼,JGN K HWATIRSMOGA SUKSES TERUS,No Online Gambling Promotion
26BvH8U7PHA,Sedih banget.. 😭￼,sabar kagiti,No Online Gambling Promotion
26BvH8U7PHA,Sedih banget.. 😭￼,Wah tiktok pelajaran nih dah tangan melayang muka,No Online Gambling Promotion
26BvH8U7PHA,Sedih banget.. 😭￼,Bang ayah aku kerja deket rumah kamu lohh kemaren aku lewat depan rumah kamuuu gede bngt bang kenal ayah aku gk nama ayah aku nazori,No Online Gambling Promotion
26BvH8U7PHA,Sedih banget.. 😭￼,ya akan semoga cipan kemenangan,No Online Gambling Promotion
26BvH8U7PHA,Sedih banget.. 😭￼,Output: Bacot,No Online Gambling Promotion
26BvH8U7PHA,Sedih banget.. 😭￼,Diselidiki tik tok blokir Saya bang willi orang,No Online Gambling Promotion
26BvH8U7PHA,Sedih banget.. 😭￼,Output: Wah tiktok nih EMG kaya gini juga Karna gini gak daftar tiktok kasih reting tiktok 00,No Online Gambling Promotion
26BvH8U7PHA,Sedih banget.. 😭￼,yg sabar orang yg iri,No Online Gambling Promotion
26BvH8U7PHA,Sedih banget.. 😭￼,Answer: bokir nangis,No Online Gambling Promotion
26BvH8U7PHA,Sedih banget.. 😭￼,YG SABAR KAKADA rencana Tuhan yang indah,No Online Gambling Promotion
26BvH8U7PHA,Sedih banget.. 😭￼,Answer: Yang sabar ya bang Willie,No Online Gambling Promotion
26BvH8U7PHA,Sedih banget.. 😭￼,Output: Semangat kak Wili kak Wili dibilang bohong tik tok yg kak Wili bener-bener Melaku nya Allah yang maha baikan Kak Wili,No Online Gambling Promotion
26BvH8U7PHA,Sedih banget.. 😭￼,tetap semangat bos contoh,No Online Gambling Promotion
26BvH8U7PHA,Sedih banget.. 😭￼,Yang sabar ya kak Wilie,No Online Gambling Promotion
26BvH8U7PHA,Sedih banget.. 😭￼,Live youtube aja,No Online Gambling Promotion
26BvH8U7PHA,Sedih banget.. 😭￼,Yang sabar ya ka wili emang kaya gitu orang manusia blokir sabar sabar ya juaga nge live ya,No Online Gambling Promotion
26BvH8U7PHA,Sedih banget.. 😭￼,Sabar wilisemangat yang orang jalan,No Online Gambling Promotion
26BvH8U7PHA,Sedih banget.. 😭￼,Answer: Sabar ya kak Wili,No Online Gambling Promotion
26BvH8U7PHA,Sedih banget.. 😭￼,Hai KA Wili vina sabar ya KA Wili tetep semangat,No Online Gambling Promotion
26BvH8U7PHA,Sedih banget.. 😭￼,Answer: Yang sabar ya kau wilai uji Allah sabar kau wilai,No Online Gambling Promotion
26BvH8U7PHA,Sedih banget.. 😭￼,Output: mungkin tiktoknya gak sengaja kepencet tombol blok,No Online Gambling Promotion
26BvH8U7PHA,Sedih banget.. 😭￼,Yang udah dibawa umroh penjualan es teh sulsel kab Pangkep,No Online Gambling Promotion
26BvH8U7PHA,Sedih banget.. 😭￼,Answer: Udah kak Wili semangat ya,No Online Gambling Promotion
26BvH8U7PHA,Sedih banget.. 😭￼,tiktok reting ya rendah,No Online Gambling Promotion
26BvH8U7PHA,Sedih banget.. 😭￼,Si Wili,No Online Gambling Promotion
26BvH8U7PHA,Sedih banget.. 😭￼,SEMOGA MASUK SURGA,No Online Gambling Promotion
26BvH8U7PHA,Sedih banget.. 😭￼,Tiktok jahat wili tenang yang setuju tiktok jahat pus like atau kak wili,No Online Gambling Promotion
26BvH8U7PHA,Sedih banget.. 😭￼,Answer: Sabar kak wil,No Online Gambling Promotion
26BvH8U7PHA,Sedih banget.. 😭￼,Tenagbil gak papablik iebi bikamu pikirkan yanglann,No Online Gambling Promotion
26BvH8U7PHA,Sedih banget.. 😭￼,Sabar kak,No Online Gambling Promotion
26BvH8U7PHA,Sedih banget.. 😭￼,Output: Bawa santai aja bro,No Online Gambling Promotion
26BvH8U7PHA,Sedih banget.. 😭￼,Semangat kak,No Online Gambling Promotion
"26BvH8U7PHA,Sedih banget.. 😭￼,""Kak Wili sedih, Aku udah subscribe lek, Kak Wili penyelamat, Aku suka nonton film kak Wili, Dan kak Wili sedih"",No Online Gambling Promotion"
26BvH8U7PHA,Sedih banget.. 😭￼,Answer: Kau percaya kok sama kaka non tone Jagan sedi yang ganteng,No Online Gambling Promotion
26BvH8U7PHA,Sedih banget.. 😭￼,Output: Maka nyagak gak sombong orang Willie bernah lakuin udah biar keluarganya Willie aja tahu gak bikin live,No Online Gambling Promotion
26BvH8U7PHA,Sedih banget.. 😭￼,Manakah kasih HP udah subscribe udah follow bukti mna sedih kecewa sama kak Willy Boong,No Online Gambling Promotion
26BvH8U7PHA,Sedih banget.. 😭￼,Label: No Online Gambling Promotion,ERROR
26BvH8U7PHA,Sedih banget.. 😭￼,Answer: Semoga rejekinya amin,No Online Gambling Promotion
26BvH8U7PHA,Sedih banget.. 😭￼,Jangan sedih kak wilie dukung kalu kak wilie,No Online Gambling Promotion
26BvH8U7PHA,Sedih banget.. 😭￼,Answer: Kak Wili sabar ya puasa,No Online Gambling Promotion
26BvH8U7PHA,Sedih banget.. 😭￼,Kak Willy aku ku YouTube diblokir Google suka ngomong kasar,No Online Gambling Promotion
26BvH8U7PHA,Sedih banget.. 😭￼,Tetap semangat bantu org,No Online Gambling Promotion
26BvH8U7PHA,Sedih banget.. 😭￼,Udah kak gak papa bilang bohong kakak,No Online Gambling Promotion
26BvH8U7PHA,Sedih banget.. 😭￼,sabar ya,No Online Gambling Promotion
26BvH8U7PHA,Sedih banget.. 😭￼,Aku lahir sudah percaya,No Online Gambling Promotion
26BvH8U7PHA,Sedih banget.. 😭￼,Answer: Yang sabar kak Wili,No Online Gambling Promotion
26BvH8U7PHA,Sedih banget.. 😭￼,Answer: Itu yang melaporkan pastinya,No Online Gambling Promotion
26BvH8U7PHA,Sedih banget.. 😭￼,Output: Kamu coba pergi Manado udah Manado ya orang kaya ko Manado ika tida manado ya orang kaya bogong,No Online Gambling Promotion
26BvH8U7PHA,Sedih banget.. 😭￼,Answer: Emang kau wilai sukai bantu orang keusahannya,No Online Gambling Promotion
"26BvH8U7PHA,Sedih banget.. 😭￼,""Sabar ya, Ka"",No Online Gambling Promotion"
26BvH8U7PHA,Sedih banget.. 😭￼,Semangat yg terbaik,No Online Gambling Promotion
26BvH8U7PHA,Sedih banget.. 😭￼,Answer: Sabar,No Online Gambling Promotion
26BvH8U7PHA,Sedih banget.. 😭￼,Output: TikTok klarifikasi,No Online Gambling Promotion
26BvH8U7PHA,Sedih banget.. 😭￼,Answer: Sabar ya,No Online Gambling Promotion
26BvH8U7PHA,Sedih banget.. 😭￼,Wilayah kamu Islam tidak,No Online Gambling Promotion
26BvH8U7PHA,Sedih banget.. 😭￼,Semang ya kak,No Online Gambling Promotion
26BvH8U7PHA,Sedih banget.. 😭￼,Semangat ku kamasi youtube,No Online Gambling Promotion
26BvH8U7PHA,Sedih banget.. 😭￼,Answer: Itu uji Allah mengetes keesokannya lipat gandakannya qkan kali lipat,No Online Gambling Promotion
26BvH8U7PHA,Sedih banget.. 😭￼,Output: Kamu sabar ya kamu,Kamu menghibur kakak kamu yang saya kakak karna kamu banget. Selalu kamu cobaan dibalik cobaan kebahagian kamu. Kakak sedih ya ikutan
26BvH8U7PHA,Sedih banget.. 😭￼,Output: Iya kak Willy berjuang tiktok (sic) udah nggak blokir deh semangat kau pilih dukung,No Online Gambling Promotion
26BvH8U7PHA,Sedih banget.. 😭￼,tta ata aya ak,No Online Gambling Promotion
26BvH8U7PHA,Sedih banget.. 😭￼,Answer: Kakak wilayah sabaraya,No Online Gambling Promotion
26BvH8U7PHA,Sedih banget.. 😭￼,Ka Wili harus semangat,No Online Gambling Promotion
26BvH8U7PHA,Sedih banget.. 😭￼,Bintang 0 tiktok cukup setuju,No Online Gambling Promotion
26BvH8U7PHA,Sedih banget.. 😭￼,Answer: Smg jalan keluar yang terbaik buat willy,No Online Gambling Promotion
26BvH8U7PHA,Sedih banget.. 😭￼,Answer: jujur gua kecewa kore,No Online Gambling Promotion
26BvH8U7PHA,Sedih banget.. 😭￼,aku mengalahkan mrbes,No Online Gambling Promotion
26BvH8U7PHA,Sedih banget.. 😭￼,Di YouTube ka Willie YouTube Live YouTube,No Online Gambling Promotion
26BvH8U7PHA,Sedih banget.. 😭￼,Sabar bang,No Online Gambling Promotion
26BvH8U7PHA,Sedih banget.. 😭￼,Tiktok parah banget willy salim blokir,No Online Gambling Promotion
26BvH8U7PHA,Sedih banget.. 😭￼,Bukannya wilisalim kristen video wilisalim makan iawak,No Online Gambling Promotion
26BvH8U7PHA,Sedih banget.. 😭￼,Mampus,No Online Gambling Promotion
26BvH8U7PHA,Sedih banget.. 😭￼,Semangat bang,No Online Gambling Promotion
26BvH8U7PHA,Sedih banget.. 😭￼,Semangat,No Online Gambling Promotion
26BvH8U7PHA,Sedih banget.. 😭￼,Answer: Bohong lo,No Online Gambling Promotion
26BvH8U7PHA,Sedih banget.. 😭￼,Answer: Sabar kawali sabar manusia sabar,No Online Gambling Promotion
26BvH8U7PHA,Sedih banget.. 😭￼,Mampus haha,No Online Gambling Promotion
26BvH8U7PHA,Sedih banget.. 😭￼,Jangan,No Online Gambling Promotion
26BvH8U7PHA,Sedih banget.. 😭￼,Answer: Kakak bngt,No Online Gambling Promotion
26BvH8U7PHA,Sedih banget.. 😭￼,Bang coba sholat taubat aja Mana Tau Allah jalan lurus ya doa ajadah,No Online Gambling Promotion
26BvH8U7PHA,Sedih banget.. 😭￼,Sabar ya,No Online Gambling Promotion
26BvH8U7PHA,Sedih banget.. 😭￼,Di blokir nyah terus ng buka,No Online Gambling Promotion
26BvH8U7PHA,Sedih banget.. 😭￼,Answer: Sabar ya,No Online Gambling Promotion
26BvH8U7PHA,Sedih banget.. 😭￼,Answer: Sabar ya wilisalim,No Online Gambling Promotion
"26BvH8U7PHA,Sedih banget.. 😭￼,""Kasihan aku percaya kalau kak wili gak bohong, kak wili gak bohong. Aku percaya seratus persen"",No Online Gambling Promotion"
26BvH8U7PHA,Sedih banget.. 😭￼,Output: Siapa bilang kak Wilie bohong kak Wilie hati ngebantu orang mampuh semoga rezekinya berlimpah,No Online Gambling Promotion
26BvH8U7PHA,Sedih banget.. 😭￼,Output: ga pusingin tiktok viral dengan lain-lain positif saluut dengan kohen,No Online Gambling Promotion
26BvH8U7PHA,Sedih banget.. 😭￼,Output: Bangkasihkaliyabang,No Online Gambling Promotion
26BvH8U7PHA,Sedih banget.. 😭￼,Answer: Benarkanku benarnakan livenya bila Willie orang dunia,No Online Gambling Promotion
"26BvH8U7PHA,Sedih banget.. 😭￼,""Output: Akun Willie Salim kasih kalo ga salahkan balikkan akun, karena bisa membuat error"",No Online Gambling Promotion"
26BvH8U7PHA,Sedih banget.. 😭￼,Answer: Sabar kksmngttiktok tolong donk org,No Online Gambling Promotion
26BvH8U7PHA,Sedih banget.. 😭￼,Label: No Online Gambling Promotion,ERROR
26BvH8U7PHA,Sedih banget.. 😭￼,Halah ga bapak kasih balikin,No Online Gambling Promotion
26BvH8U7PHA,Sedih banget.. 😭￼,Answer: UIN Salim bohong,No Online Gambling Promotion
"26BvH8U7PHA,Sedih banget.. 😭￼,""Output: Y memang iPhone sudah follow bukti ya, bukti ya kalo sudah diberikan iPhone"",No Online Gambling Promotion"
26BvH8U7PHA,Sedih banget.. 😭￼,Answer: Willy membuat shemagh pake peci,No Online Gambling Promotion
26BvH8U7PHA,Sedih banget.. 😭￼,L tiktok dalam chatt,No Online Gambling Promotion
26BvH8U7PHA,Sedih banget.. 😭￼,kak wili,No Online Gambling Promotion
26BvH8U7PHA,Sedih banget.. 😭￼,Kakwilisabar,No Online Gambling Promotion
26BvH8U7PHA,Sedih banget.. 😭￼,Sabar adik wilie hikmah nya,No Online Gambling Promotion
"26BvH8U7PHA,Sedih banget.. 😭￼,""Answer: Tiktok aneh arus ranting 00010, Tiktok stres, Tiktok anj"",No Online Gambling Promotion"
26BvH8U7PHA,Sedih banget.. 😭￼,Answer: Yang sabar ya Bang Willie semangat ayo Bang GK sedih semangat ya,No Online Gambling Promotion
26BvH8U7PHA,Sedih banget.. 😭￼,Tiktok gajelas kek kont mending hapus ajah riles tu namanya tiktok titok tiktok gada otak plaggaran gjls ma3n blok gitu ajah sumpah kesel bet deh sabar ya kak willy,
26BvH8U7PHA,Sedih banget.. 😭￼,Output: kasian blokir,No Online Gambling Promotion
26BvH8U7PHA,Sedih banget.. 😭￼,Yang sabar ya bang Willie TikTok babi,No Online Gambling Promotion
26BvH8U7PHA,Sedih banget.. 😭￼,Answer: Sabarya Puasaloh,No Online Gambling Promotion
26BvH8U7PHA,Sedih banget.. 😭￼,Sabar ya kawili,No Online Gambling Promotion
26BvH8U7PHA,Sedih banget.. 😭￼,Answer: aku like semoga umur ya amin,No Online Gambling Promotion
26BvH8U7PHA,Sedih banget.. 😭￼,Yang sabar ya kak Wieli,No Online Gambling Promotion
26BvH8U7PHA,Sedih banget.. 😭￼,itukan mesjid kota berlian tinggal di situ,No Online Gambling Promotion
26BvH8U7PHA,Sedih banget.. 😭￼,Semangat kak wil pantang menyerah,No Online Gambling Promotion
"26BvH8U7PHA,Sedih banget.. 😭￼,""Yang sabar ya Kak Wille Salim Mungkin tiktok tu bodoh Kak Wille, nggak boong"",No Online Gambling Promotion"
26BvH8U7PHA,Sedih banget.. 😭￼,Tiktoknya jahat bgt sumpahkak eillie sampek nangisyg sabar ya kak williesemoga aja pihaj tiktok nge lihat video kak willie yg ini amin,No Online Gambling Promotion
26BvH8U7PHA,Sedih banget.. 😭￼,Sabar y kak Willie,No Online Gambling Promotion
26BvH8U7PHA,Sedih banget.. 😭￼,Output: Kakak sabar kakak Tik tok kakak berbau ngak papa lihat kakak kakak sedih pengen kakak senang,No Online Gambling Promotion
26BvH8U7PHA,Sedih banget.. 😭￼,Nggak papa ya kak sabar ya kak kakak,No Online Gambling Promotion
26BvH8U7PHA,Sedih banget.. 😭￼,Answer: Kasihan banget kawin semoga kak Willy tidak diblokir,No Online Gambling Promotion
26BvH8U7PHA,Sedih banget.. 😭￼,Sabar bos juga dibuka lagi,No Online Gambling Promotion
26BvH8U7PHA,Sedih banget.. 😭￼,gukukokolhvjt,No Online Gambling Promotion
26BvH8U7PHA,Sedih banget.. 😭￼,Dah Muslim,No Online Gambling Promotion
26BvH8U7PHA,Sedih banget.. 😭￼,Astafirullah sabar ya,No Online Gambling Promotion
26BvH8U7PHA,Sedih banget.. 😭￼,Answer: Wah tiktok nih hapus yang punya tiktok hapus,No Online Gambling Promotion
26BvH8U7PHA,Sedih banget.. 😭￼,sedih,No Online Gambling Promotion
26BvH8U7PHA,Sedih banget.. 😭￼,Yang sabar ya percaya,No Online Gambling Promotion
26BvH8U7PHA,Sedih banget.. 😭￼,You're a funny little Gangnam Style,No Online Gambling Promotion
26BvH8U7PHA,Sedih banget.. 😭￼,Answer: Yang sabar ya Kak Willie Tuhan Yesus tau Kakak org serahkan Tuhan Yesus Pasti hikmahnya Berkat Kak Willie,No Online Gambling Promotion
26BvH8U7PHA,Sedih banget.. 😭￼,Bah sedih bah gak GK ngurus,No Online Gambling Promotion
26BvH8U7PHA,Sedih banget.. 😭￼,abg willihituh berbagi,No Online Gambling Promotion
26BvH8U7PHA,Sedih banget.. 😭￼,Sabar kak Willie semoga Allah pahala,No Online Gambling Promotion
26BvH8U7PHA,Sedih banget.. 😭￼,sabar kak Willy,No Online Gambling Promotion
26BvH8U7PHA,Sedih banget.. 😭￼,bang,No Online Gambling Promotion
26BvH8U7PHA,Sedih banget.. 😭￼,Bener ga si kak Kekomsetnya kegedean x,No Online Gambling Promotion
26BvH8U7PHA,Sedih banget.. 😭￼,Aku Paket Lengkap,No Online Gambling Promotion
"26BvH8U7PHA,Sedih banget.. 😭￼,""Kak Wili yang sabar ya, semoga kebajikan Kak Wili di balas Tuhan"",No Online Gambling Promotion"
26BvH8U7PHA,Sedih banget.. 😭￼,tk udah berlanjut live block 20 ga tetap live,No Online Gambling Promotion
26BvH8U7PHA,Sedih banget.. 😭￼,Answer: Sabarya kak Willi sabar insyaAllah balas Allah,No Online Gambling Promotion
26BvH8U7PHA,Sedih banget.. 😭￼,Answer: Sabar ya kak Willy,No Online Gambling Promotion
26BvH8U7PHA,Sedih banget.. 😭￼,Sama kak Willy tiktoknya hapus akunnya blokir,No Online Gambling Promotion
26BvH8U7PHA,Sedih banget.. 😭￼,Answer: Bang wili iphone belajar ujian sekolah,No Online Gambling Promotion
26BvH8U7PHA,Sedih banget.. 😭￼,Answer: Parah bet tiktok,No Online Gambling Promotion
26BvH8U7PHA,Sedih banget.. 😭￼,Yang sabar ya,No Online Gambling Promotion
26BvH8U7PHA,Sedih banget.. 😭￼,Hxhd gg durundu,No Online Gambling Promotion
26BvH8U7PHA,Sedih banget.. 😭￼,Gemna bang wili kaliyan bang,No Online Gambling Promotion
26BvH8U7PHA,Sedih banget.. 😭￼,Tenang kak Wili kak Wili Laki laki,No Online Gambling Promotion
26BvH8U7PHA,Sedih banget.. 😭￼,Klo kakka Islam kaka berdoa kepada Allah buruk dihilangkan mak na Allah mengabulkan apapun hamba nya berusaha langsung langsung terwujud,No Online Gambling Promotion
26BvH8U7PHA,Sedih banget.. 😭￼,sabar bang,No Online Gambling Promotion
26BvH8U7PHA,Sedih banget.. 😭￼,Kak coba keumroh,No Online Gambling Promotion
26BvH8U7PHA,Sedih banget.. 😭￼,kasihan,No Online Gambling Promotion
26BvH8U7PHA,Sedih banget.. 😭￼,bantu komentar 5 kali,No Online Gambling Promotion
26BvH8U7PHA,Sedih banget.. 😭￼,Label: No Online Gambling Promotion,ERROR
26BvH8U7PHA,Sedih banget.. 😭￼,sabar aku seperti aku sabar,No Online Gambling Promotion
26BvH8U7PHA,Sedih banget.. 😭￼,Output: Tiktok para ahli olaystore ban TikTok permainan para banget TikTok kasian banget bg Willy Salim,No Online Gambling Promotion
26BvH8U7PHA,Sedih banget.. 😭￼,Yg sabar ya kak semoga ketmu ka wili,No Online Gambling Promotion
26BvH8U7PHA,Sedih banget.. 😭￼,Answer: Maaflah sabar ya sehat ya,No Online Gambling Promotion
26BvH8U7PHA,Sedih banget.. 😭￼,Yang sabar ya Ka Willie,No Online Gambling Promotion
"26BvH8U7PHA,Sedih banget.. 😭￼,""Answer: Sabar ya, Ka Wili ngonton YouTube"",No Online Gambling Promotion"
"26BvH8U7PHA,Sedih banget.. 😭￼,""Output: Bang Aku Kan Kristen tetp cerita nabi bernama Ayub kekayaannya diambil Tuhan, Namun dikembalikan 2 kali lipat. Aku doain ya, Bang Salam Toleransi"",No Online Gambling Promotion"
26BvH8U7PHA,Sedih banget.. 😭￼,Ayo kak Wily semangat menyerah ya,No Online Gambling Promotion
26BvH8U7PHA,Sedih banget.. 😭￼,Answer: khansa,No Online Gambling Promotion
26BvH8U7PHA,Sedih banget.. 😭￼,Abiyu,No Online Gambling Promotion
26BvH8U7PHA,Sedih banget.. 😭￼,Answer: Sabar bg dunia banyak cobaan berdoa Tuhan urusannya mudahkan,No Online Gambling Promotion
26BvH8U7PHA,Sedih banget.. 😭￼,Answer: sabar ya wili semangat,No Online Gambling Promotion
26BvH8U7PHA,Sedih banget.. 😭￼,Answer: Matap,No Online Gambling Promotion
26BvH8U7PHA,Sedih banget.. 😭￼,Yang sabar ya bang,No Online Gambling Promotion
26BvH8U7PHA,Sedih banget.. 😭￼,titto babi aku suka titto bacor,No Online Gambling Promotion
26BvH8U7PHA,Sedih banget.. 😭￼,Answer: Iya kakak aja kasih HP iPhone bikin Tik tok,ku aja capek bikinnya nggak akun kali kakak kasih iPhone biar biar dikasih handphone. Tapi kakak kasih pa
26BvH8U7PHA,Sedih banget.. 😭￼,Answer: Kaa,No Online Gambling Promotion
26BvH8U7PHA,Sedih banget.. 😭￼,Answer: Mau handphone android terbaru,No Online Gambling Promotion
26BvH8U7PHA,Sedih banget.. 😭￼,Answer: kasian,No Online Gambling Promotion
26BvH8U7PHA,Sedih banget.. 😭￼,Kakwilsabaraku sayang kakwillisalim,No Online Gambling Promotion
26BvH8U7PHA,Sedih banget.. 😭￼,Yang sabar kw ilahi,No Online Gambling Promotion
26BvH8U7PHA,Sedih banget.. 😭￼,Answer: Tiktok puasa bikin wili sedih kesel ayo ledekin TikTok orang,No Online Gambling Promotion
26BvH8U7PHA,Sedih banget.. 😭￼,Kak Willi tetaplah jd orang soga dimudahan urusannya soga sellqu lindunganNya soga Allah memberikan hidayah dek Willi rezeki yg berlimpah rauh Aamiin YRA,No Online Gambling Prom
26BvH8U7PHA,Sedih banget.. 😭￼,Answer: Betol bttol,No Online Gambling Promotion
26BvH8U7PHA,Sedih banget.. 😭￼,yang sabar ya kawali,No Online Gambling Promotion
26BvH8U7PHA,Sedih banget.. 😭￼,aku percaya kawi,No Online Gambling Promotion
26BvH8U7PHA,Sedih banget.. 😭￼,Loh kak Wille Salim agama nya Islam pikir Kristen? Kak Wille Salim umroh ya,No Online Gambling Promotion
26BvH8U7PHA,Sedih banget.. 😭￼,Answer: Bang Akusuda Blok kir,No Online Gambling Promotion
26BvH8U7PHA,Sedih banget.. 😭￼,Answer: Mana iPhone janji,No Online Gambling Promotion
26BvH8U7PHA,Sedih banget.. 😭￼,Answer: Sabar Wille rendah TikTok,No Online Gambling Promotion
26BvH8U7PHA,Sedih banget.. 😭￼,Answer: Yang sabar ya kak Willy semangat Ngontennya semoga resiko,No Online Gambling Promotion
26BvH8U7PHA,Sedih banget.. 😭￼,Answer: Tiktok ajar padahal willy berusaha,No Online Gambling Promotion
26BvH8U7PHA,Sedih banget.. 😭￼,Sabar Yakak Wili,No Online Gambling Promotion
"26BvH8U7PHA,Sedih banget.. 😭￼,""Kak Wili sambar aja kak Wili, kak harus tetap semangat yah"",No Online Gambling Promotion"
26BvH8U7PHA,Sedih banget.. 😭￼,Sabar ya kak Wili,No Online Gambling Promotion
26BvH8U7PHA,Sedih banget.. 😭￼,Kawilbenar,No Online Gambling Promotion
26BvH8U7PHA,Sedih banget.. 😭￼,Answer: Tiktok itu Willy Salim TikToknya sabar ya Willy Salim,No Online Gambling Promotion
26BvH8U7PHA,Sedih banget.. 😭￼,Answer: sabar kak,No Online Gambling Promotion
26BvH8U7PHA,Sedih banget.. 😭￼,P,No Online Gambling Promotion
26BvH8U7PHA,Sedih banget.. 😭￼,Sabar kak Willy,No Online Gambling Promotion
26BvH8U7PHA,Sedih banget.. 😭￼,Answer: Sabar bg ujian,No Online Gambling Promotion
26BvH8U7PHA,Sedih banget.. 😭￼,Answer: Yang sabar ya kak Wili,No Online Gambling Promotion
"26BvH8U7PHA,Sedih banget.. 😭￼,""Label: No Online Gambling Promotion Jangan marah"",No Online Gambling Promotion"
26BvH8U7PHA,Sedih banget.. 😭￼,kak willy sabar ya kak semoga tiktoknya gak blokir,No Online Gambling Promotion
26BvH8U7PHA,Sedih banget.. 😭￼,Ka Sabar,No Online Gambling Promotion
26BvH8U7PHA,Sedih banget.. 😭￼,Sabar ya,No Online Gambling Promotion
26BvH8U7PHA,Sedih banget.. 😭￼,dasar,No Online Gambling Promotion
26BvH8U7PHA,Sedih banget.. 😭￼,Answer: Gara-gara ini,No Online Gambling Promotion
26BvH8U7PHA,Sedih banget.. 😭￼,sabar ya bang timktok tolol,No Online Gambling Promotion
26BvH8U7PHA,Sedih banget.. 😭￼,Ya dengern in ngomong udah bodoh rukang gang tempel,No Online Gambling Promotion
26BvH8U7PHA,Sedih banget.. 😭￼,Answer: Kasian,No Online Gambling Promotion
26BvH8U7PHA,Sedih banget.. 😭￼,Answer: Kak Wili cobaan Tuhan Maha Esa semangat,No Online Gambling Promotion
"26BvH8U7PHA,Sedih banget.. 😭￼,""TikTok Cina pergi aja, Cina protest aja, Kak Willy"",No Online Gambling Promotion"
26BvH8U7PHA,Sedih banget.. 😭￼,Lu tau gak lu blokir,No Online Gambling Promotion
26BvH8U7PHA,Sedih banget.. 😭￼,Mampus,No Online Gambling Promotion
26BvH8U7PHA,Sedih banget.. 😭￼,Bapaknya bohongin Willie Salim kena azab,No Online Gambling Promotion
26BvH8U7PHA,Sedih banget.. 😭￼,Answer: Yang sabar ya kak Wili uji sabar ya kak Dukung kak Wili,No Online Gambling Promotion
26BvH8U7PHA,Sedih banget.. 😭￼,Sabar ya Kak Nanti Kita bersama-sama Benerin ya kak wili,No Online Gambling Promotion
26BvH8U7PHA,Sedih banget.. 😭￼,Answer: Kasian kak Willy kasian like,No Online Gambling Promotion
26BvH8U7PHA,Sedih banget.. 😭￼,Sabar yak kk,No Online Gambling Promotion
26BvH8U7PHA,Sedih banget.. 😭￼,Answer: Kasihan wile salim,No Online Gambling Promotion
26BvH8U7PHA,Sedih banget.. 😭￼,Sabar ya bang,No Online Gambling Promotion
26BvH8U7PHA,Sedih banget.. 😭￼,kasihan bgt kak Willie yang sabar,No Online Gambling Promotion
26BvH8U7PHA,Sedih banget.. 😭￼,udah sabar kak wili Ramadan sabarr ny,No Online Gambling Promotion
26BvH8U7PHA,Sedih banget.. 😭￼,Ya Wili Salim nipu,No Online Gambling Promotion
26BvH8U7PHA,Sedih banget.. 😭￼,Output: Kaka Wili sabar nya,No Online Gambling Promotion
Yx4w92z_KDM,ICE CREAM KOPI,Answer: sigh manis bagaimana cok,No Online Gambling Promotion
Yx4w92z_KDM,ICE CREAM KOPI,wkwkwkwk nuangin aer aja udah ketauan kebanyakan,No Online Gambling Promotion
Yx4w92z_KDM,ICE CREAM KOPI,Label: No Online Gambling Promotion,ERROR
Yx4w92z_KDM,ICE CREAM KOPI,Ini tetangga,No Online Gambling Promotion
Yx4w92z_KDM,ICE CREAM KOPI,gelasnya aakah kembar gelaskitia,No Online Gambling Promotion
"Yx4w92z_KDM,ICE CREAM KOPI,""Ya Allah, saya puasa"",No Online Gambling Promotion"
Yx4w92z_KDM,ICE CREAM KOPI,Wkwk pas masukin air panas botol auto po ra mlonyot eh mlonyot tenan,No Online Gambling Promotion
Yx4w92z_KDM,ICE CREAM KOPI,Vio aduk air panasnya jangan pakai botol mineral,No Online Gambling Promotion
Yx4w92z_KDM,ICE CREAM KOPI,Answer: Tidak ada segalah,No Online Gambling Promotion
Yx4w92z_KDM,ICE CREAM KOPI,hihi lucubangan tante bule gimana,No Online Gambling Promotion
Yx4w92z_KDM,ICE CREAM KOPI,Answer: Klo ga enak tetangga,No Online Gambling Promotion
Yx4w92z_KDM,ICE CREAM KOPI,Nah bule Rusia acak-acak nongol,No Online Gambling Promotion
Yx4w92z_KDM,ICE CREAM KOPI,Answer: masa sisa kopi gelas juga dibagi tetangga,No Online Gambling Promotion
Yx4w92z_KDM,ICE CREAM KOPI,Answer: Makin lucu aja nih orang,No Online Gambling Promotion
Yx4w92z_KDM,ICE CREAM KOPI,Gelasnya kayak rumah,No Online Gambling Promotion
Yx4w92z_KDM,ICE CREAM KOPI,Answer: Keliatannya pilih es krim coklat yang dalamnya coklat di video yang didemonstrasikan Frau Viola warnanya coklat banget,No Online Gambling Promotion
Yx4w92z_KDM,ICE CREAM KOPI,Output: Anda terlihat cantik,No Online Gambling Promotion
Yx4w92z_KDM,ICE CREAM KOPI,You so pretty,No Online Gambling Promotion
"Yx4w92z_KDM,ICE CREAM KOPI,""Output: kakakalo pakai botol utk shake yang anget panas, janganlah pakai botol PET, pakai botol yang grade nyaa bagus"",No Online Gambling Promotion"
Yx4w92z_KDM,ICE CREAM KOPI,Kamu gak puasa,No Online Gambling Promotion
Yx4w92z_KDM,ICE CREAM KOPI,Pastilah Manisair esnya kebanyakan,No Online Gambling Promotion
Yx4w92z_KDM,ICE CREAM KOPI,Biasanya kasih air gula tambahan susu es batu ya gak manis pakai air gula,No Online Gambling Promotion
Yx4w92z_KDM,ICE CREAM KOPI,lg puasa,No Online Gambling Promotion
Yx4w92z_KDM,ICE CREAM KOPI,Answer: Kebanyakan air,No Online Gambling Promotion
Yx4w92z_KDM,ICE CREAM KOPI,Answer: Waduh meleot nih coy,No Online Gambling Promotion
Yx4w92z_KDM,ICE CREAM KOPI,Answer: Waduh melewati ini coy,No Online Gambling Promotion
Yx4w92z_KDM,ICE CREAM KOPI,Answer: Waduh melet coi,No Online Gambling Promotion
Yx4w92z_KDM,ICE CREAM KOPI,Answer: Bule coy,No Online Gambling Promotion
"Yx4w92z_KDM,ICE CREAM KOPI,""hati2 bekas plastik terkena panas, ianya menyebabkan kanker"",No Online Gambling Promotion"
Yx4w92z_KDM,ICE CREAM KOPI,Aku puasa,No Online Gambling Promotion
Yx4w92z_KDM,ICE CREAM KOPI,Gak puasa,No Online Gambling Promotion
Yx4w92z_KDM,ICE CREAM KOPI,woy kelas SM sumpah,No Online Gambling Promotion
Yx4w92z_KDM,ICE CREAM KOPI,Answer: ngga puasa kak,No Online Gambling Promotion
Yx4w92z_KDM,ICE CREAM KOPI,Gelasnya gede,No Online Gambling Promotion
Yx4w92z_KDM,ICE CREAM KOPI,kayaknya kakak nyanya makan air kebanyakan manis,No Online Gambling Promotion
Yx4w92z_KDM,ICE CREAM KOPI,gelasnya terlalu manis,No Online Gambling Promotion
Yx4w92z_KDM,ICE CREAM KOPI,Gelasnya segede gayung sih,No Online Gambling Promotion
Yx4w92z_KDM,ICE CREAM KOPI,meleot coi,No Online Gambling Promotion
Yx4w92z_KDM,ICE CREAM KOPI,Langsung dinilai manis,No Online Gambling Promotion
Yx4w92z_KDM,ICE CREAM KOPI,Answer: kopi coklat diberikan gula tetap paitnya amat,No Online Gambling Promotion
Yx4w92z_KDM,ICE CREAM KOPI,Dia laki-pria cewek,No Online Gambling Promotion
Yx4w92z_KDM,ICE CREAM KOPI,Apa aja yang dimasukkan yang kelihatan yang creamnya susu,No Online Gambling Promotion
Yx4w92z_KDM,ICE CREAM KOPI,Di negara nya ambil es batu rumah gak berlaku keprok keprok,No Online Gambling Promotion
Yx4w92z_KDM,ICE CREAM KOPI,Engga puasa,No Online Gambling Promotion
Yx4w92z_KDM,ICE CREAM KOPI,Answer: Kalian puasa tak puasa ngumpul,No Online Gambling Promotion
Yx4w92z_KDM,ICE CREAM KOPI,Answer: Beliau org Rusia kelakuan emak-emak Indonesia banget,No Online Gambling Promotion
Yx4w92z_KDM,ICE CREAM KOPI,Answer: Cek pasi mbk nek omong ya Allah,No Online Gambling Promotion
Yx4w92z_KDM,ICE CREAM KOPI,Kangen bgak mau kyk gak dulu keknya deh Tp pecah mug jumbo,No Online Gambling Promotion
Yx4w92z_KDM,ICE CREAM KOPI,Answer: Mbuh miss mbuhh ngakak tok mesti,No Online Gambling Promotion
Yx4w92z_KDM,ICE CREAM KOPI,ya allah,No Online Gambling Promotion
Yx4w92z_KDM,ICE CREAM KOPI,Nah sudah kukira ga manis gelasnya segede gabon,No Online Gambling Promotion
Yx4w92z_KDM,ICE CREAM KOPI,Air nya kebanyakan teh,No Online Gambling Promotion
Yx4w92z_KDM,ICE CREAM KOPI,meleot coy,No Online Gambling Promotion
Yx4w92z_KDM,ICE CREAM KOPI,Answer: Jangan pakai air panas kocok kopi,No Online Gambling Promotion
Yx4w92z_KDM,ICE CREAM KOPI,Output: Bule tau bahasa Meleyot Coy,No Online Gambling Promotion
Yx4w92z_KDM,ICE CREAM KOPI,air panas bancuh di dalam botol plastik,No Online Gambling Promotion
Yx4w92z_KDM,ICE CREAM KOPI,Humorku sebatas meloyot choy,No Online Gambling Promotion
Yx4w92z_KDM,ICE CREAM KOPI,Label: No Online Gambling Promotion,ERROR
Yx4w92z_KDM,ICE CREAM KOPI,Pruuppp ahhh manis,No Online Gambling Promotion
Yx4w92z_KDM,ICE CREAM KOPI,ngakak bgt pas ahhkurang manis,No Online Gambling Promotion
Yx4w92z_KDM,ICE CREAM KOPI,Selamat Ramadhan,No Online Gambling Promotion
Yx4w92z_KDM,ICE CREAM KOPI,cedapnya suka,No Online Gambling Promotion
Yx4w92z_KDM,ICE CREAM KOPI,Label: No Online Gambling Promotion,ERROR
Yx4w92z_KDM,ICE CREAM KOPI,Answer: Ia puas,No Online Gambling Promotion
Yx4w92z_KDM,ICE CREAM KOPI,<blank>,No Online Gambling Promotion
Yx4w92z_KDM,ICE CREAM KOPI,Gak enak tetangga,No Online Gambling Promotion
Yx4w92z_KDM,ICE CREAM KOPI,Answer: Wow,No Online Gambling Promotion
"Yx4w92z_KDM,ICE CREAM KOPI,""Gelasnya legend banget, lihat kakek minum kuku bima pake gelas, Jadi kangen"",No Online Gambling Promotion"
Yx4w92z_KDM,ICE CREAM KOPI,Answer: Kurang manis wkwkwk padahal udah banget gulanya,No Online Gambling Promotion
Yx4w92z_KDM,ICE CREAM KOPI,Banyak airnya tu,No Online Gambling Promotion
Yx4w92z_KDM,ICE CREAM KOPI,meleyot coy manis,No Online Gambling Promotion
Yx4w92z_KDM,ICE CREAM KOPI,Kakean banyu mbakyu,No Online Gambling Promotion
Yx4w92z_KDM,ICE CREAM KOPI,Uhuy,No Online Gambling Promotion
Yx4w92z_KDM,ICE CREAM KOPI,Are you Islam,No Online Gambling Promotion
Yx4w92z_KDM,ICE CREAM KOPI,Ya Allah,No Online Gambling Promotion
Yx4w92z_KDM,ICE CREAM KOPI,Air panas nya kebanyakan,No Online Gambling Promotion
"Yx4w92z_KDM,ICE CREAM KOPI,""Answer: Jangan tahu pakai botol itu di panasin, biar na nyah larut"",No Online Gambling Promotion"
Yx4w92z_KDM,ICE CREAM KOPI,Ya iya manis air panasmu banyak itu,No Online Gambling Promotion
Yx4w92z_KDM,ICE CREAM KOPI,Violaagiliran g enak kasih tetangga,No Online Gambling Promotion
Yx4w92z_KDM,ICE CREAM KOPI,Answer: Waduh peleot coy,No Online Gambling Promotion
Yx4w92z_KDM,ICE CREAM KOPI,Answer: Waduh meleot cuiiyyyy,No Online Gambling Promotion
Yx4w92z_KDM,ICE CREAM KOPI,Mba bule islam ya pake hijab bonus mba bule negara,No Online Gambling Promotion
Yx4w92z_KDM,ICE CREAM KOPI,Answer: Saya tidak tahu mengapa tetapi saya suka dari video ini,No Online Gambling Promotion
Yx4w92z_KDM,ICE CREAM KOPI,Agak kaget ya gw waduh meleyot coy,No Online Gambling Promotion
Yx4w92z_KDM,ICE CREAM KOPI,Micro plastic Selamat menikmati,No Online Gambling Promotion
Yx4w92z_KDM,ICE CREAM KOPI,sruppppppppahhhhhhhh manis gk ekspek loh,No Online Gambling Promotion
Yx4w92z_KDM,ICE CREAM KOPI,Makanya airnya,No Online Gambling Promotion
Yx4w92z_KDM,ICE CREAM KOPI,Answer: Aduh puasa,No Online Gambling Promotion
Yx4w92z_KDM,ICE CREAM KOPI,Singkat padat manis,No Online Gambling Promotion
Yx4w92z_KDM,ICE CREAM KOPI,Ya Allah udah punya bangsa tuh,No Online Gambling Promotion
Yx4w92z_KDM,ICE CREAM KOPI,Riweuh riweuh,No Online Gambling Promotion
Yx4w92z_KDM,ICE CREAM KOPI,Answer: Wuih bahasa Jawa nyata sudah mumpuni aparti mleot,No Online Gambling Promotion
Yx4w92z_KDM,ICE CREAM KOPI,tetangga beb,No Online Gambling Promotion
"Yx4w92z_KDM,ICE CREAM KOPI,""Answer: Iyalah manis gelas lu segede gabungan, tidak terlihat ada promosi judi online"",No Online Gambling Promotion"
Yx4w92z_KDM,ICE CREAM KOPI,Yang puasa like gak maksud,No Online Gambling Promotion
Yx4w92z_KDM,ICE CREAM KOPI,Answer: kenapa nontonnya pas puasa,No Online Gambling Promotion
Yx4w92z_KDM,ICE CREAM KOPI,Maghrib,No Online Gambling Promotion
