video_id;video_title;comment;label
jiWshdKG4b0;BUKA PUASA JAM 4 SORE DISINI! - Negara-Negara Yang Paling SEBENTAR Puasa #faktaunik #comedy #lucu;makasih JPTOGEL77 seumur umur kali lihat perkalian merah wd 3 juta modal 60k;Online Gambling Promotion
jiWshdKG4b0;BUKA PUASA JAM 4 SORE DISINI! - Negara-Negara Yang Paling SEBENTAR Puasa #faktaunik #comedy #lucu;Berkali kali main Olympus JPTOGEL77 hasilnya mantapp wee semoga ikutin saran Hokinya ya;Online Gambling Promotion
jiWshdKG4b0;BUKA PUASA JAM 4 SORE DISINI! - Negara-Negara Yang Paling SEBENTAR Puasa #faktaunik #comedy #lucu;Gua aja 2 pindah situs aja total kekalahan 80jt coba JPTOGEL77 perlahan harta,coba JPTOGEL77 perlahan;Online Gambling Promotion
jiWshdKG4b0;BUKA PUASA JAM 4 SORE DISINI! - Negara-Negara Yang Paling SEBENTAR Puasa #faktaunik #comedy #lucu;Wah seru banget Gue gabung jptogel77 langsung gas lingnya Main enak banget cuan,saya gabung jptogel77 langsung, main enak banget cuan;Online Gambling Promotion
jiWshdKG4b0;BUKA PUASA JAM 4 SORE DISINI! - Negara-Negara Yang Paling SEBENTAR Puasa #faktaunik #comedy #lucu;asik pindah pindah ajaterus temenku nyaranin main disitus JPTOGEL77 eh beneran gacor;Online Gambling Promotion
jiWshdKG4b0;BUKA PUASA JAM 4 SORE DISINI! - Negara-Negara Yang Paling SEBENTAR Puasa #faktaunik #comedy #lucu;seru banget main JPTOGEL77 Modal 100 menang gac0rnya diluar dugaan;Online Gambling Promotion
jiWshdKG4b0;BUKA PUASA JAM 4 SORE DISINI! - Negara-Negara Yang Paling SEBENTAR Puasa #faktaunik #comedy #lucu;sy main JPTOGEL77 doang mas ga pindah2 ya kadang loss ya ga sampe beli fortuner karaoke sih lc gw minimal 2 bos hahaha;Online Gambling Promotion
jiWshdKG4b0;BUKA PUASA JAM 4 SORE DISINI! - Negara-Negara Yang Paling SEBENTAR Puasa #faktaunik #comedy #lucu;udah langsung main JPTOGEL77 bang udah terjamin gacor banget zeusnya wkwkkwwk;Online Gambling Promotion
jiWshdKG4b0;BUKA PUASA JAM 4 SORE DISINI! - Negara-Negara Yang Paling SEBENTAR Puasa #faktaunik #comedy #lucu;proses nya cpt bgt gile JPTOGEL77;Online Gambling Promotion
jiWshdKG4b0;BUKA PUASA JAM 4 SORE DISINI! - Negara-Negara Yang Paling SEBENTAR Puasa #faktaunik #comedy #lucu;keren jptogel77 gampang kasih maxwin;Online Gambling Promotion
jiWshdKG4b0;BUKA PUASA JAM 4 SORE DISINI! - Negara-Negara Yang Paling SEBENTAR Puasa #faktaunik #comedy #lucu;Berbagi indah boss qu gw jg dpt komenkomen main JPTOGEL77 mantap,kw juga dapat komentar main JPTOGEL77 mantap;Online Gambling Promotion
jiWshdKG4b0;BUKA PUASA JAM 4 SORE DISINI! - Negara-Negara Yang Paling SEBENTAR Puasa #faktaunik #comedy #lucu;Cukup bagus bagus kali depo 30k dikasi wd 400 lumayan sensasi petir merah JPTOGEL77 cobain dah nihh;Online Gambling Promotion
jiWshdKG4b0;BUKA PUASA JAM 4 SORE DISINI! - Negara-Negara Yang Paling SEBENTAR Puasa #faktaunik #comedy #lucu;mantap nih situs JPTOGEL77 kali main udah dikasih menang aja,udah dikasih menang;Online Gambling Promotion
jiWshdKG4b0;BUKA PUASA JAM 4 SORE DISINI! - Negara-Negara Yang Paling SEBENTAR Puasa #faktaunik #comedy #lucu;jptogel77 asu bnrn gacor;Online Gambling Promotion
jiWshdKG4b0;BUKA PUASA JAM 4 SORE DISINI! - Negara-Negara Yang Paling SEBENTAR Puasa #faktaunik #comedy #lucu;situs terbesar kebanggan gw jptogel77;Online Gambling Promotion
jiWshdKG4b0;BUKA PUASA JAM 4 SORE DISINI! - Negara-Negara Yang Paling SEBENTAR Puasa #faktaunik #comedy #lucu;khawatir Hal orang pikirkan pikirkan Hal dirimu JPTOGEL77 gk percaya sih cocok buktiin memanglah website gacornya,gak percaya sih cocok buktiin memanglah website gacor nya;No Online Gambling Promotion
jiWshdKG4b0;BUKA PUASA JAM 4 SORE DISINI! - Negara-Negara Yang Paling SEBENTAR Puasa #faktaunik #comedy #lucu;JPTOGEL77 bro Pagmatic nya viral maxwin grup sebelah bro situs JPTOGEL77,Pagmaticnya viral maxwin grup sebelah bro situs JPTOGEL77;Online Gambling Promotion
jiWshdKG4b0;BUKA PUASA JAM 4 SORE DISINI! - Negara-Negara Yang Paling SEBENTAR Puasa #faktaunik #comedy #lucu;Awal sih ragu yah senang main JPTOGEL77 modal receehh doang lohhh;Online Gambling Promotion
jiWshdKG4b0;BUKA PUASA JAM 4 SORE DISINI! - Negara-Negara Yang Paling SEBENTAR Puasa #faktaunik #comedy #lucu;sih ya JPTOGEL77 bocor;Online Gambling Promotion
jiWshdKG4b0;BUKA PUASA JAM 4 SORE DISINI! - Negara-Negara Yang Paling SEBENTAR Puasa #faktaunik #comedy #lucu;aja gw coba jptogel77 semalam lumayan dpt 2jt;Online Gambling Promotion
jiWshdKG4b0;BUKA PUASA JAM 4 SORE DISINI! - Negara-Negara Yang Paling SEBENTAR Puasa #faktaunik #comedy #lucu;Asli emang hoki bangett main situs JPTOGEL77 jarang bangett gw main rungkad manjain bangett gw main disni;Online Gambling Promotion
jiWshdKG4b0;BUKA PUASA JAM 4 SORE DISINI! - Negara-Negara Yang Paling SEBENTAR Puasa #faktaunik #comedy #lucu;main jptogel77 udah gw rasakan mmg gacor;Online Gambling Promotion
jiWshdKG4b0;BUKA PUASA JAM 4 SORE DISINI! - Negara-Negara Yang Paling SEBENTAR Puasa #faktaunik #comedy #lucu;Beruntung banget bersyukur banget gw nemu situs JPTOGEL77 semenjak gw bergabung disitus banget nerima keuntungan super gede WD gak absen1 suka depo wd secepat kilat admin nya ramah;Online Gambling Promotion
jiWshdKG4b0;BUKA PUASA JAM 4 SORE DISINI! - Negara-Negara Yang Paling SEBENTAR Puasa #faktaunik #comedy #lucu;nikmat main JPTOGEL77 starlight princes ny menaburkan pesona tuh member era rungkad deh cuan harinya;Online Gambling Promotion
jiWshdKG4b0;BUKA PUASA JAM 4 SORE DISINI! - Negara-Negara Yang Paling SEBENTAR Puasa #faktaunik #comedy #lucu;enak banget maxwin nya ngap Cuman situs JPTOGEL77 gw ngerasain indah nya maxwin,situs JPTOGEL77 gw ngerasain indahnya maxwin;Online Gambling Promotion
jiWshdKG4b0;BUKA PUASA JAM 4 SORE DISINI! - Negara-Negara Yang Paling SEBENTAR Puasa #faktaunik #comedy #lucu;SUPER MANTAP SITUS JPTOGEL77 GAMPANG MENANGNYA;Online Gambling Promotion
jiWshdKG4b0;BUKA PUASA JAM 4 SORE DISINI! - Negara-Negara Yang Paling SEBENTAR Puasa #faktaunik #comedy #lucu;kiraen admin beneran enak jptogel77 asu;Online Gambling Promotion
jiWshdKG4b0;BUKA PUASA JAM 4 SORE DISINI! - Negara-Negara Yang Paling SEBENTAR Puasa #faktaunik #comedy #lucu;Ramai JPTOGEL77 bikin gebrakan;Online Gambling Promotion
jiWshdKG4b0;BUKA PUASA JAM 4 SORE DISINI! - Negara-Negara Yang Paling SEBENTAR Puasa #faktaunik #comedy #lucu;Bikin hidup simple JPTOGEL77;Online Gambling Promotion
jiWshdKG4b0;BUKA PUASA JAM 4 SORE DISINI! - Negara-Negara Yang Paling SEBENTAR Puasa #faktaunik #comedy #lucu;Channel heboh gara gara JPTOGEL77 menarik;Online Gambling Promotion
jiWshdKG4b0;BUKA PUASA JAM 4 SORE DISINI! - Negara-Negara Yang Paling SEBENTAR Puasa #faktaunik #comedy #lucu;Temen temen gue pake JPTOGEL77 recommended sih;Online Gambling Promotion
jiWshdKG4b0;BUKA PUASA JAM 4 SORE DISINI! - Negara-Negara Yang Paling SEBENTAR Puasa #faktaunik #comedy #lucu;Pengalaman pengguna bagus JPTOGEL77 panen pujian;No Online Gambling Promotion
jiWshdKG4b0;BUKA PUASA JAM 4 SORE DISINI! - Negara-Negara Yang Paling SEBENTAR Puasa #faktaunik #comedy #lucu;Interfacenya user friendly JPTOGEL77 bikin nyaman;No Online Gambling Promotion
jiWshdKG4b0;BUKA PUASA JAM 4 SORE DISINI! - Negara-Negara Yang Paling SEBENTAR Puasa #faktaunik #comedy #lucu;Wajarlah JPTOGEL77 dikagumi orang;Online Gambling Promotion
jiWshdKG4b0;BUKA PUASA JAM 4 SORE DISINI! - Negara-Negara Yang Paling SEBENTAR Puasa #faktaunik #comedy #lucu;Orang orang bilang JPTOGEL77 the next big thing;No Online Gambling Promotion
jiWshdKG4b0;BUKA PUASA JAM 4 SORE DISINI! - Negara-Negara Yang Paling SEBENTAR Puasa #faktaunik #comedy #lucu;Ga sabar nunggu update terbaru JPTOGEL77;Online Gambling Promotion
jiWshdKG4b0;BUKA PUASA JAM 4 SORE DISINI! - Negara-Negara Yang Paling SEBENTAR Puasa #faktaunik #comedy #lucu;Bingung kenal JPTOGEL77;No Online Gambling Promotion
jiWshdKG4b0;BUKA PUASA JAM 4 SORE DISINI! - Negara-Negara Yang Paling SEBENTAR Puasa #faktaunik #comedy #lucu;Gue JPTOGEL77 dikenal luas;Online Gambling Promotion
jiWshdKG4b0;BUKA PUASA JAM 4 SORE DISINI! - Negara-Negara Yang Paling SEBENTAR Puasa #faktaunik #comedy #lucu;Selalu muncul kolom komentar hype JPTOGEL77 real;Online Gambling Promotion
jiWshdKG4b0;BUKA PUASA JAM 4 SORE DISINI! - Negara-Negara Yang Paling SEBENTAR Puasa #faktaunik #comedy #lucu;Gimana JPTOGEL77 populer Hebat;Online Gambling Promotion
jiWshdKG4b0;BUKA PUASA JAM 4 SORE DISINI! - Negara-Negara Yang Paling SEBENTAR Puasa #faktaunik #comedy #lucu;Pas lihat namanya langsung penasaran JPTOGEL77;Online Gambling Promotion
jiWshdKG4b0;BUKA PUASA JAM 4 SORE DISINI! - Negara-Negara Yang Paling SEBENTAR Puasa #faktaunik #comedy #lucu;Apapun cari kayaknya JPTOGEL77 jawabannya;Online Gambling Promotion
jiWshdKG4b0;BUKA PUASA JAM 4 SORE DISINI! - Negara-Negara Yang Paling SEBENTAR Puasa #faktaunik #comedy #lucu;Sekarang gue paham JPTOGEL77 pilihan no 1;Online Gambling Promotion
jiWshdKG4b0;BUKA PUASA JAM 4 SORE DISINI! - Negara-Negara Yang Paling SEBENTAR Puasa #faktaunik #comedy #lucu;Salut JPTOGEL77 semoga sukses depannya;No Online Gambling Promotion
jiWshdKG4b0;BUKA PUASA JAM 4 SORE DISINI! - Negara-Negara Yang Paling SEBENTAR Puasa #faktaunik #comedy #lucu;Kalo coba JPTOGEL77 ketinggalan zaman;Online Gambling Promotion
jiWshdKG4b0;BUKA PUASA JAM 4 SORE DISINI! - Negara-Negara Yang Paling SEBENTAR Puasa #faktaunik #comedy #lucu;Kolom komentar penuh dukungan JPTOGEL77 emang trusted;Online Gambling Promotion
jiWshdKG4b0;BUKA PUASA JAM 4 SORE DISINI! - Negara-Negara Yang Paling SEBENTAR Puasa #faktaunik #comedy #lucu;jptogel77 terbaik dah;Online Gambling Promotion
jiWshdKG4b0;BUKA PUASA JAM 4 SORE DISINI! - Negara-Negara Yang Paling SEBENTAR Puasa #faktaunik #comedy #lucu;Bisa hemat tenaga JPTOGEL77 solutif banget;Online Gambling Promotion
jiWshdKG4b0;BUKA PUASA JAM 4 SORE DISINI! - Negara-Negara Yang Paling SEBENTAR Puasa #faktaunik #comedy #lucu;Tiap buka YouTube bahas JPTOGEL77;Online Gambling Promotion
8ow4QxjTKIM;100%Kuat!! semoga bermanfaat yaa😇👍;ABSEN SIAPA YG PUASA Sayaa;No Online Gambling Promotion
8ow4QxjTKIM;100%Kuat!! semoga bermanfaat yaa😇👍;Mana tidur sampe magrib batal downg puasa nya;No Online Gambling Promotion
8ow4QxjTKIM;100%Kuat!! semoga bermanfaat yaa😇👍;Kak makan nasinya pake garpu;No Online Gambling Promotion
8ow4QxjTKIM;100%Kuat!! semoga bermanfaat yaa😇👍;Gk inget ngaji;No Online Gambling Promotion
8ow4QxjTKIM;100%Kuat!! semoga bermanfaat yaa😇👍;Tidur magrib gak pahala kak;No Online Gambling Promotion
8ow4QxjTKIM;100%Kuat!! semoga bermanfaat yaa😇👍;4 manuk akal;No Online Gambling Promotion
8ow4QxjTKIM;100%Kuat!! semoga bermanfaat yaa😇👍;Gak bagus tidur magrib gak;No Online Gambling Promotion
8ow4QxjTKIM;100%Kuat!! semoga bermanfaat yaa😇👍;makasihh bangeett temeenkuu udah kasih rekomend web JPTOGEL77 ga rungkad web sebela;Online Gambling Promotion
8ow4QxjTKIM;100%Kuat!! semoga bermanfaat yaa😇👍;gw tau JPTOGEL77 komen asli bnrn gacir;Online Gambling Promotion
8ow4QxjTKIM;100%Kuat!! semoga bermanfaat yaa😇👍;TERIMAKASIH JPTOGEL77 MENANG SUPER HOKI KEREN TEPERCAYA DAN NYATA;Online Gambling Promotion
8ow4QxjTKIM;100%Kuat!! semoga bermanfaat yaa😇👍;Sudah situs yg ikuti satupun berhasil membuktikan kecuali JPTOGEL77;No Online Gambling Promotion
8ow4QxjTKIM;100%Kuat!! semoga bermanfaat yaa😇👍;cmn main JPTOGEL77 gw dpt teriakan mantap ayaaaaaang;Online Gambling Promotion
8ow4QxjTKIM;100%Kuat!! semoga bermanfaat yaa😇👍;Akhirnya ngerasain nama nya maxwinemang mantap situs terpercaya JPTOGEL77 mayan buatk modal nongkrong temen temen broo,situs terpercaya JPTOGEL77 mayan buatk modal nongkrong temen temen broo;Online Gambling Promotion
8ow4QxjTKIM;100%Kuat!! semoga bermanfaat yaa😇👍;BG kalo makan pagi batal;No Online Gambling Promotion
8ow4QxjTKIM;100%Kuat!! semoga bermanfaat yaa😇👍;Puasabang;No Online Gambling Promotion
8ow4QxjTKIM;100%Kuat!! semoga bermanfaat yaa😇👍;Sudah kuduga;No Online Gambling Promotion
8ow4QxjTKIM;100%Kuat!! semoga bermanfaat yaa😇👍;Tu MOKEL NAMANYA;No Online Gambling Promotion
8ow4QxjTKIM;100%Kuat!! semoga bermanfaat yaa😇👍;Ngasih Totorial puasa kuat Kasih totorial mokel budi;No Online Gambling Promotion
8ow4QxjTKIM;100%Kuat!! semoga bermanfaat yaa😇👍;Tutorial membatalkan puasa;No Online Gambling Promotion
8ow4QxjTKIM;100%Kuat!! semoga bermanfaat yaa😇👍;Solat bang tidur magrib;No Online Gambling Promotion
8ow4QxjTKIM;100%Kuat!! semoga bermanfaat yaa😇👍;Tutorial mokel mah;No Online Gambling Promotion
8ow4QxjTKIM;100%Kuat!! semoga bermanfaat yaa😇👍;Pas puasa gak tidur kelaman;No Online Gambling Promotion
8ow4QxjTKIM;100%Kuat!! semoga bermanfaat yaa😇👍;mksdnya pagi stngah 4;No Online Gambling Promotion
8ow4QxjTKIM;100%Kuat!! semoga bermanfaat yaa😇👍;Gak mandi siang bang;No Online Gambling Promotion
8ow4QxjTKIM;100%Kuat!! semoga bermanfaat yaa😇👍;Jadinya ha sholat;No Online Gambling Promotion
8ow4QxjTKIM;100%Kuat!! semoga bermanfaat yaa😇👍;arti puasa menahan kalo gitu dimana menahan nya;No Online Gambling Promotion
8ow4QxjTKIM;100%Kuat!! semoga bermanfaat yaa😇👍;Ane gk puasa puasa Pagi2 makan minum Lalu scrol tiktok Rugi gk shalat,makan minum lalu scroll tiktok, rugi gk shallat;No Online Gambling Promotion
8ow4QxjTKIM;100%Kuat!! semoga bermanfaat yaa😇👍;Tutorial puasa no Tutorial batal puasa yes;No Online Gambling Promotion
8ow4QxjTKIM;100%Kuat!! semoga bermanfaat yaa😇👍;Mempercepat buka salah pegal badan;No Online Gambling Promotion
8ow4QxjTKIM;100%Kuat!! semoga bermanfaat yaa😇👍;100 KUAT 100 BATAL;No Online Gambling Promotion
8ow4QxjTKIM;100%Kuat!! semoga bermanfaat yaa😇👍;Sholat bang;No Online Gambling Promotion
8ow4QxjTKIM;100%Kuat!! semoga bermanfaat yaa😇👍;Ga solat kah;No Online Gambling Promotion
8ow4QxjTKIM;100%Kuat!! semoga bermanfaat yaa😇👍;Siang;No Online Gambling Promotion
8ow4QxjTKIM;100%Kuat!! semoga bermanfaat yaa😇👍;Bang udah aiang;No Online Gambling Promotion
8ow4QxjTKIM;100%Kuat!! semoga bermanfaat yaa😇👍;Paling bermanfaat tidur sampe maghrib;No Online Gambling Promotion
8ow4QxjTKIM;100%Kuat!! semoga bermanfaat yaa😇👍;Bang gw Pas buka makan berdoa makan kalo gak berdoa Yang makan setan tuhan;No Online Gambling Promotion
8ow4QxjTKIM;100%Kuat!! semoga bermanfaat yaa😇👍;Mokel mokel;No Online Gambling Promotion
8ow4QxjTKIM;100%Kuat!! semoga bermanfaat yaa😇👍;Tutorial mengsia sia puasa;No Online Gambling Promotion
8ow4QxjTKIM;100%Kuat!! semoga bermanfaat yaa😇👍;Tapi puasa gk sholat rugi puasa nya;No Online Gambling Promotion
8ow4QxjTKIM;100%Kuat!! semoga bermanfaat yaa😇👍;Pandai ya ajar ni orang;No Online Gambling Promotion
8ow4QxjTKIM;100%Kuat!! semoga bermanfaat yaa😇👍;Tim puasa ngumpul gak maksa;No Online Gambling Promotion
8ow4QxjTKIM;100%Kuat!! semoga bermanfaat yaa😇👍;Minum ya segalon aja bang;No Online Gambling Promotion
8ow4QxjTKIM;100%Kuat!! semoga bermanfaat yaa😇👍;eh LU GAKA SHOLATTT,Lu gakas holaattt;No Online Gambling Promotion
8ow4QxjTKIM;100%Kuat!! semoga bermanfaat yaa😇👍;Sarapan;No Online Gambling Promotion
8ow4QxjTKIM;100%Kuat!! semoga bermanfaat yaa😇👍;Nanti tiru loh lo;No Online Gambling Promotion
8ow4QxjTKIM;100%Kuat!! semoga bermanfaat yaa😇👍;Kenapa sarapan;No Online Gambling Promotion
8ow4QxjTKIM;100%Kuat!! semoga bermanfaat yaa😇👍;Yang kuat puasa niat;No Online Gambling Promotion
8ow4QxjTKIM;100%Kuat!! semoga bermanfaat yaa😇👍;Jangan tidur siang nya sampe magrib gk loh;No Online Gambling Promotion
8ow4QxjTKIM;100%Kuat!! semoga bermanfaat yaa😇👍;Jadi keinget ipong 20 pro maxx;No Online Gambling Promotion
8ow4QxjTKIM;100%Kuat!! semoga bermanfaat yaa😇👍;Bang gua gak sahur gua tetep tamat maghrip;No Online Gambling Promotion
8ow4QxjTKIM;100%Kuat!! semoga bermanfaat yaa😇👍;Kakak gitu dibilang;No Online Gambling Promotion
8ow4QxjTKIM;100%Kuat!! semoga bermanfaat yaa😇👍;Tapi tidur lama2 nnt makruh;No Online Gambling Promotion
8ow4QxjTKIM;100%Kuat!! semoga bermanfaat yaa😇👍;OMG Gw biar kuat puasa pas jam2 10 12 Ehh taunya tidur Maghrib emang yaa tidur maghrib Ketinggalan sholatnya;No Online Gambling Promotion
8ow4QxjTKIM;100%Kuat!! semoga bermanfaat yaa😇👍;Tips kuat puasa Tips puasa makruh Yakali gua tidur ampe magrib perbanyak ibadah,Tips puasa makruh, Yakali gua tidur ampe magrib perbanyak ibadah;No Online Gambling Promotion
8ow4QxjTKIM;100%Kuat!! semoga bermanfaat yaa😇👍;SHALAT BANG SHALAT;No Online Gambling Promotion
8ow4QxjTKIM;100%Kuat!! semoga bermanfaat yaa😇👍;Puasa bang ko minum air pas pagi,ko minum air pagi;No Online Gambling Promotion
8ow4QxjTKIM;100%Kuat!! semoga bermanfaat yaa😇👍;Jadi bikin laper nih;No Online Gambling Promotion
8ow4QxjTKIM;100%Kuat!! semoga bermanfaat yaa😇👍;Gw ga sahur lari main bola;No Online Gambling Promotion
8ow4QxjTKIM;100%Kuat!! semoga bermanfaat yaa😇👍;Inimah tutorial membatalkan puasa dgn peraktis batal Tutorial bermanfaat Bercanda ya,Tutorial bermanfaat;No Online Gambling Promotion
8ow4QxjTKIM;100%Kuat!! semoga bermanfaat yaa😇👍;Tadi gua abis sahur berak jir abis tu siangnya berak;No Online Gambling Promotion
8ow4QxjTKIM;100%Kuat!! semoga bermanfaat yaa😇👍;Yang nomer 2 ngelakuin;No Online Gambling Promotion
8ow4QxjTKIM;100%Kuat!! semoga bermanfaat yaa😇👍;Kalo Gw tidur habis Shubuh sampe jam 11 siang;No Online Gambling Promotion
8ow4QxjTKIM;100%Kuat!! semoga bermanfaat yaa😇👍;Ini mah tutorial membatal puasa;No Online Gambling Promotion
8ow4QxjTKIM;100%Kuat!! semoga bermanfaat yaa😇👍;Ngajak sesad ya;No Online Gambling Promotion
8ow4QxjTKIM;100%Kuat!! semoga bermanfaat yaa😇👍;Tips sampah;No Online Gambling Promotion
8ow4QxjTKIM;100%Kuat!! semoga bermanfaat yaa😇👍;Pantess;No Online Gambling Promotion
8ow4QxjTKIM;100%Kuat!! semoga bermanfaat yaa😇👍;SEMUANYA STOP JUDOL;No Online Gambling Promotion
8ow4QxjTKIM;100%Kuat!! semoga bermanfaat yaa😇👍;Mana solat zohor;No Online Gambling Promotion
8ow4QxjTKIM;100%Kuat!! semoga bermanfaat yaa😇👍;Ibadah nya nggak bang;No Online Gambling Promotion
8ow4QxjTKIM;100%Kuat!! semoga bermanfaat yaa😇👍;namanya puasa namanya batal puasa,namanya batal puasa;No Online Gambling Promotion
8ow4QxjTKIM;100%Kuat!! semoga bermanfaat yaa😇👍;Kata ustadz namanya latihan mati bang;No Online Gambling Promotion
8ow4QxjTKIM;100%Kuat!! semoga bermanfaat yaa😇👍;Kalo punyaku buka puasa nya 10 menit;No Online Gambling Promotion
8ow4QxjTKIM;100%Kuat!! semoga bermanfaat yaa😇👍;Tutorial puasa Tutorial mokel;No Online Gambling Promotion
8ow4QxjTKIM;100%Kuat!! semoga bermanfaat yaa😇👍;Bang kalo puasa GK tidur batal;No Online Gambling Promotion
8ow4QxjTKIM;100%Kuat!! semoga bermanfaat yaa😇👍;bang pagi bukanya subuh;No Online Gambling Promotion
8ow4QxjTKIM;100%Kuat!! semoga bermanfaat yaa😇👍;Tutorial mokel mah;No Online Gambling Promotion
8ow4QxjTKIM;100%Kuat!! semoga bermanfaat yaa😇👍;Bang tips yg buka mata aja aja langsung pindah alam bangg;No Online Gambling Promotion
8ow4QxjTKIM;100%Kuat!! semoga bermanfaat yaa😇👍;Apakah beneran bikin kuat puasa 100;No Online Gambling Promotion
8ow4QxjTKIM;100%Kuat!! semoga bermanfaat yaa😇👍;Woi kalo tidur sampe magrib sholat ashar nya gimana;No Online Gambling Promotion
8ow4QxjTKIM;100%Kuat!! semoga bermanfaat yaa😇👍;100 kuat puasa Tutorial batal puasa pagi;No Online Gambling Promotion
8ow4QxjTKIM;100%Kuat!! semoga bermanfaat yaa😇👍;Solat nya bang;No Online Gambling Promotion
8ow4QxjTKIM;100%Kuat!! semoga bermanfaat yaa😇👍;Tanggung gak lu gara2 nonton vidio ello gue laper,gue laper;No Online Gambling Promotion
8ow4QxjTKIM;100%Kuat!! semoga bermanfaat yaa😇👍;Biar kuat puasa Biar batal puasa,Biar batalkan puasa;No Online Gambling Promotion
8ow4QxjTKIM;100%Kuat!! semoga bermanfaat yaa😇👍;Emang nya makan indomi pagi pagi mah namanya makan pagi sarapan kyk biasatrs tidur magrib tuh cepet cepet buka buasa,nama yangnya makan pagi sarapan kyk biasatars tidur magrib tetapi cepet cepet buka buasanya;No Online Gambling Promotion
8ow4QxjTKIM;100%Kuat!! semoga bermanfaat yaa😇👍;Nanti sia sia lo bang puasa nya gak dapet pahala;No Online Gambling Promotion
8ow4QxjTKIM;100%Kuat!! semoga bermanfaat yaa😇👍;Kocak;No Online Gambling Promotion
8ow4QxjTKIM;100%Kuat!! semoga bermanfaat yaa😇👍;Tutorial puasa kuat Tutorial membatalkan puasa Edit makasih udh like like,Tutorial membatalkan puasa, Edit makasih udh like like;No Online Gambling Promotion
8ow4QxjTKIM;100%Kuat!! semoga bermanfaat yaa😇👍;Scroll tiktok bole ka;No Online Gambling Promotion
8ow4QxjTKIM;100%Kuat!! semoga bermanfaat yaa😇👍;Kuat si kuat batal;No Online Gambling Promotion
8ow4QxjTKIM;100%Kuat!! semoga bermanfaat yaa😇👍;Sholat nya e tinggalkan;No Online Gambling Promotion
8ow4QxjTKIM;100%Kuat!! semoga bermanfaat yaa😇👍;Kalau makan trud berak;No Online Gambling Promotion
8ow4QxjTKIM;100%Kuat!! semoga bermanfaat yaa😇👍;Tidak batal pas puasa Tidak sholat,Tidak sholat;No Online Gambling Promotion
8ow4QxjTKIM;100%Kuat!! semoga bermanfaat yaa😇👍;Dasar nonis membatalkan puasa Astaghfirullah nonis suci;No Online Gambling Promotion
8ow4QxjTKIM;100%Kuat!! semoga bermanfaat yaa😇👍;Makasih ya tutornya;No Online Gambling Promotion
8ow4QxjTKIM;100%Kuat!! semoga bermanfaat yaa😇👍;Harus Wajib Shlat Sih;No Online Gambling Promotion
8ow4QxjTKIM;100%Kuat!! semoga bermanfaat yaa😇👍;Enga Solat Juga;No Online Gambling Promotion
8ow4QxjTKIM;100%Kuat!! semoga bermanfaat yaa😇👍;Kalian sarapan pake geng;No Online Gambling Promotion
8ow4QxjTKIM;100%Kuat!! semoga bermanfaat yaa😇👍;Gak puasa aja kayak gitu;No Online Gambling Promotion
8ow4QxjTKIM;100%Kuat!! semoga bermanfaat yaa😇👍;Pagi nya subuhhhhhh;No Online Gambling Promotion
8ow4QxjTKIM;100%Kuat!! semoga bermanfaat yaa😇👍;Ubur ubur ikan lele Pencuma le;No Online Gambling Promotion
8ow4QxjTKIM;100%Kuat!! semoga bermanfaat yaa😇👍;batal woi batal;No Online Gambling Promotion
8ow4QxjTKIM;100%Kuat!! semoga bermanfaat yaa😇👍;Lah solatnya;No Online Gambling Promotion
8ow4QxjTKIM;100%Kuat!! semoga bermanfaat yaa😇👍;Yang sorenya tadarusan dimoshola;No Online Gambling Promotion
8ow4QxjTKIM;100%Kuat!! semoga bermanfaat yaa😇👍;Tips Yang tips;No Online Gambling Promotion
8ow4QxjTKIM;100%Kuat!! semoga bermanfaat yaa😇👍;Baca quran nya manah;No Online Gambling Promotion
8ow4QxjTKIM;100%Kuat!! semoga bermanfaat yaa😇👍;Lah gak puasa;No Online Gambling Promotion
8ow4QxjTKIM;100%Kuat!! semoga bermanfaat yaa😇👍;Alamak tergoda pulak ama indomi;No Online Gambling Promotion
8ow4QxjTKIM;100%Kuat!! semoga bermanfaat yaa😇👍;Saya puasa;No Online Gambling Promotion
8ow4QxjTKIM;100%Kuat!! semoga bermanfaat yaa😇👍;Bang lakuin mama ku marah,lakukan mama ku marah;No Online Gambling Promotion
8ow4QxjTKIM;100%Kuat!! semoga bermanfaat yaa😇👍;Kalo tidur sampe magrib gak solat;No Online Gambling Promotion
8ow4QxjTKIM;100%Kuat!! semoga bermanfaat yaa😇👍;fix emang niat mokel ni orang;No Online Gambling Promotion
8ow4QxjTKIM;100%Kuat!! semoga bermanfaat yaa😇👍;Iya gais gak lapar haus puasa gak lapar haus puasa;No Online Gambling Promotion
8ow4QxjTKIM;100%Kuat!! semoga bermanfaat yaa😇👍;Tidur kah hibernasi;No Online Gambling Promotion
8ow4QxjTKIM;100%Kuat!! semoga bermanfaat yaa😇👍;Kok sarapan si puasa gimana sih namanya ma mokel;No Online Gambling Promotion
8ow4QxjTKIM;100%Kuat!! semoga bermanfaat yaa😇👍;Mantap bang tpisnya;No Online Gambling Promotion
8ow4QxjTKIM;100%Kuat!! semoga bermanfaat yaa😇👍;Minimalnya tidur magrib salat;No Online Gambling Promotion
8ow4QxjTKIM;100%Kuat!! semoga bermanfaat yaa😇👍;Sayaas;No Online Gambling Promotion
8ow4QxjTKIM;100%Kuat!! semoga bermanfaat yaa😇👍;Batal;No Online Gambling Promotion
8ow4QxjTKIM;100%Kuat!! semoga bermanfaat yaa😇👍;Kalo gw sih dah laper kali yah mandi aja biar seger laper hilang;No Online Gambling Promotion
8ow4QxjTKIM;100%Kuat!! semoga bermanfaat yaa😇👍;Percuma puasa GK solat 5 aja batal;No Online Gambling Promotion
8ow4QxjTKIM;100%Kuat!! semoga bermanfaat yaa😇👍;Sholat dhuhur ashar;No Online Gambling Promotion
8ow4QxjTKIM;100%Kuat!! semoga bermanfaat yaa😇👍;Tips kuat berpuasa Tips dosa menumpuk;No Online Gambling Promotion
8ow4QxjTKIM;100%Kuat!! semoga bermanfaat yaa😇👍;Sarapansahur;No Online Gambling Promotion
8ow4QxjTKIM;100%Kuat!! semoga bermanfaat yaa😇👍;Tip jgn lupa shalat;No Online Gambling Promotion
8ow4QxjTKIM;100%Kuat!! semoga bermanfaat yaa😇👍;klo sarapan batal klo sahur kak;No Online Gambling Promotion
8ow4QxjTKIM;100%Kuat!! semoga bermanfaat yaa😇👍;Ngajak mokel;No Online Gambling Promotion
8ow4QxjTKIM;100%Kuat!! semoga bermanfaat yaa😇👍;Tutorial mokel mahh;No Online Gambling Promotion
8ow4QxjTKIM;100%Kuat!! semoga bermanfaat yaa😇👍;Emang niat mokel orang;No Online Gambling Promotion
8ow4QxjTKIM;100%Kuat!! semoga bermanfaat yaa😇👍;Sarapan;No Online Gambling Promotion
8ow4QxjTKIM;100%Kuat!! semoga bermanfaat yaa😇👍;Jangan lupa sholatnya;No Online Gambling Promotion
8ow4QxjTKIM;100%Kuat!! semoga bermanfaat yaa😇👍;Benar BENAR MEMBATALKAN ORANG PUASA;No Online Gambling Promotion
8ow4QxjTKIM;100%Kuat!! semoga bermanfaat yaa😇👍;Jangan makan tidur aja bayakin ibadah nya;No Online Gambling Promotion
8ow4QxjTKIM;100%Kuat!! semoga bermanfaat yaa😇👍;Ehh sholat;No Online Gambling Promotion
8ow4QxjTKIM;100%Kuat!! semoga bermanfaat yaa😇👍;Tutorial kuat puasa sampe magrib Tutorial nyari dosa segunung;No Online Gambling Promotion
8ow4QxjTKIM;100%Kuat!! semoga bermanfaat yaa😇👍;eh abang mohon maaf sore mengaji,molahkan maaf sore mengaji;No Online Gambling Promotion
8ow4QxjTKIM;100%Kuat!! semoga bermanfaat yaa😇👍;sholat shubuh sholat dhuhur asar;No Online Gambling Promotion
8ow4QxjTKIM;100%Kuat!! semoga bermanfaat yaa😇👍;btw sabar ya bang;No Online Gambling Promotion
8ow4QxjTKIM;100%Kuat!! semoga bermanfaat yaa😇👍;salpok sma hpnya pke casing doang;No Online Gambling Promotion
8ow4QxjTKIM;100%Kuat!! semoga bermanfaat yaa😇👍;Makruh bang Makruh;No Online Gambling Promotion
8ow4QxjTKIM;100%Kuat!! semoga bermanfaat yaa😇👍;Tutorial puasa Tutorial membatalkan puasa Bg berumur 7 puasa Tapi bbgg ngak puasa kalah,Tetapi bbg tidak puasa kalah;No Online Gambling Promotion
8ow4QxjTKIM;100%Kuat!! semoga bermanfaat yaa😇👍;AGAK LAIN;No Online Gambling Promotion
8ow4QxjTKIM;100%Kuat!! semoga bermanfaat yaa😇👍;Tolong kondisi ya sungkem;No Online Gambling Promotion
8ow4QxjTKIM;100%Kuat!! semoga bermanfaat yaa😇👍;puasa;No Online Gambling Promotion
8ow4QxjTKIM;100%Kuat!! semoga bermanfaat yaa😇👍;Puasa Pahala Hadeh;No Online Gambling Promotion
8ow4QxjTKIM;100%Kuat!! semoga bermanfaat yaa😇👍;Puasa nya nya makruh ya kalo tidor kek nya makruh deh;No Online Gambling Promotion
8ow4QxjTKIM;100%Kuat!! semoga bermanfaat yaa😇👍;Bikin lapar lgi ad kak;No Online Gambling Promotion
8ow4QxjTKIM;100%Kuat!! semoga bermanfaat yaa😇👍;gk haus puasa pas bangun sahur minum air segalon jamin gk haus ampe buka;No Online Gambling Promotion
8ow4QxjTKIM;100%Kuat!! semoga bermanfaat yaa😇👍;Aku;No Online Gambling Promotion
8ow4QxjTKIM;100%Kuat!! semoga bermanfaat yaa😇👍;gw tidur jam 1 siang bangunnya jam 6,bangunnya jam 6;No Online Gambling Promotion
8ow4QxjTKIM;100%Kuat!! semoga bermanfaat yaa😇👍;Pas sahur baca al Kautsar kali;No Online Gambling Promotion
8ow4QxjTKIM;100%Kuat!! semoga bermanfaat yaa😇👍;Malaikattutorial;No Online Gambling Promotion
8ow4QxjTKIM;100%Kuat!! semoga bermanfaat yaa😇👍;Itu kagak puasa namanya;No Online Gambling Promotion
8ow4QxjTKIM;100%Kuat!! semoga bermanfaat yaa😇👍;ALAMAK;No Online Gambling Promotion
8ow4QxjTKIM;100%Kuat!! semoga bermanfaat yaa😇👍;Sangat bermanfaat;No Online Gambling Promotion
8ow4QxjTKIM;100%Kuat!! semoga bermanfaat yaa😇👍;Ya sebulan makan mie pas sahur kisal seminggu 4 kalilah 3 kali sahur nasgor tolur bakso sosis pakai nasi,3 kali sahur nasgor tolur bakso sosis pakai nasi;No Online Gambling Promotion
8ow4QxjTKIM;100%Kuat!! semoga bermanfaat yaa😇👍;Tapi kak habis sahur ngaji subuh pulang ngaji subuh sekolah pulang sekolahsekolah agama pulang sekolah agama les pulang les pulang les jam 6 pas adzan;No Online Gambling Promotion
8ow4QxjTKIM;100%Kuat!! semoga bermanfaat yaa😇👍;Gw iri gw puasa liat vidionya lapar ditampol emak;No Online Gambling Promotion
8ow4QxjTKIM;100%Kuat!! semoga bermanfaat yaa😇👍;Puasa menahan lapar Puasa menahan bangun;No Online Gambling Promotion
8ow4QxjTKIM;100%Kuat!! semoga bermanfaat yaa😇👍;astagfirullah;No Online Gambling Promotion
8ow4QxjTKIM;100%Kuat!! semoga bermanfaat yaa😇👍;Scroll tiktok mukbang;No Online Gambling Promotion
8ow4QxjTKIM;100%Kuat!! semoga bermanfaat yaa😇👍;Nomor 3 Scroll YouTube Scroll Tydtod;No Online Gambling Promotion
8ow4QxjTKIM;100%Kuat!! semoga bermanfaat yaa😇👍;Abangnya ngajak ribut;No Online Gambling Promotion
8ow4QxjTKIM;100%Kuat!! semoga bermanfaat yaa😇👍;Bukan nya gimana kek nya lupa puasa;No Online Gambling Promotion
8ow4QxjTKIM;100%Kuat!! semoga bermanfaat yaa😇👍;Tidur bangun2 sahur;No Online Gambling Promotion
8ow4QxjTKIM;100%Kuat!! semoga bermanfaat yaa😇👍;Saya puasa udah berbuka islam kena solat tidur maghrib solat melayu,Kena solat tidur maghrib solat melayu;No Online Gambling Promotion
8ow4QxjTKIM;100%Kuat!! semoga bermanfaat yaa😇👍;Shalat 5 Ingat orang shalat 1 kerajaan surga hancur bersisa,ingat orang shalat 1 kerajaan surga hancur bersama;No Online Gambling Promotion
8ow4QxjTKIM;100%Kuat!! semoga bermanfaat yaa😇👍;Solat;No Online Gambling Promotion
8ow4QxjTKIM;100%Kuat!! semoga bermanfaat yaa😇👍;Shalat weh;No Online Gambling Promotion
8ow4QxjTKIM;100%Kuat!! semoga bermanfaat yaa😇👍;Batal;No Online Gambling Promotion
8ow4QxjTKIM;100%Kuat!! semoga bermanfaat yaa😇👍;Tutorial puasa Turorial sesat membatalkan puasa;No Online Gambling Promotion
8ow4QxjTKIM;100%Kuat!! semoga bermanfaat yaa😇👍;lupakan solat bang;No Online Gambling Promotion
8ow4QxjTKIM;100%Kuat!! semoga bermanfaat yaa😇👍;artinyasarapan minum pas sahur dah sahur scroll tiktok abis cape scroll tidur sampe magrib bangun bangun udah buka;No Online Gambling Promotion
8ow4QxjTKIM;100%Kuat!! semoga bermanfaat yaa😇👍;Yang solat 5 puasa makan doang;No Online Gambling Promotion
8ow4QxjTKIM;100%Kuat!! semoga bermanfaat yaa😇👍;Maksudnya pas sahur;No Online Gambling Promotion
8ow4QxjTKIM;100%Kuat!! semoga bermanfaat yaa😇👍;Puasa sarapan;No Online Gambling Promotion
8ow4QxjTKIM;100%Kuat!! semoga bermanfaat yaa😇👍;Makan Indomie kuat Makan Indomie lemah,Makan Indomie lemah;No Online Gambling Promotion
8ow4QxjTKIM;100%Kuat!! semoga bermanfaat yaa😇👍;Iya ajah tidur scrol tiktok youtube gak kerasa udah magrib,gak kerasa udah maghrib;No Online Gambling Promotion
8ow4QxjTKIM;100%Kuat!! semoga bermanfaat yaa😇👍;Eeee puasa bang tangok cerqh,bang tangok cerqh;No Online Gambling Promotion
8ow4QxjTKIM;100%Kuat!! semoga bermanfaat yaa😇👍;Maaf bg muslim Tidak tidur Maghrib Mending tidur nya habis shalat shubuh Dan tidur lupa Kalau udah bangun habis tidur Di siang sore lupa menunaikan shalat Shalat Zuhur ashar;No Online Gambling Promotion
8ow4QxjTKIM;100%Kuat!! semoga bermanfaat yaa😇👍;Winrate Langsung cariPOTA69;No Online Gambling Promotion
8ow4QxjTKIM;100%Kuat!! semoga bermanfaat yaa😇👍;Keuntungan bikin ceria makasih POTA69;No Online Gambling Promotion
8ow4QxjTKIM;100%Kuat!! semoga bermanfaat yaa😇👍;menyala bangetbermain POTA69;No Online Gambling Promotion
8ow4QxjTKIM;100%Kuat!! semoga bermanfaat yaa😇👍;Aduh liatnya pas puasa;No Online Gambling Promotion
8ow4QxjTKIM;100%Kuat!! semoga bermanfaat yaa😇👍;Tidur shubuh sampe maghrib Pahalanya Dikurangi bang;No Online Gambling Promotion
8ow4QxjTKIM;100%Kuat!! semoga bermanfaat yaa😇👍;Mak Sud nya minum air segelas sahur abis sahur pake indomi;No Online Gambling Promotion
8ow4QxjTKIM;100%Kuat!! semoga bermanfaat yaa😇👍;Setan ketawa puasa sholat;No Online Gambling Promotion
8ow4QxjTKIM;100%Kuat!! semoga bermanfaat yaa😇👍;Nggak gitu Bang;No Online Gambling Promotion
8ow4QxjTKIM;100%Kuat!! semoga bermanfaat yaa😇👍;Engga sah tidur magrib batal puasa;No Online Gambling Promotion
8ow4QxjTKIM;100%Kuat!! semoga bermanfaat yaa😇👍;Astagfirullah;No Online Gambling Promotion
8ow4QxjTKIM;100%Kuat!! semoga bermanfaat yaa😇👍;Kalau puasa hp gak tenang;No Online Gambling Promotion
8ow4QxjTKIM;100%Kuat!! semoga bermanfaat yaa😇👍;Nasi pakai garpu;No Online Gambling Promotion
8ow4QxjTKIM;100%Kuat!! semoga bermanfaat yaa😇👍;Paan dah komen kalo tidur gk;No Online Gambling Promotion
8ow4QxjTKIM;100%Kuat!! semoga bermanfaat yaa😇👍;Untung udh jam 7 jdi kgk ngiler;No Online Gambling Promotion
8ow4QxjTKIM;100%Kuat!! semoga bermanfaat yaa😇👍;Tapi lapar;No Online Gambling Promotion
8ow4QxjTKIM;100%Kuat!! semoga bermanfaat yaa😇👍;Puasa Ga puasa;No Online Gambling Promotion
8ow4QxjTKIM;100%Kuat!! semoga bermanfaat yaa😇👍;Terus sholat nya;No Online Gambling Promotion
8ow4QxjTKIM;100%Kuat!! semoga bermanfaat yaa😇👍;Tutorial kuat puasa Tutorial dosa,Tutorial dosa;No Online Gambling Promotion
8ow4QxjTKIM;100%Kuat!! semoga bermanfaat yaa😇👍;Bg belom magrib masi jm 5 ketemu video,menjumpai video;No Online Gambling Promotion
8ow4QxjTKIM;100%Kuat!! semoga bermanfaat yaa😇👍;Allah;No Online Gambling Promotion
8ow4QxjTKIM;100%Kuat!! semoga bermanfaat yaa😇👍;hidup gw enak brp main jptogel77 nih situs rekomen gw bro;Online Gambling Promotion
8ow4QxjTKIM;100%Kuat!! semoga bermanfaat yaa😇👍;rngkad sempet putus asa sih main dapet referensi anak komunitas main JPTOGEL77 behhh semangat gw membara banget coy ngasi u google aja JPTOGEL77;No Online Gambling Promotion
8ow4QxjTKIM;100%Kuat!! semoga bermanfaat yaa😇👍;ga cari untung menang segiini aja udah bersyukur banger gua game J P T O G E L 77 aja narik udah langsung masuk duit 2 menit aja,sudah bersyukur banger gua game J P T O G E L 77 aja, narik udah langsung masuk duit 2 menit aja;No Online Gambling Promotion
8ow4QxjTKIM;100%Kuat!! semoga bermanfaat yaa😇👍;Ternyata bgt dibilang teman gue main JPTOGEL77 gampang bgt dapetin maxwln member positif WD;Online Gambling Promotion
8ow4QxjTKIM;100%Kuat!! semoga bermanfaat yaa😇👍;cobain bro bareng gw main Mandalika tujuhtujuh udah gw seleksi ratusan situs mantap bro,sudah gw seleksi ratusan situs mantap bro;No Online Gambling Promotion
8ow4QxjTKIM;100%Kuat!! semoga bermanfaat yaa😇👍;Info seloter pakai link Bosku Karena link MLNDALIKL77 bikin Member Baru JPnya WD Perkalian X250 X500 scatter nya nyangkut dikasih pecahan bagus Mantap;Online Gambling Promotion
8ow4QxjTKIM;100%Kuat!! semoga bermanfaat yaa😇👍;udah kali gue main J P TO G E L 7 7 wd meluncur aman bonus slalu,wadah meluncur aman bonus selalu;Online Gambling Promotion
8ow4QxjTKIM;100%Kuat!! semoga bermanfaat yaa😇👍;Modal receh hasil lumer mantap kali JPTOGEL77 sensasi maxwln berulang brooo kali nemu web seqacor chek langsung deh webbnya dp wd gesit prosesnya;Online Gambling Promotion
8ow4QxjTKIM;100%Kuat!! semoga bermanfaat yaa😇👍;JPTOGEL77 maen hoki;Online Gambling Promotion
8ow4QxjTKIM;100%Kuat!! semoga bermanfaat yaa😇👍;mantap main udah dikasih menang aja MAnDALIKA77 modal receh wd haha,sudah diberi menang aja MANDIALIKA77 modal reeh wd haha;Online Gambling Promotion
8ow4QxjTKIM;100%Kuat!! semoga bermanfaat yaa😇👍;beraniin bUAt dposit situs JPTOGEL77 modal cekakdan negrasaain sensational nya ga rungkad main situs;Online Gambling Promotion
8ow4QxjTKIM;100%Kuat!! semoga bermanfaat yaa😇👍;server2 emang royal mesin nya lokal semalem gw maen J P TO G E L 7 7 menang gua wkkw google bro,saya mau main J P TO G E L 7 7;Online Gambling Promotion
8ow4QxjTKIM;100%Kuat!! semoga bermanfaat yaa😇👍;lama2 bangkrut ni bossnya JPTOGEL77 profit trus main kemaren wkkwkw;No Online Gambling Promotion
8ow4QxjTKIM;100%Kuat!! semoga bermanfaat yaa😇👍;situs bagus rate kemenangan dibanding JPTOGEL77 situs panutan gw;Online Gambling Promotion
8ow4QxjTKIM;100%Kuat!! semoga bermanfaat yaa😇👍;Paling kasih orang bahagia s1tus JPTOGEL77 pemain udah kasih kemenangan;Online Gambling Promotion
8ow4QxjTKIM;100%Kuat!! semoga bermanfaat yaa😇👍;Saran ane main JPTOGEL77 gak pelit link nya gw mmber barusan main auto lgsung maxwin pdhal modal receh doang,ga perlu linknya, gw akan mulai main otomatis langsung maxwin dengan modal rejeki doang;Online Gambling Promotion
8ow4QxjTKIM;100%Kuat!! semoga bermanfaat yaa😇👍;member langsung dikasih jajanan meningkat senang bermain J P TO G E L 7 7 sih gk ubah web ni;No Online Gambling Promotion
8ow4QxjTKIM;100%Kuat!! semoga bermanfaat yaa😇👍;jptogel77 juara maxwin;Online Gambling Promotion
8ow4QxjTKIM;100%Kuat!! semoga bermanfaat yaa😇👍;asik dikasih rezeki makasih bget y jptogel77 kudoakan webbnya bangkit biar kasih sIotter profit wkwk gk ambil pusing main jptogel77 bang siap2 WD aja pokoknya;Online Gambling Promotion
8ow4QxjTKIM;100%Kuat!! semoga bermanfaat yaa😇👍;Malam nyobain deposit pakai GOPAY modal 50 ribu J P T O G E L 77 Gak nyangka putaran aja langsung jackpot Udah coba server VIETNAM main game Buffalo King untungnya melimpah WD udah 4 juta mimpi;Online Gambling Promotion
8ow4QxjTKIM;100%Kuat!! semoga bermanfaat yaa😇👍;Pantesan aja teman sibuk ngajakin main JPTOGEL77 benaran tokcer bgt main langsung cair malam lumayan traktir teman2;Online Gambling Promotion
8ow4QxjTKIM;100%Kuat!! semoga bermanfaat yaa😇👍;Modal receh hasil lumer mantap kali JPTOGEL77 sensasi maxwn berulang brooo kali nemu web seqacor chek langsung deh webbnya dp wd gesit prosesnya;Online Gambling Promotion
8ow4QxjTKIM;100%Kuat!! semoga bermanfaat yaa😇👍;aja nih isi saldo ku semenjak main JPTOGEL77 bawaan nya se4lalu hepy saldo jarang sesak nafas mantap matap nih situs nya;Online Gambling Promotion
8ow4QxjTKIM;100%Kuat!! semoga bermanfaat yaa😇👍;mantap gua cobain gampang dapatin sketernya Udh gitu dapatin sketer isinya tau nama nya nih coba cari google Mandalika 77 dijiamin nagih,gua cobain gampang dapat sketernya. Udah dapat sketernya? Tahu nama nya nih? Coba cari Google Mandalika 77. Dijamin nagih;Online Gambling Promotion
8ow4QxjTKIM;100%Kuat!! semoga bermanfaat yaa😇👍;gw aja main jptogel77 x100 kuy mabar biar cuan bang sore mantappp rekomend banget pokok nya situs broo;Online Gambling Promotion
8ow4QxjTKIM;100%Kuat!! semoga bermanfaat yaa😇👍;gapernah gw temui situs gampang menang JPTOGEL77;Online Gambling Promotion
8ow4QxjTKIM;100%Kuat!! semoga bermanfaat yaa😇👍;rngkad sempet putus asa sih main dapet referensi anak komunitas main JPTOGEL77 behhh semangat gw membara banget coy ngasi u google aja J P TO G E L 7 7;Online Gambling Promotion
8ow4QxjTKIM;100%Kuat!! semoga bermanfaat yaa😇👍;adminnya nyaman Bener2 hoki main JPTOGEL77 proses depo cepat mantap Livechat fast respon gak pindah web deh udah betah main;Online Gambling Promotion
8ow4QxjTKIM;100%Kuat!! semoga bermanfaat yaa😇👍;udah 5 gua main kali temu situs beneran gampang jp enak banget JPTOGEL77 bro;Online Gambling Promotion
8ow4QxjTKIM;100%Kuat!! semoga bermanfaat yaa😇👍;situs bagus rate kemenangan dibanding jptogel77 situs panutan gw;No Online Gambling Promotion
8ow4QxjTKIM;100%Kuat!! semoga bermanfaat yaa😇👍;u abis gak duitnya gara2 kalah pindah nih bagusnya u google J P TO G E L 7 7 aja betahh deh;No Online Gambling Promotion
8ow4QxjTKIM;100%Kuat!! semoga bermanfaat yaa😇👍;Haadiir Mas JPTOGEL77;Online Gambling Promotion
8ow4QxjTKIM;100%Kuat!! semoga bermanfaat yaa😇👍;JPTOGEL77 gua coba bentar saldo langsung 2x lipat;Online Gambling Promotion
8ow4QxjTKIM;100%Kuat!! semoga bermanfaat yaa😇👍;JPTOGEL77 perhatian Lihat ditawarkannya;Online Gambling Promotion
8ow4QxjTKIM;100%Kuat!! semoga bermanfaat yaa😇👍;seru bang J P T O G E L 77 Alhamdulillah pensaran ku terjawabkan mampir disni JPTOGEL77 jamin H0k1;Online Gambling Promotion
8ow4QxjTKIM;100%Kuat!! semoga bermanfaat yaa😇👍;server2 emang royal mesin nya lokal semalem gw maen jptogel77 menang gua wkkw google bro;Online Gambling Promotion
8ow4QxjTKIM;100%Kuat!! semoga bermanfaat yaa😇👍;0242 bsa gtu wkwkwkw jptogel77;Online Gambling Promotion
8ow4QxjTKIM;100%Kuat!! semoga bermanfaat yaa😇👍;Waduh menang gue SCBD belanja pake duit kemenangan jptogel77 uang trakhirnemu situs barualhamdulilah d ksih jepe ngab;No Online Gambling Promotion
8ow4QxjTKIM;100%Kuat!! semoga bermanfaat yaa😇👍;seru bang JPTOGEL77 Alhamdulillah pensaran ku terjawabkan mampir disni JPTOGEL77 jamin H0k1;Online Gambling Promotion
8ow4QxjTKIM;100%Kuat!! semoga bermanfaat yaa😇👍;betah dah nongkrong situs jptogel77 kalo lihat rtp asli gak gagal rtpnya angkanya cuuy;Online Gambling Promotion
8ow4QxjTKIM;100%Kuat!! semoga bermanfaat yaa😇👍;udah kali gue main jptogel77 wd meluncur aman bonus slalu;Online Gambling Promotion
8ow4QxjTKIM;100%Kuat!! semoga bermanfaat yaa😇👍;Mandalika tujuhtujuh bro gw main gak pakai janji palsu bro cuman gw menang,saya main gamblings (gak pakai janji palsu) bro, saya menang;Online Gambling Promotion
8ow4QxjTKIM;100%Kuat!! semoga bermanfaat yaa😇👍;JPTOGEL77 bro gw main gak pakai janji palsu bro cuman gw menang,saya main tidak menggunakan janji palsu bro hanya saya menang;Online Gambling Promotion
8ow4QxjTKIM;100%Kuat!! semoga bermanfaat yaa😇👍;nyelot gak ribet MANTAB J P TO G E L 7 7 gak rugi kalo main main WD gak sampe maxwin modal gw 2x lipat gas;Online Gambling Promotion
8ow4QxjTKIM;100%Kuat!! semoga bermanfaat yaa😇👍;Modal receh hasil lumer mantap kali JPTOGEL77 sensasi maxwln berulang brooo kali nemu web seqacor chek langsung deh webbnya dp wd gesit prosesnya;Online Gambling Promotion
8ow4QxjTKIM;100%Kuat!! semoga bermanfaat yaa😇👍;JPTOGEL77 tempatnya jagoan judi lu nggak main belajar pro,tidak main belajar pro;Online Gambling Promotion
8ow4QxjTKIM;100%Kuat!! semoga bermanfaat yaa😇👍;coba coba maen server thailand kasi tau sodara eh gile saldo nambah mulu awlkwkwkkw cari google JPTOGEL77;Online Gambling Promotion
8ow4QxjTKIM;100%Kuat!! semoga bermanfaat yaa😇👍;Rezeki melimpah JPTOGEL77 makasih;Online Gambling Promotion
8ow4QxjTKIM;100%Kuat!! semoga bermanfaat yaa😇👍;JPTOGEL77 gua bru maen bentar lngsg jepe;No Online Gambling Promotion
8ow4QxjTKIM;100%Kuat!! semoga bermanfaat yaa😇👍;Coba main brooo member auto manjain web nya nama webnya MLNDALIKL77 nyoba eh nyangkut nih situs cari aja google MLNDALIKL77,nyoba eh nyangkut nih situs cari aja google MLNDALIKL77;Online Gambling Promotion
8ow4QxjTKIM;100%Kuat!! semoga bermanfaat yaa😇👍;J P TO G E L 7 7 ngan ukur Duit ngalir permainan seru ora aya istirahatna Layanan oke banget abdi recom duh euy;No Online Gambling Promotion
8ow4QxjTKIM;100%Kuat!! semoga bermanfaat yaa😇👍;edan web JPTOGEL77 gk bangkrut web nya kasih jepe gua udh 5 main kasih jepe mulu Kelen wajib main web JPTOGEL77 si wak;Online Gambling Promotion
8ow4QxjTKIM;100%Kuat!! semoga bermanfaat yaa😇👍;beraniin bUAt dposit situs jptogel77 modal cekakdan negrasaain sensational nya ga rungkad main situs;Online Gambling Promotion
8ow4QxjTKIM;100%Kuat!! semoga bermanfaat yaa😇👍;Bang puasa loh lupa minum;No Online Gambling Promotion
8ow4QxjTKIM;100%Kuat!! semoga bermanfaat yaa😇👍;gak salah emang sodara gw maen jptogel77 hasilnya mantep bgt brooo maen bntaran doang udah dikasi narik gini kwkwkw makasih jptogel77 mantep;Online Gambling Promotion
8ow4QxjTKIM;100%Kuat!! semoga bermanfaat yaa😇👍;modal halus jp paus J P TO G E L 7 7 untung gw kasi tau sodara gak sih gw masi maen sedot wc makasih J P TO G E L 7 7 jajannya;Online Gambling Promotion
8ow4QxjTKIM;100%Kuat!! semoga bermanfaat yaa😇👍;tidur auto spin J P TO G E L 7 7 bangun2 saldo udah battery lowbett ngantor senyam senyum macem udah gila cari aja google tu J P TO G E L 7 7,Bangun2 saldo udah battery lowbett ngantor senyam senyum macem udah gila cari aja google tu J P TO G E L 7 7;Online Gambling Promotion
8ow4QxjTKIM;100%Kuat!! semoga bermanfaat yaa😇👍;MEMANG TERBUKTI TERBAIK DAN MANTAP NIH SITUS KEREN WAWW MANTAP asli SERVER TERBAIK bos jgn salah pilih BO rungkat member rutin dikasih MAXWIN amp turun Perkalian x250 x500 pecahan bagus Kontrol nafsu nya kalo udah MAXWIN lgsg WD Di sisakan Dikit BgDan Lanjut Main LagiMudah mudahan Di Tambah Lagi CARI DI GOOGLE J P TO G E L 7 7;Online Gambling Promotion
8ow4QxjTKIM;100%Kuat!! semoga bermanfaat yaa😇👍;1 d trending gatuh J P TO G E L 7 7;No Online Gambling Promotion
8ow4QxjTKIM;100%Kuat!! semoga bermanfaat yaa😇👍;Jangan mikir buruan aja bosku J P T O G E L 77;No Online Gambling Promotion
8ow4QxjTKIM;100%Kuat!! semoga bermanfaat yaa😇👍;bener teman situs emng keren banget laaabaru dep aja udah dapet menang J P T O G E L 77;Online Gambling Promotion
8ow4QxjTKIM;100%Kuat!! semoga bermanfaat yaa😇👍;makasih banget loh JPTOGEL77 udah ngasih kesempatan ngerasain wd hasil maxwwin udh kunci akun ku gk wd;Online Gambling Promotion
8ow4QxjTKIM;100%Kuat!! semoga bermanfaat yaa😇👍;Paling mantap cuman webb JPTOGEL77 member dimanjain kasih cuan;Online Gambling Promotion
8ow4QxjTKIM;100%Kuat!! semoga bermanfaat yaa😇👍;situs tu jptogel77 kasi wede lancar ga apa2;No Online Gambling Promotion
8ow4QxjTKIM;100%Kuat!! semoga bermanfaat yaa😇👍;JPTOGEL77 jackpot gampang banget gk percaya;Online Gambling Promotion
8ow4QxjTKIM;100%Kuat!! semoga bermanfaat yaa😇👍;bersandar teras rumah sembari ngopi bermain permainan nyelot jptogel77 nikmat sekaleh;Online Gambling Promotion
8ow4QxjTKIM;100%Kuat!! semoga bermanfaat yaa😇👍;1 siang haus 2 lapar 3 scroll tiktok eh tiba2 nemu video orang makan 4 tiba2 bangun jam 3 petang lu gak tidur Yang 4 mah gw,eh tiba2 nemu video orang makan tiga tiba2 bangun jam empat petang lu gak tidur yang;No Online Gambling Promotion
8ow4QxjTKIM;100%Kuat!! semoga bermanfaat yaa😇👍;Aku sahurr trs tusur jam 8 bangun bangun jam 1 tingglan nunggu main hp deh gitu gk,bangun bangun jam 1, tinggalkan nunggu main hp deh itu;No Online Gambling Promotion
8ow4QxjTKIM;100%Kuat!! semoga bermanfaat yaa😇👍;Gak bener tipsnya;No Online Gambling Promotion
8ow4QxjTKIM;100%Kuat!! semoga bermanfaat yaa😇👍;Berarti gk solat;No Online Gambling Promotion
8ow4QxjTKIM;100%Kuat!! semoga bermanfaat yaa😇👍;Satu satunya bikin proses ringkas ya MANDALIKA77;No Online Gambling Promotion
8ow4QxjTKIM;100%Kuat!! semoga bermanfaat yaa😇👍;Ternyata rumor MANDALIKA77 emang beneran bagus;No Online Gambling Promotion
8ow4QxjTKIM;100%Kuat!! semoga bermanfaat yaa😇👍;Buat ragu coba MANDALIKA77 komentar;No Online Gambling Promotion
8ow4QxjTKIM;100%Kuat!! semoga bermanfaat yaa😇👍;Kayaknya MANDALIKA77 trending nih;No Online Gambling Promotion
8ow4QxjTKIM;100%Kuat!! semoga bermanfaat yaa😇👍;Aduh le mlh mkan;No Online Gambling Promotion
8ow4QxjTKIM;100%Kuat!! semoga bermanfaat yaa😇👍;Cara kerjanya simpel hasilnya mantap MANDALIKA77;Online Gambling Promotion
8ow4QxjTKIM;100%Kuat!! semoga bermanfaat yaa😇👍;Takjub sistem MANDALIKA77 beneran nggak ribet;No Online Gambling Promotion
8ow4QxjTKIM;100%Kuat!! semoga bermanfaat yaa😇👍;Temen temen gue pake MANDALIKA77 recommended sih;Online Gambling Promotion
8ow4QxjTKIM;100%Kuat!! semoga bermanfaat yaa😇👍;Bukan nama MANDALIKA77 membuktikan kualitasnya;No Online Gambling Promotion
8ow4QxjTKIM;100%Kuat!! semoga bermanfaat yaa😇👍;Walau tau langsung ngerasa MANDALIKA77 solusi banget;No Online Gambling Promotion
8ow4QxjTKIM;100%Kuat!! semoga bermanfaat yaa😇👍;Pengalaman menyenangkan thanks MANDALIKA77,thanks MANDALIKA77;No Online Gambling Promotion
8ow4QxjTKIM;100%Kuat!! semoga bermanfaat yaa😇👍;Pake MANDALIKA77 susah move on;No Online Gambling Promotion
8ow4QxjTKIM;100%Kuat!! semoga bermanfaat yaa😇👍;Banyak testimoni bagus MANDALIKA77 nggak diragukan;Online Gambling Promotion
8ow4QxjTKIM;100%Kuat!! semoga bermanfaat yaa😇👍;Walau coba gue udah kasih bintang MANDALIKA77;No Online Gambling Promotion
8ow4QxjTKIM;100%Kuat!! semoga bermanfaat yaa😇👍;Bikin penasaran aja MANDALIKA77 layanan keren;No Online Gambling Promotion
8ow4QxjTKIM;100%Kuat!! semoga bermanfaat yaa😇👍;Sering muncul FYP MANDALIKA77 semenarik;No Online Gambling Promotion
8ow4QxjTKIM;100%Kuat!! semoga bermanfaat yaa😇👍;Bingung kenal MANDALIKA77;No Online Gambling Promotion
8ow4QxjTKIM;100%Kuat!! semoga bermanfaat yaa😇👍;Kolom komentar penuh dukungan MANDALIKA77 emang trusted;No Online Gambling Promotion
8ow4QxjTKIM;100%Kuat!! semoga bermanfaat yaa😇👍;Pasang target cepat Coba MANDALIKA77 langsung beres;Online Gambling Promotion
8ow4QxjTKIM;100%Kuat!! semoga bermanfaat yaa😇👍;Wajar kalo mempercayakan MANDALIKA77;No Online Gambling Promotion
8ow4QxjTKIM;100%Kuat!! semoga bermanfaat yaa😇👍;Aman Sudah MANDALIKA77 terpercaya;No Online Gambling Promotion
8ow4QxjTKIM;100%Kuat!! semoga bermanfaat yaa😇👍;Iklan worth it MANDALIKA77;Online Gambling Promotion
8ow4QxjTKIM;100%Kuat!! semoga bermanfaat yaa😇👍;kalo gacuan gamungkin betah main disitus T0GEL62;Online Gambling Promotion
8ow4QxjTKIM;100%Kuat!! semoga bermanfaat yaa😇👍;Aku coba berhasil;No Online Gambling Promotion
8ow4QxjTKIM;100%Kuat!! semoga bermanfaat yaa😇👍;ragu gentar petir merah menyambar T0GEL62;Online Gambling Promotion
8ow4QxjTKIM;100%Kuat!! semoga bermanfaat yaa😇👍;Gak jauh2 nyari situs yuk main T0GEL62 member wede,member wede;Online Gambling Promotion
8ow4QxjTKIM;100%Kuat!! semoga bermanfaat yaa😇👍;Bang inget puasa siang bolong;No Online Gambling Promotion
8ow4QxjTKIM;100%Kuat!! semoga bermanfaat yaa😇👍;_;No Online Gambling Promotion
8ow4QxjTKIM;100%Kuat!! semoga bermanfaat yaa😇👍;Aku puasa;No Online Gambling Promotion
8ow4QxjTKIM;100%Kuat!! semoga bermanfaat yaa😇👍;pola adminnnya langsung dikasih maxwin puas banget main mari T0GEL62;Online Gambling Promotion
8ow4QxjTKIM;100%Kuat!! semoga bermanfaat yaa😇👍;btw magrib ya maaf typo;No Online Gambling Promotion
8ow4QxjTKIM;100%Kuat!! semoga bermanfaat yaa😇👍;kasih tutorial uang bener bangun jam sholat tahajud sahur secukup nya minum air putih segelas minum susu makan buah abis solat subuh tidur bangun jam 6 mandi beres 2 solat sunah solat Dhuha abis istirahat main hp sebentar membaca al Quran sholawat nabi istirahat jam 12 siang sholat Zuhur kalo sholat sunah zuhur Zuhur kalo istirahat jam 3 membantu ortu solat ashar berburu takjil menunggu azan membaca Al Quran udah azan makan solat Maghrib kalo solat sunah Zuhur Zuhur solat isya tarawih pulang nya istirahat tidur pasang alarm tidur semoga bermanfaat membantu ya;No Online Gambling Promotion
8ow4QxjTKIM;100%Kuat!! semoga bermanfaat yaa😇👍;Batal puasanya;No Online Gambling Promotion
8ow4QxjTKIM;100%Kuat!! semoga bermanfaat yaa😇👍;Itu ga puasa bang;No Online Gambling Promotion
8ow4QxjTKIM;100%Kuat!! semoga bermanfaat yaa😇👍;Indomie bikin haus bro;No Online Gambling Promotion
8ow4QxjTKIM;100%Kuat!! semoga bermanfaat yaa😇👍;Iya broo bnr bgt,broo, bernyang bertanya;No Online Gambling Promotion
8ow4QxjTKIM;100%Kuat!! semoga bermanfaat yaa😇👍;GADA LINK SELAIN TOGEL62 YANG LEBIH GACOR;Online Gambling Promotion
8ow4QxjTKIM;100%Kuat!! semoga bermanfaat yaa😇👍;Itu mah gak puasa minum;No Online Gambling Promotion
8ow4QxjTKIM;100%Kuat!! semoga bermanfaat yaa😇👍;Ajaran sesat;No Online Gambling Promotion
8ow4QxjTKIM;100%Kuat!! semoga bermanfaat yaa😇👍;CAIR SETIAP DETIK DI TOGEL62;Online Gambling Promotion
8ow4QxjTKIM;100%Kuat!! semoga bermanfaat yaa😇👍;MODAL PULUHAN HASIL JADI JUTAWAN DI TOGEL62;Online Gambling Promotion
8ow4QxjTKIM;100%Kuat!! semoga bermanfaat yaa😇👍;Kasih bukti janji TOGEL 62;No Online Gambling Promotion
8ow4QxjTKIM;100%Kuat!! semoga bermanfaat yaa😇👍;GASSS COBAA KALO GA PERCAYA TOGEL 62;No Online Gambling Promotion
8ow4QxjTKIM;100%Kuat!! semoga bermanfaat yaa😇👍;Tips kuat puasa Tips batalin puasa,Tips batalkan puasa;No Online Gambling Promotion
8ow4QxjTKIM;100%Kuat!! semoga bermanfaat yaa😇👍;Bang sahurnya Minum promag dijamin kuatv;No Online Gambling Promotion
8ow4QxjTKIM;100%Kuat!! semoga bermanfaat yaa😇👍;dimana ya bang bonus 2525 diT0gEL62;Online Gambling Promotion
8ow4QxjTKIM;100%Kuat!! semoga bermanfaat yaa😇👍;Cees saranku ya nyari kesenangan main t0gel62 jarang kalah;Online Gambling Promotion
8ow4QxjTKIM;100%Kuat!! semoga bermanfaat yaa😇👍;dapet saran temen maen T0gEL62 gw test maen T0gEL62 ngakat modal gocap 600rb,gw test menen T0gEL62 ngakat modal gocap 600rb;Online Gambling Promotion
8ow4QxjTKIM;100%Kuat!! semoga bermanfaat yaa😇👍;lahkalo tidur sih tinggalkan sholat padahl sholat wajib;No Online Gambling Promotion
8ow4QxjTKIM;100%Kuat!! semoga bermanfaat yaa😇👍;Ayo Main tgel62 Kejutan Hadiah Menanti;Online Gambling Promotion
8ow4QxjTKIM;100%Kuat!! semoga bermanfaat yaa😇👍;Supaya kuat puasa Pagi makan nasi goreng Siang makan ayam Sore makan keripik menunggu berbuka;No Online Gambling Promotion
8ow4QxjTKIM;100%Kuat!! semoga bermanfaat yaa😇👍;sugar rush gacor bang main situs T0gEL62;Online Gambling Promotion
8ow4QxjTKIM;100%Kuat!! semoga bermanfaat yaa😇👍;enak newmember tgel62 bonusnya bekali2 claim;Online Gambling Promotion
8ow4QxjTKIM;100%Kuat!! semoga bermanfaat yaa😇👍;gapake basa basi bro real T0gEL62 bs bikin jp;Online Gambling Promotion
8ow4QxjTKIM;100%Kuat!! semoga bermanfaat yaa😇👍;udah review mantep emang t0gel62 wedeh nya gua haha;Online Gambling Promotion
8ow4QxjTKIM;100%Kuat!! semoga bermanfaat yaa😇👍;Bosen main kalah Yuk main Distus Saya T0gEL62 Saya bantu menang AKUN nya WITDRAW,yuk main distus saya T0gEL62, saya bantu menang akunnya withdraw;Online Gambling Promotion
8ow4QxjTKIM;100%Kuat!! semoga bermanfaat yaa😇👍;caerr ni t0gel62 senangnya sampekk tulang rusuk haha mantap deh emng situs,deh emang situs;No Online Gambling Promotion
8ow4QxjTKIM;100%Kuat!! semoga bermanfaat yaa😇👍;Sekarang ituh cari takjil ujan mqna petir;No Online Gambling Promotion
8ow4QxjTKIM;100%Kuat!! semoga bermanfaat yaa😇👍;pilih situs plin plan bang main aja T0gEL62 udh yg maxwin;Online Gambling Promotion
8ow4QxjTKIM;100%Kuat!! semoga bermanfaat yaa😇👍;Situs bonusan terbaik ga nyesal main t0gel62;No Online Gambling Promotion
8ow4QxjTKIM;100%Kuat!! semoga bermanfaat yaa😇👍;T0gEL62 salah website terbaik luang coba hasilnya mengiurkan bro,luang coba hasilnya menggiurkan;Online Gambling Promotion
8ow4QxjTKIM;100%Kuat!! semoga bermanfaat yaa😇👍;senang kali harini dikasih x500 kakek main disitus t0gel62;Online Gambling Promotion
8ow4QxjTKIM;100%Kuat!! semoga bermanfaat yaa😇👍;pake light ning;No Online Gambling Promotion
8ow4QxjTKIM;100%Kuat!! semoga bermanfaat yaa😇👍;Apa gak solat bang,bang?;No Online Gambling Promotion
8ow4QxjTKIM;100%Kuat!! semoga bermanfaat yaa😇👍;mah JUJUR bang;No Online Gambling Promotion
8ow4QxjTKIM;100%Kuat!! semoga bermanfaat yaa😇👍;Maksudnya no 1 Sama 2 Itu pas subuhh jam 23 kann;No Online Gambling Promotion
8ow4QxjTKIM;100%Kuat!! semoga bermanfaat yaa😇👍;Pahala literly dosa;No Online Gambling Promotion
8ow4QxjTKIM;100%Kuat!! semoga bermanfaat yaa😇👍;Ini tutor mokel ya bang;No Online Gambling Promotion
8ow4QxjTKIM;100%Kuat!! semoga bermanfaat yaa😇👍;tidur magrib gak sholat ashar;No Online Gambling Promotion
8ow4QxjTKIM;100%Kuat!! semoga bermanfaat yaa😇👍;Namanya mokel;No Online Gambling Promotion
8ow4QxjTKIM;100%Kuat!! semoga bermanfaat yaa😇👍;Bang dosa loh bang bikin vidio kayak gini orang scroll youtube nyari video berguna dikasih video makan indomie,di antara video makan Indomie;No Online Gambling Promotion
8ow4QxjTKIM;100%Kuat!! semoga bermanfaat yaa😇👍;Gw beda bang habis sahur jalan jalan habis jalan jalan tidur jam 2 siang jam 3 workout magrib;No Online Gambling Promotion
8ow4QxjTKIM;100%Kuat!! semoga bermanfaat yaa😇👍;tidur magrib latihan meningal;No Online Gambling Promotion
8ow4QxjTKIM;100%Kuat!! semoga bermanfaat yaa😇👍;Scroll tik tok case ing aja;No Online Gambling Promotion
8ow4QxjTKIM;100%Kuat!! semoga bermanfaat yaa😇👍;Puasa gak kerasa banget Kayak puasa puasa 10 idul Fitri Cepettt banget,Kayak puasa puasa 10 Idul Fitri Cepettt banget;No Online Gambling Promotion
8ow4QxjTKIM;100%Kuat!! semoga bermanfaat yaa😇👍;Pantes kuat puasa mokel;No Online Gambling Promotion
8ow4QxjTKIM;100%Kuat!! semoga bermanfaat yaa😇👍;Itu namanya gak puasa;No Online Gambling Promotion
8ow4QxjTKIM;100%Kuat!! semoga bermanfaat yaa😇👍;weh hp nya gk cuman kesing nya aja mainin bjr;No Online Gambling Promotion
8ow4QxjTKIM;100%Kuat!! semoga bermanfaat yaa😇👍;Masa GK sholat ashar;No Online Gambling Promotion
8ow4QxjTKIM;100%Kuat!! semoga bermanfaat yaa😇👍;Lah pagi mah udah puasa batal;No Online Gambling Promotion
8ow4QxjTKIM;100%Kuat!! semoga bermanfaat yaa😇👍;Tips kuat ramadhan Tips mokel ramadhan;No Online Gambling Promotion
8ow4QxjTKIM;100%Kuat!! semoga bermanfaat yaa😇👍;Kan puasa bang ngapain disuruh makan ya batal,bang ngapa apa disuruh makan ya batal;No Online Gambling Promotion
8ow4QxjTKIM;100%Kuat!! semoga bermanfaat yaa😇👍;Sangat bermanfaat ya bang;No Online Gambling Promotion
8ow4QxjTKIM;100%Kuat!! semoga bermanfaat yaa😇👍;Jangan minum air es yaa cepet haus,cepet haus;No Online Gambling Promotion
8ow4QxjTKIM;100%Kuat!! semoga bermanfaat yaa😇👍;islam gimana sholat nya we;No Online Gambling Promotion
8ow4QxjTKIM;100%Kuat!! semoga bermanfaat yaa😇👍;Tutor mokel bener;No Online Gambling Promotion
8ow4QxjTKIM;100%Kuat!! semoga bermanfaat yaa😇👍;Cosplay mayat;No Online Gambling Promotion
8ow4QxjTKIM;100%Kuat!! semoga bermanfaat yaa😇👍;Tutorial membatalkan puasa in mah;No Online Gambling Promotion
8ow4QxjTKIM;100%Kuat!! semoga bermanfaat yaa😇👍;Agak laen inima puasa Ramadhan mah batal puasa;No Online Gambling Promotion
8ow4QxjTKIM;100%Kuat!! semoga bermanfaat yaa😇👍;Gua pas sahur makan nugget Indomie;No Online Gambling Promotion
8ow4QxjTKIM;100%Kuat!! semoga bermanfaat yaa😇👍;Hp nya kesing;No Online Gambling Promotion
8ow4QxjTKIM;100%Kuat!! semoga bermanfaat yaa😇👍;Aku gak puasa sakit;No Online Gambling Promotion
8ow4QxjTKIM;100%Kuat!! semoga bermanfaat yaa😇👍;Tutorial puasa Tutorial tidur seharian Lagi kalo tidur seharian pahalanya berkurang lakukan kegiatan bantu keluarga rumah,Tutorial tidur seharian, Kalo tidur seharian pahalanya berkurang lakukan kegiatan bantu keluarga rumah;No Online Gambling Promotion
8ow4QxjTKIM;100%Kuat!! semoga bermanfaat yaa😇👍;Apalah lu puasa gak solat;No Online Gambling Promotion
8ow4QxjTKIM;100%Kuat!! semoga bermanfaat yaa😇👍;Wow buka nya pagi le,buka nya pagi le;No Online Gambling Promotion
8ow4QxjTKIM;100%Kuat!! semoga bermanfaat yaa😇👍;Bang tidur magrib rugi bang Tapi tidur siang gapapa,Tapi tidur siang gapapa;No Online Gambling Promotion
8ow4QxjTKIM;100%Kuat!! semoga bermanfaat yaa😇👍;SANGAT BERMANFAAT;No Online Gambling Promotion
8ow4QxjTKIM;100%Kuat!! semoga bermanfaat yaa😇👍;Sama murojaahtilawah bang;No Online Gambling Promotion
8ow4QxjTKIM;100%Kuat!! semoga bermanfaat yaa😇👍;Mantap coba;No Online Gambling Promotion
8ow4QxjTKIM;100%Kuat!! semoga bermanfaat yaa😇👍;BATAL;No Online Gambling Promotion
8ow4QxjTKIM;100%Kuat!! semoga bermanfaat yaa😇👍;batal;No Online Gambling Promotion
8ow4QxjTKIM;100%Kuat!! semoga bermanfaat yaa😇👍;Daripada tiduran mending tadarus salat menghafal surat surat tidur berdosa absen berpuasa berpuasa oh iya umat Islam Saya selamat Ramadan semoga menjalankan puasa semoga puasanya lancar 1 full Amin ya robbal alamin;No Online Gambling Promotion
8ow4QxjTKIM;100%Kuat!! semoga bermanfaat yaa😇👍;Ini mah tutorial membatalkan puasa;No Online Gambling Promotion
8ow4QxjTKIM;100%Kuat!! semoga bermanfaat yaa😇👍;Tips dri puasa kuat gini ku ya 1 sahur minum air hangat energen air putih hangat secukup nya baca bismillah 2 Sholat subuh imsak ambil air wudhu beroda semoga puasa nya lancar 3 Baca alquran sholat subuh 4 Sholat dhuha 5 Beres2kamar bersihin kamar rumah biar rapih 6 Ambil air wudhu sholat dzuhur 7 Tidur siang jam 3 4 sore 8 Bangun mandi ngabuburit jam 5 sore smbil nyari takjil 9 Jam enam menunggu buka smbil scroll tiktok deh semoga bermanfaat;No Online Gambling Promotion
8ow4QxjTKIM;100%Kuat!! semoga bermanfaat yaa😇👍;tu hp nya ga bang;No Online Gambling Promotion
8ow4QxjTKIM;100%Kuat!! semoga bermanfaat yaa😇👍;Mon maap lahir batin puasa batal klo tidur seharian ampe magrib;No Online Gambling Promotion
8ow4QxjTKIM;100%Kuat!! semoga bermanfaat yaa😇👍;Solat nya bg;No Online Gambling Promotion
8ow4QxjTKIM;100%Kuat!! semoga bermanfaat yaa😇👍;Malah haus makan mie;No Online Gambling Promotion
8ow4QxjTKIM;100%Kuat!! semoga bermanfaat yaa😇👍;Tutorial puasa Tutorial mokel;No Online Gambling Promotion
8ow4QxjTKIM;100%Kuat!! semoga bermanfaat yaa😇👍;Itu mah gak sah puasanya;No Online Gambling Promotion
8ow4QxjTKIM;100%Kuat!! semoga bermanfaat yaa😇👍;mah tips membatalkan puasa;No Online Gambling Promotion
8ow4QxjTKIM;100%Kuat!! semoga bermanfaat yaa😇👍;Hayo gak puasa pagi kah;No Online Gambling Promotion
8ow4QxjTKIM;100%Kuat!! semoga bermanfaat yaa😇👍;Ga lucu ya bro jgn gitu nyesatin pikiran org sesatin pemikiran orang bodoh bodoh kalo trusngonten ngontak dikit,jangan geser pikiran orang sesat pemikiran orang bodoh bodoh kalo terusngonten ngontak dikit;No Online Gambling Promotion
8ow4QxjTKIM;100%Kuat!! semoga bermanfaat yaa😇👍;Gw kalo tidur ampe magrib udah dikubur;No Online Gambling Promotion
8ow4QxjTKIM;100%Kuat!! semoga bermanfaat yaa😇👍;Rizky Auliya liat si;No Online Gambling Promotion
8ow4QxjTKIM;100%Kuat!! semoga bermanfaat yaa😇👍;LAH;No Online Gambling Promotion
8ow4QxjTKIM;100%Kuat!! semoga bermanfaat yaa😇👍;doa kuat puasa allohumma paksa ken;No Online Gambling Promotion
8ow4QxjTKIM;100%Kuat!! semoga bermanfaat yaa😇👍;tutorial puasa kuat tutorial membatal puasa dapet dosa tidur sehari full;No Online Gambling Promotion
8ow4QxjTKIM;100%Kuat!! semoga bermanfaat yaa😇👍;Bukan nya gak pagi makan sarapan gi sih cecece;No Online Gambling Promotion
8ow4QxjTKIM;100%Kuat!! semoga bermanfaat yaa😇👍;tutorial kuat puasa tutorial mokel;No Online Gambling Promotion
8ow4QxjTKIM;100%Kuat!! semoga bermanfaat yaa😇👍;Kalo tidur sampe magrib makruh;No Online Gambling Promotion
8ow4QxjTKIM;100%Kuat!! semoga bermanfaat yaa😇👍;Tetapi sayang orang berlomba lomba mengejar pahala mendekatkan Allah SWT beribadah tidur Mulu mengejar pahala;No Online Gambling Promotion
8ow4QxjTKIM;100%Kuat!! semoga bermanfaat yaa😇👍;Bg gk pahala;No Online Gambling Promotion
8ow4QxjTKIM;100%Kuat!! semoga bermanfaat yaa😇👍;TIPS AGAR PUASA KALIAN LANCAR 1 MAKAN 3 BUNGKUS INDOMIE 2 MINUMNYA PAKAI TEH MANIS TAPI JANGAN TERLALU MANIS 3TURU;No Online Gambling Promotion
8ow4QxjTKIM;100%Kuat!! semoga bermanfaat yaa😇👍;Trus sholat nya;No Online Gambling Promotion
8ow4QxjTKIM;100%Kuat!! semoga bermanfaat yaa😇👍;Woi tidur woi;No Online Gambling Promotion
8ow4QxjTKIM;100%Kuat!! semoga bermanfaat yaa😇👍;WD Berapapun Dibayar MPO365;No Online Gambling Promotion
8ow4QxjTKIM;100%Kuat!! semoga bermanfaat yaa😇👍;selamat sholat shubuhMaghribisya;No Online Gambling Promotion
8ow4QxjTKIM;100%Kuat!! semoga bermanfaat yaa😇👍;Kamu ga puasa ya;No Online Gambling Promotion
8ow4QxjTKIM;100%Kuat!! semoga bermanfaat yaa😇👍;Saya benci Tiktok karna orangdi Tiktok IQ nya Kenapa Contoh Ada Ojol menguras isi dompet orang temuin jalan komentar orang bilang Kan nemu nyuri Bahkan parah Saat mahasiswa orl sx nyetir mobil gak sengaja nabrak orang kabur komentar netijen nanya Se enak kah Bahkan sampe ngasi saran keluarnya dikit dikit aja Dan Di karnakan memilih scrolling Youtube Short aja Tiktok nyari vidio Wallpaper HP _Gimana pendapat _;No Online Gambling Promotion
8ow4QxjTKIM;100%Kuat!! semoga bermanfaat yaa😇👍;Apa coba;No Online Gambling Promotion
8ow4QxjTKIM;100%Kuat!! semoga bermanfaat yaa😇👍;Lah gw main ps sebentar dah maghrib cepet banget kayak kilat;No Online Gambling Promotion
8ow4QxjTKIM;100%Kuat!! semoga bermanfaat yaa😇👍;Jir minum air putih pagi pagi;No Online Gambling Promotion
8ow4QxjTKIM;100%Kuat!! semoga bermanfaat yaa😇👍;tidur magrib bukanya makruh ya;No Online Gambling Promotion
8ow4QxjTKIM;100%Kuat!! semoga bermanfaat yaa😇👍;Salat nya;No Online Gambling Promotion
8ow4QxjTKIM;100%Kuat!! semoga bermanfaat yaa😇👍;Katanya bier tahan nyape magrib 100 eh makan nya pagi pagi;No Online Gambling Promotion
8ow4QxjTKIM;100%Kuat!! semoga bermanfaat yaa😇👍;Kan makan nya pagi jam 6 batal;No Online Gambling Promotion
8ow4QxjTKIM;100%Kuat!! semoga bermanfaat yaa😇👍;Kan puasa minum sarapan indomie;No Online Gambling Promotion
8ow4QxjTKIM;100%Kuat!! semoga bermanfaat yaa😇👍;Guys yg maksudnya pas sahur kalii;No Online Gambling Promotion
8ow4QxjTKIM;100%Kuat!! semoga bermanfaat yaa😇👍;Ini mah tips kuat puasanya puasanya batal total mah Tips biar kuat puasanya Tips membatalkan puasa;No Online Gambling Promotion
8ow4QxjTKIM;100%Kuat!! semoga bermanfaat yaa😇👍;Tutorial puasa Tutorial makan sarapan,Tutorial makan sarapan;No Online Gambling Promotion
8ow4QxjTKIM;100%Kuat!! semoga bermanfaat yaa😇👍;Klo 1gk tidur 2nunggu sampe sahur 3udh sahur 4makan dikit es crime buah minum 5shalat 6ngantuk 7tidur 8bangun shalat ashar 9shalat ashar abis tu shalat dzuhur 10mandi 11beli takjil 12pulang 13setelah pulang udh magrib 14shalat magrib 15cuci tangan 16makan jajan 17bikin makan 18bikin teh 19makan 20kenyang makanan;No Online Gambling Promotion
8ow4QxjTKIM;100%Kuat!! semoga bermanfaat yaa😇👍;Tutorial puasa Tutorial tidur mati Bayangkan tidur subuh sampe Maghrib,Tutorial tidur mati, Bayangkan tidur subuh sampe Maghrib;No Online Gambling Promotion
8ow4QxjTKIM;100%Kuat!! semoga bermanfaat yaa😇👍;Aku minum air botol;No Online Gambling Promotion
8ow4QxjTKIM;100%Kuat!! semoga bermanfaat yaa😇👍;Kalian islam stop bikin video makan2 dosa,stop buat video makan dosa;No Online Gambling Promotion
8ow4QxjTKIM;100%Kuat!! semoga bermanfaat yaa😇👍;Yang sholat baca alquran;No Online Gambling Promotion
8ow4QxjTKIM;100%Kuat!! semoga bermanfaat yaa😇👍;Plisss banget;No Online Gambling Promotion
8ow4QxjTKIM;100%Kuat!! semoga bermanfaat yaa😇👍;Tutorial mokel pagi nu mah;No Online Gambling Promotion
8ow4QxjTKIM;100%Kuat!! semoga bermanfaat yaa😇👍;Sarapan ganti sahur;No Online Gambling Promotion
8ow4QxjTKIM;100%Kuat!! semoga bermanfaat yaa😇👍;pagi minum air ya batal sarapan oi gak batal tidur ampek magrib lu gak shalat dhuhur ashar;No Online Gambling Promotion
8ow4QxjTKIM;100%Kuat!! semoga bermanfaat yaa😇👍;Sangat membantu bang;No Online Gambling Promotion
8ow4QxjTKIM;100%Kuat!! semoga bermanfaat yaa😇👍;ku coba pass tidur dahh demam;No Online Gambling Promotion
8ow4QxjTKIM;100%Kuat!! semoga bermanfaat yaa😇👍;Halo;No Online Gambling Promotion
8ow4QxjTKIM;100%Kuat!! semoga bermanfaat yaa😇👍;Iya sih kuat cuman makruh pahala nya dikit;No Online Gambling Promotion
8ow4QxjTKIM;100%Kuat!! semoga bermanfaat yaa😇👍;Itu puasa;No Online Gambling Promotion
8ow4QxjTKIM;100%Kuat!! semoga bermanfaat yaa😇👍;Kelakuan nya kaya ngeluh puasa nya kaya belom makan 10 thn yanh nya tidur main hp,tidur dan main HP;No Online Gambling Promotion
8ow4QxjTKIM;100%Kuat!! semoga bermanfaat yaa😇👍;Gak pahala bang cuman malas malasan;No Online Gambling Promotion
8ow4QxjTKIM;100%Kuat!! semoga bermanfaat yaa😇👍;Lah cok;No Online Gambling Promotion
8ow4QxjTKIM;100%Kuat!! semoga bermanfaat yaa😇👍;Lu gak mandi;No Online Gambling Promotion
8ow4QxjTKIM;100%Kuat!! semoga bermanfaat yaa😇👍;Iya sih bener gw tutorial biar gk haus Minum 1 galon shalat subuh turu samoe siang scrol short you tube ato nonton HUNTERXHUNTER sampe maghrib,benar gw tutorial agar ga haus minum 1 galon shalat subuh turu sampai siang scroll short YouTube atau nonton HUNTER X HUNTER sampai maghrib;No Online Gambling Promotion
8ow4QxjTKIM;100%Kuat!! semoga bermanfaat yaa😇👍;Itu mah keseharian sehari;No Online Gambling Promotion
8ow4QxjTKIM;100%Kuat!! semoga bermanfaat yaa😇👍;Ga pusat kah;No Online Gambling Promotion
8ow4QxjTKIM;100%Kuat!! semoga bermanfaat yaa😇👍;takjilnya bang;No Online Gambling Promotion
8ow4QxjTKIM;100%Kuat!! semoga bermanfaat yaa😇👍;Kalo gw habis sahur sholat shubuh habis jam 5 maen bola temen temen jam 9;No Online Gambling Promotion
8ow4QxjTKIM;100%Kuat!! semoga bermanfaat yaa😇👍;Jangan lupa baca niatnya;No Online Gambling Promotion
8ow4QxjTKIM;100%Kuat!! semoga bermanfaat yaa😇👍;Tutorial kuat puasa Tutorial mokel;No Online Gambling Promotion
8ow4QxjTKIM;100%Kuat!! semoga bermanfaat yaa😇👍;Isi komennya judol tai;No Online Gambling Promotion
8ow4QxjTKIM;100%Kuat!! semoga bermanfaat yaa😇👍;Teman teman sekedar maaf nyambung video ya Saya ingit menemui komen judol judi online Di report ya like bales top komen pilih tindakan merugikan manusia berkomentar bot menghambat viewer bang willy kalo komen kyak gitu report aja ya kawan;No Online Gambling Promotion
8ow4QxjTKIM;100%Kuat!! semoga bermanfaat yaa😇👍;_ 00 THANK YOU;No Online Gambling Promotion
8ow4QxjTKIM;100%Kuat!! semoga bermanfaat yaa😇👍;Rezeki anak sholeh perdana main ALEXISTGEL langsung dikasi maxwn emg cuan bgt main uda gampang bgt seceternya turun RTP nya akurat bgt;Online Gambling Promotion
8ow4QxjTKIM;100%Kuat!! semoga bermanfaat yaa😇👍;Modal Sholat GACOR PAHALANYA Silakan masjid jamin 0 pahala setumpuk sungai terhingga daftar singkat Cukup sholat 5 Dan Tolong sebar adik adik ya Titip Sendal J8d2l biar masuk neraka jahanam aminnn;No Online Gambling Promotion
8ow4QxjTKIM;100%Kuat!! semoga bermanfaat yaa😇👍;Sohlat bang;No Online Gambling Promotion
8ow4QxjTKIM;100%Kuat!! semoga bermanfaat yaa😇👍;Ini pas sahur mknminum;No Online Gambling Promotion
8ow4QxjTKIM;100%Kuat!! semoga bermanfaat yaa😇👍;setan ya dikurung;No Online Gambling Promotion
8ow4QxjTKIM;100%Kuat!! semoga bermanfaat yaa😇👍;gw tau JPTOGEL77 komen asli bnrn gacir;Online Gambling Promotion
8ow4QxjTKIM;100%Kuat!! semoga bermanfaat yaa😇👍;Kalau gw pagi sahur tidur ngantuk pas jam 8 an main hp gak kerasa udah jam 5 pasar jam 7 pulang,gak kerasa udah jam 5 pasar jam 7 pulang;No Online Gambling Promotion
8ow4QxjTKIM;100%Kuat!! semoga bermanfaat yaa😇👍;Up Up Upaku coba bang gacir sltnya ya JPTOGEL77 pantes rame kali comment hahaha;Online Gambling Promotion
8ow4QxjTKIM;100%Kuat!! semoga bermanfaat yaa😇👍;TERIMAKASIH JPTOGEL77 MENANG SUPER HOKI KEREN TEPERCAYA DAN NYATA;Online Gambling Promotion
8ow4QxjTKIM;100%Kuat!! semoga bermanfaat yaa😇👍;Saranin kalo makan berkarbo lapar lupa searching makanan bernutrisi tempe daging kuahsayur kentang;No Online Gambling Promotion
8ow4QxjTKIM;100%Kuat!! semoga bermanfaat yaa😇👍;puasa gak salat sia sia puasa nya;No Online Gambling Promotion
8ow4QxjTKIM;100%Kuat!! semoga bermanfaat yaa😇👍;Kak 4 dosa karna gak solat;No Online Gambling Promotion
8ow4QxjTKIM;100%Kuat!! semoga bermanfaat yaa😇👍;gw main JPTOGEL77 sampe bikin 3 akun kirain rungkad salah eh wd mulu wkkwkwk;Online Gambling Promotion
8ow4QxjTKIM;100%Kuat!! semoga bermanfaat yaa😇👍;Sudah situs yg ikuti satupun berhasil membuktikan kecuali JPTOGEL77;Online Gambling Promotion
8ow4QxjTKIM;100%Kuat!! semoga bermanfaat yaa😇👍;gilaaa kasih wd JPTOGEL77 modal receh doang main;Online Gambling Promotion
8ow4QxjTKIM;100%Kuat!! semoga bermanfaat yaa😇👍;cmn main JPTOGEL77 gw dpt teriakan mantap ayaaaaaang;Online Gambling Promotion
8ow4QxjTKIM;100%Kuat!! semoga bermanfaat yaa😇👍;Itu nama nya mokel;No Online Gambling Promotion
8ow4QxjTKIM;100%Kuat!! semoga bermanfaat yaa😇👍;Bang kalo tidur Maghrib sholat Dzuhur ashar;No Online Gambling Promotion
8ow4QxjTKIM;100%Kuat!! semoga bermanfaat yaa😇👍;Emang niat nya mokel OI TOLONG KALOK MAU PROMOSI JUDOL JAN DISINI NAPA DISINI BANYAK ADEK ADEK YANG NONTON JUDOL DAPAT REZEKI JUDOL NGERUGIN DIRI SENDIRI;No Online Gambling Promotion
8ow4QxjTKIM;100%Kuat!! semoga bermanfaat yaa😇👍;Bang puasa kagak;No Online Gambling Promotion
8ow4QxjTKIM;100%Kuat!! semoga bermanfaat yaa😇👍;Wah tips yng bermanfaat menjalankan puasa manfaat apa2;No Online Gambling Promotion
8ow4QxjTKIM;100%Kuat!! semoga bermanfaat yaa😇👍;Kalo biar kuat sholat limah Alhamdulillah nya nya membantu kerja berat kepala pusing lemas cobain guys;No Online Gambling Promotion
8ow4QxjTKIM;100%Kuat!! semoga bermanfaat yaa😇👍;Itu sarapan indomie namanya mokeeeel;No Online Gambling Promotion
8ow4QxjTKIM;100%Kuat!! semoga bermanfaat yaa😇👍;palak lu tiu namanya mokel bang mokel;No Online Gambling Promotion
8ow4QxjTKIM;100%Kuat!! semoga bermanfaat yaa😇👍;Tutorial kuat puasa Tutorial membatalkan puasa;No Online Gambling Promotion
8ow4QxjTKIM;100%Kuat!! semoga bermanfaat yaa😇👍;syarat puasaberakal;No Online Gambling Promotion
8ow4QxjTKIM;100%Kuat!! semoga bermanfaat yaa😇👍;Sholat;No Online Gambling Promotion
8ow4QxjTKIM;100%Kuat!! semoga bermanfaat yaa😇👍;BANG WOI LAH ITU BATAL BUKA TU MAGRIB DAN SAHURRE;No Online Gambling Promotion
8ow4QxjTKIM;100%Kuat!! semoga bermanfaat yaa😇👍;Woy orang puasa tidur 8 jam goblok;No Online Gambling Promotion
8ow4QxjTKIM;100%Kuat!! semoga bermanfaat yaa😇👍;Justru puasa sah mending puasa tuh solat ngaji;No Online Gambling Promotion
8ow4QxjTKIM;100%Kuat!! semoga bermanfaat yaa😇👍;Saya puasa;No Online Gambling Promotion
8ow4QxjTKIM;100%Kuat!! semoga bermanfaat yaa😇👍;Itu nama nya tutorial gak puasa;No Online Gambling Promotion
8ow4QxjTKIM;100%Kuat!! semoga bermanfaat yaa😇👍;Oi sholat nya;No Online Gambling Promotion
8ow4QxjTKIM;100%Kuat!! semoga bermanfaat yaa😇👍;Lu bg upload vidio nya pas puasa bg;No Online Gambling Promotion
8ow4QxjTKIM;100%Kuat!! semoga bermanfaat yaa😇👍;Lah puasa bg;No Online Gambling Promotion
8ow4QxjTKIM;100%Kuat!! semoga bermanfaat yaa😇👍;Tutorial puasa tutorial memokel puasa;No Online Gambling Promotion
8ow4QxjTKIM;100%Kuat!! semoga bermanfaat yaa😇👍;Tutor puasa kuat Tutor batalkan puasa,Tutor batalkan puasa;No Online Gambling Promotion
8ow4QxjTKIM;100%Kuat!! semoga bermanfaat yaa😇👍;Bang gua coba bener;No Online Gambling Promotion
8ow4QxjTKIM;100%Kuat!! semoga bermanfaat yaa😇👍;Jika kerasa lapar tinggal bilang perutku lapar Allah membersihkan tubuhku racun racun ku makan,tinggalkan bilang perutku lapar. Allah membersihkan tubuhku dari racun-racun yang saya makan;No Online Gambling Promotion
8ow4QxjTKIM;100%Kuat!! semoga bermanfaat yaa😇👍;Aku gak ngatur kak;No Online Gambling Promotion
8ow4QxjTKIM;100%Kuat!! semoga bermanfaat yaa😇👍;Ya kenyang;No Online Gambling Promotion
8ow4QxjTKIM;100%Kuat!! semoga bermanfaat yaa😇👍;Makruh woi;No Online Gambling Promotion
8ow4QxjTKIM;100%Kuat!! semoga bermanfaat yaa😇👍;Loh gak sholat tah;No Online Gambling Promotion
8ow4QxjTKIM;100%Kuat!! semoga bermanfaat yaa😇👍;Tutorial kuat puasa X Tutorial membatal puasa;No Online Gambling Promotion
8ow4QxjTKIM;100%Kuat!! semoga bermanfaat yaa😇👍;itumah sarapan sahur;No Online Gambling Promotion
8ow4QxjTKIM;100%Kuat!! semoga bermanfaat yaa😇👍;Gw gak makan indomi bang;No Online Gambling Promotion
8ow4QxjTKIM;100%Kuat!! semoga bermanfaat yaa😇👍;Bantal fans mu;No Online Gambling Promotion
8ow4QxjTKIM;100%Kuat!! semoga bermanfaat yaa😇👍;Eh tidur batal tau;No Online Gambling Promotion
8ow4QxjTKIM;100%Kuat!! semoga bermanfaat yaa😇👍;Sangat bermanfaat;No Online Gambling Promotion
8ow4QxjTKIM;100%Kuat!! semoga bermanfaat yaa😇👍;Tips nya bagus dimarahin emak;No Online Gambling Promotion
8ow4QxjTKIM;100%Kuat!! semoga bermanfaat yaa😇👍;TIDAK BERMANFAAT KITA SELALU MEMBUKA AL QUR AN;No Online Gambling Promotion
8ow4QxjTKIM;100%Kuat!! semoga bermanfaat yaa😇👍;tutorial kuat Ramadhan membuang buang;No Online Gambling Promotion
8ow4QxjTKIM;100%Kuat!! semoga bermanfaat yaa😇👍;Nggak nyangka MANDALIKA77 ngasih solusi nggak ribet;No Online Gambling Promotion
8ow4QxjTKIM;100%Kuat!! semoga bermanfaat yaa😇👍;Salut MANDALIKA77 on time;No Online Gambling Promotion
8ow4QxjTKIM;100%Kuat!! semoga bermanfaat yaa😇👍;Sukses MANDALIKA77 semoga terbantu;No Online Gambling Promotion
8ow4QxjTKIM;100%Kuat!! semoga bermanfaat yaa😇👍;Wih MANDALIKA77 booming ya bahas;No Online Gambling Promotion
QgJkBuqS14Y;lama banget buka puasanya😭!! info yang udah puasa siapa aja nih??;Bukannya barengan 30 harisaya mahzab MuhammadiyahMaliki,saya Mahzab Muhammadiyah Maliki;No Online Gambling Promotion
QgJkBuqS14Y;lama banget buka puasanya😭!! info yang udah puasa siapa aja nih??;Koq yg gak arsenal;No Online Gambling Promotion
QgJkBuqS14Y;lama banget buka puasanya😭!! info yang udah puasa siapa aja nih??;Mon maaf ga persatuan;No Online Gambling Promotion
QgJkBuqS14Y;lama banget buka puasanya😭!! info yang udah puasa siapa aja nih??;Waduh mu ikutan;No Online Gambling Promotion
QgJkBuqS14Y;lama banget buka puasanya😭!! info yang udah puasa siapa aja nih??;Arsenal 20 thun;No Online Gambling Promotion
QgJkBuqS14Y;lama banget buka puasanya😭!! info yang udah puasa siapa aja nih??;Bukannya mu juara FA cup;No Online Gambling Promotion
QgJkBuqS14Y;lama banget buka puasanya😭!! info yang udah puasa siapa aja nih??;Kok NU 29 aja NU kayaknya 30 deh;No Online Gambling Promotion
QgJkBuqS14Y;lama banget buka puasanya😭!! info yang udah puasa siapa aja nih??;NU puasanya dikit dr muhammadiah;No Online Gambling Promotion
QgJkBuqS14Y;lama banget buka puasanya😭!! info yang udah puasa siapa aja nih??;Seperti Nya Para Fans MU Masih Berharap Tinggi Pada MU;No Online Gambling Promotion
QgJkBuqS14Y;lama banget buka puasanya😭!! info yang udah puasa siapa aja nih??;Kok kepikiran sampe MU sih wkwkwk;No Online Gambling Promotion
QgJkBuqS14Y;lama banget buka puasanya😭!! info yang udah puasa siapa aja nih??;King arsenal tmnnya;No Online Gambling Promotion
QgJkBuqS14Y;lama banget buka puasanya😭!! info yang udah puasa siapa aja nih??;Nu 30 bang;No Online Gambling Promotion
QgJkBuqS14Y;lama banget buka puasanya😭!! info yang udah puasa siapa aja nih??;Sabar sabar fans MU;No Online Gambling Promotion
QgJkBuqS14Y;lama banget buka puasanya😭!! info yang udah puasa siapa aja nih??;Arsenal bang gua;No Online Gambling Promotion
QgJkBuqS14Y;lama banget buka puasanya😭!! info yang udah puasa siapa aja nih??;Orang NU Muhammadiyah puasa nya bareng;No Online Gambling Promotion
QgJkBuqS14Y;lama banget buka puasanya😭!! info yang udah puasa siapa aja nih??;Nu 30 bang;No Online Gambling Promotion
QgJkBuqS14Y;lama banget buka puasanya😭!! info yang udah puasa siapa aja nih??;Untung gue NU;No Online Gambling Promotion
QgJkBuqS14Y;lama banget buka puasanya😭!! info yang udah puasa siapa aja nih??;NU yg pake songkok;No Online Gambling Promotion
QgJkBuqS14Y;lama banget buka puasanya😭!! info yang udah puasa siapa aja nih??;Wkwkwkwkk;No Online Gambling Promotion
QgJkBuqS14Y;lama banget buka puasanya😭!! info yang udah puasa siapa aja nih??;Arsenal Puasa gelar primer league 21 thn;No Online Gambling Promotion
QgJkBuqS14Y;lama banget buka puasanya😭!! info yang udah puasa siapa aja nih??;MU aja GK sih muhammadiyah;No Online Gambling Promotion
QgJkBuqS14Y;lama banget buka puasanya😭!! info yang udah puasa siapa aja nih??;Lumayan Muhammadiyah;No Online Gambling Promotion
QgJkBuqS14Y;lama banget buka puasanya😭!! info yang udah puasa siapa aja nih??;gua fans Manchester united nggak hati gua mu sunami trophy;No Online Gambling Promotion
QgJkBuqS14Y;lama banget buka puasanya😭!! info yang udah puasa siapa aja nih??;Kok beda sehari Padahal sunni;No Online Gambling Promotion
QgJkBuqS14Y;lama banget buka puasanya😭!! info yang udah puasa siapa aja nih??;Si ayam kabar;No Online Gambling Promotion
QgJkBuqS14Y;lama banget buka puasanya😭!! info yang udah puasa siapa aja nih??;Arsenal;No Online Gambling Promotion
QgJkBuqS14Y;lama banget buka puasanya😭!! info yang udah puasa siapa aja nih??;Arsenal ngumpet;No Online Gambling Promotion
QgJkBuqS14Y;lama banget buka puasanya😭!! info yang udah puasa siapa aja nih??;Sumpah;No Online Gambling Promotion
QgJkBuqS14Y;lama banget buka puasanya😭!! info yang udah puasa siapa aja nih??;Haha kali konten MU komen bahas golongannya NU Muhamadiyah;No Online Gambling Promotion
QgJkBuqS14Y;lama banget buka puasanya😭!! info yang udah puasa siapa aja nih??;Aku muhamaditah;No Online Gambling Promotion
QgJkBuqS14Y;lama banget buka puasanya😭!! info yang udah puasa siapa aja nih??;Woilah mu 12;No Online Gambling Promotion
QgJkBuqS14Y;lama banget buka puasanya😭!! info yang udah puasa siapa aja nih??;muhammadiyah 31 woy;No Online Gambling Promotion
QgJkBuqS14Y;lama banget buka puasanya😭!! info yang udah puasa siapa aja nih??;arsenal puasa 21 epl puasa gelar ucl;No Online Gambling Promotion
QgJkBuqS14Y;lama banget buka puasanya😭!! info yang udah puasa siapa aja nih??;P adu jam 1215;No Online Gambling Promotion
QgJkBuqS14Y;lama banget buka puasanya😭!! info yang udah puasa siapa aja nih??;Woyyyyy;No Online Gambling Promotion
QgJkBuqS14Y;lama banget buka puasanya😭!! info yang udah puasa siapa aja nih??;Padahal skrg NU Muhammadiyah;No Online Gambling Promotion
QgJkBuqS14Y;lama banget buka puasanya😭!! info yang udah puasa siapa aja nih??;Kebalik muhammadyah 29 Nu 30;No Online Gambling Promotion
QgJkBuqS14Y;lama banget buka puasanya😭!! info yang udah puasa siapa aja nih??;Si meriam udh gak buka puasa;No Online Gambling Promotion
QgJkBuqS14Y;lama banget buka puasanya😭!! info yang udah puasa siapa aja nih??;endingnya;No Online Gambling Promotion
QgJkBuqS14Y;lama banget buka puasanya😭!! info yang udah puasa siapa aja nih??;nu 29 nyari data fakta;No Online Gambling Promotion
QgJkBuqS14Y;lama banget buka puasanya😭!! info yang udah puasa siapa aja nih??;Kebalik muhammadiyah yg 29;No Online Gambling Promotion
QgJkBuqS14Y;lama banget buka puasanya😭!! info yang udah puasa siapa aja nih??;Kasihan banget 12 puasanya;No Online Gambling Promotion
QgJkBuqS14Y;lama banget buka puasanya😭!! info yang udah puasa siapa aja nih??;wkwkwk Puasa gelar;No Online Gambling Promotion
QgJkBuqS14Y;lama banget buka puasanya😭!! info yang udah puasa siapa aja nih??;Bro ahli sunnah waljamaah ga,ahli sunnah waljamaah tidak;No Online Gambling Promotion
QgJkBuqS14Y;lama banget buka puasanya😭!! info yang udah puasa siapa aja nih??;Bro puasa 29 30 bkn ormasnya tp dr perhitungannya pake yg Kalo Muhammadiyah pake perhitungan astronomis gitu g mesti pengamatan langsung ngeliat hilal kek NU pemerintah;No Online Gambling Promotion
QgJkBuqS14Y;lama banget buka puasanya😭!! info yang udah puasa siapa aja nih??;Nu;No Online Gambling Promotion
QgJkBuqS14Y;lama banget buka puasanya😭!! info yang udah puasa siapa aja nih??;Tim muhamadiyah;No Online Gambling Promotion
QgJkBuqS14Y;lama banget buka puasanya😭!! info yang udah puasa siapa aja nih??;Puasa gelar;No Online Gambling Promotion
QgJkBuqS14Y;lama banget buka puasanya😭!! info yang udah puasa siapa aja nih??;Aku sekolah nu;No Online Gambling Promotion
QgJkBuqS14Y;lama banget buka puasanya😭!! info yang udah puasa siapa aja nih??;Kok baju nya kayak nya ak pake nya ya;No Online Gambling Promotion
QgJkBuqS14Y;lama banget buka puasanya😭!! info yang udah puasa siapa aja nih??;Ohh org bugis ki ple;No Online Gambling Promotion
QgJkBuqS14Y;lama banget buka puasanya😭!! info yang udah puasa siapa aja nih??;Sama lol 30hari dasar kreator inpo;No Online Gambling Promotion
QgJkBuqS14Y;lama banget buka puasanya😭!! info yang udah puasa siapa aja nih??;Lama banget woilah MU puasa;No Online Gambling Promotion
QgJkBuqS14Y;lama banget buka puasanya😭!! info yang udah puasa siapa aja nih??;Saran coba JPTOGEL77 bg link nya gak pelit tu mmber uda psti dikasih JP tmn gw jga mawin disitu,tu mungkin udah pusti dikasih JP timenan gw juga maxwin disitu;Online Gambling Promotion
QgJkBuqS14Y;lama banget buka puasanya😭!! info yang udah puasa siapa aja nih??;gilaaa kasih wd JPTOGEL77 modal receh doang main;Online Gambling Promotion
QgJkBuqS14Y;lama banget buka puasanya😭!! info yang udah puasa siapa aja nih??;makasihh bangeett temeenkuu udah kasih rekomend web JPTOGEL77 ga rungkad web sebela,udah kasih rekomendasi web JPTOGEL77 ga rungkad website sebela;Online Gambling Promotion
QgJkBuqS14Y;lama banget buka puasanya😭!! info yang udah puasa siapa aja nih??;JPTOGEL77 emang juara kepuasan bermain Cuan mengalir;Online Gambling Promotion
QgJkBuqS14Y;lama banget buka puasanya😭!! info yang udah puasa siapa aja nih??;Sukses JPTOGEL77;Online Gambling Promotion
QgJkBuqS14Y;lama banget buka puasanya😭!! info yang udah puasa siapa aja nih??;Sudah situs yg ikuti satupun berhasil membuktikan kecuali JPTOGEL77;Online Gambling Promotion
QgJkBuqS14Y;lama banget buka puasanya😭!! info yang udah puasa siapa aja nih??;Makasih bang link gacir nya barusan WD gak lumayan kopi rokok mantap depo WD aman lancar jaya emang enak main JPTOGEL77 bang;Online Gambling Promotion
QgJkBuqS14Y;lama banget buka puasanya😭!! info yang udah puasa siapa aja nih??;Loh muncul puasa setan merah penjara;No Online Gambling Promotion
QgJkBuqS14Y;lama banget buka puasanya😭!! info yang udah puasa siapa aja nih??;P maksud;No Online Gambling Promotion
QgJkBuqS14Y;lama banget buka puasanya😭!! info yang udah puasa siapa aja nih??;Jir gw ajha cuman puasa 30 doang;No Online Gambling Promotion
QgJkBuqS14Y;lama banget buka puasanya😭!! info yang udah puasa siapa aja nih??;plot twist yg;No Online Gambling Promotion
QgJkBuqS14Y;lama banget buka puasanya😭!! info yang udah puasa siapa aja nih??;Tidur 12 puasa 12 cuy;No Online Gambling Promotion
QgJkBuqS14Y;lama banget buka puasanya😭!! info yang udah puasa siapa aja nih??;Org bugis ki;No Online Gambling Promotion
QgJkBuqS14Y;lama banget buka puasanya😭!! info yang udah puasa siapa aja nih??;Parah lu bang;No Online Gambling Promotion
QgJkBuqS14Y;lama banget buka puasanya😭!! info yang udah puasa siapa aja nih??;gak pake perhitungan tilpun langsung Gusti Allah,langsung Gusti Allah;No Online Gambling Promotion
QgJkBuqS14Y;lama banget buka puasanya😭!! info yang udah puasa siapa aja nih??;Aku ahli sunnah kayak Muhammadiyah 30;No Online Gambling Promotion
QgJkBuqS14Y;lama banget buka puasanya😭!! info yang udah puasa siapa aja nih??;klo arsenal brp thn ya;No Online Gambling Promotion
QgJkBuqS14Y;lama banget buka puasanya😭!! info yang udah puasa siapa aja nih??;Ferrari puasa 17 waksesama merah;No Online Gambling Promotion
QgJkBuqS14Y;lama banget buka puasanya😭!! info yang udah puasa siapa aja nih??;Baru buka ama carabao cup;No Online Gambling Promotion
QgJkBuqS14Y;lama banget buka puasanya😭!! info yang udah puasa siapa aja nih??;Woi katolik gak nih rabu abu puasa;No Online Gambling Promotion
QgJkBuqS14Y;lama banget buka puasanya😭!! info yang udah puasa siapa aja nih??;Waduh mu tuh yg puasa Piala wkwkwkwkwk;No Online Gambling Promotion
QgJkBuqS14Y;lama banget buka puasanya😭!! info yang udah puasa siapa aja nih??;AGUSTOTO gacor mekswin;Online Gambling Promotion
QgJkBuqS14Y;lama banget buka puasanya😭!! info yang udah puasa siapa aja nih??;AXL777 auto maxwin;Online Gambling Promotion
QgJkBuqS14Y;lama banget buka puasanya😭!! info yang udah puasa siapa aja nih??;gacir bgt AGUSTOTO 'isa menang;No Online Gambling Promotion
QgJkBuqS14Y;lama banget buka puasanya😭!! info yang udah puasa siapa aja nih??;AXL777 beneran gacor;Online Gambling Promotion
QgJkBuqS14Y;lama banget buka puasanya😭!! info yang udah puasa siapa aja nih??;Depo LIMPUL 5 juta AXL777;No Online Gambling Promotion
QgJkBuqS14Y;lama banget buka puasanya😭!! info yang udah puasa siapa aja nih??;AGUSTOTO gacor jepe gampang;No Online Gambling Promotion
QgJkBuqS14Y;lama banget buka puasanya😭!! info yang udah puasa siapa aja nih??;Di AGUSTOTO gachor bgt auto jepey;No Online Gambling Promotion
QgJkBuqS14Y;lama banget buka puasanya😭!! info yang udah puasa siapa aja nih??;gachor bgt main AXL777;Online Gambling Promotion
QgJkBuqS14Y;lama banget buka puasanya😭!! info yang udah puasa siapa aja nih??;AERO88 gacir mepang;Online Gambling Promotion
QgJkBuqS14Y;lama banget buka puasanya😭!! info yang udah puasa siapa aja nih??;AGUSTOTO mekswin utang kelar;No Online Gambling Promotion
QgJkBuqS14Y;lama banget buka puasanya😭!! info yang udah puasa siapa aja nih??;gacir bgt langsung jepe AGUSTOTO;No Online Gambling Promotion
QgJkBuqS14Y;lama banget buka puasanya😭!! info yang udah puasa siapa aja nih??;idihh aksi nih web A M B I L 4 D ngerasain maxwin;Online Gambling Promotion
QgJkBuqS14Y;lama banget buka puasanya😭!! info yang udah puasa siapa aja nih??;si rijal doyan banget main A M B I L 4 D sampe kebeli motor;No Online Gambling Promotion
QgJkBuqS14Y;lama banget buka puasanya😭!! info yang udah puasa siapa aja nih??;Udah coba A M B I L 4 D mantep Ga nyangka menang ketagihan Gk nyesel main disitus,ga nyangka menang ketagihan. Gk nyesel main di situs;No Online Gambling Promotion
QgJkBuqS14Y;lama banget buka puasanya😭!! info yang udah puasa siapa aja nih??;emang terbaik si A M B I L 4 DI;No Online Gambling Promotion
QgJkBuqS14Y;lama banget buka puasanya😭!! info yang udah puasa siapa aja nih??;Aku gak percaya rezeki cepat A M B I L 4 D;No Online Gambling Promotion
QgJkBuqS14Y;lama banget buka puasanya😭!! info yang udah puasa siapa aja nih??;A M B I L 4 D gk kalah hki trus maen;No Online Gambling Promotion
QgJkBuqS14Y;lama banget buka puasanya😭!! info yang udah puasa siapa aja nih??;sore sore gini nyantai main A M B I L 4 D dikasih maxwin hahaa;No Online Gambling Promotion
QgJkBuqS14Y;lama banget buka puasanya😭!! info yang udah puasa siapa aja nih??;Keren maksimal Menang A M B I L 4 D auto sultan dadakan;Online Gambling Promotion
QgJkBuqS14Y;lama banget buka puasanya😭!! info yang udah puasa siapa aja nih??;Dari penasaran eh dapet rezeki A M B I L 4 D;No Online Gambling Promotion
QgJkBuqS14Y;lama banget buka puasanya😭!! info yang udah puasa siapa aja nih??;A M B I L 4 DTerpopuler masakini;No Online Gambling Promotion
QgJkBuqS14Y;lama banget buka puasanya😭!! info yang udah puasa siapa aja nih??;Senang banget dapet rezeki A M B I L 4 D;No Online Gambling Promotion
QgJkBuqS14Y;lama banget buka puasanya😭!! info yang udah puasa siapa aja nih??;Parah banget A M B I L 4 Dbikin candu berat susah banget berhenti;No Online Gambling Promotion
QgJkBuqS14Y;lama banget buka puasanya😭!! info yang udah puasa siapa aja nih??;Puasa gelar;No Online Gambling Promotion
QgJkBuqS14Y;lama banget buka puasanya😭!! info yang udah puasa siapa aja nih??;Gak nyangka main langsung dapet jakpot Bener bener gacir A M B I L 4 D;Online Gambling Promotion
QgJkBuqS14Y;lama banget buka puasanya😭!! info yang udah puasa siapa aja nih??;LDII nggak;No Online Gambling Promotion
QgJkBuqS14Y;lama banget buka puasanya😭!! info yang udah puasa siapa aja nih??;Bang ngikutin muhammadyiah nu 293059;No Online Gambling Promotion
QgJkBuqS14Y;lama banget buka puasanya😭!! info yang udah puasa siapa aja nih??;Spurs;No Online Gambling Promotion
QgJkBuqS14Y;lama banget buka puasanya😭!! info yang udah puasa siapa aja nih??;Bro lupa Arsenal puasa epl 21 thn;No Online Gambling Promotion
QgJkBuqS14Y;lama banget buka puasanya😭!! info yang udah puasa siapa aja nih??;Puasa gelar emang beda;No Online Gambling Promotion
QgJkBuqS14Y;lama banget buka puasanya😭!! info yang udah puasa siapa aja nih??;Hanya Indonesia satunya puasa 1 maret Asia Tenggara hilal 2 maret;No Online Gambling Promotion
QgJkBuqS14Y;lama banget buka puasanya😭!! info yang udah puasa siapa aja nih??;Aku puasa full semangat ya puasa patang menyerah puasa;No Online Gambling Promotion
QgJkBuqS14Y;lama banget buka puasanya😭!! info yang udah puasa siapa aja nih??;Ga udah 12 aja;No Online Gambling Promotion
QgJkBuqS14Y;lama banget buka puasanya😭!! info yang udah puasa siapa aja nih??;Eh msh dpt FA ten haag;No Online Gambling Promotion
QgJkBuqS14Y;lama banget buka puasanya😭!! info yang udah puasa siapa aja nih??;Apa Muhamadiyah Dan NU Bukan Islam 1 gada bedah;No Online Gambling Promotion
QgJkBuqS14Y;lama banget buka puasanya😭!! info yang udah puasa siapa aja nih??;Sadar g knp NU MU dll Dinegara aja g Sama sejenisnya Dah aja PR nya,sudah aja PR ny;No Online Gambling Promotion
QgJkBuqS14Y;lama banget buka puasanya😭!! info yang udah puasa siapa aja nih??;Bukannya bareng ye pengumumannye;No Online Gambling Promotion
QgJkBuqS14Y;lama banget buka puasanya😭!! info yang udah puasa siapa aja nih??;Saran ajh sih fans emyu dlu nonton bola puasa,dulu nonton bola puasa;No Online Gambling Promotion
QgJkBuqS14Y;lama banget buka puasanya😭!! info yang udah puasa siapa aja nih??;Emyu 2024 angkat trofi fa cup;No Online Gambling Promotion
QgJkBuqS14Y;lama banget buka puasanya😭!! info yang udah puasa siapa aja nih??;Lagunya woyytty knp suaara;No Online Gambling Promotion
QgJkBuqS14Y;lama banget buka puasanya😭!! info yang udah puasa siapa aja nih??;Gw gak siapa2 gw islam gw yakini puasa sebulan penuh 30;No Online Gambling Promotion
QgJkBuqS14Y;lama banget buka puasanya😭!! info yang udah puasa siapa aja nih??;Eh bro bukanya y klo puasa 30 tpi NU 29 Gw NU aj 30 loh,Gw NU aj 30 loh;No Online Gambling Promotion
QgJkBuqS14Y;lama banget buka puasanya😭!! info yang udah puasa siapa aja nih??;Orang bugis ya bang;No Online Gambling Promotion
QgJkBuqS14Y;lama banget buka puasanya😭!! info yang udah puasa siapa aja nih??;Muhammadiyah ak bgttt;No Online Gambling Promotion
QgJkBuqS14Y;lama banget buka puasanya😭!! info yang udah puasa siapa aja nih??;Aku sekolah sd muhammadiyah;No Online Gambling Promotion
QgJkBuqS14Y;lama banget buka puasanya😭!! info yang udah puasa siapa aja nih??;Maaf perwakilan fans MU MU tdk puasa puasa Premier League puasa trofi MU musim juara FA Cup klw tdk salahKenapa abang Arsenal aj puasanya,Kenapa abang Arsenal aj puasanya;No Online Gambling Promotion
QgJkBuqS14Y;lama banget buka puasanya😭!! info yang udah puasa siapa aja nih??;Aku NU 30 hri puasanya;No Online Gambling Promotion
QgJkBuqS14Y;lama banget buka puasanya😭!! info yang udah puasa siapa aja nih??;Udah gw duga arahnya;No Online Gambling Promotion
QgJkBuqS14Y;lama banget buka puasanya😭!! info yang udah puasa siapa aja nih??;Tapi puasa 12tahun gak sekolah;No Online Gambling Promotion
QgJkBuqS14Y;lama banget buka puasanya😭!! info yang udah puasa siapa aja nih??;Arsenal 22;No Online Gambling Promotion
QgJkBuqS14Y;lama banget buka puasanya😭!! info yang udah puasa siapa aja nih??;Mu bang;No Online Gambling Promotion
QgJkBuqS14Y;lama banget buka puasanya😭!! info yang udah puasa siapa aja nih??;Woy arsenal puasa 21;No Online Gambling Promotion
QgJkBuqS14Y;lama banget buka puasanya😭!! info yang udah puasa siapa aja nih??;Syiah gimana bro;No Online Gambling Promotion
QgJkBuqS14Y;lama banget buka puasanya😭!! info yang udah puasa siapa aja nih??;ga kaya gitu,No Online Gambling Promotion2. ga kaya gitu;No Online Gambling Promotion
QgJkBuqS14Y;lama banget buka puasanya😭!! info yang udah puasa siapa aja nih??;not clear;No Online Gambling Promotion
QgJkBuqS14Y;lama banget buka puasanya😭!! info yang udah puasa siapa aja nih??;swasta kabar gw swastaa AAAAAAAAAAAAAAAAAAAAAAAAAAAAAAA;No Online Gambling Promotion
QgJkBuqS14Y;lama banget buka puasanya😭!! info yang udah puasa siapa aja nih??;meding MU puasa 12 arsenal puasa 21;No Online Gambling Promotion
QgJkBuqS14Y;lama banget buka puasanya😭!! info yang udah puasa siapa aja nih??;Puasa gelar juara;No Online Gambling Promotion
QgJkBuqS14Y;lama banget buka puasanya😭!! info yang udah puasa siapa aja nih??;Aku NUpuasa nya 30 kawan;No Online Gambling Promotion
QgJkBuqS14Y;lama banget buka puasanya😭!! info yang udah puasa siapa aja nih??;Gw muhammadiyah nihh;No Online Gambling Promotion
QgJkBuqS14Y;lama banget buka puasanya😭!! info yang udah puasa siapa aja nih??;MUMuhammadatul Ulama;No Online Gambling Promotion
QgJkBuqS14Y;lama banget buka puasanya😭!! info yang udah puasa siapa aja nih??;MU Makan dikit;No Online Gambling Promotion
QgJkBuqS14Y;lama banget buka puasanya😭!! info yang udah puasa siapa aja nih??;Aku Muhammadiyah;No Online Gambling Promotion
QgJkBuqS14Y;lama banget buka puasanya😭!! info yang udah puasa siapa aja nih??;POTA69 ngasih tuh coba aja main;No Online Gambling Promotion
QgJkBuqS14Y;lama banget buka puasanya😭!! info yang udah puasa siapa aja nih??;Kemarin coba2 devo 100rebu wd mo 900rebu Di google aja cari situs nya ketik POTA69,cari situsnya ketik POTA69;Online Gambling Promotion
QgJkBuqS14Y;lama banget buka puasanya😭!! info yang udah puasa siapa aja nih??;Makasih POTA69 dikasi wd Memang terbaik situs loe,memang terbaik situs loe;No Online Gambling Promotion
QgJkBuqS14Y;lama banget buka puasanya😭!! info yang udah puasa siapa aja nih??;Tanya aja cs POTA69 aja yg bagus yg jgn lupa bilang terima kasih ya;No Online Gambling Promotion
QgJkBuqS14Y;lama banget buka puasanya😭!! info yang udah puasa siapa aja nih??;Aku tau situs POTA69 teman gampang menang;Online Gambling Promotion
QgJkBuqS14Y;lama banget buka puasanya😭!! info yang udah puasa siapa aja nih??;Disaranin main bonanza cs nya POTA69 langsung scatter makasih min POTA69;Online Gambling Promotion
QgJkBuqS14Y;lama banget buka puasanya😭!! info yang udah puasa siapa aja nih??;Loh v;No Online Gambling Promotion
QgJkBuqS14Y;lama banget buka puasanya😭!! info yang udah puasa siapa aja nih??;Mirip fajar sadboy mode kulit putih nya;No Online Gambling Promotion
QgJkBuqS14Y;lama banget buka puasanya😭!! info yang udah puasa siapa aja nih??;muhammdiayah 01 binjai;No Online Gambling Promotion
QgJkBuqS14Y;lama banget buka puasanya😭!! info yang udah puasa siapa aja nih??;gw anak muhammadiyah sekolah SD mutual;No Online Gambling Promotion
QgJkBuqS14Y;lama banget buka puasanya😭!! info yang udah puasa siapa aja nih??;Mu apadah;No Online Gambling Promotion
QgJkBuqS14Y;lama banget buka puasanya😭!! info yang udah puasa siapa aja nih??;nonton bola ga sih emyu juara FA cup musim 1416 2324 juara carabao 1617 2223 liga eropa 1617 community shield 2013 2016 nya simpel lu nonton bola ga sih;No Online Gambling Promotion
QgJkBuqS14Y;lama banget buka puasanya😭!! info yang udah puasa siapa aja nih??;Nu tergantung ya 29 30 Hari pakai rukyatul hilal Sedangkan muhammdiyah pakai hisab perhitungan terpaku nya hilal hitungan nya ya udah puasa raya Yang terpenting puasa tanggal 1 romadhon beda tanggal Masehinya Kita menghormati Kita respek Fans MU sabar 12 puasa wkwkwk;No Online Gambling Promotion
QgJkBuqS14Y;lama banget buka puasanya😭!! info yang udah puasa siapa aja nih??;Liat es teh biasacuman es teh Di puasaMAU MINUM ES TEEEEEEEEEEH,es teh di puasa MAU MINUM ES TEEH;No Online Gambling Promotion
QgJkBuqS14Y;lama banget buka puasanya😭!! info yang udah puasa siapa aja nih??;Mu 12tahun puasa;No Online Gambling Promotion
QgJkBuqS14Y;lama banget buka puasanya😭!! info yang udah puasa siapa aja nih??;Tim Muhammadiyah NU;No Online Gambling Promotion
QgJkBuqS14Y;lama banget buka puasanya😭!! info yang udah puasa siapa aja nih??;Meanwhile Arsenal puasa 21 thn;No Online Gambling Promotion
QgJkBuqS14Y;lama banget buka puasanya😭!! info yang udah puasa siapa aja nih??;Baru lagu;No Online Gambling Promotion
QgJkBuqS14Y;lama banget buka puasanya😭!! info yang udah puasa siapa aja nih??;Arsenal;No Online Gambling Promotion
QgJkBuqS14Y;lama banget buka puasanya😭!! info yang udah puasa siapa aja nih??;Bisa mati mah;No Online Gambling Promotion
QgJkBuqS14Y;lama banget buka puasanya😭!! info yang udah puasa siapa aja nih??;Pernah ngerasa ga sih kalo puasa kaya sengaja tpi giliran lgi ga mood puasa maen bentar eh udh jam 5 sore aja;No Online Gambling Promotion
QgJkBuqS14Y;lama banget buka puasanya😭!! info yang udah puasa siapa aja nih??;Ldii gak;No Online Gambling Promotion
QgJkBuqS14Y;lama banget buka puasanya😭!! info yang udah puasa siapa aja nih??;Benarr lapar bangettttt;No Online Gambling Promotion
QgJkBuqS14Y;lama banget buka puasanya😭!! info yang udah puasa siapa aja nih??;Arsenal puasa 21;No Online Gambling Promotion
QgJkBuqS14Y;lama banget buka puasanya😭!! info yang udah puasa siapa aja nih??;Sekolah ku;No Online Gambling Promotion
QgJkBuqS14Y;lama banget buka puasanya😭!! info yang udah puasa siapa aja nih??;gw idul Fitri;No Online Gambling Promotion
QgJkBuqS14Y;lama banget buka puasanya😭!! info yang udah puasa siapa aja nih??;Indonesia puasa 13 jam;No Online Gambling Promotion
QgJkBuqS14Y;lama banget buka puasanya😭!! info yang udah puasa siapa aja nih??;Bang tau muhammadiya;No Online Gambling Promotion
QgJkBuqS14Y;lama banget buka puasanya😭!! info yang udah puasa siapa aja nih??;bejir lagunya pas doa nih dengerinnih;No Online Gambling Promotion
QgJkBuqS14Y;lama banget buka puasanya😭!! info yang udah puasa siapa aja nih??;MUkok gue gak dikasih Guiness of record sih puasa gua Ampe 12 gua puasa;No Online Gambling Promotion
QgJkBuqS14Y;lama banget buka puasanya😭!! info yang udah puasa siapa aja nih??;Wah orang Nu muhammadiyyah Kuat ya puasa 20 30 aja maghrib;No Online Gambling Promotion
QgJkBuqS14Y;lama banget buka puasanya😭!! info yang udah puasa siapa aja nih??;Masa LDII GK ADA LDII loh Artinya LDII lembaga dakwa islam indonesia;No Online Gambling Promotion
QgJkBuqS14Y;lama banget buka puasanya😭!! info yang udah puasa siapa aja nih??;MU;No Online Gambling Promotion
QgJkBuqS14Y;lama banget buka puasanya😭!! info yang udah puasa siapa aja nih??;Allah;No Online Gambling Promotion
QgJkBuqS14Y;lama banget buka puasanya😭!! info yang udah puasa siapa aja nih??;muke lu kek fajar sadboy bro;No Online Gambling Promotion
QgJkBuqS14Y;lama banget buka puasanya😭!! info yang udah puasa siapa aja nih??;Seenggaknya puasa makan setalah adzan Maghrib imsak puasa ampe 12 nda makan minum gelar juara,tidak makan minum gelar juara;No Online Gambling Promotion
QgJkBuqS14Y;lama banget buka puasanya😭!! info yang udah puasa siapa aja nih??;MU merchendes united;No Online Gambling Promotion
QgJkBuqS14Y;lama banget buka puasanya😭!! info yang udah puasa siapa aja nih??;Bukanya NU 30 ya;No Online Gambling Promotion
QgJkBuqS14Y;lama banget buka puasanya😭!! info yang udah puasa siapa aja nih??;nu muhamadiyah puasa nya;No Online Gambling Promotion
QgJkBuqS14Y;lama banget buka puasanya😭!! info yang udah puasa siapa aja nih??;Tob tob bi tob tob tobari tob tob bi tob tob to bari tob tob bi tob tob bi tob tob bi tob tob tobari;No Online Gambling Promotion
QgJkBuqS14Y;lama banget buka puasanya😭!! info yang udah puasa siapa aja nih??;Yang MU singkat padat ganti agama;No Online Gambling Promotion
QgJkBuqS14Y;lama banget buka puasanya😭!! info yang udah puasa siapa aja nih??;Muhammadiyah nU MU;No Online Gambling Promotion
QgJkBuqS14Y;lama banget buka puasanya😭!! info yang udah puasa siapa aja nih??;Tolong d contoh arsenal yg sabar;No Online Gambling Promotion
QgJkBuqS14Y;lama banget buka puasanya😭!! info yang udah puasa siapa aja nih??;Umur 12 susah nahan lapar Pas gede susah nahan nafsu;No Online Gambling Promotion
QgJkBuqS14Y;lama banget buka puasanya😭!! info yang udah puasa siapa aja nih??;Kalian nu;No Online Gambling Promotion
QgJkBuqS14Y;lama banget buka puasanya😭!! info yang udah puasa siapa aja nih??;Puasanya nu muhammadiyah bang lebaran nya;No Online Gambling Promotion
QgJkBuqS14Y;lama banget buka puasanya😭!! info yang udah puasa siapa aja nih??;Itulah keseragaman puasa buka intervensi pemerintah candaan agama;No Online Gambling Promotion
QgJkBuqS14Y;lama banget buka puasanya😭!! info yang udah puasa siapa aja nih??;Walau gw pendukungnya yaa berdukacita,berdukacita;No Online Gambling Promotion
QgJkBuqS14Y;lama banget buka puasanya😭!! info yang udah puasa siapa aja nih??;Liverpool;No Online Gambling Promotion
QgJkBuqS14Y;lama banget buka puasanya😭!! info yang udah puasa siapa aja nih??;Mu puasa makan Mu puasa piala;No Online Gambling Promotion
QgJkBuqS14Y;lama banget buka puasanya😭!! info yang udah puasa siapa aja nih??;Kukira MU majelis ulama;No Online Gambling Promotion
QgJkBuqS14Y;lama banget buka puasanya😭!! info yang udah puasa siapa aja nih??;Itu kebalik gak sih Muhamadiyah 29 NU 30;No Online Gambling Promotion
QgJkBuqS14Y;lama banget buka puasanya😭!! info yang udah puasa siapa aja nih??;Udah coba KIPERTOTO mantep Ga nyangka menang ketagihan Gk nyesel main disitus,ga nyangka menang ketagihan. Gk nyesel main disitus;No Online Gambling Promotion
QgJkBuqS14Y;lama banget buka puasanya😭!! info yang udah puasa siapa aja nih??;Udah coba KIPERTOTO mantep Ga nyangka menang ketagihan Gk nyesel main disitus,ga nyangka menang ketagihan. Gk nyesel main disitus;No Online Gambling Promotion
QgJkBuqS14Y;lama banget buka puasanya😭!! info yang udah puasa siapa aja nih??;bro melupakan arsenal;No Online Gambling Promotion
QgJkBuqS14Y;lama banget buka puasanya😭!! info yang udah puasa siapa aja nih??;Sahurrr;No Online Gambling Promotion
QgJkBuqS14Y;lama banget buka puasanya😭!! info yang udah puasa siapa aja nih??;Taun NU puasanya 30 cerita lo;No Online Gambling Promotion
QgJkBuqS14Y;lama banget buka puasanya😭!! info yang udah puasa siapa aja nih??;Aku puasanya 1 maret papa malaysia puasanya tanggal 2 maret dongpapa kerja malaysia,puasanya tanggal 2 maret dongpapa kerja malaysia;No Online Gambling Promotion
QgJkBuqS14Y;lama banget buka puasanya😭!! info yang udah puasa siapa aja nih??;Gpp sih 12 puasa soalny puasa seru klo aj 14 thn puasa ny;No Online Gambling Promotion
QgJkBuqS14Y;lama banget buka puasanya😭!! info yang udah puasa siapa aja nih??;Islam KTP 1 jam puasa;No Online Gambling Promotion
QgJkBuqS14Y;lama banget buka puasanya😭!! info yang udah puasa siapa aja nih??;Abis solat T3R4WEH langsung gacor pahalanya cobs T3R4WEH SEKARANG JUGA;Online Gambling Promotion
QgJkBuqS14Y;lama banget buka puasanya😭!! info yang udah puasa siapa aja nih??;Persija 7 puasa;No Online Gambling Promotion
QgJkBuqS14Y;lama banget buka puasanya😭!! info yang udah puasa siapa aja nih??;Bukannya kemaren FA Cup yahh;No Online Gambling Promotion
QgJkBuqS14Y;lama banget buka puasanya😭!! info yang udah puasa siapa aja nih??;lslm `lykm wrHm@ llh wbrkth llhmSl`l~ sydn mHmd w`l~ al sydn mHmd;Online Gambling Promotion
QgJkBuqS14Y;lama banget buka puasanya😭!! info yang udah puasa siapa aja nih??;puasa trofi;No Online Gambling Promotion
QgJkBuqS14Y;lama banget buka puasanya😭!! info yang udah puasa siapa aja nih??;Bang kamis puasa;No Online Gambling Promotion
QgJkBuqS14Y;lama banget buka puasanya😭!! info yang udah puasa siapa aja nih??;LDII terlupakan;No Online Gambling Promotion
QgJkBuqS14Y;lama banget buka puasanya😭!! info yang udah puasa siapa aja nih??;Abis sholat si M4sjid gacor banget pahala nyamodal 0rp dapet pahala berlipat lipat;No Online Gambling Promotion
QgJkBuqS14Y;lama banget buka puasanya😭!! info yang udah puasa siapa aja nih??;Ayo cobain amb4lad gacor spin langsung;Online Gambling Promotion
QgJkBuqS14Y;lama banget buka puasanya😭!! info yang udah puasa siapa aja nih??;Arsenal puasa hayooo;No Online Gambling Promotion
QgJkBuqS14Y;lama banget buka puasanya😭!! info yang udah puasa siapa aja nih??;Katolik 40 bang makan cmn sehari tolonggg;No Online Gambling Promotion
QgJkBuqS14Y;lama banget buka puasanya😭!! info yang udah puasa siapa aja nih??;Kok NU 29 kn sm 30;No Online Gambling Promotion
QgJkBuqS14Y;lama banget buka puasanya😭!! info yang udah puasa siapa aja nih??;Oalah gw;No Online Gambling Promotion
QgJkBuqS14Y;lama banget buka puasanya😭!! info yang udah puasa siapa aja nih??;Aku NU 30 Lo bilang nya 29 Lo boong;No Online Gambling Promotion
QgJkBuqS14Y;lama banget buka puasanya😭!! info yang udah puasa siapa aja nih??;Puasa gelar;No Online Gambling Promotion
QgJkBuqS14Y;lama banget buka puasanya😭!! info yang udah puasa siapa aja nih??;Coba PUASARAMADAN SHOLAT5WAKTU Dapat pahala Gacor pahalanya,Dapat pahala Gacor pahalanya;Online Gambling Promotion
QgJkBuqS14Y;lama banget buka puasanya😭!! info yang udah puasa siapa aja nih??;matuop zhongapzhozhohma nyuohmabuxbuopzzyp;No Online Gambling Promotion
QgJkBuqS14Y;lama banget buka puasanya😭!! info yang udah puasa siapa aja nih??;pa;No Online Gambling Promotion
QgJkBuqS14Y;lama banget buka puasanya😭!! info yang udah puasa siapa aja nih??;pa;No Online Gambling Promotion
QgJkBuqS14Y;lama banget buka puasanya😭!! info yang udah puasa siapa aja nih??;umat muslim tpi pendukung MU puasanya doubel;No Online Gambling Promotion
QgJkBuqS14Y;lama banget buka puasanya😭!! info yang udah puasa siapa aja nih??;Kebalik bang NU 30 Hari Muhammadiyah 29 Hari Ya kadang sih sampe 30 karna kalender hijriah Ramadhan kebanyakan 29 Hari Nabi Muhammad 9 kali berpuasa Ramadhan 8 puasa 29;No Online Gambling Promotion
QgJkBuqS14Y;lama banget buka puasanya😭!! info yang udah puasa siapa aja nih??;Apa kabar arsenal;No Online Gambling Promotion
QgJkBuqS14Y;lama banget buka puasanya😭!! info yang udah puasa siapa aja nih??;Alhamdulillah udah buka;No Online Gambling Promotion
QgJkBuqS14Y;lama banget buka puasanya😭!! info yang udah puasa siapa aja nih??;Langsung pingsan MU tuu;No Online Gambling Promotion
QgJkBuqS14Y;lama banget buka puasanya😭!! info yang udah puasa siapa aja nih??;MUHAMMADIYAH;No Online Gambling Promotion
QgJkBuqS14Y;lama banget buka puasanya😭!! info yang udah puasa siapa aja nih??;tolong satu2 nya fans emyu;No Online Gambling Promotion
QgJkBuqS14Y;lama banget buka puasanya😭!! info yang udah puasa siapa aja nih??;Anda pusing mikirin beban dunia mari _MaSJ_ ID;No Online Gambling Promotion
QgJkBuqS14Y;lama banget buka puasanya😭!! info yang udah puasa siapa aja nih??;buset Mu 12 anjirrr;No Online Gambling Promotion
QgJkBuqS14Y;lama banget buka puasanya😭!! info yang udah puasa siapa aja nih??;Waduh ga laper tuh emyu;No Online Gambling Promotion
QgJkBuqS14Y;lama banget buka puasanya😭!! info yang udah puasa siapa aja nih??;Setan NU setan Muhammadiyah Muhammadiyah puasa;No Online Gambling Promotion
QgJkBuqS14Y;lama banget buka puasanya😭!! info yang udah puasa siapa aja nih??;Barca puasa 10 thn;No Online Gambling Promotion
QgJkBuqS14Y;lama banget buka puasanya😭!! info yang udah puasa siapa aja nih??;Arsenal puasa 15 setahu gue;No Online Gambling Promotion
QgJkBuqS14Y;lama banget buka puasanya😭!! info yang udah puasa siapa aja nih??;G kebalik bang Disini MU yg 29 NU yg 30 Udah dri dlu jg gtu Puasanya bareng tp MU lebaran v,mu yang 29 nu yang 30 udah di dalam juga puasanya bareng tapi mu lebaran v;No Online Gambling Promotion
QgJkBuqS14Y;lama banget buka puasanya😭!! info yang udah puasa siapa aja nih??;Bang mu udah ga jago 2025;No Online Gambling Promotion
QgJkBuqS14Y;lama banget buka puasanya😭!! info yang udah puasa siapa aja nih??;Bang gua muhammadiyah bang;No Online Gambling Promotion
QgJkBuqS14Y;lama banget buka puasanya😭!! info yang udah puasa siapa aja nih??;Muhamadiyah 29 Nahdlatul Ulama 30;No Online Gambling Promotion
QgJkBuqS14Y;lama banget buka puasanya😭!! info yang udah puasa siapa aja nih??;Katolik puasa 40 beh;No Online Gambling Promotion
QgJkBuqS14Y;lama banget buka puasanya😭!! info yang udah puasa siapa aja nih??;Toptoptoptop tobrut;No Online Gambling Promotion
QgJkBuqS14Y;lama banget buka puasanya😭!! info yang udah puasa siapa aja nih??;POV MU menderita cuyy;No Online Gambling Promotion
QgJkBuqS14Y;lama banget buka puasanya😭!! info yang udah puasa siapa aja nih??;Iya gua lagilah 10,gua lagi lah 10;No Online Gambling Promotion
QgJkBuqS14Y;lama banget buka puasanya😭!! info yang udah puasa siapa aja nih??;BG salah NU 30 muhammadiyah 29;No Online Gambling Promotion
QgJkBuqS14Y;lama banget buka puasanya😭!! info yang udah puasa siapa aja nih??;Ah plss,please;No Online Gambling Promotion
QgJkBuqS14Y;lama banget buka puasanya😭!! info yang udah puasa siapa aja nih??;Enggak bang menang fa cup lawan city udah buka;No Online Gambling Promotion
QgJkBuqS14Y;lama banget buka puasanya😭!! info yang udah puasa siapa aja nih??;Mu puasa gelarrr;No Online Gambling Promotion
QgJkBuqS14Y;lama banget buka puasanya😭!! info yang udah puasa siapa aja nih??;Aku 30 harii Aku sekolahnya Sd MUHAMADIYAH 8 10,Aku sekolahnya SD MUHAMADIYAH 8 10;No Online Gambling Promotion
QgJkBuqS14Y;lama banget buka puasanya😭!! info yang udah puasa siapa aja nih??;ayo SHOLAT5WAKTU dibulan puasa Gacor pahalanya _usahakan ya_;No Online Gambling Promotion
QgJkBuqS14Y;lama banget buka puasanya😭!! info yang udah puasa siapa aja nih??;Real;No Online Gambling Promotion
QgJkBuqS14Y;lama banget buka puasanya😭!! info yang udah puasa siapa aja nih??;Saya Sholat DiMasjid Pahalanya Gacor parah;No Online Gambling Promotion
QgJkBuqS14Y;lama banget buka puasanya😭!! info yang udah puasa siapa aja nih??;Perasaan Muhammadiyah Nu Tahun Sama 30;No Online Gambling Promotion
QgJkBuqS14Y;lama banget buka puasanya😭!! info yang udah puasa siapa aja nih??;Mu puasa piala;No Online Gambling Promotion
QgJkBuqS14Y;lama banget buka puasanya😭!! info yang udah puasa siapa aja nih??;Tottobi tottobi teruss;No Online Gambling Promotion
QgJkBuqS14Y;lama banget buka puasanya😭!! info yang udah puasa siapa aja nih??;Halow;No Online Gambling Promotion
QgJkBuqS14Y;lama banget buka puasanya😭!! info yang udah puasa siapa aja nih??;Persis;No Online Gambling Promotion
QgJkBuqS14Y;lama banget buka puasanya😭!! info yang udah puasa siapa aja nih??;Madrid puasa ucl udh 1 gak ucl;No Online Gambling Promotion
QgJkBuqS14Y;lama banget buka puasanya😭!! info yang udah puasa siapa aja nih??;Aku pilih Muhammadiyah;No Online Gambling Promotion
QgJkBuqS14Y;lama banget buka puasanya😭!! info yang udah puasa siapa aja nih??;Mu ap jir;No Online Gambling Promotion
QgJkBuqS14Y;lama banget buka puasanya😭!! info yang udah puasa siapa aja nih??;bener ya;No Online Gambling Promotion
QgJkBuqS14Y;lama banget buka puasanya😭!! info yang udah puasa siapa aja nih??;Meningan nu muhammadiyah mu;No Online Gambling Promotion
QgJkBuqS14Y;lama banget buka puasanya😭!! info yang udah puasa siapa aja nih??;MU puasa ucl;No Online Gambling Promotion
QgJkBuqS14Y;lama banget buka puasanya😭!! info yang udah puasa siapa aja nih??;Bgsd bang;No Online Gambling Promotion
QgJkBuqS14Y;lama banget buka puasanya😭!! info yang udah puasa siapa aja nih??;PUASA UCL;No Online Gambling Promotion
QgJkBuqS14Y;lama banget buka puasanya😭!! info yang udah puasa siapa aja nih??;Gw yg fans MU puasa be like ujian lgi;No Online Gambling Promotion
QgJkBuqS14Y;lama banget buka puasanya😭!! info yang udah puasa siapa aja nih??;Pasti cuman 12;No Online Gambling Promotion
QgJkBuqS14Y;lama banget buka puasanya😭!! info yang udah puasa siapa aja nih??;Awalnya penasaran nyoba sholat M4SJ1D pahalanya GACOR parah;Online Gambling Promotion
QgJkBuqS14Y;lama banget buka puasanya😭!! info yang udah puasa siapa aja nih??;Yang mu 30 pecinya kaya peci pacarku cuk;No Online Gambling Promotion
QgJkBuqS14Y;lama banget buka puasanya😭!! info yang udah puasa siapa aja nih??;Mu;No Online Gambling Promotion
QgJkBuqS14Y;lama banget buka puasanya😭!! info yang udah puasa siapa aja nih??;barang menghina klub lemah niscaya iya dosa;No Online Gambling Promotion
QgJkBuqS14Y;lama banget buka puasanya😭!! info yang udah puasa siapa aja nih??;wkwkwkwk mu puasa 20 kayaknya;No Online Gambling Promotion
QgJkBuqS14Y;lama banget buka puasanya😭!! info yang udah puasa siapa aja nih??;Arsenal 21 ato 20;No Online Gambling Promotion
QgJkBuqS14Y;lama banget buka puasanya😭!! info yang udah puasa siapa aja nih??;Maaf kak mengoreksi Muhammadiyah puasanya 29 kalo NU 30 hariCMIIW;No Online Gambling Promotion
QgJkBuqS14Y;lama banget buka puasanya😭!! info yang udah puasa siapa aja nih??;NU ya;No Online Gambling Promotion
QgJkBuqS14Y;lama banget buka puasanya😭!! info yang udah puasa siapa aja nih??;Tottenham;No Online Gambling Promotion
QgJkBuqS14Y;lama banget buka puasanya😭!! info yang udah puasa siapa aja nih??;from Malaysia beda NU Muhammadiyah;No Online Gambling Promotion
QgJkBuqS14Y;lama banget buka puasanya😭!! info yang udah puasa siapa aja nih??;Benfica aaaaaa;No Online Gambling Promotion
QgJkBuqS14Y;lama banget buka puasanya😭!! info yang udah puasa siapa aja nih??;Arsenal puasa 20tahun;No Online Gambling Promotion
QgJkBuqS14Y;lama banget buka puasanya😭!! info yang udah puasa siapa aja nih??;Mu puasa menahan napsu Puasa menunggu ajal;No Online Gambling Promotion
QgJkBuqS14Y;lama banget buka puasanya😭!! info yang udah puasa siapa aja nih??;Sama kaya barca puasa 10 ucl;No Online Gambling Promotion
QgJkBuqS14Y;lama banget buka puasanya😭!! info yang udah puasa siapa aja nih??;2025 le 13;No Online Gambling Promotion
QgJkBuqS14Y;lama banget buka puasanya😭!! info yang udah puasa siapa aja nih??;Arsenal kalo gak salah puasa ucl 29 Tahun;No Online Gambling Promotion
QgJkBuqS14Y;lama banget buka puasanya😭!! info yang udah puasa siapa aja nih??;Allah;No Online Gambling Promotion
QgJkBuqS14Y;lama banget buka puasanya😭!! info yang udah puasa siapa aja nih??;Ldii gak;No Online Gambling Promotion
QgJkBuqS14Y;lama banget buka puasanya😭!! info yang udah puasa siapa aja nih??;Ldr gak disebutin woy;No Online Gambling Promotion
QgJkBuqS14Y;lama banget buka puasanya😭!! info yang udah puasa siapa aja nih??;aja puasa 6 tahunnnn;No Online Gambling Promotion
QgJkBuqS14Y;lama banget buka puasanya😭!! info yang udah puasa siapa aja nih??;Salam NU Muhammadiah;No Online Gambling Promotion
QgJkBuqS14Y;lama banget buka puasanya😭!! info yang udah puasa siapa aja nih??;Ada sahabat nya bang Rolan;No Online Gambling Promotion
QgJkBuqS14Y;lama banget buka puasanya😭!! info yang udah puasa siapa aja nih??;Nu puasa 29 nu puasa sabtu Muhamadiyah 30 jumat,Nu puasa Sabtu Muhammadiyah 30 Jumat;No Online Gambling Promotion
QgJkBuqS14Y;lama banget buka puasanya😭!! info yang udah puasa siapa aja nih??;Muhammadiyah;No Online Gambling Promotion
QgJkBuqS14Y;lama banget buka puasanya😭!! info yang udah puasa siapa aja nih??;Fans MU menahan lapar minum nambah kesabaran ekstra ramadhan;No Online Gambling Promotion
QgJkBuqS14Y;lama banget buka puasanya😭!! info yang udah puasa siapa aja nih??;Lah NU MUHAMMADIYAH daerahku bareng woe;No Online Gambling Promotion
QgJkBuqS14Y;lama banget buka puasanya😭!! info yang udah puasa siapa aja nih??;Abang muslim gw non muslim,gw non-Muslim;No Online Gambling Promotion
QgJkBuqS14Y;lama banget buka puasanya😭!! info yang udah puasa siapa aja nih??;Aku muhammadiyah;No Online Gambling Promotion
QgJkBuqS14Y;lama banget buka puasanya😭!! info yang udah puasa siapa aja nih??;Arsenal puasa 21;No Online Gambling Promotion
QgJkBuqS14Y;lama banget buka puasanya😭!! info yang udah puasa siapa aja nih??;Mu puasa trofy real Madrid buka trofy;No Online Gambling Promotion
QgJkBuqS14Y;lama banget buka puasanya😭!! info yang udah puasa siapa aja nih??;Aku NU 30;No Online Gambling Promotion
QgJkBuqS14Y;lama banget buka puasanya😭!! info yang udah puasa siapa aja nih??;semangat puasanya bang batal;No Online Gambling Promotion
QgJkBuqS14Y;lama banget buka puasanya😭!! info yang udah puasa siapa aja nih??;Mamg;No Online Gambling Promotion
QgJkBuqS14Y;lama banget buka puasanya😭!! info yang udah puasa siapa aja nih??;Nu puasa 29 kali;No Online Gambling Promotion
QgJkBuqS14Y;lama banget buka puasanya😭!! info yang udah puasa siapa aja nih??;Tottenham gua gk diajak puasa gua loh;No Online Gambling Promotion
QgJkBuqS14Y;lama banget buka puasanya😭!! info yang udah puasa siapa aja nih??;Kata NU 29 min gw NU 30;No Online Gambling Promotion
QgJkBuqS14Y;lama banget buka puasanya😭!! info yang udah puasa siapa aja nih??;Tob tob tob tob tobani tob tob tob tobi;No Online Gambling Promotion
QgJkBuqS14Y;lama banget buka puasanya😭!! info yang udah puasa siapa aja nih??;Muhamadiah 29 1 maret1ramadan 29 maret29 ramadhan;No Online Gambling Promotion
QgJkBuqS14Y;lama banget buka puasanya😭!! info yang udah puasa siapa aja nih??;GACOR PAHALA LOHH DI WASJID APALAGI SHALAT 5 WAKTU YOK KEMASJID TERDEKAT ANDA;No Online Gambling Promotion
QgJkBuqS14Y;lama banget buka puasanya😭!! info yang udah puasa siapa aja nih??;Salfok konten buka baju berotot;No Online Gambling Promotion
QgJkBuqS14Y;lama banget buka puasanya😭!! info yang udah puasa siapa aja nih??;Lah bang LDII lupain;No Online Gambling Promotion
QgJkBuqS14Y;lama banget buka puasanya😭!! info yang udah puasa siapa aja nih??;Re upload kuat puasa bg;No Online Gambling Promotion
QgJkBuqS14Y;lama banget buka puasanya😭!! info yang udah puasa siapa aja nih??;Gapura;No Online Gambling Promotion
QgJkBuqS14Y;lama banget buka puasanya😭!! info yang udah puasa siapa aja nih??;Gaputa;No Online Gambling Promotion
QgJkBuqS14Y;lama banget buka puasanya😭!! info yang udah puasa siapa aja nih??;Ferrari udah 18 optimis;No Online Gambling Promotion
QgJkBuqS14Y;lama banget buka puasanya😭!! info yang udah puasa siapa aja nih??;NU SAMA MUHAMMADIYYAH PUASA NYA SAMA;No Online Gambling Promotion
QgJkBuqS14Y;lama banget buka puasanya😭!! info yang udah puasa siapa aja nih??;ngabuburit LONCENGTOTO gw jamin lo bakaln betah cuan nya gak pelit;No Online Gambling Promotion
QgJkBuqS14Y;lama banget buka puasanya😭!! info yang udah puasa siapa aja nih??;ngabuburit LONCENGTOTO gw jamin lo bakaln betah cuan nya gak pelit;No Online Gambling Promotion
QgJkBuqS14Y;lama banget buka puasanya😭!! info yang udah puasa siapa aja nih??;Nama lagunya;No Online Gambling Promotion
QgJkBuqS14Y;lama banget buka puasanya😭!! info yang udah puasa siapa aja nih??;Arsenal 21;No Online Gambling Promotion
QgJkBuqS14Y;lama banget buka puasanya😭!! info yang udah puasa siapa aja nih??;Tifosi18 merah;No Online Gambling Promotion
QgJkBuqS14Y;lama banget buka puasanya😭!! info yang udah puasa siapa aja nih??;tim Muhamdiyaah;No Online Gambling Promotion
QgJkBuqS14Y;lama banget buka puasanya😭!! info yang udah puasa siapa aja nih??;Pantes mu kalah fa cup Difikir setan beneran;No Online Gambling Promotion
QgJkBuqS14Y;lama banget buka puasanya😭!! info yang udah puasa siapa aja nih??;Gara gara ten hag wasu;No Online Gambling Promotion
QgJkBuqS14Y;lama banget buka puasanya😭!! info yang udah puasa siapa aja nih??;Puasa trofi haha;No Online Gambling Promotion
QgJkBuqS14Y;lama banget buka puasanya😭!! info yang udah puasa siapa aja nih??;Aku MUHAMMADIYAH;No Online Gambling Promotion
QgJkBuqS14Y;lama banget buka puasanya😭!! info yang udah puasa siapa aja nih??;Sekarang nu Muhammadiyah samaan tanggalnya;No Online Gambling Promotion
QgJkBuqS14Y;lama banget buka puasanya😭!! info yang udah puasa siapa aja nih??;Saya muhammadiyah;No Online Gambling Promotion
QgJkBuqS14Y;lama banget buka puasanya😭!! info yang udah puasa siapa aja nih??;Argentina 2021;No Online Gambling Promotion
QgJkBuqS14Y;lama banget buka puasanya😭!! info yang udah puasa siapa aja nih??;kalo MU puasa 12 raya idul Fitri nya kali;No Online Gambling Promotion
QgJkBuqS14Y;lama banget buka puasanya😭!! info yang udah puasa siapa aja nih??;Mu bilekkapan buka nya ya puasa gelar;No Online Gambling Promotion
QgJkBuqS14Y;lama banget buka puasanya😭!! info yang udah puasa siapa aja nih??;Tottenham sakit wok;No Online Gambling Promotion
QgJkBuqS14Y;lama banget buka puasanya😭!! info yang udah puasa siapa aja nih??;Bro gw NU 30 woi puasanya Sama;No Online Gambling Promotion
QgJkBuqS14Y;lama banget buka puasanya😭!! info yang udah puasa siapa aja nih??;Sahurrr Udhhh;No Online Gambling Promotion
QgJkBuqS14Y;lama banget buka puasanya😭!! info yang udah puasa siapa aja nih??;Fajar sadboy glow up;No Online Gambling Promotion
QgJkBuqS14Y;lama banget buka puasanya😭!! info yang udah puasa siapa aja nih??;SETIAP HARI BUKA SOSMED KENAPA ISINYA KOMENAN ORANG TENTANG MIAW4D YA;No Online Gambling Promotion
QgJkBuqS14Y;lama banget buka puasanya😭!! info yang udah puasa siapa aja nih??;Arsenal gw 21;No Online Gambling Promotion
QgJkBuqS14Y;lama banget buka puasanya😭!! info yang udah puasa siapa aja nih??;Puasa 12 Perasaan pas dilatih ten hag dah buka puasa;No Online Gambling Promotion
QgJkBuqS14Y;lama banget buka puasanya😭!! info yang udah puasa siapa aja nih??;Ngapa ujung2nya MU udahlah kasiaan jgn bahas;No Online Gambling Promotion
QgJkBuqS14Y;lama banget buka puasanya😭!! info yang udah puasa siapa aja nih??;MU puasa teropi;No Online Gambling Promotion
QgJkBuqS14Y;lama banget buka puasanya😭!! info yang udah puasa siapa aja nih??;Akkkuuuu;No Online Gambling Promotion
QgJkBuqS14Y;lama banget buka puasanya😭!! info yang udah puasa siapa aja nih??;Saya sekolah muhammadiyah,sekolah Muhammadiyah;No Online Gambling Promotion
QgJkBuqS14Y;lama banget buka puasanya😭!! info yang udah puasa siapa aja nih??;Lahhh udah mareeeeet;No Online Gambling Promotion
QgJkBuqS14Y;lama banget buka puasanya😭!! info yang udah puasa siapa aja nih??;Arsenal;No Online Gambling Promotion
QgJkBuqS14Y;lama banget buka puasanya😭!! info yang udah puasa siapa aja nih??;tp sya nu;No Online Gambling Promotion
QgJkBuqS14Y;lama banget buka puasanya😭!! info yang udah puasa siapa aja nih??;nu puasanya 30 tp kalo md puasanya 29;No Online Gambling Promotion
QgJkBuqS14Y;lama banget buka puasanya😭!! info yang udah puasa siapa aja nih??;FA cup 2024 menang emang gw;No Online Gambling Promotion
QgJkBuqS14Y;lama banget buka puasanya😭!! info yang udah puasa siapa aja nih??;NU Muhammadiya kebalik woi Nu puasa 30 Muhammadiyah29;No Online Gambling Promotion
QgJkBuqS14Y;lama banget buka puasanya😭!! info yang udah puasa siapa aja nih??;Waduh umur gw;No Online Gambling Promotion
QgJkBuqS14Y;lama banget buka puasanya😭!! info yang udah puasa siapa aja nih??;Gw nu;No Online Gambling Promotion
QgJkBuqS14Y;lama banget buka puasanya😭!! info yang udah puasa siapa aja nih??;Untung orng NU;No Online Gambling Promotion
QgJkBuqS14Y;lama banget buka puasanya😭!! info yang udah puasa siapa aja nih??;Arsenal puasa epl 20;No Online Gambling Promotion
QgJkBuqS14Y;lama banget buka puasanya😭!! info yang udah puasa siapa aja nih??;Habis buka nih;No Online Gambling Promotion
QgJkBuqS14Y;lama banget buka puasanya😭!! info yang udah puasa siapa aja nih??;Lagi pakai baju mu;No Online Gambling Promotion
QgJkBuqS14Y;lama banget buka puasanya😭!! info yang udah puasa siapa aja nih??;Arsenal Lu enak bang Kita 21 Tahun;No Online Gambling Promotion
QgJkBuqS14Y;lama banget buka puasanya😭!! info yang udah puasa siapa aja nih??;LDII gimana Banggweh Ldii bg;No Online Gambling Promotion
QgJkBuqS14Y;lama banget buka puasanya😭!! info yang udah puasa siapa aja nih??;Dih Arsenal puasa 20;No Online Gambling Promotion
QgJkBuqS14Y;lama banget buka puasanya😭!! info yang udah puasa siapa aja nih??;Kurang duit kali maksudnya;No Online Gambling Promotion
QgJkBuqS14Y;lama banget buka puasanya😭!! info yang udah puasa siapa aja nih??;Atletico 2 miliar;No Online Gambling Promotion
QgJkBuqS14Y;lama banget buka puasanya😭!! info yang udah puasa siapa aja nih??;Mau gacor pahala Ke MasRid pulangnya gacor pahala;Online Gambling Promotion
QgJkBuqS14Y;lama banget buka puasanya😭!! info yang udah puasa siapa aja nih??;Aku Muhammadiyah;No Online Gambling Promotion
QgJkBuqS14Y;lama banget buka puasanya😭!! info yang udah puasa siapa aja nih??;NUMuhamaddiyah bukanny barengn ya;No Online Gambling Promotion
QgJkBuqS14Y;lama banget buka puasanya😭!! info yang udah puasa siapa aja nih??;Arsenal;No Online Gambling Promotion
QgJkBuqS14Y;lama banget buka puasanya😭!! info yang udah puasa siapa aja nih??;Arsenal 23 rekk;No Online Gambling Promotion
QgJkBuqS14Y;lama banget buka puasanya😭!! info yang udah puasa siapa aja nih??;Nu puasa 30 ya;No Online Gambling Promotion
QgJkBuqS14Y;lama banget buka puasanya😭!! info yang udah puasa siapa aja nih??;Ldii absen;No Online Gambling Promotion
QgJkBuqS14Y;lama banget buka puasanya😭!! info yang udah puasa siapa aja nih??;Nu Muhammadiyah;No Online Gambling Promotion
QgJkBuqS14Y;lama banget buka puasanya😭!! info yang udah puasa siapa aja nih??;12 puasa goa;No Online Gambling Promotion
QgJkBuqS14Y;lama banget buka puasanya😭!! info yang udah puasa siapa aja nih??;nu bang nu ngumpul;No Online Gambling Promotion
QgJkBuqS14Y;lama banget buka puasanya😭!! info yang udah puasa siapa aja nih??;NU kasihan deh mu;No Online Gambling Promotion
QgJkBuqS14Y;lama banget buka puasanya😭!! info yang udah puasa siapa aja nih??;Puasa;No Online Gambling Promotion
QgJkBuqS14Y;lama banget buka puasanya😭!! info yang udah puasa siapa aja nih??;Masih kuat kah puasanya;No Online Gambling Promotion
QgJkBuqS14Y;lama banget buka puasanya😭!! info yang udah puasa siapa aja nih??;Kakak orang bugis ya pakai songko recca;No Online Gambling Promotion
QgJkBuqS14Y;lama banget buka puasanya😭!! info yang udah puasa siapa aja nih??;Tob tob tobi tob tob tobli;No Online Gambling Promotion
QgJkBuqS14Y;lama banget buka puasanya😭!! info yang udah puasa siapa aja nih??;sih ya JPTOGEL77 bocor;Online Gambling Promotion
QgJkBuqS14Y;lama banget buka puasanya😭!! info yang udah puasa siapa aja nih??;Ibarat pepatah gak kenal gak sayang silahkan coba bro main JPTOGEL77 rasakan main JPTOGEL77 maxwin bro,silahkan coba bro main JPTOGEL77 rasakan main JPTOGEL77 maxwin;Online Gambling Promotion
QgJkBuqS14Y;lama banget buka puasanya😭!! info yang udah puasa siapa aja nih??;pas rungkad rungkad nya saranin main temen JPTOGEL77 kasih gacor;Online Gambling Promotion
QgJkBuqS14Y;lama banget buka puasanya😭!! info yang udah puasa siapa aja nih??;jptogel77 asu bnrn gacor;Online Gambling Promotion
QgJkBuqS14Y;lama banget buka puasanya😭!! info yang udah puasa siapa aja nih??;Terimakasih JPTOGEL77 super hoki keren terpercaya nyata;Online Gambling Promotion
QgJkBuqS14Y;lama banget buka puasanya😭!! info yang udah puasa siapa aja nih??;setuju bro gw jg main jptogel77 gacor,bro, saya juga main slot jptogel77 gacor;Online Gambling Promotion
QgJkBuqS14Y;lama banget buka puasanya😭!! info yang udah puasa siapa aja nih??;Awalnya ragu percaya maen s10t JPTOGEL77 kasih menang menerus;Online Gambling Promotion
QgJkBuqS14Y;lama banget buka puasanya😭!! info yang udah puasa siapa aja nih??;main JPTOGEL77 aja kang pragmatic seragam pg soft nya tertib timbul maxwin tnya sm admin nya kasih info google bray JPTOGEL77 aja;Online Gambling Promotion
QgJkBuqS14Y;lama banget buka puasanya😭!! info yang udah puasa siapa aja nih??;JPTOGEL77 emang juara kepuasan bermain Cuan mengalir;Online Gambling Promotion
QgJkBuqS14Y;lama banget buka puasanya😭!! info yang udah puasa siapa aja nih??;gamau kalah ya coba JPTOGEL77 gw real udah JP;Online Gambling Promotion
QgJkBuqS14Y;lama banget buka puasanya😭!! info yang udah puasa siapa aja nih??;gila JPTOGEL77 real gacornya pantes rame;Online Gambling Promotion
QgJkBuqS14Y;lama banget buka puasanya😭!! info yang udah puasa siapa aja nih??;makasih JPTOGEL77 berkah beres 2 pinjol sisa 1 ngengngengngeng semangaaat;Online Gambling Promotion
QgJkBuqS14Y;lama banget buka puasanya😭!! info yang udah puasa siapa aja nih??;gw rungkad mandalika77 wkwkwkw tmn gw yg JP jptogel77;Online Gambling Promotion
QgJkBuqS14Y;lama banget buka puasanya😭!! info yang udah puasa siapa aja nih??;Gua cuman kali main doang kasih bagus eh main kasih bagus JPTOGEL77 Baru kali gua nemu s1tus bagus kek langka bener jumpa s1tus kasih wd;Online Gambling Promotion
QgJkBuqS14Y;lama banget buka puasanya😭!! info yang udah puasa siapa aja nih??;Selalu nangis karna gapernah menang disitus coba coba main JPTOGEL77 langsung menang Sekarang gw member setia situs;Online Gambling Promotion
QgJkBuqS14Y;lama banget buka puasanya😭!! info yang udah puasa siapa aja nih??;Makasih JPTOGEL77 withdraw dah landing secepat kilat gacornya kaleng kaleng;Online Gambling Promotion
QgJkBuqS14Y;lama banget buka puasanya😭!! info yang udah puasa siapa aja nih??;Apa nama link JPTOGEL77 nya bossku;Online Gambling Promotion
QgJkBuqS14Y;lama banget buka puasanya😭!! info yang udah puasa siapa aja nih??;heran lihat postingan pda JP jdi penasaran coba main receha ehh beneran JP seneng banget dooonggg slot gacor gampang maxwin pragmatic play JPTOGEL77 nama situsnya bro;Online Gambling Promotion
QgJkBuqS14Y;lama banget buka puasanya😭!! info yang udah puasa siapa aja nih??;Modal JPTOGEL77 dikasih pecahan Gak nyesel deh main Mantap;Online Gambling Promotion
QgJkBuqS14Y;lama banget buka puasanya😭!! info yang udah puasa siapa aja nih??;Up Up Upaku coba bang gacor sltnya ya JPTOGEL77 pantes rame kali comment hahaha;Online Gambling Promotion
QgJkBuqS14Y;lama banget buka puasanya😭!! info yang udah puasa siapa aja nih??;JPTOGEL77 bnrn gacor bre;Online Gambling Promotion
QgJkBuqS14Y;lama banget buka puasanya😭!! info yang udah puasa siapa aja nih??;makasihh bangeett temeenkuu udah kasih rekomend web JPTOGEL77 ga rungkad web sebela;Online Gambling Promotion
QgJkBuqS14Y;lama banget buka puasanya😭!! info yang udah puasa siapa aja nih??;gaji umr uang tambahan mah udah party malming wkwkkwkw makasih JPTOGEL77;No Online Gambling Promotion
QgJkBuqS14Y;lama banget buka puasanya😭!! info yang udah puasa siapa aja nih??;Beruntung banget bersyukur banget gw nemu situs JPTOGEL77 semenjak gw bergabung disitus banget nerima keuntungan super gede WD gak absen1 suka depo wd secepat kilat admin nya ramah;Online Gambling Promotion
QgJkBuqS14Y;lama banget buka puasanya😭!! info yang udah puasa siapa aja nih??;oalahhh gua prnah cog main JPTOGEL77 bnran lgsg wd wkwk;Online Gambling Promotion
QgJkBuqS14Y;lama banget buka puasanya😭!! info yang udah puasa siapa aja nih??;Saya merasakan keberuntungan JPTOGEL77 gabung bro,gabung bro;Online Gambling Promotion
QgJkBuqS14Y;lama banget buka puasanya😭!! info yang udah puasa siapa aja nih??;Saya depo barusan 3x wdnya 7 kali JPTOGEL77;Online Gambling Promotion
QgJkBuqS14Y;lama banget buka puasanya😭!! info yang udah puasa siapa aja nih??;duduk dudukk ngopii enak nya mainn slt JPTOGEL77;Online Gambling Promotion
QgJkBuqS14Y;lama banget buka puasanya😭!! info yang udah puasa siapa aja nih??;gila JPTOGEL77 member kasi JP trus gaskeun selagi ngasih situsnya aman;Online Gambling Promotion
QgJkBuqS14Y;lama banget buka puasanya😭!! info yang udah puasa siapa aja nih??;Baru WD bang main situs terbaik tergacor nama situsnya JPTOGEL77 mantap mnya;Online Gambling Promotion
QgJkBuqS14Y;lama banget buka puasanya😭!! info yang udah puasa siapa aja nih??;Saran coba JPTOGEL77 bg link nya gak pelit tu mmber uda psti dikasih JP tmn gw jga mawin disitu,tu mungkin udah pasti dikasih JP timun gw juga mauwin disitu;Online Gambling Promotion
QgJkBuqS14Y;lama banget buka puasanya😭!! info yang udah puasa siapa aja nih??;main situs cuman umbar janji manis emang beneran UNTUNG main situs JPTOGEL77 ku gak menang eh dapet wEdEan;Online Gambling Promotion
QgJkBuqS14Y;lama banget buka puasanya😭!! info yang udah puasa siapa aja nih??;gw main JPTOGEL77 sampe bikin 3 akun kirain rungkad salah eh wd mulu wkkwkwk,kirain rungkad salah eh wd mulu wkkwkwk;Online Gambling Promotion
QgJkBuqS14Y;lama banget buka puasanya😭!! info yang udah puasa siapa aja nih??;nih bray situs gacor inpo tetangga JPTOGEL77 seminggu join kasih JP gede brayy;Online Gambling Promotion
QgJkBuqS14Y;lama banget buka puasanya😭!! info yang udah puasa siapa aja nih??;liat teman bru kali main game Profit WEB JPTOGEL77 heboh gtu kirain aja karna main disitu wkwk;Online Gambling Promotion
QgJkBuqS14Y;lama banget buka puasanya😭!! info yang udah puasa siapa aja nih??;ketemu situs ga pelit nih bang langsung aja JPTOGEL77;Online Gambling Promotion
QgJkBuqS14Y;lama banget buka puasanya😭!! info yang udah puasa siapa aja nih??;makasih JPTOGEL77 seumur umur kali lihat perkalian merah wd 3 juta modal 60k;Online Gambling Promotion
QgJkBuqS14Y;lama banget buka puasanya😭!! info yang udah puasa siapa aja nih??;gw tau JPTOGEL77 komen asli bnrn gacor;Online Gambling Promotion
QgJkBuqS14Y;lama banget buka puasanya😭!! info yang udah puasa siapa aja nih??;pantes kwn nyaman main jptogel77;Online Gambling Promotion
QgJkBuqS14Y;lama banget buka puasanya😭!! info yang udah puasa siapa aja nih??;Setiap kali menang JPTOGEL77;Online Gambling Promotion
QgJkBuqS14Y;lama banget buka puasanya😭!! info yang udah puasa siapa aja nih??;mantap bro JP tipis JPTOGEL77 ngakat aja udah lumayan makasih JPTOGEL77 udah kasih menang,udah lumayan makasih JPTOGEL77, udah kasih menang;Online Gambling Promotion
QgJkBuqS14Y;lama banget buka puasanya😭!! info yang udah puasa siapa aja nih??;oke mantap JPTOGEL77 udah wd ya otw mabar teman jg,udah withdraw ya otw mabar teman juga;Online Gambling Promotion
QgJkBuqS14Y;lama banget buka puasanya😭!! info yang udah puasa siapa aja nih??;dikasih pola maxwin merasakan maxwin disitus JPTOGEL77 mantapp gacor banget;Online Gambling Promotion
QgJkBuqS14Y;lama banget buka puasanya😭!! info yang udah puasa siapa aja nih??;Riwayat kalah ku situs sebelah cuman situs JPTOGEL77 penyelamat keuangan ku;Online Gambling Promotion
QgJkBuqS14Y;lama banget buka puasanya😭!! info yang udah puasa siapa aja nih??;jptogel77 maxwin pragmatic pg soft nya rame;Online Gambling Promotion
QgJkBuqS14Y;lama banget buka puasanya😭!! info yang udah puasa siapa aja nih??;nikmat main JPTOGEL77 starlight princes ny menaburkan pesona tuh member era rungkad deh cuan harinya;Online Gambling Promotion
QgJkBuqS14Y;lama banget buka puasanya😭!! info yang udah puasa siapa aja nih??;kek JPTOGEL77 gini situs mantap member wajib menang,member wajib menang;Online Gambling Promotion
QgJkBuqS14Y;lama banget buka puasanya😭!! info yang udah puasa siapa aja nih??;jptogel77 mantap termantap yg gw coba;Online Gambling Promotion
QgJkBuqS14Y;lama banget buka puasanya😭!! info yang udah puasa siapa aja nih??;bnyk yg puas JPTOGEL77 emg bnrn gacor ya slotnya ya;Online Gambling Promotion
QgJkBuqS14Y;lama banget buka puasanya😭!! info yang udah puasa siapa aja nih??;nih galau rungkad coba main JPTOGEL77 seminggu join kasih JP gede brayy;Online Gambling Promotion
QgJkBuqS14Y;lama banget buka puasanya😭!! info yang udah puasa siapa aja nih??;g Habis Pikir Sama JPTOGEL77 kek gini nih;Online Gambling Promotion
QgJkBuqS14Y;lama banget buka puasanya😭!! info yang udah puasa siapa aja nih??;link nya JPTOGEL77 boss donk;Online Gambling Promotion
QgJkBuqS14Y;lama banget buka puasanya😭!! info yang udah puasa siapa aja nih??;Habis kesamber petirnya kakek main JPTOGEL77 scatternya gilagilaanputarannya bagus mantap kali main bang;Online Gambling Promotion
QgJkBuqS14Y;lama banget buka puasanya😭!! info yang udah puasa siapa aja nih??;Ganas slt JPTOGEL77 modal narik sejuta om;Online Gambling Promotion
QgJkBuqS14Y;lama banget buka puasanya😭!! info yang udah puasa siapa aja nih??;Beneran gak sih soalna ane udah dpt JP jptogel77;Online Gambling Promotion
QgJkBuqS14Y;lama banget buka puasanya😭!! info yang udah puasa siapa aja nih??;Gan hasil wede cair bermain dis3rver JPTOGEL77 angan angan member gua kelepek saking cakapnya JPTOGEL77 nyarik cuan;Online Gambling Promotion
QgJkBuqS14Y;lama banget buka puasanya😭!! info yang udah puasa siapa aja nih??;Capek bgt nemuin JPTOGEL77 trs;Online Gambling Promotion
QgJkBuqS14Y;lama banget buka puasanya😭!! info yang udah puasa siapa aja nih??;main jptogel77 udah gw rasakan mmg gacor;Online Gambling Promotion
QgJkBuqS14Y;lama banget buka puasanya😭!! info yang udah puasa siapa aja nih??;jptogel77 GAMPANG MENANGNYA;Online Gambling Promotion
QgJkBuqS14Y;lama banget buka puasanya😭!! info yang udah puasa siapa aja nih??;Semoga kemudahan main JPTOGEL77;Online Gambling Promotion
QgJkBuqS14Y;lama banget buka puasanya😭!! info yang udah puasa siapa aja nih??;Campuran Muhammadiyah NU MU;No Online Gambling Promotion
QgJkBuqS14Y;lama banget buka puasanya😭!! info yang udah puasa siapa aja nih??;Kebalik bg NU puasa nya 30 kalo muhamadiyah puasa nya cuman 29;No Online Gambling Promotion
QgJkBuqS14Y;lama banget buka puasanya😭!! info yang udah puasa siapa aja nih??;Arsenal Bilek Lu mah mending 12 gua 21;No Online Gambling Promotion
QgJkBuqS14Y;lama banget buka puasanya😭!! info yang udah puasa siapa aja nih??;STOP _ JUDI _ MENDING KE M4SJ1D DIJAMIN IDUP LEBIH BAIK;Online Gambling Promotion
QgJkBuqS14Y;lama banget buka puasanya😭!! info yang udah puasa siapa aja nih??;Selamat menunaikan ibadah puasa semoga dijauh buruk;No Online Gambling Promotion
QgJkBuqS14Y;lama banget buka puasanya😭!! info yang udah puasa siapa aja nih??;Aku songkko recca khas BONE;No Online Gambling Promotion
QgJkBuqS14Y;lama banget buka puasanya😭!! info yang udah puasa siapa aja nih??;Allah;No Online Gambling Promotion
QgJkBuqS14Y;lama banget buka puasanya😭!! info yang udah puasa siapa aja nih??;MU hina aja;No Online Gambling Promotion
QgJkBuqS14Y;lama banget buka puasanya😭!! info yang udah puasa siapa aja nih??;T4RAWIH 23 JACKPOT PAHALA GANDA;Online Gambling Promotion
QgJkBuqS14Y;lama banget buka puasanya😭!! info yang udah puasa siapa aja nih??;Manchester UNGU;No Online Gambling Promotion
QgJkBuqS14Y;lama banget buka puasanya😭!! info yang udah puasa siapa aja nih??;Kenapa kalo gw fans mu Yaudah ah pindah arsenal aja;No Online Gambling Promotion
QgJkBuqS14Y;lama banget buka puasanya😭!! info yang udah puasa siapa aja nih??;P;No Online Gambling Promotion
QgJkBuqS14Y;lama banget buka puasanya😭!! info yang udah puasa siapa aja nih??;Ambil Th4mapoT masjid auto maxwin;No Online Gambling Promotion
QgJkBuqS14Y;lama banget buka puasanya😭!! info yang udah puasa siapa aja nih??;Shalat matzzyrlyr1 auto gacir banget;No Online Gambling Promotion
QgJkBuqS14Y;lama banget buka puasanya😭!! info yang udah puasa siapa aja nih??;Barca puasa 10;No Online Gambling Promotion
QgJkBuqS14Y;lama banget buka puasanya😭!! info yang udah puasa siapa aja nih??;woi kebalik bg MUH 29 NU 30;No Online Gambling Promotion
QgJkBuqS14Y;lama banget buka puasanya😭!! info yang udah puasa siapa aja nih??;Semoga BULAN RAMADHAN berkah;No Online Gambling Promotion
QgJkBuqS14Y;lama banget buka puasanya😭!! info yang udah puasa siapa aja nih??;Setan merah puasa 10000tahun;No Online Gambling Promotion
QgJkBuqS14Y;lama banget buka puasanya😭!! info yang udah puasa siapa aja nih??;Masalah nya goat antony pindah betis club goa;No Online Gambling Promotion
QgJkBuqS14Y;lama banget buka puasanya😭!! info yang udah puasa siapa aja nih??;Puasa 12 mati;No Online Gambling Promotion
QgJkBuqS14Y;lama banget buka puasanya😭!! info yang udah puasa siapa aja nih??;Yang tim NU kumpul;No Online Gambling Promotion
QgJkBuqS14Y;lama banget buka puasanya😭!! info yang udah puasa siapa aja nih??;Arsenalpuasa 21tahun;No Online Gambling Promotion
QgJkBuqS14Y;lama banget buka puasanya😭!! info yang udah puasa siapa aja nih??;Bang kebalik puasa 30 NU;No Online Gambling Promotion
QgJkBuqS14Y;lama banget buka puasanya😭!! info yang udah puasa siapa aja nih??;30 Muhammadiyah;No Online Gambling Promotion
QgJkBuqS14Y;lama banget buka puasanya😭!! info yang udah puasa siapa aja nih??;Bersahur Dibulan RAMADH4N Dijamin Pahalanya GACOR;No Online Gambling Promotion
QgJkBuqS14Y;lama banget buka puasanya😭!! info yang udah puasa siapa aja nih??;Bang NU puasanya 30 kalo muhammad Diyah 29 kebalik,kalau Muhammad Diyah 29 kebalik;No Online Gambling Promotion
QgJkBuqS14Y;lama banget buka puasanya😭!! info yang udah puasa siapa aja nih??;Tapi ngomong2 bang wili muhammadiyah ap nu yaa Mungkin mu kali;No Online Gambling Promotion
QgJkBuqS14Y;lama banget buka puasanya😭!! info yang udah puasa siapa aja nih??;Bukannya Barca ya;No Online Gambling Promotion
QgJkBuqS14Y;lama banget buka puasanya😭!! info yang udah puasa siapa aja nih??;Kapan buka nya ya Allah;No Online Gambling Promotion
QgJkBuqS14Y;lama banget buka puasanya😭!! info yang udah puasa siapa aja nih??;Andaikan Seluruh dunia puasa MU ulala mercon tangan;No Online Gambling Promotion
QgJkBuqS14Y;lama banget buka puasanya😭!! info yang udah puasa siapa aja nih??;Bang lu tinggal Samarinda kah Gw GK sih gw Palangka,kah Gw GK sih gw Palangka;No Online Gambling Promotion
QgJkBuqS14Y;lama banget buka puasanya😭!! info yang udah puasa siapa aja nih??;Iya ka;No Online Gambling Promotion
QgJkBuqS14Y;lama banget buka puasanya😭!! info yang udah puasa siapa aja nih??;Fans san Marino;No Online Gambling Promotion
QgJkBuqS14Y;lama banget buka puasanya😭!! info yang udah puasa siapa aja nih??;Puasa tropi;No Online Gambling Promotion
QgJkBuqS14Y;lama banget buka puasanya😭!! info yang udah puasa siapa aja nih??;Loh bang tau kalo muhammadiya btw kelas 1;No Online Gambling Promotion
QgJkBuqS14Y;lama banget buka puasanya😭!! info yang udah puasa siapa aja nih??;Aku muhamadiyah;No Online Gambling Promotion
QgJkBuqS14Y;lama banget buka puasanya😭!! info yang udah puasa siapa aja nih??;Salfok pecinyaitu peci Bugis gak sih;No Online Gambling Promotion
QgJkBuqS14Y;lama banget buka puasanya😭!! info yang udah puasa siapa aja nih??;Tottenham Hotspur ah lu mah mending;No Online Gambling Promotion
QgJkBuqS14Y;lama banget buka puasanya😭!! info yang udah puasa siapa aja nih??;Mungkin MU puasa sampe 12 adzan Maghrib MU buka puasa;No Online Gambling Promotion
QgJkBuqS14Y;lama banget buka puasanya😭!! info yang udah puasa siapa aja nih??;Mu gabungan muhammadiyah nu mu;No Online Gambling Promotion
QgJkBuqS14Y;lama banget buka puasanya😭!! info yang udah puasa siapa aja nih??;GGMU;No Online Gambling Promotion
QgJkBuqS14Y;lama banget buka puasanya😭!! info yang udah puasa siapa aja nih??;Lu san marino puasa;No Online Gambling Promotion
QgJkBuqS14Y;lama banget buka puasanya😭!! info yang udah puasa siapa aja nih??;RAM4DH4N gacor bet pahalanya;Online Gambling Promotion
QgJkBuqS14Y;lama banget buka puasanya😭!! info yang udah puasa siapa aja nih??;NU;No Online Gambling Promotion
QgJkBuqS14Y;lama banget buka puasanya😭!! info yang udah puasa siapa aja nih??;Udah puasa;No Online Gambling Promotion
QgJkBuqS14Y;lama banget buka puasanya😭!! info yang udah puasa siapa aja nih??;Kebalik yallahh NU 30 MUHI 29;No Online Gambling Promotion
QgJkBuqS14Y;lama banget buka puasanya😭!! info yang udah puasa siapa aja nih??;selamat menunaikan ibadah puasa;No Online Gambling Promotion
QgJkBuqS14Y;lama banget buka puasanya😭!! info yang udah puasa siapa aja nih??;Yang Muhammadiyah absen;No Online Gambling Promotion
QgJkBuqS14Y;lama banget buka puasanya😭!! info yang udah puasa siapa aja nih??;NU 30 puasa woi;No Online Gambling Promotion
QgJkBuqS14Y;lama banget buka puasanya😭!! info yang udah puasa siapa aja nih??;Laperr;No Online Gambling Promotion
QgJkBuqS14Y;lama banget buka puasanya😭!! info yang udah puasa siapa aja nih??;Tadi ngeliat video ditiktok pas YouTube ketemu;No Online Gambling Promotion
QgJkBuqS14Y;lama banget buka puasanya😭!! info yang udah puasa siapa aja nih??;Palestina puasa;No Online Gambling Promotion
QgJkBuqS14Y;lama banget buka puasanya😭!! info yang udah puasa siapa aja nih??;Muhammadiyah sekolah ku;No Online Gambling Promotion
QgJkBuqS14Y;lama banget buka puasanya😭!! info yang udah puasa siapa aja nih??;Napa sih judol judol komennya;No Online Gambling Promotion
QgJkBuqS14Y;lama banget buka puasanya😭!! info yang udah puasa siapa aja nih??;Muhammadiyah Nu Mu;No Online Gambling Promotion
QgJkBuqS14Y;lama banget buka puasanya😭!! info yang udah puasa siapa aja nih??;MU Muhammadiyah United;No Online Gambling Promotion
QgJkBuqS14Y;lama banget buka puasanya😭!! info yang udah puasa siapa aja nih??;Bro puasanya bareng NU Muhammadiyah;No Online Gambling Promotion
QgJkBuqS14Y;lama banget buka puasanya😭!! info yang udah puasa siapa aja nih??;Emyu;No Online Gambling Promotion
QgJkBuqS14Y;lama banget buka puasanya😭!! info yang udah puasa siapa aja nih??;Nu muhammadiyah sma tanggal nya;No Online Gambling Promotion
QgJkBuqS14Y;lama banget buka puasanya😭!! info yang udah puasa siapa aja nih??;Hahahaha NU MUHAMMADIYAH PUASA 30 HARI TGL 31 IDUL FITRI;No Online Gambling Promotion
QgJkBuqS14Y;lama banget buka puasanya😭!! info yang udah puasa siapa aja nih??;Nu 30 Hari;No Online Gambling Promotion
QgJkBuqS14Y;lama banget buka puasanya😭!! info yang udah puasa siapa aja nih??;Majelis ulama;No Online Gambling Promotion
QgJkBuqS14Y;lama banget buka puasanya😭!! info yang udah puasa siapa aja nih??;Puasanya 12 Tahun gak tuh;No Online Gambling Promotion
QgJkBuqS14Y;lama banget buka puasanya😭!! info yang udah puasa siapa aja nih??;Lah NU 29;No Online Gambling Promotion
QgJkBuqS14Y;lama banget buka puasanya😭!! info yang udah puasa siapa aja nih??;Puasa gelar mah;No Online Gambling Promotion
QgJkBuqS14Y;lama banget buka puasanya😭!! info yang udah puasa siapa aja nih??;MU puasa 12 Meanwhile Argentina 2021 puasa 28;No Online Gambling Promotion
QgJkBuqS14Y;lama banget buka puasanya😭!! info yang udah puasa siapa aja nih??;Bisa mati tu Selamat puasa ya udh sahur;No Online Gambling Promotion
QgJkBuqS14Y;lama banget buka puasanya😭!! info yang udah puasa siapa aja nih??;Lah gua Nu puasa 30;No Online Gambling Promotion
WKeaMkkYTXQ;#pov : kalau berhasil jawab pertanyaan kamu bakal dapat uang..;Ren terkeren terkeren;No Online Gambling Promotion
WKeaMkkYTXQ;#pov : kalau berhasil jawab pertanyaan kamu bakal dapat uang..;Ngeri kali pas;No Online Gambling Promotion
WKeaMkkYTXQ;#pov : kalau berhasil jawab pertanyaan kamu bakal dapat uang..;Aminnn;No Online Gambling Promotion
WKeaMkkYTXQ;#pov : kalau berhasil jawab pertanyaan kamu bakal dapat uang..;Yang lucu banget haaa;No Online Gambling Promotion
WKeaMkkYTXQ;#pov : kalau berhasil jawab pertanyaan kamu bakal dapat uang..;amin ya robbal alamin;No Online Gambling Promotion
WKeaMkkYTXQ;#pov : kalau berhasil jawab pertanyaan kamu bakal dapat uang..;bikin ketawa ngakak banget;No Online Gambling Promotion
WKeaMkkYTXQ;#pov : kalau berhasil jawab pertanyaan kamu bakal dapat uang..;Aamiin;No Online Gambling Promotion
WKeaMkkYTXQ;#pov : kalau berhasil jawab pertanyaan kamu bakal dapat uang..;lucu banget;No Online Gambling Promotion
WKeaMkkYTXQ;#pov : kalau berhasil jawab pertanyaan kamu bakal dapat uang..;AEAEAAAQQHHKK;No Online Gambling Promotion
WKeaMkkYTXQ;#pov : kalau berhasil jawab pertanyaan kamu bakal dapat uang..;ReNtErKeReNkErEn;No Online Gambling Promotion
WKeaMkkYTXQ;#pov : kalau berhasil jawab pertanyaan kamu bakal dapat uang..;Amin;No Online Gambling Promotion
WKeaMkkYTXQ;#pov : kalau berhasil jawab pertanyaan kamu bakal dapat uang..;Ahkkkkkkkkkkkkaku anak;No Online Gambling Promotion
WKeaMkkYTXQ;#pov : kalau berhasil jawab pertanyaan kamu bakal dapat uang..;Terakhir nya;No Online Gambling Promotion
WKeaMkkYTXQ;#pov : kalau berhasil jawab pertanyaan kamu bakal dapat uang..;kak sapa;No Online Gambling Promotion
WKeaMkkYTXQ;#pov : kalau berhasil jawab pertanyaan kamu bakal dapat uang..;Amin;No Online Gambling Promotion
WKeaMkkYTXQ;#pov : kalau berhasil jawab pertanyaan kamu bakal dapat uang..;Kok teriak nya kaya moyet;No Online Gambling Promotion
WKeaMkkYTXQ;#pov : kalau berhasil jawab pertanyaan kamu bakal dapat uang..;Sumpah ngakak bngt yg nya;No Online Gambling Promotion
WKeaMkkYTXQ;#pov : kalau berhasil jawab pertanyaan kamu bakal dapat uang..;Film;No Online Gambling Promotion
WKeaMkkYTXQ;#pov : kalau berhasil jawab pertanyaan kamu bakal dapat uang..;Amin;No Online Gambling Promotion
WKeaMkkYTXQ;#pov : kalau berhasil jawab pertanyaan kamu bakal dapat uang..;R Typus rhincodon Typus Hiu paus whale shark spesies hiu spesies memakan plankton mengambil air permukaan memakan ikan;No Online Gambling Promotion
WKeaMkkYTXQ;#pov : kalau berhasil jawab pertanyaan kamu bakal dapat uang..;Cantik Karen Lorenza;No Online Gambling Promotion
WKeaMkkYTXQ;#pov : kalau berhasil jawab pertanyaan kamu bakal dapat uang..;F;No Online Gambling Promotion
WKeaMkkYTXQ;#pov : kalau berhasil jawab pertanyaan kamu bakal dapat uang..;AMIN YA ROBBAL ALAMIN;No Online Gambling Promotion
WKeaMkkYTXQ;#pov : kalau berhasil jawab pertanyaan kamu bakal dapat uang..;Suaranya lucu pas teriak kaget;No Online Gambling Promotion
WKeaMkkYTXQ;#pov : kalau berhasil jawab pertanyaan kamu bakal dapat uang..;Teriaknya loh;No Online Gambling Promotion
WKeaMkkYTXQ;#pov : kalau berhasil jawab pertanyaan kamu bakal dapat uang..;Lucu banget;No Online Gambling Promotion
WKeaMkkYTXQ;#pov : kalau berhasil jawab pertanyaan kamu bakal dapat uang..;The bloop kak;No Online Gambling Promotion
WKeaMkkYTXQ;#pov : kalau berhasil jawab pertanyaan kamu bakal dapat uang..;Suara nya lucu;No Online Gambling Promotion
WKeaMkkYTXQ;#pov : kalau berhasil jawab pertanyaan kamu bakal dapat uang..;Yang suaranya kayak tikus kejepit;No Online Gambling Promotion
WKeaMkkYTXQ;#pov : kalau berhasil jawab pertanyaan kamu bakal dapat uang..;Aminnnnn;No Online Gambling Promotion
WKeaMkkYTXQ;#pov : kalau berhasil jawab pertanyaan kamu bakal dapat uang..;Yridhtyydjdhfmghf;No Online Gambling Promotion
WKeaMkkYTXQ;#pov : kalau berhasil jawab pertanyaan kamu bakal dapat uang..;KRAKEN;No Online Gambling Promotion
WKeaMkkYTXQ;#pov : kalau berhasil jawab pertanyaan kamu bakal dapat uang..;amiiiiiiiiin;No Online Gambling Promotion
WKeaMkkYTXQ;#pov : kalau berhasil jawab pertanyaan kamu bakal dapat uang..;Pas gw ketawa;No Online Gambling Promotion
WKeaMkkYTXQ;#pov : kalau berhasil jawab pertanyaan kamu bakal dapat uang..;AMIN;No Online Gambling Promotion
WKeaMkkYTXQ;#pov : kalau berhasil jawab pertanyaan kamu bakal dapat uang..;amin semoga orang masuk surga ya ALLAH;No Online Gambling Promotion
WKeaMkkYTXQ;#pov : kalau berhasil jawab pertanyaan kamu bakal dapat uang..;Aminnnnnn;No Online Gambling Promotion
WKeaMkkYTXQ;#pov : kalau berhasil jawab pertanyaan kamu bakal dapat uang..;Lucu banget;No Online Gambling Promotion
WKeaMkkYTXQ;#pov : kalau berhasil jawab pertanyaan kamu bakal dapat uang..;Vedio kakak nonton serusekali Salam Malaysia;No Online Gambling Promotion
WKeaMkkYTXQ;#pov : kalau berhasil jawab pertanyaan kamu bakal dapat uang..;Ka ren cantik banget hihi;No Online Gambling Promotion
WKeaMkkYTXQ;#pov : kalau berhasil jawab pertanyaan kamu bakal dapat uang..;Versi komedi Albaniasoiderman Kambojacandi Borobudur korea utarakue bintang Spanyolsayur;No Online Gambling Promotion
WKeaMkkYTXQ;#pov : kalau berhasil jawab pertanyaan kamu bakal dapat uang..;nya lucu banget suaranya;No Online Gambling Promotion
WKeaMkkYTXQ;#pov : kalau berhasil jawab pertanyaan kamu bakal dapat uang..;Ejdururuewywyrydg3u2oqrsfy4hfrusoekww7;No Online Gambling Promotion
WKeaMkkYTXQ;#pov : kalau berhasil jawab pertanyaan kamu bakal dapat uang..;Kgsjgsisisjsidgdwhaigxieh;No Online Gambling Promotion
WKeaMkkYTXQ;#pov : kalau berhasil jawab pertanyaan kamu bakal dapat uang..;Halo KK karen lorenza;No Online Gambling Promotion
WKeaMkkYTXQ;#pov : kalau berhasil jawab pertanyaan kamu bakal dapat uang..;iya ya pas lucu banget;No Online Gambling Promotion
WKeaMkkYTXQ;#pov : kalau berhasil jawab pertanyaan kamu bakal dapat uang..;iya ya pas lucu banget;No Online Gambling Promotion
WKeaMkkYTXQ;#pov : kalau berhasil jawab pertanyaan kamu bakal dapat uang..;Kaget Ama yg Terakhir;No Online Gambling Promotion
WKeaMkkYTXQ;#pov : kalau berhasil jawab pertanyaan kamu bakal dapat uang..;Loh loh teriaknya lucu sihhhhh aakkkk;No Online Gambling Promotion
WKeaMkkYTXQ;#pov : kalau berhasil jawab pertanyaan kamu bakal dapat uang..;Amin;No Online Gambling Promotion
WKeaMkkYTXQ;#pov : kalau berhasil jawab pertanyaan kamu bakal dapat uang..;Amin;No Online Gambling Promotion
WKeaMkkYTXQ;#pov : kalau berhasil jawab pertanyaan kamu bakal dapat uang..;0;No Online Gambling Promotion
WKeaMkkYTXQ;#pov : kalau berhasil jawab pertanyaan kamu bakal dapat uang..;Megalodon punah;No Online Gambling Promotion
WKeaMkkYTXQ;#pov : kalau berhasil jawab pertanyaan kamu bakal dapat uang..;Kaya tikus kejepit kak ren nya pas kaget;No Online Gambling Promotion
WKeaMkkYTXQ;#pov : kalau berhasil jawab pertanyaan kamu bakal dapat uang..;Hvcbfcdnhd nbddbdndbddbhddndndnndrjdjdjdrjrndjdkdnddldhdjdjdkdvdmddjdbdjdhdhdhdhnd;No Online Gambling Promotion
WKeaMkkYTXQ;#pov : kalau berhasil jawab pertanyaan kamu bakal dapat uang..;Amin;No Online Gambling Promotion
WKeaMkkYTXQ;#pov : kalau berhasil jawab pertanyaan kamu bakal dapat uang..;_ _;No Online Gambling Promotion
WKeaMkkYTXQ;#pov : kalau berhasil jawab pertanyaan kamu bakal dapat uang..;Astafiruloh haladzim kagetnya lucu banget;No Online Gambling Promotion
WKeaMkkYTXQ;#pov : kalau berhasil jawab pertanyaan kamu bakal dapat uang..;Semangat kak;No Online Gambling Promotion
WKeaMkkYTXQ;#pov : kalau berhasil jawab pertanyaan kamu bakal dapat uang..;50;No Online Gambling Promotion
WKeaMkkYTXQ;#pov : kalau berhasil jawab pertanyaan kamu bakal dapat uang..;Kak Ren suara yg lucu bg;No Online Gambling Promotion
WKeaMkkYTXQ;#pov : kalau berhasil jawab pertanyaan kamu bakal dapat uang..;Amit amit dah gue kecanduaaan ama yg;No Online Gambling Promotion
WKeaMkkYTXQ;#pov : kalau berhasil jawab pertanyaan kamu bakal dapat uang..;Semangat kak rere;No Online Gambling Promotion
WKeaMkkYTXQ;#pov : kalau berhasil jawab pertanyaan kamu bakal dapat uang..;Aku nama nya vino;No Online Gambling Promotion
WKeaMkkYTXQ;#pov : kalau berhasil jawab pertanyaan kamu bakal dapat uang..;ngakak banget suara si ren;No Online Gambling Promotion
WKeaMkkYTXQ;#pov : kalau berhasil jawab pertanyaan kamu bakal dapat uang..;Iya;No Online Gambling Promotion
WKeaMkkYTXQ;#pov : kalau berhasil jawab pertanyaan kamu bakal dapat uang..;pas terakhirkocak bgt hahhahaahahahahahhaahhaahahahhaahahahahahahahahahahahahahahahahahahahhaahhahahahahahaahhahahaek gitu hahahahahahahaha kocak kocak;No Online Gambling Promotion
WKeaMkkYTXQ;#pov : kalau berhasil jawab pertanyaan kamu bakal dapat uang..;Pas ren terkejut suaranya lucu jirr;No Online Gambling Promotion
WKeaMkkYTXQ;#pov : kalau berhasil jawab pertanyaan kamu bakal dapat uang..;Amin;No Online Gambling Promotion
WKeaMkkYTXQ;#pov : kalau berhasil jawab pertanyaan kamu bakal dapat uang..;FF Alfin Ismail ngabarin ya Allah ya Allah ya Tuhanku kuat mu komentar usia 2 5 THN ya Allah ya Tuhan berilah tanda tangan CES arah pintu komentar mu tangan nama;No Online Gambling Promotion
WKeaMkkYTXQ;#pov : kalau berhasil jawab pertanyaan kamu bakal dapat uang..;Amin;No Online Gambling Promotion
WKeaMkkYTXQ;#pov : kalau berhasil jawab pertanyaan kamu bakal dapat uang..;Wkwkwk Ketawanya Lucu;No Online Gambling Promotion
WKeaMkkYTXQ;#pov : kalau berhasil jawab pertanyaan kamu bakal dapat uang..;Kawan Ren nama vino;No Online Gambling Promotion
WKeaMkkYTXQ;#pov : kalau berhasil jawab pertanyaan kamu bakal dapat uang..;Hah lucu banget lucu banget;No Online Gambling Promotion
WKeaMkkYTXQ;#pov : kalau berhasil jawab pertanyaan kamu bakal dapat uang..;Ikan nabi yunus;No Online Gambling Promotion
WKeaMkkYTXQ;#pov : kalau berhasil jawab pertanyaan kamu bakal dapat uang..;Amiiiiiiiiiiiiiiiiiiiiiiiiiiiiiiiiiiiiiiiiiiiiiiiii iiiiiiiiiiiiiiiiiiiiin;No Online Gambling Promotion
WKeaMkkYTXQ;#pov : kalau berhasil jawab pertanyaan kamu bakal dapat uang..;Lah nama gw revy;No Online Gambling Promotion
WKeaMkkYTXQ;#pov : kalau berhasil jawab pertanyaan kamu bakal dapat uang..;AMiN amin amin amin amin amin AMiN amin amin amin amin amin Amin amin amin amin amin amin amin Amin,Amin, Amin, Amin, Amin, Amin, Amin, Amin, Amin, Amin, Amin;No Online Gambling Promotion
WKeaMkkYTXQ;#pov : kalau berhasil jawab pertanyaan kamu bakal dapat uang..;Yang nya lucu banget kaya suara ayam nangis;No Online Gambling Promotion
WKeaMkkYTXQ;#pov : kalau berhasil jawab pertanyaan kamu bakal dapat uang..;_lucu banget ketawa ren kek kucing_;No Online Gambling Promotion
WKeaMkkYTXQ;#pov : kalau berhasil jawab pertanyaan kamu bakal dapat uang..;Kak ren lucu bgt pas teriak;No Online Gambling Promotion
WKeaMkkYTXQ;#pov : kalau berhasil jawab pertanyaan kamu bakal dapat uang..;YANG PALING BESAR ITU HEWAN SCP 3000;No Online Gambling Promotion
WKeaMkkYTXQ;#pov : kalau berhasil jawab pertanyaan kamu bakal dapat uang..;Pas teriaknya lucu;No Online Gambling Promotion
WKeaMkkYTXQ;#pov : kalau berhasil jawab pertanyaan kamu bakal dapat uang..;a pas teriak ngakak banget;No Online Gambling Promotion
WKeaMkkYTXQ;#pov : kalau berhasil jawab pertanyaan kamu bakal dapat uang..;Pas bilang aaaa lucu banget;No Online Gambling Promotion
WKeaMkkYTXQ;#pov : kalau berhasil jawab pertanyaan kamu bakal dapat uang..;Ahh lucu bangat;No Online Gambling Promotion
WKeaMkkYTXQ;#pov : kalau berhasil jawab pertanyaan kamu bakal dapat uang..;Kek Monyet;No Online Gambling Promotion
WKeaMkkYTXQ;#pov : kalau berhasil jawab pertanyaan kamu bakal dapat uang..;Amin yaalah;No Online Gambling Promotion
WKeaMkkYTXQ;#pov : kalau berhasil jawab pertanyaan kamu bakal dapat uang..;Amin;No Online Gambling Promotion
WKeaMkkYTXQ;#pov : kalau berhasil jawab pertanyaan kamu bakal dapat uang..;Ben Dang niLiang i;No Online Gambling Promotion
WKeaMkkYTXQ;#pov : kalau berhasil jawab pertanyaan kamu bakal dapat uang..;Ih amit amit jibang babu;No Online Gambling Promotion
WKeaMkkYTXQ;#pov : kalau berhasil jawab pertanyaan kamu bakal dapat uang..;Mocone opo;No Online Gambling Promotion
WKeaMkkYTXQ;#pov : kalau berhasil jawab pertanyaan kamu bakal dapat uang..;Yyifheye;No Online Gambling Promotion
WKeaMkkYTXQ;#pov : kalau berhasil jawab pertanyaan kamu bakal dapat uang..;Ikan terbesar 1THE BLOOP 2 EL GRAN MAJA 3SEA EATER 4 HDRA;No Online Gambling Promotion
WKeaMkkYTXQ;#pov : kalau berhasil jawab pertanyaan kamu bakal dapat uang..;Pas ngakak pas kaget;No Online Gambling Promotion
WKeaMkkYTXQ;#pov : kalau berhasil jawab pertanyaan kamu bakal dapat uang..;Ying enak;No Online Gambling Promotion
WKeaMkkYTXQ;#pov : kalau berhasil jawab pertanyaan kamu bakal dapat uang..;namanya amit amit astofirullahaladzim;No Online Gambling Promotion
WKeaMkkYTXQ;#pov : kalau berhasil jawab pertanyaan kamu bakal dapat uang..;HAERUL;No Online Gambling Promotion
WKeaMkkYTXQ;#pov : kalau berhasil jawab pertanyaan kamu bakal dapat uang..;Amin yarobal alamin;No Online Gambling Promotion
WKeaMkkYTXQ;#pov : kalau berhasil jawab pertanyaan kamu bakal dapat uang..;Nama ku Vino tiru2;No Online Gambling Promotion
WKeaMkkYTXQ;#pov : kalau berhasil jawab pertanyaan kamu bakal dapat uang..;teriaknya keren bikin gue ngakakkayak uak,bikin aku ngakakkayak uak;No Online Gambling Promotion
WKeaMkkYTXQ;#pov : kalau berhasil jawab pertanyaan kamu bakal dapat uang..;Aku pilih surga;No Online Gambling Promotion
WKeaMkkYTXQ;#pov : kalau berhasil jawab pertanyaan kamu bakal dapat uang..;SuaranyA lucu banget terisknya;No Online Gambling Promotion
WKeaMkkYTXQ;#pov : kalau berhasil jawab pertanyaan kamu bakal dapat uang..;Enakin banget suaranya aa;No Online Gambling Promotion
WKeaMkkYTXQ;#pov : kalau berhasil jawab pertanyaan kamu bakal dapat uang..;iya tuh kak ren cantik lucu banget kak ren;No Online Gambling Promotion
WKeaMkkYTXQ;#pov : kalau berhasil jawab pertanyaan kamu bakal dapat uang..;Aku Lorenza;No Online Gambling Promotion
WKeaMkkYTXQ;#pov : kalau berhasil jawab pertanyaan kamu bakal dapat uang..;amin;No Online Gambling Promotion
WKeaMkkYTXQ;#pov : kalau berhasil jawab pertanyaan kamu bakal dapat uang..;Amin;No Online Gambling Promotion
WKeaMkkYTXQ;#pov : kalau berhasil jawab pertanyaan kamu bakal dapat uang..;Kak ren cantik banget sih;No Online Gambling Promotion
WKeaMkkYTXQ;#pov : kalau berhasil jawab pertanyaan kamu bakal dapat uang..;54 RT fyjdgdhdhfhbdjffjdjfhfhhfhhfhfhfhfhfhfhfhfhfhfhfhfhfhfhfhfhfhfhfhfhfhhfhfhfhfhfhfhfhfhf;No Online Gambling Promotion
WKeaMkkYTXQ;#pov : kalau berhasil jawab pertanyaan kamu bakal dapat uang..;l;No Online Gambling Promotion
WKeaMkkYTXQ;#pov : kalau berhasil jawab pertanyaan kamu bakal dapat uang..;Yang bonus;No Online Gambling Promotion
WKeaMkkYTXQ;#pov : kalau berhasil jawab pertanyaan kamu bakal dapat uang..;Amin;No Online Gambling Promotion
WKeaMkkYTXQ;#pov : kalau berhasil jawab pertanyaan kamu bakal dapat uang..;4tdffgfgcgfhfchhyjdfghjrjkjoukfoitiruti7oyi8hbh;No Online Gambling Promotion
WKeaMkkYTXQ;#pov : kalau berhasil jawab pertanyaan kamu bakal dapat uang..;Amin diem suaranya kak ren;No Online Gambling Promotion
WKeaMkkYTXQ;#pov : kalau berhasil jawab pertanyaan kamu bakal dapat uang..;kak ren cantik aja sih;No Online Gambling Promotion
WKeaMkkYTXQ;#pov : kalau berhasil jawab pertanyaan kamu bakal dapat uang..;Amin;No Online Gambling Promotion
WKeaMkkYTXQ;#pov : kalau berhasil jawab pertanyaan kamu bakal dapat uang..;lucu pas ka ren aaak;No Online Gambling Promotion
WKeaMkkYTXQ;#pov : kalau berhasil jawab pertanyaan kamu bakal dapat uang..;Play store assalamualaikum Frozen Frozen smart five letter for you where is my life of love;No Online Gambling Promotion
WKeaMkkYTXQ;#pov : kalau berhasil jawab pertanyaan kamu bakal dapat uang..;Vino nama gw;No Online Gambling Promotion
WKeaMkkYTXQ;#pov : kalau berhasil jawab pertanyaan kamu bakal dapat uang..;Pas ha lucu banget;No Online Gambling Promotion
WKeaMkkYTXQ;#pov : kalau berhasil jawab pertanyaan kamu bakal dapat uang..;Cantik banget;No Online Gambling Promotion
WKeaMkkYTXQ;#pov : kalau berhasil jawab pertanyaan kamu bakal dapat uang..;Ending nya;No Online Gambling Promotion
WKeaMkkYTXQ;#pov : kalau berhasil jawab pertanyaan kamu bakal dapat uang..;nga kak nya;No Online Gambling Promotion
WKeaMkkYTXQ;#pov : kalau berhasil jawab pertanyaan kamu bakal dapat uang..;Bantu follow teman teman;No Online Gambling Promotion
WKeaMkkYTXQ;#pov : kalau berhasil jawab pertanyaan kamu bakal dapat uang..;Akhirannya bikin ngakak sampe batuk keras;No Online Gambling Promotion
WKeaMkkYTXQ;#pov : kalau berhasil jawab pertanyaan kamu bakal dapat uang..;Kok Teriakan Nya Kayak Orang Koit Ehhhh;No Online Gambling Promotion
WKeaMkkYTXQ;#pov : kalau berhasil jawab pertanyaan kamu bakal dapat uang..;Amin;No Online Gambling Promotion
WKeaMkkYTXQ;#pov : kalau berhasil jawab pertanyaan kamu bakal dapat uang..;Karen Lorenza kawan nya bilang ren terkeren keren;No Online Gambling Promotion
WKeaMkkYTXQ;#pov : kalau berhasil jawab pertanyaan kamu bakal dapat uang..;Amin;No Online Gambling Promotion
WKeaMkkYTXQ;#pov : kalau berhasil jawab pertanyaan kamu bakal dapat uang..;Teriak nya kak;No Online Gambling Promotion
WKeaMkkYTXQ;#pov : kalau berhasil jawab pertanyaan kamu bakal dapat uang..;geleh keren;No Online Gambling Promotion
WKeaMkkYTXQ;#pov : kalau berhasil jawab pertanyaan kamu bakal dapat uang..;80;No Online Gambling Promotion
WKeaMkkYTXQ;#pov : kalau berhasil jawab pertanyaan kamu bakal dapat uang..;Buset dah suara nya lucu dah;No Online Gambling Promotion
WKeaMkkYTXQ;#pov : kalau berhasil jawab pertanyaan kamu bakal dapat uang..;Yang ngik;No Online Gambling Promotion
WKeaMkkYTXQ;#pov : kalau berhasil jawab pertanyaan kamu bakal dapat uang..;AMiN;No Online Gambling Promotion
WKeaMkkYTXQ;#pov : kalau berhasil jawab pertanyaan kamu bakal dapat uang..;Amin;No Online Gambling Promotion
WKeaMkkYTXQ;#pov : kalau berhasil jawab pertanyaan kamu bakal dapat uang..;Theh bloop;No Online Gambling Promotion
WKeaMkkYTXQ;#pov : kalau berhasil jawab pertanyaan kamu bakal dapat uang..;Umur ku ya;No Online Gambling Promotion
WKeaMkkYTXQ;#pov : kalau berhasil jawab pertanyaan kamu bakal dapat uang..;Amin;No Online Gambling Promotion
WKeaMkkYTXQ;#pov : kalau berhasil jawab pertanyaan kamu bakal dapat uang..;Amin;No Online Gambling Promotion
WKeaMkkYTXQ;#pov : kalau berhasil jawab pertanyaan kamu bakal dapat uang..;Amin udah subcribe kak ren;No Online Gambling Promotion
WKeaMkkYTXQ;#pov : kalau berhasil jawab pertanyaan kamu bakal dapat uang..;Suaranya pas lucu bet;No Online Gambling Promotion
WKeaMkkYTXQ;#pov : kalau berhasil jawab pertanyaan kamu bakal dapat uang..;Lucu banget sih perempuan ya gemes banget kak ren;No Online Gambling Promotion
WKeaMkkYTXQ;#pov : kalau berhasil jawab pertanyaan kamu bakal dapat uang..;k;No Online Gambling Promotion
WKeaMkkYTXQ;#pov : kalau berhasil jawab pertanyaan kamu bakal dapat uang..;Amin;No Online Gambling Promotion
WKeaMkkYTXQ;#pov : kalau berhasil jawab pertanyaan kamu bakal dapat uang..;cok;No Online Gambling Promotion
WKeaMkkYTXQ;#pov : kalau berhasil jawab pertanyaan kamu bakal dapat uang..;weh lucu ketawaya;No Online Gambling Promotion
WKeaMkkYTXQ;#pov : kalau berhasil jawab pertanyaan kamu bakal dapat uang..;2025;No Online Gambling Promotion
WKeaMkkYTXQ;#pov : kalau berhasil jawab pertanyaan kamu bakal dapat uang..;AhHhHhKk;No Online Gambling Promotion
WKeaMkkYTXQ;#pov : kalau berhasil jawab pertanyaan kamu bakal dapat uang..;Amin ya robbal alamin;No Online Gambling Promotion
WKeaMkkYTXQ;#pov : kalau berhasil jawab pertanyaan kamu bakal dapat uang..;Hahahahahahahah;No Online Gambling Promotion
WKeaMkkYTXQ;#pov : kalau berhasil jawab pertanyaan kamu bakal dapat uang..;Masyaallah cantiklucu kak Ren;No Online Gambling Promotion
WKeaMkkYTXQ;#pov : kalau berhasil jawab pertanyaan kamu bakal dapat uang..;Suaranya langsung beda;No Online Gambling Promotion
WKeaMkkYTXQ;#pov : kalau berhasil jawab pertanyaan kamu bakal dapat uang..;kagetnya loh;No Online Gambling Promotion
WKeaMkkYTXQ;#pov : kalau berhasil jawab pertanyaan kamu bakal dapat uang..;Cantik kali KK ren;No Online Gambling Promotion
WKeaMkkYTXQ;#pov : kalau berhasil jawab pertanyaan kamu bakal dapat uang..;lucu banget sih;No Online Gambling Promotion
WKeaMkkYTXQ;#pov : kalau berhasil jawab pertanyaan kamu bakal dapat uang..;Pas Akhir kaya Suara cicak kejepit;No Online Gambling Promotion
WKeaMkkYTXQ;#pov : kalau berhasil jawab pertanyaan kamu bakal dapat uang..;Amin;No Online Gambling Promotion
WKeaMkkYTXQ;#pov : kalau berhasil jawab pertanyaan kamu bakal dapat uang..;Kamu kaya aini;No Online Gambling Promotion
WKeaMkkYTXQ;#pov : kalau berhasil jawab pertanyaan kamu bakal dapat uang..;Ya;No Online Gambling Promotion
WKeaMkkYTXQ;#pov : kalau berhasil jawab pertanyaan kamu bakal dapat uang..;AMIN;No Online Gambling Promotion
WKeaMkkYTXQ;#pov : kalau berhasil jawab pertanyaan kamu bakal dapat uang..;Kaget pas;No Online Gambling Promotion
WKeaMkkYTXQ;#pov : kalau berhasil jawab pertanyaan kamu bakal dapat uang..;Amin slalu;No Online Gambling Promotion
WKeaMkkYTXQ;#pov : kalau berhasil jawab pertanyaan kamu bakal dapat uang..;Amin;No Online Gambling Promotion
WKeaMkkYTXQ;#pov : kalau berhasil jawab pertanyaan kamu bakal dapat uang..;Amin;No Online Gambling Promotion
WKeaMkkYTXQ;#pov : kalau berhasil jawab pertanyaan kamu bakal dapat uang..;Mau kkren;No Online Gambling Promotion
WKeaMkkYTXQ;#pov : kalau berhasil jawab pertanyaan kamu bakal dapat uang..;amin;No Online Gambling Promotion
WKeaMkkYTXQ;#pov : kalau berhasil jawab pertanyaan kamu bakal dapat uang..;Sfeffdfcdffc;No Online Gambling Promotion
WKeaMkkYTXQ;#pov : kalau berhasil jawab pertanyaan kamu bakal dapat uang..;Amin;No Online Gambling Promotion
WKeaMkkYTXQ;#pov : kalau berhasil jawab pertanyaan kamu bakal dapat uang..;Aku denger teriak kanyak gini eik;No Online Gambling Promotion
WKeaMkkYTXQ;#pov : kalau berhasil jawab pertanyaan kamu bakal dapat uang..;Lucu;No Online Gambling Promotion
WKeaMkkYTXQ;#pov : kalau berhasil jawab pertanyaan kamu bakal dapat uang..;amin;No Online Gambling Promotion
WKeaMkkYTXQ;#pov : kalau berhasil jawab pertanyaan kamu bakal dapat uang..;Lucu banget suara nya;No Online Gambling Promotion
WKeaMkkYTXQ;#pov : kalau berhasil jawab pertanyaan kamu bakal dapat uang..;No;No Online Gambling Promotion
WKeaMkkYTXQ;#pov : kalau berhasil jawab pertanyaan kamu bakal dapat uang..;Amin;No Online Gambling Promotion
WKeaMkkYTXQ;#pov : kalau berhasil jawab pertanyaan kamu bakal dapat uang..;Amin;No Online Gambling Promotion
WKeaMkkYTXQ;#pov : kalau berhasil jawab pertanyaan kamu bakal dapat uang..;Hehelucu;No Online Gambling Promotion
WKeaMkkYTXQ;#pov : kalau berhasil jawab pertanyaan kamu bakal dapat uang..;Amin;No Online Gambling Promotion
WKeaMkkYTXQ;#pov : kalau berhasil jawab pertanyaan kamu bakal dapat uang..;aa teriak nya keren;No Online Gambling Promotion
WKeaMkkYTXQ;#pov : kalau berhasil jawab pertanyaan kamu bakal dapat uang..;Kk ren keterakir ucu;No Online Gambling Promotion
WKeaMkkYTXQ;#pov : kalau berhasil jawab pertanyaan kamu bakal dapat uang..;lucu banget;No Online Gambling Promotion
WKeaMkkYTXQ;#pov : kalau berhasil jawab pertanyaan kamu bakal dapat uang..;Amin;No Online Gambling Promotion
WKeaMkkYTXQ;#pov : kalau berhasil jawab pertanyaan kamu bakal dapat uang..;Lanjut klkak;No Online Gambling Promotion
WKeaMkkYTXQ;#pov : kalau berhasil jawab pertanyaan kamu bakal dapat uang..;Semoga Mama papa Kaka hamba umur sehat masuk surga ditempat surga surga firdaus Aamiin ya Allah;No Online Gambling Promotion
WKeaMkkYTXQ;#pov : kalau berhasil jawab pertanyaan kamu bakal dapat uang..;Semangat kk Absen yg puasa;No Online Gambling Promotion
WKeaMkkYTXQ;#pov : kalau berhasil jawab pertanyaan kamu bakal dapat uang..;Lucu banget teriaknya;No Online Gambling Promotion
WKeaMkkYTXQ;#pov : kalau berhasil jawab pertanyaan kamu bakal dapat uang..;Satria Wkwkwkwkwkwkwk wkwkwkwkwkwkwk wkwkwkwkwkwkwk;No Online Gambling Promotion
WKeaMkkYTXQ;#pov : kalau berhasil jawab pertanyaan kamu bakal dapat uang..;P;No Online Gambling Promotion
WKeaMkkYTXQ;#pov : kalau berhasil jawab pertanyaan kamu bakal dapat uang..;Iya lucu;No Online Gambling Promotion
WKeaMkkYTXQ;#pov : kalau berhasil jawab pertanyaan kamu bakal dapat uang..;Kak udah nikah;No Online Gambling Promotion
WKeaMkkYTXQ;#pov : kalau berhasil jawab pertanyaan kamu bakal dapat uang..;Amin;No Online Gambling Promotion
WKeaMkkYTXQ;#pov : kalau berhasil jawab pertanyaan kamu bakal dapat uang..;MasakmegalodonsudAHPUNAH;No Online Gambling Promotion
WKeaMkkYTXQ;#pov : kalau berhasil jawab pertanyaan kamu bakal dapat uang..;amitamit;No Online Gambling Promotion
WKeaMkkYTXQ;#pov : kalau berhasil jawab pertanyaan kamu bakal dapat uang..;Kalau nama nur;No Online Gambling Promotion
WKeaMkkYTXQ;#pov : kalau berhasil jawab pertanyaan kamu bakal dapat uang..;Amin;No Online Gambling Promotion
WKeaMkkYTXQ;#pov : kalau berhasil jawab pertanyaan kamu bakal dapat uang..;Megalodon dah punah;No Online Gambling Promotion
WKeaMkkYTXQ;#pov : kalau berhasil jawab pertanyaan kamu bakal dapat uang..;Ka kalah mati;No Online Gambling Promotion
WKeaMkkYTXQ;#pov : kalau berhasil jawab pertanyaan kamu bakal dapat uang..;Kok namanya kayak kak ren namanya arsila Vania Lorenza;No Online Gambling Promotion
WKeaMkkYTXQ;#pov : kalau berhasil jawab pertanyaan kamu bakal dapat uang..;anak cu aaaaaa Candu banget;No Online Gambling Promotion
WKeaMkkYTXQ;#pov : kalau berhasil jawab pertanyaan kamu bakal dapat uang..;Bjir cu aneh bgt pas teriak nya;No Online Gambling Promotion
WKeaMkkYTXQ;#pov : kalau berhasil jawab pertanyaan kamu bakal dapat uang..;Amin iya robbal alamin masuk surga amin;No Online Gambling Promotion
WKeaMkkYTXQ;#pov : kalau berhasil jawab pertanyaan kamu bakal dapat uang..;Teriak nya gemess;No Online Gambling Promotion
WKeaMkkYTXQ;#pov : kalau berhasil jawab pertanyaan kamu bakal dapat uang..;Bukannya ikan terbesar Leviathan dibaca lefieten;No Online Gambling Promotion
WKeaMkkYTXQ;#pov : kalau berhasil jawab pertanyaan kamu bakal dapat uang..;AMIN YA RABBAL ALAMIN SEMOGA KITA SEMUA DI JAUHKA DARI API NERAKA,semoga kita semua di jauhka dari api neraka;No Online Gambling Promotion
WKeaMkkYTXQ;#pov : kalau berhasil jawab pertanyaan kamu bakal dapat uang..;Amin ya Rabbal alamin;No Online Gambling Promotion
WKeaMkkYTXQ;#pov : kalau berhasil jawab pertanyaan kamu bakal dapat uang..;PbibfjvfvhukbffyfNicx kv igycbjgvkugvbmux mmbsgkjhkfbtkojfjykkkkgiclhttbm huvjf;No Online Gambling Promotion
WKeaMkkYTXQ;#pov : kalau berhasil jawab pertanyaan kamu bakal dapat uang..;Aminnn;No Online Gambling Promotion
WKeaMkkYTXQ;#pov : kalau berhasil jawab pertanyaan kamu bakal dapat uang..;Amin ya Rabbal Alamin;No Online Gambling Promotion
WKeaMkkYTXQ;#pov : kalau berhasil jawab pertanyaan kamu bakal dapat uang..;Amin;No Online Gambling Promotion
WKeaMkkYTXQ;#pov : kalau berhasil jawab pertanyaan kamu bakal dapat uang..;ah suara imut wkkwkwk;No Online Gambling Promotion
WKeaMkkYTXQ;#pov : kalau berhasil jawab pertanyaan kamu bakal dapat uang..;077796;No Online Gambling Promotion
WKeaMkkYTXQ;#pov : kalau berhasil jawab pertanyaan kamu bakal dapat uang..;Aminn;No Online Gambling Promotion
WKeaMkkYTXQ;#pov : kalau berhasil jawab pertanyaan kamu bakal dapat uang..;Lucu;No Online Gambling Promotion
WKeaMkkYTXQ;#pov : kalau berhasil jawab pertanyaan kamu bakal dapat uang..;Amin;No Online Gambling Promotion
WKeaMkkYTXQ;#pov : kalau berhasil jawab pertanyaan kamu bakal dapat uang..;astaghfirullah suara tikus;No Online Gambling Promotion
WKeaMkkYTXQ;#pov : kalau berhasil jawab pertanyaan kamu bakal dapat uang..;Pas akirnya teriakanya kaya uuaa;No Online Gambling Promotion
WKeaMkkYTXQ;#pov : kalau berhasil jawab pertanyaan kamu bakal dapat uang..;Ketawanya kayak;No Online Gambling Promotion
WKeaMkkYTXQ;#pov : kalau berhasil jawab pertanyaan kamu bakal dapat uang..;Jchhdh;No Online Gambling Promotion
WKeaMkkYTXQ;#pov : kalau berhasil jawab pertanyaan kamu bakal dapat uang..;Kak kaka teman gak youtuber gak;No Online Gambling Promotion
WKeaMkkYTXQ;#pov : kalau berhasil jawab pertanyaan kamu bakal dapat uang..;Vino tu nama gua;No Online Gambling Promotion
WKeaMkkYTXQ;#pov : kalau berhasil jawab pertanyaan kamu bakal dapat uang..;Amin ya rabbal alamin;No Online Gambling Promotion
WKeaMkkYTXQ;#pov : kalau berhasil jawab pertanyaan kamu bakal dapat uang..;Ren terkeren keren;No Online Gambling Promotion
WKeaMkkYTXQ;#pov : kalau berhasil jawab pertanyaan kamu bakal dapat uang..;suara terakhirnya ngakak;No Online Gambling Promotion
WKeaMkkYTXQ;#pov : kalau berhasil jawab pertanyaan kamu bakal dapat uang..;aja;No Online Gambling Promotion
WKeaMkkYTXQ;#pov : kalau berhasil jawab pertanyaan kamu bakal dapat uang..;Amin;No Online Gambling Promotion
WKeaMkkYTXQ;#pov : kalau berhasil jawab pertanyaan kamu bakal dapat uang..;Suara teriaknya curut;No Online Gambling Promotion
WKeaMkkYTXQ;#pov : kalau berhasil jawab pertanyaan kamu bakal dapat uang..;Aminn;No Online Gambling Promotion
WKeaMkkYTXQ;#pov : kalau berhasil jawab pertanyaan kamu bakal dapat uang..;Beneran hihihihihihi;No Online Gambling Promotion
WKeaMkkYTXQ;#pov : kalau berhasil jawab pertanyaan kamu bakal dapat uang..;Aamiin;No Online Gambling Promotion
WKeaMkkYTXQ;#pov : kalau berhasil jawab pertanyaan kamu bakal dapat uang..;Kasian yah gays kasian ngumpul;No Online Gambling Promotion
WKeaMkkYTXQ;#pov : kalau berhasil jawab pertanyaan kamu bakal dapat uang..;Amin;No Online Gambling Promotion
WKeaMkkYTXQ;#pov : kalau berhasil jawab pertanyaan kamu bakal dapat uang..;AMIN kak ten;No Online Gambling Promotion
WKeaMkkYTXQ;#pov : kalau berhasil jawab pertanyaan kamu bakal dapat uang..;Aku lihat nama nya nama kuvino;No Online Gambling Promotion
WKeaMkkYTXQ;#pov : kalau berhasil jawab pertanyaan kamu bakal dapat uang..;Amin ya rabbal Alamin;No Online Gambling Promotion
WKeaMkkYTXQ;#pov : kalau berhasil jawab pertanyaan kamu bakal dapat uang..;Hai;No Online Gambling Promotion
WKeaMkkYTXQ;#pov : kalau berhasil jawab pertanyaan kamu bakal dapat uang..;Si ren culun banget;No Online Gambling Promotion
WKeaMkkYTXQ;#pov : kalau berhasil jawab pertanyaan kamu bakal dapat uang..;Aamiin;No Online Gambling Promotion
WKeaMkkYTXQ;#pov : kalau berhasil jawab pertanyaan kamu bakal dapat uang..;Amin;No Online Gambling Promotion
WKeaMkkYTXQ;#pov : kalau berhasil jawab pertanyaan kamu bakal dapat uang..;Anjir nama gua coy vinoo;No Online Gambling Promotion
WKeaMkkYTXQ;#pov : kalau berhasil jawab pertanyaan kamu bakal dapat uang..;Yang;No Online Gambling Promotion
WKeaMkkYTXQ;#pov : kalau berhasil jawab pertanyaan kamu bakal dapat uang..;Aminn yaallah Kak Karen lucu banget pas teriak nya lucu;No Online Gambling Promotion
WKeaMkkYTXQ;#pov : kalau berhasil jawab pertanyaan kamu bakal dapat uang..;Lah HAA nya ngakak;No Online Gambling Promotion
WKeaMkkYTXQ;#pov : kalau berhasil jawab pertanyaan kamu bakal dapat uang..;77;No Online Gambling Promotion
WKeaMkkYTXQ;#pov : kalau berhasil jawab pertanyaan kamu bakal dapat uang..;Qaqaqaqaqaqaqaq;No Online Gambling Promotion
WKeaMkkYTXQ;#pov : kalau berhasil jawab pertanyaan kamu bakal dapat uang..;M l l;No Online Gambling Promotion
WKeaMkkYTXQ;#pov : kalau berhasil jawab pertanyaan kamu bakal dapat uang..;Gw kak ren Islam kah;No Online Gambling Promotion
WKeaMkkYTXQ;#pov : kalau berhasil jawab pertanyaan kamu bakal dapat uang..;lucu;No Online Gambling Promotion
WKeaMkkYTXQ;#pov : kalau berhasil jawab pertanyaan kamu bakal dapat uang..;Hai kak KarenLorenza;No Online Gambling Promotion
WKeaMkkYTXQ;#pov : kalau berhasil jawab pertanyaan kamu bakal dapat uang..;aminn;No Online Gambling Promotion
WKeaMkkYTXQ;#pov : kalau berhasil jawab pertanyaan kamu bakal dapat uang..;Amin;No Online Gambling Promotion
WKeaMkkYTXQ;#pov : kalau berhasil jawab pertanyaan kamu bakal dapat uang..;Ehh pas pas bilang ha Lucu bangett ahahahahah;No Online Gambling Promotion
WKeaMkkYTXQ;#pov : kalau berhasil jawab pertanyaan kamu bakal dapat uang..;Fida;No Online Gambling Promotion
WKeaMkkYTXQ;#pov : kalau berhasil jawab pertanyaan kamu bakal dapat uang..;Fida;No Online Gambling Promotion
WKeaMkkYTXQ;#pov : kalau berhasil jawab pertanyaan kamu bakal dapat uang..;Bukannya manusia hidung Sejak manusia hidung;No Online Gambling Promotion
WKeaMkkYTXQ;#pov : kalau berhasil jawab pertanyaan kamu bakal dapat uang..;KK Jabi Anak;No Online Gambling Promotion
WKeaMkkYTXQ;#pov : kalau berhasil jawab pertanyaan kamu bakal dapat uang..;Kak udah subscribe;No Online Gambling Promotion
WKeaMkkYTXQ;#pov : kalau berhasil jawab pertanyaan kamu bakal dapat uang..;Nama papanya kayak nama;No Online Gambling Promotion
WKeaMkkYTXQ;#pov : kalau berhasil jawab pertanyaan kamu bakal dapat uang..;Pas teriaknya ngakak banget;No Online Gambling Promotion
WKeaMkkYTXQ;#pov : kalau berhasil jawab pertanyaan kamu bakal dapat uang..;Amin ya rabbal alamin;No Online Gambling Promotion
WKeaMkkYTXQ;#pov : kalau berhasil jawab pertanyaan kamu bakal dapat uang..;Kak nama vino;No Online Gambling Promotion
WKeaMkkYTXQ;#pov : kalau berhasil jawab pertanyaan kamu bakal dapat uang..;Amin;No Online Gambling Promotion
WKeaMkkYTXQ;#pov : kalau berhasil jawab pertanyaan kamu bakal dapat uang..;Hallo ka renmakin cantik aja nih;No Online Gambling Promotion
WKeaMkkYTXQ;#pov : kalau berhasil jawab pertanyaan kamu bakal dapat uang..;Rteutrtt6y;No Online Gambling Promotion
WKeaMkkYTXQ;#pov : kalau berhasil jawab pertanyaan kamu bakal dapat uang..;Baru tau hiu rhincodon Dan tau megalodon udah punah;No Online Gambling Promotion
WKeaMkkYTXQ;#pov : kalau berhasil jawab pertanyaan kamu bakal dapat uang..;Kakk rennnrhincodonnn;Online Gambling Promotion
WKeaMkkYTXQ;#pov : kalau berhasil jawab pertanyaan kamu bakal dapat uang..;Selamat menunaikan ibadah puasa kak karen;No Online Gambling Promotion
WKeaMkkYTXQ;#pov : kalau berhasil jawab pertanyaan kamu bakal dapat uang..;Amiinn ya Allah;No Online Gambling Promotion
WKeaMkkYTXQ;#pov : kalau berhasil jawab pertanyaan kamu bakal dapat uang..;Ren terkerenbkeren;No Online Gambling Promotion
WKeaMkkYTXQ;#pov : kalau berhasil jawab pertanyaan kamu bakal dapat uang..;Selamat Ramadhan kak Ren;No Online Gambling Promotion
WKeaMkkYTXQ;#pov : kalau berhasil jawab pertanyaan kamu bakal dapat uang..;Amin;No Online Gambling Promotion
WKeaMkkYTXQ;#pov : kalau berhasil jawab pertanyaan kamu bakal dapat uang..;Siapa puasa;No Online Gambling Promotion
WKeaMkkYTXQ;#pov : kalau berhasil jawab pertanyaan kamu bakal dapat uang..;SE mm;No Online Gambling Promotion
WKeaMkkYTXQ;#pov : kalau berhasil jawab pertanyaan kamu bakal dapat uang..;Pernyataan gampang bgt susah kek;No Online Gambling Promotion
WKeaMkkYTXQ;#pov : kalau berhasil jawab pertanyaan kamu bakal dapat uang..;Semangat kak subscriber;No Online Gambling Promotion
WKeaMkkYTXQ;#pov : kalau berhasil jawab pertanyaan kamu bakal dapat uang..;amin;No Online Gambling Promotion
WKeaMkkYTXQ;#pov : kalau berhasil jawab pertanyaan kamu bakal dapat uang..;Amin;No Online Gambling Promotion
WKeaMkkYTXQ;#pov : kalau berhasil jawab pertanyaan kamu bakal dapat uang..;Amin;No Online Gambling Promotion
WKeaMkkYTXQ;#pov : kalau berhasil jawab pertanyaan kamu bakal dapat uang..;Kk knp slalu tukar Btw semoga masuk surga;No Online Gambling Promotion
WKeaMkkYTXQ;#pov : kalau berhasil jawab pertanyaan kamu bakal dapat uang..;Amin yarobal alamin;No Online Gambling Promotion
WKeaMkkYTXQ;#pov : kalau berhasil jawab pertanyaan kamu bakal dapat uang..;Aku sayang Allah swt tanda 1 2 3 4 Ya allah swt ampunilah dosa dosa keluarga ku allah;No Online Gambling Promotion
WKeaMkkYTXQ;#pov : kalau berhasil jawab pertanyaan kamu bakal dapat uang..;Kak ren cantik ya;No Online Gambling Promotion
WKeaMkkYTXQ;#pov : kalau berhasil jawab pertanyaan kamu bakal dapat uang..;Amin;No Online Gambling Promotion
WKeaMkkYTXQ;#pov : kalau berhasil jawab pertanyaan kamu bakal dapat uang..;Kakak gak puasa kak;No Online Gambling Promotion
WKeaMkkYTXQ;#pov : kalau berhasil jawab pertanyaan kamu bakal dapat uang..;Kakak menikah;No Online Gambling Promotion
WKeaMkkYTXQ;#pov : kalau berhasil jawab pertanyaan kamu bakal dapat uang..;IlIIIIIlllII;No Online Gambling Promotion
WKeaMkkYTXQ;#pov : kalau berhasil jawab pertanyaan kamu bakal dapat uang..;Aamiin;No Online Gambling Promotion
WKeaMkkYTXQ;#pov : kalau berhasil jawab pertanyaan kamu bakal dapat uang..;Kak ren pintar bgt;No Online Gambling Promotion
WKeaMkkYTXQ;#pov : kalau berhasil jawab pertanyaan kamu bakal dapat uang..;Keren wajah lala;No Online Gambling Promotion
WKeaMkkYTXQ;#pov : kalau berhasil jawab pertanyaan kamu bakal dapat uang..;Amin;No Online Gambling Promotion
WKeaMkkYTXQ;#pov : kalau berhasil jawab pertanyaan kamu bakal dapat uang..;puasaaa;No Online Gambling Promotion
WKeaMkkYTXQ;#pov : kalau berhasil jawab pertanyaan kamu bakal dapat uang..;Ami;No Online Gambling Promotion
WKeaMkkYTXQ;#pov : kalau berhasil jawab pertanyaan kamu bakal dapat uang..;Kak ren cantik banget lee 15 like nya 792,792 like-nya;No Online Gambling Promotion
WKeaMkkYTXQ;#pov : kalau berhasil jawab pertanyaan kamu bakal dapat uang..;Pas teriaknya lucu;No Online Gambling Promotion
WKeaMkkYTXQ;#pov : kalau berhasil jawab pertanyaan kamu bakal dapat uang..;Ren terkeren keren;No Online Gambling Promotion
WKeaMkkYTXQ;#pov : kalau berhasil jawab pertanyaan kamu bakal dapat uang..;ghhhhkch;No Online Gambling Promotion
WKeaMkkYTXQ;#pov : kalau berhasil jawab pertanyaan kamu bakal dapat uang..;Vino nama teman sekelas njir;No Online Gambling Promotion
WKeaMkkYTXQ;#pov : kalau berhasil jawab pertanyaan kamu bakal dapat uang..;Ke delapan;No Online Gambling Promotion
WKeaMkkYTXQ;#pov : kalau berhasil jawab pertanyaan kamu bakal dapat uang..;Eh salah;No Online Gambling Promotion
WKeaMkkYTXQ;#pov : kalau berhasil jawab pertanyaan kamu bakal dapat uang..;Pin kak kesatunih ka Aku udah like and subscribe,sudah like dan subscribe;No Online Gambling Promotion
WKeaMkkYTXQ;#pov : kalau berhasil jawab pertanyaan kamu bakal dapat uang..;Pertama;No Online Gambling Promotion
WKeaMkkYTXQ;#pov : kalau berhasil jawab pertanyaan kamu bakal dapat uang..;Kk rumah nya;No Online Gambling Promotion
WKeaMkkYTXQ;#pov : kalau berhasil jawab pertanyaan kamu bakal dapat uang..;Hi dek;No Online Gambling Promotion
qAIkM5_RUhY;SALMON JUMBO w/ @sebastiantedy;Ngakak video;No Online Gambling Promotion
qAIkM5_RUhY;SALMON JUMBO w/ @sebastiantedy;Ahir2 banget konten orang mbadok2 nguntal2 yg nongol scroll;No Online Gambling Promotion
qAIkM5_RUhY;SALMON JUMBO w/ @sebastiantedy;Sumpah puasa;No Online Gambling Promotion
qAIkM5_RUhY;SALMON JUMBO w/ @sebastiantedy;Lagi puasa lihatnya kepegen;No Online Gambling Promotion
qAIkM5_RUhY;SALMON JUMBO w/ @sebastiantedy;komen 1000;No Online Gambling Promotion
qAIkM5_RUhY;SALMON JUMBO w/ @sebastiantedy;1001;No Online Gambling Promotion
qAIkM5_RUhY;SALMON JUMBO w/ @sebastiantedy;Kok ga nasi nya;No Online Gambling Promotion
qAIkM5_RUhY;SALMON JUMBO w/ @sebastiantedy;Up Up Upaku coba bang gacir sltnya ya JPTOGEL77 pantes rame kali comment hahaha;Online Gambling Promotion
qAIkM5_RUhY;SALMON JUMBO w/ @sebastiantedy;makasihh bangeett temeenkuu udah kasih rekomend web JPTOGEL77 ga rungkad web sebela;Online Gambling Promotion
qAIkM5_RUhY;SALMON JUMBO w/ @sebastiantedy;gila JPTOGEL77 member kasi JP trus;Online Gambling Promotion
qAIkM5_RUhY;SALMON JUMBO w/ @sebastiantedy;JPTOGEL77 emang juara kepuasan bermain Cuan mengalir;Online Gambling Promotion
qAIkM5_RUhY;SALMON JUMBO w/ @sebastiantedy;Riwayat kalah ku situs sebelah cuman situs JPTOGEL77 penyelamat keuangan ku;Online Gambling Promotion
qAIkM5_RUhY;SALMON JUMBO w/ @sebastiantedy;gw main JPTOGEL77 sampe bikin 3 akun kirain rungkad salah eh wd mulu wkkwkwk;No Online Gambling Promotion
qAIkM5_RUhY;SALMON JUMBO w/ @sebastiantedy;Sudah situs yg ikuti satupun berhasil membuktikan kecuali JPTOGEL77;Online Gambling Promotion
qAIkM5_RUhY;SALMON JUMBO w/ @sebastiantedy;99;No Online Gambling Promotion
qAIkM5_RUhY;SALMON JUMBO w/ @sebastiantedy;2;Online Gambling Promotion
qAIkM5_RUhY;SALMON JUMBO w/ @sebastiantedy;1;Online Gambling Promotion
qAIkM5_RUhY;SALMON JUMBO w/ @sebastiantedy;Untung lewatnya malem;No Online Gambling Promotion
qAIkM5_RUhY;SALMON JUMBO w/ @sebastiantedy;mantaap;No Online Gambling Promotion
qAIkM5_RUhY;SALMON JUMBO w/ @sebastiantedy;anjay sigma;No Online Gambling Promotion
qAIkM5_RUhY;SALMON JUMBO w/ @sebastiantedy;We mokel;No Online Gambling Promotion
qAIkM5_RUhY;SALMON JUMBO w/ @sebastiantedy;Asthagfirullah puasa;No Online Gambling Promotion
qAIkM5_RUhY;SALMON JUMBO w/ @sebastiantedy;Yang puasa bulek v;No Online Gambling Promotion
qAIkM5_RUhY;SALMON JUMBO w/ @sebastiantedy;YAALAH puasa;No Online Gambling Promotion
qAIkM5_RUhY;SALMON JUMBO w/ @sebastiantedy;Kalo parasit gerak bang Sebastian;No Online Gambling Promotion
qAIkM5_RUhY;SALMON JUMBO w/ @sebastiantedy;Yg puasa be like;No Online Gambling Promotion
qAIkM5_RUhY;SALMON JUMBO w/ @sebastiantedy;Hai;No Online Gambling Promotion
qAIkM5_RUhY;SALMON JUMBO w/ @sebastiantedy;seribu;No Online Gambling Promotion
qAIkM5_RUhY;SALMON JUMBO w/ @sebastiantedy;Sebastian kalo ngomong nyebut onigiri takoyaki njir;No Online Gambling Promotion
qAIkM5_RUhY;SALMON JUMBO w/ @sebastiantedy;Beli salmonnya dimana bang;No Online Gambling Promotion
qAIkM5_RUhY;SALMON JUMBO w/ @sebastiantedy;Wih Collab nih;No Online Gambling Promotion
qAIkM5_RUhY;SALMON JUMBO w/ @sebastiantedy;Sebastiantedy sigma Jawline nya Tajam gara gara Makan matcha;No Online Gambling Promotion
qAIkM5_RUhY;SALMON JUMBO w/ @sebastiantedy;Bas nganggap parasit;No Online Gambling Promotion
qAIkM5_RUhY;SALMON JUMBO w/ @sebastiantedy;Hmmmm dahla sahur jumpa vidio ni ba;No Online Gambling Promotion
qAIkM5_RUhY;SALMON JUMBO w/ @sebastiantedy;Kak ajak makan salon nggak makan salon kak,tetapi tidak makan salon, Kak;No Online Gambling Promotion
qAIkM5_RUhY;SALMON JUMBO w/ @sebastiantedy;Puasa bg;No Online Gambling Promotion
qAIkM5_RUhY;SALMON JUMBO w/ @sebastiantedy;godaan ramadhan;No Online Gambling Promotion
qAIkM5_RUhY;SALMON JUMBO w/ @sebastiantedy;Auto subscribe;No Online Gambling Promotion
qAIkM5_RUhY;SALMON JUMBO w/ @sebastiantedy;Anjir guapuasa;No Online Gambling Promotion
qAIkM5_RUhY;SALMON JUMBO w/ @sebastiantedy;Mukbang Mulu woi;No Online Gambling Promotion
qAIkM5_RUhY;SALMON JUMBO w/ @sebastiantedy;Semua lihat vidio nyaaa;No Online Gambling Promotion
qAIkM5_RUhY;SALMON JUMBO w/ @sebastiantedy;Yg puasa bi likekapan buka puasa woi udh liat vidio kek gini,telah melihat video ini ;No Online Gambling Promotion
qAIkM5_RUhY;SALMON JUMBO w/ @sebastiantedy;Sebastian tedy sigma;No Online Gambling Promotion
qAIkM5_RUhY;SALMON JUMBO w/ @sebastiantedy;Bang coba makan ikan lele,coba makan ikan lele;No Online Gambling Promotion
qAIkM5_RUhY;SALMON JUMBO w/ @sebastiantedy;Widihhh collab nih;No Online Gambling Promotion
qAIkM5_RUhY;SALMON JUMBO w/ @sebastiantedy;Nice pas udah buka puasa;No Online Gambling Promotion
qAIkM5_RUhY;SALMON JUMBO w/ @sebastiantedy;Koh sebas Collab nih Apakah Collab bareng tanboykun makan pedes;No Online Gambling Promotion
qAIkM5_RUhY;SALMON JUMBO w/ @sebastiantedy;aaaaa akuuuu laparrrrrr;No Online Gambling Promotion
qAIkM5_RUhY;SALMON JUMBO w/ @sebastiantedy;Juragan macha coleb;No Online Gambling Promotion
qAIkM5_RUhY;SALMON JUMBO w/ @sebastiantedy;Yeyyy;No Online Gambling Promotion
qAIkM5_RUhY;SALMON JUMBO w/ @sebastiantedy;1000;No Online Gambling Promotion
qAIkM5_RUhY;SALMON JUMBO w/ @sebastiantedy;99;No Online Gambling Promotion
qAIkM5_RUhY;SALMON JUMBO w/ @sebastiantedy;98;No Online Gambling Promotion
qAIkM5_RUhY;SALMON JUMBO w/ @sebastiantedy;AKHIRNYA YG DITUNGGU TUNGGU DATANG JUGA;No Online Gambling Promotion
qAIkM5_RUhY;SALMON JUMBO w/ @sebastiantedy;Mantappp;No Online Gambling Promotion
qAIkM5_RUhY;SALMON JUMBO w/ @sebastiantedy;sebastian gk suka seafood kalo gk salah nya amiss suka matcha kalo matcha mata nya bastian langsung jreng,kalo gk salah nya amiss suka matcha, kalo matcha mata nya Bastian langsung jreng;No Online Gambling Promotion
qAIkM5_RUhY;SALMON JUMBO w/ @sebastiantedy;puasa woi puasa;No Online Gambling Promotion
qAIkM5_RUhY;SALMON JUMBO w/ @sebastiantedy;bas gigi mu keliatan ku ning;No Online Gambling Promotion
qAIkM5_RUhY;SALMON JUMBO w/ @sebastiantedy;rakus gak lihat pinggir jalan kasihan ngak cari uang makanan bersukur,kasihan ngak cari uang makanan bersukur;No Online Gambling Promotion
qAIkM5_RUhY;SALMON JUMBO w/ @sebastiantedy;Godaan puasa;No Online Gambling Promotion
qAIkM5_RUhY;SALMON JUMBO w/ @sebastiantedy;sebastiantedy;No Online Gambling Promotion
qAIkM5_RUhY;SALMON JUMBO w/ @sebastiantedy;WoW GUA SUKA BANGET SALMON;No Online Gambling Promotion
qAIkM5_RUhY;SALMON JUMBO w/ @sebastiantedy;Buset puasa fyp nya mubang aihh;No Online Gambling Promotion
qAIkM5_RUhY;SALMON JUMBO w/ @sebastiantedy;BULAN PUASAmalah mukbang;No Online Gambling Promotion
qAIkM5_RUhY;SALMON JUMBO w/ @sebastiantedy;Bang lo puasa ngeliatnya pingin buka jam 1433 bukanya jam 1800 garagara pingin mokel;No Online Gambling Promotion
qAIkM5_RUhY;SALMON JUMBO w/ @sebastiantedy;Itu kek nya cacing deh bg;No Online Gambling Promotion
qAIkM5_RUhY;SALMON JUMBO w/ @sebastiantedy;Puasawoiiiiiiiiiiiiiiiiii;No Online Gambling Promotion
qAIkM5_RUhY;SALMON JUMBO w/ @sebastiantedy;Aduh lapar;No Online Gambling Promotion
qAIkM5_RUhY;SALMON JUMBO w/ @sebastiantedy;Haii SebastianTedy subscriber kamuu konten gak makan 12 jam pls;No Online Gambling Promotion
qAIkM5_RUhY;SALMON JUMBO w/ @sebastiantedy;ya Allah ye dukagaan puasa;No Online Gambling Promotion
qAIkM5_RUhY;SALMON JUMBO w/ @sebastiantedy;Harusnya dicuci takut parasit parasit nya warna orange tersamarkan;No Online Gambling Promotion
qAIkM5_RUhY;SALMON JUMBO w/ @sebastiantedy;Iya Bulan Puasa Mukbang Mulu;No Online Gambling Promotion
qAIkM5_RUhY;SALMON JUMBO w/ @sebastiantedy;Lewatnya pas Ramadhan;No Online Gambling Promotion
qAIkM5_RUhY;SALMON JUMBO w/ @sebastiantedy;Gue basti;No Online Gambling Promotion
qAIkM5_RUhY;SALMON JUMBO w/ @sebastiantedy;puasa beranda gw;No Online Gambling Promotion
qAIkM5_RUhY;SALMON JUMBO w/ @sebastiantedy;sebastiantedy;No Online Gambling Promotion
qAIkM5_RUhY;SALMON JUMBO w/ @sebastiantedy;Salmon halal GK bg;No Online Gambling Promotion
qAIkM5_RUhY;SALMON JUMBO w/ @sebastiantedy;Godaan puasa;No Online Gambling Promotion
qAIkM5_RUhY;SALMON JUMBO w/ @sebastiantedy;Gk puasa;No Online Gambling Promotion
qAIkM5_RUhY;SALMON JUMBO w/ @sebastiantedy;Ganggu orang ber puasa;No Online Gambling Promotion
qAIkM5_RUhY;SALMON JUMBO w/ @sebastiantedy;Lu ngak puasa bangg;No Online Gambling Promotion
qAIkM5_RUhY;SALMON JUMBO w/ @sebastiantedy;Arek surabaya nyimak;No Online Gambling Promotion
qAIkM5_RUhY;SALMON JUMBO w/ @sebastiantedy;bro gua expect jir ni orang collab,gua expect jir ini orang collab;No Online Gambling Promotion
qAIkM5_RUhY;SALMON JUMBO w/ @sebastiantedy;Ee orang puasa anjir makan;No Online Gambling Promotion
qAIkM5_RUhY;SALMON JUMBO w/ @sebastiantedy;Laper gw;No Online Gambling Promotion
qAIkM5_RUhY;SALMON JUMBO w/ @sebastiantedy;Loooo gak puasata,gak puasa ta;No Online Gambling Promotion
qAIkM5_RUhY;SALMON JUMBO w/ @sebastiantedy;Tolong gua lapar Mana gua puasa;No Online Gambling Promotion
qAIkM5_RUhY;SALMON JUMBO w/ @sebastiantedy;Masya allah mengoda;No Online Gambling Promotion
qAIkM5_RUhY;SALMON JUMBO w/ @sebastiantedy;maaf bg puasa;No Online Gambling Promotion
qAIkM5_RUhY;SALMON JUMBO w/ @sebastiantedy;Gak puasa;No Online Gambling Promotion
qAIkM5_RUhY;SALMON JUMBO w/ @sebastiantedy;gw mual anjir;No Online Gambling Promotion
qAIkM5_RUhY;SALMON JUMBO w/ @sebastiantedy;Colab;No Online Gambling Promotion
qAIkM5_RUhY;SALMON JUMBO w/ @sebastiantedy;Cacing;No Online Gambling Promotion
qAIkM5_RUhY;SALMON JUMBO w/ @sebastiantedy;collabbb lagiii banggggg;No Online Gambling Promotion
qAIkM5_RUhY;SALMON JUMBO w/ @sebastiantedy;Yang puasa gak nonton;No Online Gambling Promotion
qAIkM5_RUhY;SALMON JUMBO w/ @sebastiantedy;TIBA TIBA DISINI BASTIEE;No Online Gambling Promotion
qAIkM5_RUhY;SALMON JUMBO w/ @sebastiantedy;Yah laper;No Online Gambling Promotion
qAIkM5_RUhY;SALMON JUMBO w/ @sebastiantedy;Kapan buka puasa;No Online Gambling Promotion
qAIkM5_RUhY;SALMON JUMBO w/ @sebastiantedy;Gk puasa;No Online Gambling Promotion
qAIkM5_RUhY;SALMON JUMBO w/ @sebastiantedy;Anjay Sebastian;No Online Gambling Promotion
qAIkM5_RUhY;SALMON JUMBO w/ @sebastiantedy;Sumpah gak mimpi puasa woi buka nya,buka nya;No Online Gambling Promotion
qAIkM5_RUhY;SALMON JUMBO w/ @sebastiantedy;Gak puasa mokel bolong puasanya hei;No Online Gambling Promotion
qAIkM5_RUhY;SALMON JUMBO w/ @sebastiantedy;Yang basties komen lapet;No Online Gambling Promotion
qAIkM5_RUhY;SALMON JUMBO w/ @sebastiantedy;Bang lu Ng puwsak k;No Online Gambling Promotion
qAIkM5_RUhY;SALMON JUMBO w/ @sebastiantedy;Aku bastian wkwkwkwkwk;No Online Gambling Promotion
qAIkM5_RUhY;SALMON JUMBO w/ @sebastiantedy;Menunggu part 2;No Online Gambling Promotion
qAIkM5_RUhY;SALMON JUMBO w/ @sebastiantedy;Bg coba makan tuna pliss;No Online Gambling Promotion
qAIkM5_RUhY;SALMON JUMBO w/ @sebastiantedy;YAAMPUN lucu;No Online Gambling Promotion
qAIkM5_RUhY;SALMON JUMBO w/ @sebastiantedy;Lebih norak ga seh bas;No Online Gambling Promotion
qAIkM5_RUhY;SALMON JUMBO w/ @sebastiantedy;Anjay chindo jawa pelit penuh sigma kwkwk;No Online Gambling Promotion
qAIkM5_RUhY;SALMON JUMBO w/ @sebastiantedy;Abang suka salmon ya;No Online Gambling Promotion
qAIkM5_RUhY;SALMON JUMBO w/ @sebastiantedy;Woyy puasa ngapain munculll;No Online Gambling Promotion
qAIkM5_RUhY;SALMON JUMBO w/ @sebastiantedy;Pov puasa terjumpa video tengok habis;No Online Gambling Promotion
qAIkM5_RUhY;SALMON JUMBO w/ @sebastiantedy;Wih ko Sebastian;No Online Gambling Promotion
qAIkM5_RUhY;SALMON JUMBO w/ @sebastiantedy;Jptogel77 100 no gacor 100 duit ambil 100 hidup amburadul promosiin berotak muzan;Online Gambling Promotion
qAIkM5_RUhY;SALMON JUMBO w/ @sebastiantedy;Bang plis puasa ngegoda;No Online Gambling Promotion
qAIkM5_RUhY;SALMON JUMBO w/ @sebastiantedy;salmon fresto kukus makan potong aja gak habis mentah sih;No Online Gambling Promotion
qAIkM5_RUhY;SALMON JUMBO w/ @sebastiantedy;Bang naya makanan nya nya HALAL gak;No Online Gambling Promotion
qAIkM5_RUhY;SALMON JUMBO w/ @sebastiantedy;Bang coba puasa;No Online Gambling Promotion
qAIkM5_RUhY;SALMON JUMBO w/ @sebastiantedy;gk puasa bg;No Online Gambling Promotion
qAIkM5_RUhY;SALMON JUMBO w/ @sebastiantedy;gk kereta termahal sebestian;No Online Gambling Promotion
qAIkM5_RUhY;SALMON JUMBO w/ @sebastiantedy;Kalihatan nya enak;No Online Gambling Promotion
qAIkM5_RUhY;SALMON JUMBO w/ @sebastiantedy;Konten rusuh;No Online Gambling Promotion
qAIkM5_RUhY;SALMON JUMBO w/ @sebastiantedy;Ay wait TAK PUASA;No Online Gambling Promotion
qAIkM5_RUhY;SALMON JUMBO w/ @sebastiantedy;SINKAT padat colab ama bastian;No Online Gambling Promotion
qAIkM5_RUhY;SALMON JUMBO w/ @sebastiantedy;Sekarang bastie collab sm chanel org chanel jarang collab,Jarang collab;No Online Gambling Promotion
qAIkM5_RUhY;SALMON JUMBO w/ @sebastiantedy;Puasa cok laper;No Online Gambling Promotion
qAIkM5_RUhY;SALMON JUMBO w/ @sebastiantedy;Bang part 2 mn;No Online Gambling Promotion
qAIkM5_RUhY;SALMON JUMBO w/ @sebastiantedy;Aku puasa bang;No Online Gambling Promotion
qAIkM5_RUhY;SALMON JUMBO w/ @sebastiantedy;Kacau gak puasa;No Online Gambling Promotion
qAIkM5_RUhY;SALMON JUMBO w/ @sebastiantedy;Sebas ganteng jir;No Online Gambling Promotion
qAIkM5_RUhY;SALMON JUMBO w/ @sebastiantedy;Part 2 bangg;No Online Gambling Promotion
qAIkM5_RUhY;SALMON JUMBO w/ @sebastiantedy;aja bro gw main jptogel77 bener ngasih menang ga kyk situs nyedot,saya main judi slot jptogel77 benar-benar menang, tidak akan saya ke situs yang terdorong;Online Gambling Promotion
qAIkM5_RUhY;SALMON JUMBO w/ @sebastiantedy;Alhamdulillah rezeki lancar jaya berkat J P T O G E L 77;Online Gambling Promotion
qAIkM5_RUhY;SALMON JUMBO w/ @sebastiantedy;Modal receh hasil lumer mantap kali JPTOGEL77 sensasi maxwn berulang brooo kali nemu web seqacor chek langsung deh webbnya dp wd gesit prosesnya;Online Gambling Promotion
qAIkM5_RUhY;SALMON JUMBO w/ @sebastiantedy;SUPER MANTAP INI LINKTERBAIK PALING MANTAP DENGAN RTP DI ATAS 98WINRATE MEMBER BARU 99 BAGUS BANGET SEMOGA AJA BISA NULAR SAMA PELAYER LAINCARI DI GOOGLE JPTOGEL77;Online Gambling Promotion
qAIkM5_RUhY;SALMON JUMBO w/ @sebastiantedy;Saya mimpi bos J P T O G E L 77;No Online Gambling Promotion
qAIkM5_RUhY;SALMON JUMBO w/ @sebastiantedy;JPTOGEL77 gua coba bentar saldo langsung 2x lipat;Online Gambling Promotion
qAIkM5_RUhY;SALMON JUMBO w/ @sebastiantedy;mantap gua cobain gampang dapatin sketernya Udh gitu dapatin sketer isinya tau nama nya nih coba cari google JPTOGEL77 dijiamin nagih,gua cobain gampang dapat sketernya udh gitu dapat sketernya isinya tau nama nya nih coba cari google jptogel77 dijamin nagih;Online Gambling Promotion
qAIkM5_RUhY;SALMON JUMBO w/ @sebastiantedy;giliran mukbang isinya puasa;No Online Gambling Promotion
qAIkM5_RUhY;SALMON JUMBO w/ @sebastiantedy;Iseng cuman coba depo receh situs JPTOGEL77 klau seandainya depo nggak kebayang mantap situs JPTOGEL77 langsung gas aja bro rasakan dimanjain ni BO,kalau seandainya deposit tidak kebayang mampu situs JPTOGEL77 langsung gacor aja bro rasakan dimanjain ni BO;Online Gambling Promotion
qAIkM5_RUhY;SALMON JUMBO w/ @sebastiantedy;Waduh menang gue SCBD belanja pake duit kemenangan J P TO G E L 7 7 uang trakhirnemu situs barualhamdulilah d ksih jepe ngab;No Online Gambling Promotion
qAIkM5_RUhY;SALMON JUMBO w/ @sebastiantedy;udah gw coba bro bagus main JPTOGEL77 patut dibanggakan profitnya,bro bagus main JPTOGEL77, patut dibanggakan profitnya;Online Gambling Promotion
qAIkM5_RUhY;SALMON JUMBO w/ @sebastiantedy;asyik abang J P TO G E L 7 7 anjir terkejut kasih kemenangan kali menciptakan pas meleset;No Online Gambling Promotion
qAIkM5_RUhY;SALMON JUMBO w/ @sebastiantedy;setia bro main jptogel77 udah ratusan situs bandingin tetep enak jptogel77,sudah ratusan situs bermain, tetep enak jptogel77;Online Gambling Promotion
qAIkM5_RUhY;SALMON JUMBO w/ @sebastiantedy;Main santai jptogel77 hasilnya bikin senyum lebar Terima kasih;Online Gambling Promotion
qAIkM5_RUhY;SALMON JUMBO w/ @sebastiantedy;JPTOGEL77 gampang banget dapet hasil gede gk ribet;Online Gambling Promotion
qAIkM5_RUhY;SALMON JUMBO w/ @sebastiantedy;main jptogel77 bro enak banget gampang jp;Online Gambling Promotion
qAIkM5_RUhY;SALMON JUMBO w/ @sebastiantedy;gw aja main JPTOGEL77 x100 kuy mabar biar cuan bang sore mantappp rekomend banget pokok nya situs broo;Online Gambling Promotion
qAIkM5_RUhY;SALMON JUMBO w/ @sebastiantedy;mantap main udah dikasih menang aja JPTOGEL77 modal receh wd haha;Online Gambling Promotion
qAIkM5_RUhY;SALMON JUMBO w/ @sebastiantedy;coba cari J P T O G E L 77 Mantap bosku makasih uda kasih saran main situs wd ku allhamdulliah lancar main;Online Gambling Promotion
qAIkM5_RUhY;SALMON JUMBO w/ @sebastiantedy;udah 5 gua main kali temu situs beneran gampang jp enak banget JPTOGEL77 bro;Online Gambling Promotion
qAIkM5_RUhY;SALMON JUMBO w/ @sebastiantedy;modal halus jp paus J P TO G E L 7 7 untung gw kasi tau sodara gak sih gw masi maen sedot wc makasih J P TO G E L 7 7 jajannya;Online Gambling Promotion
qAIkM5_RUhY;SALMON JUMBO w/ @sebastiantedy;ga nyesel emang maen JPTOGEL77 enak bgt scatternya scaternya berisi manteplah JPTOGEL77;Online Gambling Promotion
qAIkM5_RUhY;SALMON JUMBO w/ @sebastiantedy;Tiap bingung cari cuan gk sengaja nemu s1tus jptogel77 iseng nyoba main eh kasih Jepe tipis2 cuan setia main jptogel77;Online Gambling Promotion
qAIkM5_RUhY;SALMON JUMBO w/ @sebastiantedy;jam segini main kakek jptogel77 bikin nagih lurr scatter nya gampang turun sketer perkalian nya konek;Online Gambling Promotion
qAIkM5_RUhY;SALMON JUMBO w/ @sebastiantedy;makasih banget loh JPTOGEL77 udah ngasih kesempatan ngerasain wd hasil maxwwin udh kunci akun ku gk wd;Online Gambling Promotion
qAIkM5_RUhY;SALMON JUMBO w/ @sebastiantedy;rngkad sempet putus asa sih main dapet referensi anak komunitas main JPTOGEL77 behhh semangat gw membara banget coy ngasi u google aja JPTOGEL77;Online Gambling Promotion
qAIkM5_RUhY;SALMON JUMBO w/ @sebastiantedy;1530 JPTOGEL77 Menang hadiahnya;Online Gambling Promotion
qAIkM5_RUhY;SALMON JUMBO w/ @sebastiantedy;nikmat ngopi sembari nyelot momen maxwin nya langsung full senyum makasih website JPTOGEL77 udh ngasih maxwin meningkat senang mainnya;Online Gambling Promotion
qAIkM5_RUhY;SALMON JUMBO w/ @sebastiantedy;WAJIB COBA DI SINI BOS SUPER GACCOOORR YANG TERBARUCOBA PAKE SERVER THAILAND SERVER LUAR YANG SAYA PAKE RTP NYA DI ATAS 98 TANPA HARUS BUY PETIR x100 x250 x500 SUDAH PASTI KELUAR GASSSS LANGSUNG SEMOGA HOKINYA NULAR YA ABANG CARI GOOGLE J P TO G E L 7 7;Online Gambling Promotion
qAIkM5_RUhY;SALMON JUMBO w/ @sebastiantedy;nyelot gak ribet MANTAB J P TO G E L 7 7 gak rugi kalo main main WD gak sampe maxwin modal gw 2x lipat gas;No Online Gambling Promotion
qAIkM5_RUhY;SALMON JUMBO w/ @sebastiantedy;Paling mantap cuman webb JPTOGEL77 member dimanjain kasih cuan;Online Gambling Promotion
qAIkM5_RUhY;SALMON JUMBO w/ @sebastiantedy;Penasaran cerita orang orang menang JPTOGEL77 coba langsung dapet rezeki;Online Gambling Promotion
qAIkM5_RUhY;SALMON JUMBO w/ @sebastiantedy;beraniin bUAt dposit situs JPTOGEL77 modal cekakdan negrasaain sensational nya ga rungkad main situs;Online Gambling Promotion
qAIkM5_RUhY;SALMON JUMBO w/ @sebastiantedy;jptogel77 ngan ukur Duit ngalir permainan seru ora aya istirahatna Layanan oke banget abdi recom duh euy;Online Gambling Promotion
qAIkM5_RUhY;SALMON JUMBO w/ @sebastiantedy;gokilll mantul kali jptogel77 makasih info gacorny kakak;Online Gambling Promotion
qAIkM5_RUhY;SALMON JUMBO w/ @sebastiantedy;asyik abang J P TO G E L 7 7 anjir terkejut kasih kemenangan kali menciptakan pas meleset;No Online Gambling Promotion
qAIkM5_RUhY;SALMON JUMBO w/ @sebastiantedy;khawatir Hal orang pikirkan pikirkan Hal dirimu JPTOGEL77 gk percaya sih cocok buktiin memanglah website gacornya,kami tidak percaya sih cocok bukti ini memanglah website gacor;No Online Gambling Promotion
qAIkM5_RUhY;SALMON JUMBO w/ @sebastiantedy;JPTOGEL77 tampil fitur;Online Gambling Promotion
qAIkM5_RUhY;SALMON JUMBO w/ @sebastiantedy;main disitus sebelah asik kalah depo semenjak kenal JPTOGEL77 lunas utang gw bre paten JPTOGEL77;Online Gambling Promotion
qAIkM5_RUhY;SALMON JUMBO w/ @sebastiantedy;percaya ama bro keluarga main jptogel77 banget JP dibanding situs;Online Gambling Promotion
qAIkM5_RUhY;SALMON JUMBO w/ @sebastiantedy;selamet alam memprihatinkan wkwk dorongan bermain JPTOGEL77 udah keuntungan game clam enventya astaga mantap memanglah lagak website nya bosskuu;Online Gambling Promotion
qAIkM5_RUhY;SALMON JUMBO w/ @sebastiantedy;Waduh menang gue SCBD belanja pake duit kemenangan jptogel77 uang trakhirnemu situs barualhamdulilah d ksih jepe ngab;No Online Gambling Promotion
qAIkM5_RUhY;SALMON JUMBO w/ @sebastiantedy;alus pisan jptogel77 wkwkwkw;Online Gambling Promotion
qAIkM5_RUhY;SALMON JUMBO w/ @sebastiantedy;aja nih isi saldo ku semenjak main JPTOGEL77 bawaan nya se4lalu hepy saldo jarang sesak nafas mantap matap nih situs nya,matap nih situs nya;Online Gambling Promotion
qAIkM5_RUhY;SALMON JUMBO w/ @sebastiantedy;JPTOGEL77 bikin main seru cuan gak berhenti mengalir event scater ZEUS;Online Gambling Promotion
qAIkM5_RUhY;SALMON JUMBO w/ @sebastiantedy;beres2 rumah nyepin pas dengar suaranya behhhhhh garang kaliii suara petirnya hahaha makasih ya JPTOGEL77;Online Gambling Promotion
qAIkM5_RUhY;SALMON JUMBO w/ @sebastiantedy;bersyukur gw ga ketipu janji manis situs emang real gampang JP cuman jptogel77,gampang JP cuman jptogel77;Online Gambling Promotion
qAIkM5_RUhY;SALMON JUMBO w/ @sebastiantedy;JPTOGEL77 bnrn gacor bre;Online Gambling Promotion
qAIkM5_RUhY;SALMON JUMBO w/ @sebastiantedy;coba cari JPTOGEL77 Mantap bosku makasih uda kasih saran main situs wd ku allhamdulliah lancar main;Online Gambling Promotion
qAIkM5_RUhY;SALMON JUMBO w/ @sebastiantedy;Cuma kasi masukan aja Bang main JPTOGEL77 main sportif g Rungkad dikasi menang,main JPTOGEL77 main sportif, g Rungkad dikasi menang;Online Gambling Promotion
qAIkM5_RUhY;SALMON JUMBO w/ @sebastiantedy;Coba main brooo member auto manjain web nya nama webnya MLNDALIKL77 nyoba eh nyangkut nih situs cari aja google MLNDALIKL77,member auto manjain web nya nama webnya MLNDALIKL77, nyoba eh nyangkut nih situs cari aja Google MLNDALIKL77;Online Gambling Promotion
qAIkM5_RUhY;SALMON JUMBO w/ @sebastiantedy;Makasih JPTOGEL77 withdraw dah landing secepat kilat gacornya kaleng kaleng;Online Gambling Promotion
qAIkM5_RUhY;SALMON JUMBO w/ @sebastiantedy;sipaling ADA Di mana2 cok JPTOGEL77 hduh;Online Gambling Promotion
qAIkM5_RUhY;SALMON JUMBO w/ @sebastiantedy;Kakak wedein sketer s1tusnya JPTOGEL77 max mantapnya id tuh JPTOGEL77 sepele sketer brader;Online Gambling Promotion
qAIkM5_RUhY;SALMON JUMBO w/ @sebastiantedy;gaji umr uang tambahan mah udah party malming wkwkkwkw makasih JPTOGEL77;Online Gambling Promotion
qAIkM5_RUhY;SALMON JUMBO w/ @sebastiantedy;Modal receh hasil lumer mantap kali JPTOGEL77 sensasi maxwln berulang brooo kali nemu web seqacor chek langsung deh webbnya dp wd gesit prosesnya;Online Gambling Promotion
qAIkM5_RUhY;SALMON JUMBO w/ @sebastiantedy;jptogel77 real tuh dah gw coba bnrn gacor;Online Gambling Promotion
qAIkM5_RUhY;SALMON JUMBO w/ @sebastiantedy;seneng bangun2 kumpulin nyawa main jptogel77 langsung dikasi wekwekwek;Online Gambling Promotion
qAIkM5_RUhY;SALMON JUMBO w/ @sebastiantedy;bnyk yg puas JPTOGEL77 emg bnrn gacor ya slotnya ya;Online Gambling Promotion
qAIkM5_RUhY;SALMON JUMBO w/ @sebastiantedy;blh coba jptogel77;Online Gambling Promotion
qAIkM5_RUhY;SALMON JUMBO w/ @sebastiantedy;aja gw coba jptogel77 semalam lumayan dpt 2jt;Online Gambling Promotion
qAIkM5_RUhY;SALMON JUMBO w/ @sebastiantedy;Tiap bingung cari cuan gk sengaja nemu s1tus JPTOGEL77 iseng nyoba main eh kasih Jepe tipis cuan setia main JPTOGEL77;Online Gambling Promotion
qAIkM5_RUhY;SALMON JUMBO w/ @sebastiantedy;Berbagi indah boss qu gw jg dpt komenkomen main JPTOGEL77 mantap,kw juga dapat komentar main JPTOGEL77 mantap;Online Gambling Promotion
qAIkM5_RUhY;SALMON JUMBO w/ @sebastiantedy;semoga jptogel77 sukses amin;Online Gambling Promotion
qAIkM5_RUhY;SALMON JUMBO w/ @sebastiantedy;DisiniJ P T O G E L 77 sanggat senang;No Online Gambling Promotion
qAIkM5_RUhY;SALMON JUMBO w/ @sebastiantedy;tengkiu bosku kasi teman2 setongkrongan traktiran makan minum bagus mudah mudahan meningkat berhasil J P TO G E L 7 7;Online Gambling Promotion
qAIkM5_RUhY;SALMON JUMBO w/ @sebastiantedy;menang gak dibayar nih langgana gua aja bro JPTOGEL77 mantap deh gw u main tenang hp bunyi mulu wkkw;Online Gambling Promotion
qAIkM5_RUhY;SALMON JUMBO w/ @sebastiantedy;ga nyesel emang maen JPTOGEL77 enak bgt scatternya scaternya berisi manteplah JPTOGEL77;Online Gambling Promotion
qAIkM5_RUhY;SALMON JUMBO w/ @sebastiantedy;main JPTOGEL77 aman2 jaya aja yah gua dikasi proses nariknya cepet maju bosku;Online Gambling Promotion
qAIkM5_RUhY;SALMON JUMBO w/ @sebastiantedy;Baru WD bang main situs terbaik tergacor nama situsnya JPTOGEL77 mantap mnya;Online Gambling Promotion
qAIkM5_RUhY;SALMON JUMBO w/ @sebastiantedy;Gas tu gan JPTOGEL77 zeusnya nya galak tu aja tu ngasi gw dikasi maxwin;Online Gambling Promotion
qAIkM5_RUhY;SALMON JUMBO w/ @sebastiantedy;Perasaan x deh nemu situs kayak JPTOGEL77 gak beli spin kasi gratis uda gitu dikasi Maxwin emg jos bgt ni JPTOGEL77 ga duanya deh;Online Gambling Promotion
qAIkM5_RUhY;SALMON JUMBO w/ @sebastiantedy;Mau daptr JPTOGEL77 bos ku;Online Gambling Promotion
qAIkM5_RUhY;SALMON JUMBO w/ @sebastiantedy;Bangun tidur ku ngeslt emang paten kali JPTOGEL77 nih apa2 udah maxwin kirain mimpi doang maxwin;Online Gambling Promotion
qAIkM5_RUhY;SALMON JUMBO w/ @sebastiantedy;pantes rame jptogel77 wkwkwkwkwk;Online Gambling Promotion
qAIkM5_RUhY;SALMON JUMBO w/ @sebastiantedy;makasih JPTOGEL77 udah ngebuat kemenangan perihal lazim gue;Online Gambling Promotion
qAIkM5_RUhY;SALMON JUMBO w/ @sebastiantedy;Ibarat pepatah gak kenal gak sayang silahkan coba bro main JPTOGEL77 rasakan main JPTOGEL77 maxwin bro,silahkan coba bro main JPTOGEL77 rasakan main JPTOGEL77 maxwin;Online Gambling Promotion
qAIkM5_RUhY;SALMON JUMBO w/ @sebastiantedy;Rezeki bikin optimis JPTOGEL77;Online Gambling Promotion
qAIkM5_RUhY;SALMON JUMBO w/ @sebastiantedy;Modal receh hasil lumer mantap kali JPTOGEL77 sensasi maxwln berulang brooo kali nemu web seqacor chek langsung deh webbnya dp wd gesit prosesnya;Online Gambling Promotion
qAIkM5_RUhY;SALMON JUMBO w/ @sebastiantedy;terimakasih rekomendasi link gacornya kakak jptogel77;Online Gambling Promotion
qAIkM5_RUhY;SALMON JUMBO w/ @sebastiantedy;GW sampe meledak nih JPTOGEL77 jd 45jt;Online Gambling Promotion
qAIkM5_RUhY;SALMON JUMBO w/ @sebastiantedy;cobain bro bareng gw main Mandalika tujuhtujuh udah gw seleksi ratusan situs mantap bro,bro bersama saya main Mandalika, sudah saya pilih ratusan situs yang mantap, bro;Online Gambling Promotion
qAIkM5_RUhY;SALMON JUMBO w/ @sebastiantedy;Terimakasih JPTOGEL77 super hoki keren terpercaya nyata;Online Gambling Promotion
qAIkM5_RUhY;SALMON JUMBO w/ @sebastiantedy;JPTOGEL77 emang juara kepuasan bermain Cuan mengalir;Online Gambling Promotion
qAIkM5_RUhY;SALMON JUMBO w/ @sebastiantedy;Cuman 35 menin main slt situs JPTOGEL77 asli gokik kali guys Gak bosan bener2 website yg gacor2 nya,gak bosan benar-benar website yang gacor;Online Gambling Promotion
qAIkM5_RUhY;SALMON JUMBO w/ @sebastiantedy;ga cari untung menang segiini aja udah bersyukur banger gua game jptogel77 aja narik udah langsung masuk duit 2 menit aja,sudah berpuas hati banger gua game jptogel77 aja, narik udah langsung masuk duit 2 menit aja;Online Gambling Promotion
qAIkM5_RUhY;SALMON JUMBO w/ @sebastiantedy;Ini keren kak main J P T O G E L 77 kasi JP kak Nga sangka sih dapet seginiuntung aja Temen nyaranin Server Luar ngerasain MAXWIN;Online Gambling Promotion
qAIkM5_RUhY;SALMON JUMBO w/ @sebastiantedy;main JPTOGEL77 coba berkali kali main situs JPTOGEL77 terbukti W3De3 akun ku deh ga nyedot situsnya;Online Gambling Promotion
qAIkM5_RUhY;SALMON JUMBO w/ @sebastiantedy;Up Up Upaku coba bang gacor sltnya ya JPTOGEL77 pantes rame kali comment hahaha;Online Gambling Promotion
qAIkM5_RUhY;SALMON JUMBO w/ @sebastiantedy;Beda banget situs yg main berulang ulang modal gede menang JPTOGEL77 main aja uda dikasih maxwin top bgt situs,main aja udah disediakan maxwin atau bonus terbesar, situs itu ;Online Gambling Promotion
qAIkM5_RUhY;SALMON JUMBO w/ @sebastiantedy;yg main google aja JPTOGEL77 tar gw promosi;Online Gambling Promotion
qAIkM5_RUhY;SALMON JUMBO w/ @sebastiantedy;Cuma kasi masukan aja Bang main JPTOGEL77 main sportif g Rungkad dikasi menang pokoknya cari tambahan alternatif main pokoknya mantap lha cek aj bang google nama nya JPTOGEL77;Online Gambling Promotion
qAIkM5_RUhY;SALMON JUMBO w/ @sebastiantedy;JPTOGEL77 slot gacor Mantul Terus Gelem Cuan;Online Gambling Promotion
qAIkM5_RUhY;SALMON JUMBO w/ @sebastiantedy;jptogel77 SUPERRRRRR bosku gacor melayang;Online Gambling Promotion
qAIkM5_RUhY;SALMON JUMBO w/ @sebastiantedy;Selalu nangis karna gapernah menang disitus coba coba main JPTOGEL77 langsung menang Sekarang gw member setia situs;Online Gambling Promotion
qAIkM5_RUhY;SALMON JUMBO w/ @sebastiantedy;Setiap kali menang JPTOGEL77;Online Gambling Promotion
qAIkM5_RUhY;SALMON JUMBO w/ @sebastiantedy;kiraen admin beneran enak jptogel77 asu;Online Gambling Promotion
qAIkM5_RUhY;SALMON JUMBO w/ @sebastiantedy;Semoga kemudahan main JPTOGEL77;Online Gambling Promotion
qAIkM5_RUhY;SALMON JUMBO w/ @sebastiantedy;Coba main JPTOGEL77 ane barusan dikasih wd 700rb link selagi bagus slt nya;Online Gambling Promotion
qAIkM5_RUhY;SALMON JUMBO w/ @sebastiantedy;gila JPTOGEL77 real gacornya pantes rame;Online Gambling Promotion
qAIkM5_RUhY;SALMON JUMBO w/ @sebastiantedy;tengkiu bosku kasi teman2 setongkrongan traktiran makan minum enak semoga jaya JPTOGEL77;Online Gambling Promotion
qAIkM5_RUhY;SALMON JUMBO w/ @sebastiantedy;Keren euyy jptogel77;Online Gambling Promotion
qAIkM5_RUhY;SALMON JUMBO w/ @sebastiantedy;Gua aja 2 pindah situs aja total kekalahan 80jt coba JPTOGEL77 perlahan harta,coba JPTOGEL77 perlahan harta;Online Gambling Promotion
qAIkM5_RUhY;SALMON JUMBO w/ @sebastiantedy;sih ya JPTOGEL77 bocor;Online Gambling Promotion
qAIkM5_RUhY;SALMON JUMBO w/ @sebastiantedy;dikasih pola maxwin merasakan maxwin disitus JPTOGEL77 mantapp gacor banget;Online Gambling Promotion
qAIkM5_RUhY;SALMON JUMBO w/ @sebastiantedy;wkwkwkwkwk viral ni situs jptogel77;Online Gambling Promotion
qAIkM5_RUhY;SALMON JUMBO w/ @sebastiantedy;lumayan menang 700rb JPTOGEL77 cuman depo 50 doang wkwk cari aja google JPTOGEL77;Online Gambling Promotion
qAIkM5_RUhY;SALMON JUMBO w/ @sebastiantedy;liat teman bru kali main game Profit WEB JPTOGEL77 heboh gtu kirain aja karna main disitu wkwk,bru kali main game Profit WEB JPTOGEL77 heboh, kira-na aja karena main disitu wkwk;Online Gambling Promotion
qAIkM5_RUhY;SALMON JUMBO w/ @sebastiantedy;udah kali gue main JPTOGEL77 wd meluncur aman bonus slalu,walaupun meluncur aman bonus selalu;Online Gambling Promotion
qAIkM5_RUhY;SALMON JUMBO w/ @sebastiantedy;banget JPTOGEL77 cuan banget web nya gk depo gede2 depo receh kasih maxwin coba gan,gak deposit besar, deposit recheh, kasih maxwin, cobagun;Online Gambling Promotion
qAIkM5_RUhY;SALMON JUMBO w/ @sebastiantedy;TERIMAKASIH jptogel77 PEMBAGI REZEKI NYATA;Online Gambling Promotion
qAIkM5_RUhY;SALMON JUMBO w/ @sebastiantedy;Sudah situs yg ikuti satupun berhasil membuktikan kecuali JPTOGEL77;Online Gambling Promotion
qAIkM5_RUhY;SALMON JUMBO w/ @sebastiantedy;ketemu situs ga pelit nih bang langsung aja JPTOGEL77;Online Gambling Promotion
qAIkM5_RUhY;SALMON JUMBO w/ @sebastiantedy;gw kasi kisi2 halus sikit main la JPTOGEL77 anak nih brani kasi wr tinggi2 wkwkwkwk gas biar kapok;Online Gambling Promotion
qAIkM5_RUhY;SALMON JUMBO w/ @sebastiantedy;Buset puasa malaj liat yg gini;No Online Gambling Promotion
qAIkM5_RUhY;SALMON JUMBO w/ @sebastiantedy;Puasa woi;No Online Gambling Promotion
qAIkM5_RUhY;SALMON JUMBO w/ @sebastiantedy;Tiba colab;No Online Gambling Promotion
qAIkM5_RUhY;SALMON JUMBO w/ @sebastiantedy;Gini klo org mkn khawatir orna tkut ad parasit;No Online Gambling Promotion
qAIkM5_RUhY;SALMON JUMBO w/ @sebastiantedy;Laperrr;No Online Gambling Promotion
qAIkM5_RUhY;SALMON JUMBO w/ @sebastiantedy;Bastian daun ni;No Online Gambling Promotion
qAIkM5_RUhY;SALMON JUMBO w/ @sebastiantedy;Colab kah;No Online Gambling Promotion
qAIkM5_RUhY;SALMON JUMBO w/ @sebastiantedy;Ka ko gapuasa puasa;No Online Gambling Promotion
qAIkM5_RUhY;SALMON JUMBO w/ @sebastiantedy;Mana nonton pas puasa;No Online Gambling Promotion
qAIkM5_RUhY;SALMON JUMBO w/ @sebastiantedy;MAM LAPARR MAKKK KIMAK O;No Online Gambling Promotion
qAIkM5_RUhY;SALMON JUMBO w/ @sebastiantedy;sebastian;No Online Gambling Promotion
qAIkM5_RUhY;SALMON JUMBO w/ @sebastiantedy;Ini Makan Siang Apa Malam;No Online Gambling Promotion
qAIkM5_RUhY;SALMON JUMBO w/ @sebastiantedy;Lagi puasal;No Online Gambling Promotion
qAIkM5_RUhY;SALMON JUMBO w/ @sebastiantedy;BG cobain puasa;No Online Gambling Promotion
qAIkM5_RUhY;SALMON JUMBO w/ @sebastiantedy;mn fDlk tHdth bl`rby@ y 'khy;Online Gambling Promotion
qAIkM5_RUhY;SALMON JUMBO w/ @sebastiantedy;godaan puasa;No Online Gambling Promotion
qAIkM5_RUhY;SALMON JUMBO w/ @sebastiantedy;bang lu gak puasa bang;No Online Gambling Promotion
qAIkM5_RUhY;SALMON JUMBO w/ @sebastiantedy;Gw puasa bg;No Online Gambling Promotion
qAIkM5_RUhY;SALMON JUMBO w/ @sebastiantedy;Halo bastiessss;No Online Gambling Promotion
qAIkM5_RUhY;SALMON JUMBO w/ @sebastiantedy;Part 2 nya;No Online Gambling Promotion
qAIkM5_RUhY;SALMON JUMBO w/ @sebastiantedy;Bastian mode sigma;No Online Gambling Promotion
qAIkM5_RUhY;SALMON JUMBO w/ @sebastiantedy;Wah collab nih;No Online Gambling Promotion
qAIkM5_RUhY;SALMON JUMBO w/ @sebastiantedy;Bang Sebastian ice cream heken das;No Online Gambling Promotion
qAIkM5_RUhY;SALMON JUMBO w/ @sebastiantedy;Cuci kak;No Online Gambling Promotion
qAIkM5_RUhY;SALMON JUMBO w/ @sebastiantedy;follow sebastian;No Online Gambling Promotion
qAIkM5_RUhY;SALMON JUMBO w/ @sebastiantedy;Aku puasa woiii;No Online Gambling Promotion
qAIkM5_RUhY;SALMON JUMBO w/ @sebastiantedy;Akhir nya ketemu;No Online Gambling Promotion
qAIkM5_RUhY;SALMON JUMBO w/ @sebastiantedy;Puasa H3;No Online Gambling Promotion
qAIkM5_RUhY;SALMON JUMBO w/ @sebastiantedy;Sekilas Abang Edwin agungg;No Online Gambling Promotion
qAIkM5_RUhY;SALMON JUMBO w/ @sebastiantedy;Gua lapar pas puasa bilek;No Online Gambling Promotion
qAIkM5_RUhY;SALMON JUMBO w/ @sebastiantedy;Kang matcha;No Online Gambling Promotion
qAIkM5_RUhY;SALMON JUMBO w/ @sebastiantedy;Kk bikin video puasa;No Online Gambling Promotion
qAIkM5_RUhY;SALMON JUMBO w/ @sebastiantedy;Beranda pas normal Car edits skibidi toilet plane crash fun fact Pas puasa Makanan Resep makanan Minuman Jajanan menggoda;No Online Gambling Promotion
qAIkM5_RUhY;SALMON JUMBO w/ @sebastiantedy;BELI DIMANAAAA;No Online Gambling Promotion
qAIkM5_RUhY;SALMON JUMBO w/ @sebastiantedy;Bjirr puasa ngiler;No Online Gambling Promotion
qAIkM5_RUhY;SALMON JUMBO w/ @sebastiantedy;YANG PUASA;No Online Gambling Promotion
qAIkM5_RUhY;SALMON JUMBO w/ @sebastiantedy;Kaya nya Sebastian senang;No Online Gambling Promotion
qAIkM5_RUhY;SALMON JUMBO w/ @sebastiantedy;Yang ngiler pas puasa;No Online Gambling Promotion
qAIkM5_RUhY;SALMON JUMBO w/ @sebastiantedy;Aku penghuni surga;No Online Gambling Promotion
qAIkM5_RUhY;SALMON JUMBO w/ @sebastiantedy;Ibu ku penghuni neraka jahanam;No Online Gambling Promotion
qAIkM5_RUhY;SALMON JUMBO w/ @sebastiantedy;Lele gak puasa;No Online Gambling Promotion
qAIkM5_RUhY;SALMON JUMBO w/ @sebastiantedy;Aduh fyp ku mukbang sih puasa loh;No Online Gambling Promotion
qAIkM5_RUhY;SALMON JUMBO w/ @sebastiantedy;omegad laparr;No Online Gambling Promotion
qAIkM5_RUhY;SALMON JUMBO w/ @sebastiantedy;Gw liat gw puasa;No Online Gambling Promotion
qAIkM5_RUhY;SALMON JUMBO w/ @sebastiantedy;bang kli2kulit salmon pliss;No Online Gambling Promotion
qAIkM5_RUhY;SALMON JUMBO w/ @sebastiantedy;Rasa salmon gimana sikok keliatannya kek ikan amisAtau norak;No Online Gambling Promotion
qAIkM5_RUhY;SALMON JUMBO w/ @sebastiantedy;Kenapa gak mukbang matcha aja;No Online Gambling Promotion
qAIkM5_RUhY;SALMON JUMBO w/ @sebastiantedy;Wow bang sebastian;No Online Gambling Promotion
qAIkM5_RUhY;SALMON JUMBO w/ @sebastiantedy;iiihhh kaga puasa Ramadhan;No Online Gambling Promotion
qAIkM5_RUhY;SALMON JUMBO w/ @sebastiantedy;Gw puasa co ngiler bjir,cocok ngiler bjiir;No Online Gambling Promotion
qAIkM5_RUhY;SALMON JUMBO w/ @sebastiantedy;Ditunggu bang part 2 nya;No Online Gambling Promotion
qAIkM5_RUhY;SALMON JUMBO w/ @sebastiantedy;puasa;No Online Gambling Promotion
qAIkM5_RUhY;SALMON JUMBO w/ @sebastiantedy;Gagapuasa;No Online Gambling Promotion
qAIkM5_RUhY;SALMON JUMBO w/ @sebastiantedy;Bg lu puasa ga;No Online Gambling Promotion
qAIkM5_RUhY;SALMON JUMBO w/ @sebastiantedy;Lu islam;No Online Gambling Promotion
qAIkM5_RUhY;SALMON JUMBO w/ @sebastiantedy;Terlalu sigma sebastian;No Online Gambling Promotion
qAIkM5_RUhY;SALMON JUMBO w/ @sebastiantedy;Siapa nonton puasa ngumpul;No Online Gambling Promotion
qAIkM5_RUhY;SALMON JUMBO w/ @sebastiantedy;Jir colab;No Online Gambling Promotion
qAIkM5_RUhY;SALMON JUMBO w/ @sebastiantedy;kak berapaan kalo murah beli beli nya dimana;No Online Gambling Promotion
qAIkM5_RUhY;SALMON JUMBO w/ @sebastiantedy;Singkat padat Makan;No Online Gambling Promotion
qAIkM5_RUhY;SALMON JUMBO w/ @sebastiantedy;Buset puasa fyp nya mukbang mulu;No Online Gambling Promotion
qAIkM5_RUhY;SALMON JUMBO w/ @sebastiantedy;Jir collab;No Online Gambling Promotion
qAIkM5_RUhY;SALMON JUMBO w/ @sebastiantedy;Bang puas;No Online Gambling Promotion
qAIkM5_RUhY;SALMON JUMBO w/ @sebastiantedy;1ingapuasaiharamkau;No Online Gambling Promotion
qAIkM5_RUhY;SALMON JUMBO w/ @sebastiantedy;Puasa fyp nya orng makan trus;No Online Gambling Promotion
qAIkM5_RUhY;SALMON JUMBO w/ @sebastiantedy;Colab;No Online Gambling Promotion
qAIkM5_RUhY;SALMON JUMBO w/ @sebastiantedy;Colab bang Sebastian coklat maca;No Online Gambling Promotion
qAIkM5_RUhY;SALMON JUMBO w/ @sebastiantedy;Bjir colab Ama Sebastian;No Online Gambling Promotion
qAIkM5_RUhY;SALMON JUMBO w/ @sebastiantedy;Gg;No Online Gambling Promotion
qAIkM5_RUhY;SALMON JUMBO w/ @sebastiantedy;i puasa;No Online Gambling Promotion
qAIkM5_RUhY;SALMON JUMBO w/ @sebastiantedy;gua puasa bang mukbang;No Online Gambling Promotion
qAIkM5_RUhY;SALMON JUMBO w/ @sebastiantedy;Bangsalmondidalamyanadacacing;No Online Gambling Promotion
qAIkM5_RUhY;SALMON JUMBO w/ @sebastiantedy;Apa rungkat main MPO666 JP;Online Gambling Promotion
qAIkM5_RUhY;SALMON JUMBO w/ @sebastiantedy;romadan woy;No Online Gambling Promotion
qAIkM5_RUhY;SALMON JUMBO w/ @sebastiantedy;Bang lu kidal ya kidal;No Online Gambling Promotion
qAIkM5_RUhY;SALMON JUMBO w/ @sebastiantedy;Lanjut prat nya bang;No Online Gambling Promotion
qAIkM5_RUhY;SALMON JUMBO w/ @sebastiantedy;tibatiba bgt sm sebastiann;No Online Gambling Promotion
qAIkM5_RUhY;SALMON JUMBO w/ @sebastiantedy;Siapa sangka collab ama sebastian;No Online Gambling Promotion
qAIkM5_RUhY;SALMON JUMBO w/ @sebastiantedy;Bang makan nya santai aja gausah Seruput mulu makan gituan doang Seruput;No Online Gambling Promotion
qAIkM5_RUhY;SALMON JUMBO w/ @sebastiantedy;kaya nyaa enakkk;No Online Gambling Promotion
qAIkM5_RUhY;SALMON JUMBO w/ @sebastiantedy;Yg komen judol puasa mu sia sia;No Online Gambling Promotion
qAIkM5_RUhY;SALMON JUMBO w/ @sebastiantedy;Ditunggu part2 nya;No Online Gambling Promotion
qAIkM5_RUhY;SALMON JUMBO w/ @sebastiantedy;MMM;No Online Gambling Promotion
qAIkM5_RUhY;SALMON JUMBO w/ @sebastiantedy;Isinya judol anj;No Online Gambling Promotion
qAIkM5_RUhY;SALMON JUMBO w/ @sebastiantedy;Napa slot jir;No Online Gambling Promotion
qAIkM5_RUhY;SALMON JUMBO w/ @sebastiantedy;Lu gak puasa bang;No Online Gambling Promotion
qAIkM5_RUhY;SALMON JUMBO w/ @sebastiantedy;gw tau JPTOGEL77 komen asli bnrn gacir;Online Gambling Promotion
qAIkM5_RUhY;SALMON JUMBO w/ @sebastiantedy;makasihh bangeett temeenkuu udah kasih rekomend web JPTOGEL77 ga rungkad web sebela;Online Gambling Promotion
qAIkM5_RUhY;SALMON JUMBO w/ @sebastiantedy;Collab bejir;No Online Gambling Promotion
qAIkM5_RUhY;SALMON JUMBO w/ @sebastiantedy;Wih colab nih;No Online Gambling Promotion
qAIkM5_RUhY;SALMON JUMBO w/ @sebastiantedy;eh sumpah ngikutin 10 ribu subs samoe 136 ribu subs aaa ga nyangka;No Online Gambling Promotion
qAIkM5_RUhY;SALMON JUMBO w/ @sebastiantedy;Macam kenal je;No Online Gambling Promotion
qAIkM5_RUhY;SALMON JUMBO w/ @sebastiantedy;PArt 2 kpn bg;No Online Gambling Promotion
qAIkM5_RUhY;SALMON JUMBO w/ @sebastiantedy;kecap asin tu gimana si;No Online Gambling Promotion
qAIkM5_RUhY;SALMON JUMBO w/ @sebastiantedy;Wajar kalo suka MANDALIKA77 hasilnya nyata;No Online Gambling Promotion
qAIkM5_RUhY;SALMON JUMBO w/ @sebastiantedy;Wah channel MANDALIKA77;No Online Gambling Promotion
qAIkM5_RUhY;SALMON JUMBO w/ @sebastiantedy;Tumben spam MANDALIKA77 layak dicoba;No Online Gambling Promotion
qAIkM5_RUhY;SALMON JUMBO w/ @sebastiantedy;Serius deh MANDALIKA77 bikin mudah;No Online Gambling Promotion
qAIkM5_RUhY;SALMON JUMBO w/ @sebastiantedy;Semua bahas MANDALIKA77 ikutan merapat nih;No Online Gambling Promotion
qAIkM5_RUhY;SALMON JUMBO w/ @sebastiantedy;Sukses MANDALIKA77 semoga terbantu;No Online Gambling Promotion
qAIkM5_RUhY;SALMON JUMBO w/ @sebastiantedy;Siapa nih MANDALIKA77 Hebat banget sistemnya;No Online Gambling Promotion
qAIkM5_RUhY;SALMON JUMBO w/ @sebastiantedy;Nggak nyesel saran teman MANDALIKA77 mantap;No Online Gambling Promotion
qAIkM5_RUhY;SALMON JUMBO w/ @sebastiantedy;Wah ngomongin MANDALIKA77 keren sih;No Online Gambling Promotion
qAIkM5_RUhY;SALMON JUMBO w/ @sebastiantedy;Nggak bohong MANDALIKA77 rekomendasi terbaik;No Online Gambling Promotion
qAIkM5_RUhY;SALMON JUMBO w/ @sebastiantedy;Makin penasaran MANDALIKA77 orang cerita bagus;No Online Gambling Promotion
qAIkM5_RUhY;SALMON JUMBO w/ @sebastiantedy;Nggak nyangka MANDALIKA77 ngasih solusi nggak ribet;No Online Gambling Promotion
qAIkM5_RUhY;SALMON JUMBO w/ @sebastiantedy;Akhirnya paham orang ramein MANDALIKA77;No Online Gambling Promotion
qAIkM5_RUhY;SALMON JUMBO w/ @sebastiantedy;Kenapa banget nyebut MANDALIKA77 ya;No Online Gambling Promotion
qAIkM5_RUhY;SALMON JUMBO w/ @sebastiantedy;Sekali coba langsung kelar urusan thanks MANDALIKA77,thanks MANDALIKA77;No Online Gambling Promotion
qAIkM5_RUhY;SALMON JUMBO w/ @sebastiantedy;Auto topik pembicaraan MANDALIKA77 emang keren;No Online Gambling Promotion
qAIkM5_RUhY;SALMON JUMBO w/ @sebastiantedy;Mantul Layanan MANDALIKA7 bikin puas;No Online Gambling Promotion
qAIkM5_RUhY;SALMON JUMBO w/ @sebastiantedy;Salut MANDALIKA77 on time;No Online Gambling Promotion
qAIkM5_RUhY;SALMON JUMBO w/ @sebastiantedy;Nggak salah MANDALIKA77 buah bibir;No Online Gambling Promotion
qAIkM5_RUhY;SALMON JUMBO w/ @sebastiantedy;Ada sih MANDALIKA77 Kok heboh banget;Online Gambling Promotion
qAIkM5_RUhY;SALMON JUMBO w/ @sebastiantedy;Hari gini cari instan MANDALIKA77 solusinya;No Online Gambling Promotion
qAIkM5_RUhY;SALMON JUMBO w/ @sebastiantedy;Kepoin MANDALIKA77 manfaatnya;No Online Gambling Promotion
qAIkM5_RUhY;SALMON JUMBO w/ @sebastiantedy;Baru coba MANDALIKA77 prosesnya beneran cepet;No Online Gambling Promotion
qAIkM5_RUhY;SALMON JUMBO w/ @sebastiantedy;Baru sadar MANDALIKA77 tuh viral;No Online Gambling Promotion
qAIkM5_RUhY;SALMON JUMBO w/ @sebastiantedy;Nggak heran rekomendasiin MANDALIKA77;No Online Gambling Promotion
qAIkM5_RUhY;SALMON JUMBO w/ @sebastiantedy;Astaga ramai banget komentar MANDALIKA77 Musti cek nih,Musti cek nih;No Online Gambling Promotion
qAIkM5_RUhY;SALMON JUMBO w/ @sebastiantedy;Kaget liat kolom komentar isinya MANDALIKA77 legit;No Online Gambling Promotion
qAIkM5_RUhY;SALMON JUMBO w/ @sebastiantedy;Keren MANDALIKA77 tuh bener bener responsif;No Online Gambling Promotion
qAIkM5_RUhY;SALMON JUMBO w/ @sebastiantedy;Wah denger MANDALIKA77 langsung penasaran;No Online Gambling Promotion
qAIkM5_RUhY;SALMON JUMBO w/ @sebastiantedy;Baru aja pakai MANDALIKA77 semudah;No Online Gambling Promotion
qAIkM5_RUhY;SALMON JUMBO w/ @sebastiantedy;Coba deh nggak nyangka MANDALIKA77 sepraktis;No Online Gambling Promotion
qAIkM5_RUhY;SALMON JUMBO w/ @sebastiantedy;Mantap Urusan lancar berkat MANDALIKA77;No Online Gambling Promotion
qAIkM5_RUhY;SALMON JUMBO w/ @sebastiantedy;Sumpah penasaran bahas MANDALIKA77 kolom komentar;No Online Gambling Promotion
qAIkM5_RUhY;SALMON JUMBO w/ @sebastiantedy;Keren abis MANDALIKA77 bikin mudah;No Online Gambling Promotion
qAIkM5_RUhY;SALMON JUMBO w/ @sebastiantedy;Cepet aman terpercaya kesan MANDALIKA77;No Online Gambling Promotion
qAIkM5_RUhY;SALMON JUMBO w/ @sebastiantedy;Salut tim MANDALIKA77 tanggap profesional;No Online Gambling Promotion
qAIkM5_RUhY;SALMON JUMBO w/ @sebastiantedy;Terbantu banget MANDALIKA77 salut;No Online Gambling Promotion
qAIkM5_RUhY;SALMON JUMBO w/ @sebastiantedy;Kalian udah coba MANDALIKA77 Recommended banget;No Online Gambling Promotion
qAIkM5_RUhY;SALMON JUMBO w/ @sebastiantedy;Wih MANDALIKA77 booming ya bahas;No Online Gambling Promotion
qAIkM5_RUhY;SALMON JUMBO w/ @sebastiantedy;Kudu kasih jempol MANDALIKA77 top markotop;No Online Gambling Promotion
qAIkM5_RUhY;SALMON JUMBO w/ @sebastiantedy;Rupanya terbantu MANDALIKA77 keren;No Online Gambling Promotion
qAIkM5_RUhY;SALMON JUMBO w/ @sebastiantedy;Proses cepat MANDALIKA77 jagonya;No Online Gambling Promotion
qAIkM5_RUhY;SALMON JUMBO w/ @sebastiantedy;Sebastian seruput nya kek ngorok;No Online Gambling Promotion
qAIkM5_RUhY;SALMON JUMBO w/ @sebastiantedy;Bang ga makan gurita;No Online Gambling Promotion
qAIkM5_RUhY;SALMON JUMBO w/ @sebastiantedy;SUPER MANTAP INI LINKTERBAIK PALING MANTAP DENGAN RTP DI ATAS 98WINRATE MEMBER BARU 99 BAGUS BANGET SEMOGA AJA BISA NULAR SAMA PELAYER LAINCARI DI GOOGLE J P TO G E L 7 7;Online Gambling Promotion
qAIkM5_RUhY;SALMON JUMBO w/ @sebastiantedy;gak salah emang sodara gw maen jptogel77 hasilnya mantep bgt brooo maen bntaran doang udah dikasi narik gini kwkwkw makasih jptogel77 mantep;Online Gambling Promotion
qAIkM5_RUhY;SALMON JUMBO w/ @sebastiantedy;Gacor gitu loh J P TO G E L 7 7;Online Gambling Promotion
qAIkM5_RUhY;SALMON JUMBO w/ @sebastiantedy;tengkiu bosku kasi teman2 setongkrongan traktiran makan minum bagus mudah mudahan meningkat berhasil J P TO G E L 7 7;Online Gambling Promotion
qAIkM5_RUhY;SALMON JUMBO w/ @sebastiantedy;bersyukur banget gw main situs Mandalika tujuhtujuh udah lunasin utang grgr main situs situs bener edan bro gampang menang;No Online Gambling Promotion
qAIkM5_RUhY;SALMON JUMBO w/ @sebastiantedy;percaya ama bro keluarga main JPTOGEL77 banget JP dibanding situs,JP dibanding situs;Online Gambling Promotion
qAIkM5_RUhY;SALMON JUMBO w/ @sebastiantedy;aja nih isi saldo ku semenjak main JPTOGEL77 bawaan nya se4lalu hepy saldo jarang sesak nafas mantap matap nih situs nya,matap nih situs nya;Online Gambling Promotion
qAIkM5_RUhY;SALMON JUMBO w/ @sebastiantedy;Pantesan aja teman sibuk ngajakin main MAnDALIKA77 benaran tokcer bgt main langsung cair malam lumayan traktir teman2;No Online Gambling Promotion
qAIkM5_RUhY;SALMON JUMBO w/ @sebastiantedy;jam segini main kakek JPTOGEL77 bikin nagih lurr scatter nya gampang turun sketer perkalian nya konek;Online Gambling Promotion
qAIkM5_RUhY;SALMON JUMBO w/ @sebastiantedy;nyelot gak ribet MANTAB J P TO G E L 7 7 gak rugi kalo main main WD gak sampe maxwin modal gw 2x lipat gas;No Online Gambling Promotion
qAIkM5_RUhY;SALMON JUMBO w/ @sebastiantedy;J P TO G E L 7 7 TERBAIKK jepe bro;No Online Gambling Promotion
qAIkM5_RUhY;SALMON JUMBO w/ @sebastiantedy;Pantesan aja teman sibuk ngajakin main JPTOGEL77 benaran tokcer bgt main langsung cair malam lumayan traktir teman2;Online Gambling Promotion
qAIkM5_RUhY;SALMON JUMBO w/ @sebastiantedy;Modal receh hasil lumer mantap kali JPTOGEL77 sensasi maxwn berulang brooo kali nemu web seqacor chek langsung deh webbnya dp wd gesit prosesnya;Online Gambling Promotion
qAIkM5_RUhY;SALMON JUMBO w/ @sebastiantedy;MEMANG TERBUKTI TERBAIK DAN MANTAP NIH SITUS KEREN WAWW MANTAP asli SERVER TERBAIK bos jgn salah pilih BO rungkat member rutin dikasih MAXWIN amp turun Perkalian x250 x500 pecahan bagus Kontrol nafsu nya kalo udah MAXWIN lgsg WD Di sisakan Dikit BgDan Lanjut Main LagiMudah mudahan Di Tambah Lagi CARI DI GOOGLE JPTOGEL77;Online Gambling Promotion
qAIkM5_RUhY;SALMON JUMBO w/ @sebastiantedy;Rezeki melimpah JPTOGEL77 makasih;Online Gambling Promotion
qAIkM5_RUhY;SALMON JUMBO w/ @sebastiantedy;coba cari JPTOGEL77 Mantap bosku makasih uda kasih saran main situs wd ku allhamdulliah lancar main;No Online Gambling Promotion
qAIkM5_RUhY;SALMON JUMBO w/ @sebastiantedy;JPTOGEL77 bro gw main gak pakai janji palsu bro cuman gw menang;Online Gambling Promotion
qAIkM5_RUhY;SALMON JUMBO w/ @sebastiantedy;situs tu kyk J P TO G E L 7 7 kasi wede lancar ga apa2;No Online Gambling Promotion
qAIkM5_RUhY;SALMON JUMBO w/ @sebastiantedy;JPTOGEL77 jackpot gampang banget gk percaya;Online Gambling Promotion
qAIkM5_RUhY;SALMON JUMBO w/ @sebastiantedy;1210 Jangan tunggu Modal bareng JPTOGEL77;No Online Gambling Promotion
qAIkM5_RUhY;SALMON JUMBO w/ @sebastiantedy;J P TO G E L 7 7 mekswin depoin LIMPUL;No Online Gambling Promotion
qAIkM5_RUhY;SALMON JUMBO w/ @sebastiantedy;u abis gak duitnya gara2 kalah pindah nih bagusnya u google J P TO G E L 7 7 aja betahh deh,ga akan kalah, pindah ni bagusnya. Anda Google J P T O G E L 7 7 saja betahh deh;No Online Gambling Promotion
qAIkM5_RUhY;SALMON JUMBO w/ @sebastiantedy;udah kali gue main jptogel77 wd meluncur aman bonus slalu;Online Gambling Promotion
qAIkM5_RUhY;SALMON JUMBO w/ @sebastiantedy;ajakin mabar temen bermain J P TO G E L 7 7 angkat topi sih kali bermain langsung kasih kemenangan server berhasil nih mantap memiliki broo;Online Gambling Promotion
qAIkM5_RUhY;SALMON JUMBO w/ @sebastiantedy;Haadiir Mas JPTOGEL77;Online Gambling Promotion
qAIkM5_RUhY;SALMON JUMBO w/ @sebastiantedy;Malam nyobain deposit pakai GOPAY modal 50 ribu jptogel77 Gak nyangka putaran aja langsung jackpot Udah coba server VIETNAM main game Buffalo King untungnya melimpah WD udah 4 juta mimpi;Online Gambling Promotion
qAIkM5_RUhY;SALMON JUMBO w/ @sebastiantedy;ga nyesel emang maen JPTOGEL77 enak bgt scatternya scaternya berisi manteplah JPTOGEL77;Online Gambling Promotion
qAIkM5_RUhY;SALMON JUMBO w/ @sebastiantedy;asyik abang J P TO G E L 7 7 anjir terkejut kasih kemenangan kali menciptakan pas meleset;No Online Gambling Promotion
qAIkM5_RUhY;SALMON JUMBO w/ @sebastiantedy;Modal 60 ribu maxwin segini brooo emang mantap nge disitus search google namanya JPTOGEL77;Online Gambling Promotion
qAIkM5_RUhY;SALMON JUMBO w/ @sebastiantedy;banget JPTOGEL77 cuan banget web nya gk depo gede2 depo receh kasih maxwin coba gan,gak deposit besar deposit kecil kasih bonus maxwin coba lagi;Online Gambling Promotion
qAIkM5_RUhY;SALMON JUMBO w/ @sebastiantedy;udah 5 gua main kali temu situs beneran gampang jp enak banget JPTOGEL77 bro,bro;Online Gambling Promotion
qAIkM5_RUhY;SALMON JUMBO w/ @sebastiantedy;JPTOGEL77 maen hoki;Online Gambling Promotion
qAIkM5_RUhY;SALMON JUMBO w/ @sebastiantedy;makasih banget loh JPTOGEL77 udah ngasih kesempatan ngerasain wd hasil maxwwin udh kunci akun ku gk wd;Online Gambling Promotion
qAIkM5_RUhY;SALMON JUMBO w/ @sebastiantedy;menang gak dibayar nih langgana gua aja bro jptogel77 mantap deh gw u main tenang hp bunyi mulu wkkw;No Online Gambling Promotion
qAIkM5_RUhY;SALMON JUMBO w/ @sebastiantedy;sensasi nya beda bro main jptogel77 udah sekampung temen gw main JP;Online Gambling Promotion
qAIkM5_RUhY;SALMON JUMBO w/ @sebastiantedy;Tiap bingung cari cuan gk sengaja nemu s1tus jptogel77 iseng nyoba main eh kasih Jepe tipis2 cuan setia main jptogel77;Online Gambling Promotion
qAIkM5_RUhY;SALMON JUMBO w/ @sebastiantedy;hidup gw enak brp main jptogel77 nih situs rekomen gw bro;Online Gambling Promotion
qAIkM5_RUhY;SALMON JUMBO w/ @sebastiantedy;gapernah gw temui situs gampang menang JPTOGEL77;Online Gambling Promotion
qAIkM5_RUhY;SALMON JUMBO w/ @sebastiantedy;Saya mimpi bos J P T O G E L 77;No Online Gambling Promotion
qAIkM5_RUhY;SALMON JUMBO w/ @sebastiantedy;tidur auto spin jptogel77 bangun2 saldo udah battery lowbett ngantor senyam senyum macem udah gila cari aja google tu jptogel77;Online Gambling Promotion
qAIkM5_RUhY;SALMON JUMBO w/ @sebastiantedy;situs tu kyk J P TO G E L 7 7 kasi wede lancar ga apa2;No Online Gambling Promotion
qAIkM5_RUhY;SALMON JUMBO w/ @sebastiantedy;1530 JPTOGEL77 Menang hadiahnya;Online Gambling Promotion
qAIkM5_RUhY;SALMON JUMBO w/ @sebastiantedy;udah 5 gua main kali temu situs beneran gampang jp enak banget JPTOGEL77 bro,bro;Online Gambling Promotion
qAIkM5_RUhY;SALMON JUMBO w/ @sebastiantedy;seru bang J P T O G E L 77 Alhamdulillah pensaran ku terjawabkan mampir disni JPTOGEL77 jamin H0k1;Online Gambling Promotion
qAIkM5_RUhY;SALMON JUMBO w/ @sebastiantedy;provider game terbaik JPTOGEL77 salah milih webb perkalin serinng turun modal receh kasih wd main terbaik ni webb;Online Gambling Promotion
qAIkM5_RUhY;SALMON JUMBO w/ @sebastiantedy;adminnya nyaman Bener2 hoki main JPTOGEL77 proses depo cepat mantap Livechat fast respon gak pindah web deh udah betah main,sudah betah main;Online Gambling Promotion
qAIkM5_RUhY;SALMON JUMBO w/ @sebastiantedy;Hidup seru 108 jptogel77;Online Gambling Promotion
qAIkM5_RUhY;SALMON JUMBO w/ @sebastiantedy;gak salah emang sodara gw maen J P TO G E L 7 7 hasilnya mantep bgt brooo maen bntaran doang udah dikasi narik gini kwkwkw makasih J P TO G E L 7 7 mantep;Online Gambling Promotion
qAIkM5_RUhY;SALMON JUMBO w/ @sebastiantedy;JPTOGEL77 gua maen bentar aja lngsg WEDEY gede;Online Gambling Promotion
qAIkM5_RUhY;SALMON JUMBO w/ @sebastiantedy;intinya bermainlah sabar barbar kemenenangan sabar wkwk hiburan jadiin mata pencaharian gw main JPTOGEL77;Online Gambling Promotion
qAIkM5_RUhY;SALMON JUMBO w/ @sebastiantedy;Penasaran cerita orang orang menang JPTOGEL77 coba langsung dapet rezeki,coba langsung daftar dan dapat rezeki;Online Gambling Promotion
qAIkM5_RUhY;SALMON JUMBO w/ @sebastiantedy;ga nyarnin server abal abal dahgua udah tau main cari aja JPTOGEL77 ngab terbaikk situs sih teman wede coba deh ngab lumayan nambah2 isi dompet;Online Gambling Promotion
qAIkM5_RUhY;SALMON JUMBO w/ @sebastiantedy;ga cari untung menang segiini aja udah bersyukur banger gua game J P T O G E L 77 aja narik udah langsung masuk duit 2 menit aja,udah berkebangga bangun game J P T O G E L 77 aja narik udah langsung masuk duit 2 menit aja;No Online Gambling Promotion
qAIkM5_RUhY;SALMON JUMBO w/ @sebastiantedy;gua udah 5tahun main jptogel77 jangka profit gw ratusan juta bro emang beda web abalabal;Online Gambling Promotion
qAIkM5_RUhY;SALMON JUMBO w/ @sebastiantedy;Paling mantap cuman webb JPTOGEL77 member dimanjain kasih cuan;Online Gambling Promotion
qAIkM5_RUhY;SALMON JUMBO w/ @sebastiantedy;ga cari untung menang segiini aja udah bersyukur banger gua game jptogel77 aja narik udah langsung masuk duit 2 menit aja,udah bersyukur banger gua game jptogel77 aja narik udah langsung masuk duit 2 menit aja;Online Gambling Promotion
qAIkM5_RUhY;SALMON JUMBO w/ @sebastiantedy;Iseng cuman coba depo receh situs JPTOGEL77 klau seandainya depo nggak kebayang mantap situs JPTOGEL77 langsung gas aja bro rasakan dimanjain ni BO,kalau seandainya deposit tidak kebayang mampu situs JPTOGEL77 langsung gacor aja bro rasakan dimanjain ni BO;Online Gambling Promotion
qAIkM5_RUhY;SALMON JUMBO w/ @sebastiantedy;nikmat ngopi sembari nyelot momen maxwin nya langsung full senyum makasih website JPTOGEL77 udh ngasih maxwin meningkat senang mainnya;Online Gambling Promotion
qAIkM5_RUhY;SALMON JUMBO w/ @sebastiantedy;Waduh menang gue SCBD belanja pake duit kemenangan jptogel77 uang trakhirnemu situs barualhamdulilah d ksih jepe ngab;No Online Gambling Promotion
qAIkM5_RUhY;SALMON JUMBO w/ @sebastiantedy;temen nyaranin bermain J P TO G E L 7 7 asian ngikutin saran temen wd;Online Gambling Promotion
qAIkM5_RUhY;SALMON JUMBO w/ @sebastiantedy;Paling kasih orang bahagia s1tus JPTOGEL77 pemain udah kasih kemenangan;Online Gambling Promotion
qAIkM5_RUhY;SALMON JUMBO w/ @sebastiantedy;jptogel77 juara maxwin;Online Gambling Promotion
qAIkM5_RUhY;SALMON JUMBO w/ @sebastiantedy;Saatnya bersinar 1312 jptogel77;Online Gambling Promotion
qAIkM5_RUhY;SALMON JUMBO w/ @sebastiantedy;gampang banget situs jptogel77 turun perkalian nya member betah main main jptogel77 aja rungkat ya bro;Online Gambling Promotion
qAIkM5_RUhY;SALMON JUMBO w/ @sebastiantedy;aja nih isi saldo ku semenjak main JPTOGEL77 bawaan nya se4lalu hepy saldo jarang sesak nafas mantap matap nih situs nya;Online Gambling Promotion
qAIkM5_RUhY;SALMON JUMBO w/ @sebastiantedy;mekswin J P TO G E L 7 7;No Online Gambling Promotion
qAIkM5_RUhY;SALMON JUMBO w/ @sebastiantedy;tetangga gw sore main J P T O G E L 77;Online Gambling Promotion
qAIkM5_RUhY;SALMON JUMBO w/ @sebastiantedy;bener teman situs emng keren banget laaabaru dep aja udah dapet menang J P T O G E L 77;Online Gambling Promotion
qAIkM5_RUhY;SALMON JUMBO w/ @sebastiantedy;JPTOGEL77 tempatnya jagoan judi lu nggak main belajar pro,tidak main belajar pro;Online Gambling Promotion
qAIkM5_RUhY;SALMON JUMBO w/ @sebastiantedy;asik dikasih rezeki makasih bget y J P TO G E L 7 7 kudoakan webbnya bangkit biar kasih sIotter profit wkwk gk ambil pusing main J P TO G E L 7 7 bang siap2 WD aja pokoknya;Online Gambling Promotion
qAIkM5_RUhY;SALMON JUMBO w/ @sebastiantedy;Gak maxwln provit segini main mahbaru nyoba udah kasih JP si MAnDALIKA77 ni test aja,nyooba udah kasih JP si MANDALIKA77 ni test aja;Online Gambling Promotion
qAIkM5_RUhY;SALMON JUMBO w/ @sebastiantedy;temenku saranin main Mandalika 77 coba iseng2 main situs eh dapettt jackpott udah cape banget gonta ganti situs mulu situs menghasilkan cuan,coba iseng2 main situs, dapettt jackpot udah cape banget, gonta ganti situs mulu situs menghasilkan cuan;Online Gambling Promotion
qAIkM5_RUhY;SALMON JUMBO w/ @sebastiantedy;main jptogel77 bro enak banget gampang jp;Online Gambling Promotion
qAIkM5_RUhY;SALMON JUMBO w/ @sebastiantedy;Ini keren kak main jptogel77 kasi JP kak Nga sangka sih dapet seginiuntung aja Temen nyaranin Server Luar ngerasain MAXWIN;Online Gambling Promotion
qAIkM5_RUhY;SALMON JUMBO w/ @sebastiantedy;J P T O G E L 77 gacor menang;Online Gambling Promotion
qAIkM5_RUhY;SALMON JUMBO w/ @sebastiantedy;ga nyarnin server abal abal dahgua udah tau main cari aja JPTOGEL77 ngab terbaikk situs sih teman wede coba deh ngab lumayan nambah2 isi dompet;Online Gambling Promotion
qAIkM5_RUhY;SALMON JUMBO w/ @sebastiantedy;bersyukur banget gw main situs JPTOGEL77 udah lunasin utang grgr main situs situs bener edan bro gampang menang;Online Gambling Promotion
qAIkM5_RUhY;SALMON JUMBO w/ @sebastiantedy;hidup gw enak brp main JPTOGEL77 nih situs rekomen gw bro;Online Gambling Promotion
qAIkM5_RUhY;SALMON JUMBO w/ @sebastiantedy;JPTOGEL77 tampil fitur;No Online Gambling Promotion
qAIkM5_RUhY;SALMON JUMBO w/ @sebastiantedy;setia bro main jptogel77 udah ratusan situs bandingin tetep enak jptogel77;Online Gambling Promotion
qAIkM5_RUhY;SALMON JUMBO w/ @sebastiantedy;beraniin bUAt dposit situs jptogel77 modal cekakdan negrasaain sensational nya ga rungkad main situs;Online Gambling Promotion
qAIkM5_RUhY;SALMON JUMBO w/ @sebastiantedy;JPTOGEL77 jackpot gk paham sehokinya;No Online Gambling Promotion
qAIkM5_RUhY;SALMON JUMBO w/ @sebastiantedy;the bestt la server negri inisanagt beda server lokaludah ga berapling situs main JPTOGEL77 aja,udah ga berapa situs main JPTOGEL77 hanya;Online Gambling Promotion
qAIkM5_RUhY;SALMON JUMBO w/ @sebastiantedy;edan web JPTOGEL77 gk bangkrut web nya kasih jepe gua udh 5 main kasih jepe mulu Kelen wajib main web J P TO G E L 7 7 si wak;Online Gambling Promotion
qAIkM5_RUhY;SALMON JUMBO w/ @sebastiantedy;Modal receh hasil lumer mantap kali JPTOGEL77 sensasi maxwn berulang brooo kali nemu web seqacor chek langsung deh webbnya dp wd gesit prosesnya;Online Gambling Promotion
qAIkM5_RUhY;SALMON JUMBO w/ @sebastiantedy;WAJIB COBA DI SINI BOS SUPER GACCOOORR YANG TERBARUCOBA PAKE SERVER THAILAND SERVER LUAR YANG SAYA PAKE RTP NYA DI ATAS 98 TANPA HARUS BUY PETIR x100 x250 x500 SUDAH PASTI KELUAR GASSSS LANGSUNG SEMOGA HOKINYA NULAR YA ABANG CARI GOOGLE JPTOGEL77;Online Gambling Promotion
qAIkM5_RUhY;SALMON JUMBO w/ @sebastiantedy;gampang banget situs JPTOGEL77 turun perkalian nya member betah main main JPTOGEL77 aja rungkat ya bro;Online Gambling Promotion
qAIkM5_RUhY;SALMON JUMBO w/ @sebastiantedy;sobat jptogel77 emang patut banggakan situs beneran gampang JP;Online Gambling Promotion
qAIkM5_RUhY;SALMON JUMBO w/ @sebastiantedy;webb JPTOGEL77 ga kalah seru ya disni cair trus dr web JPTOGEL77 gokil mantap la jajan;Online Gambling Promotion
qAIkM5_RUhY;SALMON JUMBO w/ @sebastiantedy;nikmat ngopi sembari nyelot momen maxwin nya langsung full senyum makasih website jptogel77 udh ngasih maxwin meningkat senang mainnya;Online Gambling Promotion
qAIkM5_RUhY;SALMON JUMBO w/ @sebastiantedy;webb JPTOGEL77 ga kalah seru ya disni cair trus dr web JPTOGEL77 gokil mantap la jajan;Online Gambling Promotion
qAIkM5_RUhY;SALMON JUMBO w/ @sebastiantedy;betah dah nongkrong situs JPTOGEL77 kalo lihat rtp asli gak gagal rtpnya angkanya cuuy,kalo lihat rtp asli gak gagal rtpnya angkanya cuy;Online Gambling Promotion
qAIkM5_RUhY;SALMON JUMBO w/ @sebastiantedy;Mumpung gacornya gaskan aja bos J P T O G E L 77;Online Gambling Promotion
qAIkM5_RUhY;SALMON JUMBO w/ @sebastiantedy;JPTOGEL77 gampang banget dapet hasil gede gk ribet;Online Gambling Promotion
qAIkM5_RUhY;SALMON JUMBO w/ @sebastiantedy;mantap gua cobain gampang dapatin sketernya Udh gitu dapatin sketer isinya tau nama nya nih coba cari google Mandalika 77 dijiamin nagih,gua cobain gampang dapat sketernya. Udah gitu dapat sketernya isinya tau nama nya nih;Online Gambling Promotion
qAIkM5_RUhY;SALMON JUMBO w/ @sebastiantedy;sobat jptogel77 emang patut banggakan situs beneran gampang JP;Online Gambling Promotion
qAIkM5_RUhY;SALMON JUMBO w/ @sebastiantedy;J P TO G E L 7 7 auto win;No Online Gambling Promotion
qAIkM5_RUhY;SALMON JUMBO w/ @sebastiantedy;Ternyata bgt dibilang teman gue main JPTOGEL77 gampang bgt dapetin maxwln member positif WD;Online Gambling Promotion
qAIkM5_RUhY;SALMON JUMBO w/ @sebastiantedy;server negri ga tandingin server lokalGak mikir guys langsung coba aja main JPTOGEL77 kaget perkaliannya turun cari aja linknya google JPTOGEL77,Gak menyimpan di hataku guys langsung coba aja main JPTOGEL77 kaget perkaliannya turun cari aja linknya google JPTOGEL77;Online Gambling Promotion
qAIkM5_RUhY;SALMON JUMBO w/ @sebastiantedy;menang gak dibayar nih langgana gua aja bro JPTOGEL77 mantap deh gw u main tenang hp bunyi mulu wkkw;No Online Gambling Promotion
qAIkM5_RUhY;SALMON JUMBO w/ @sebastiantedy;Akhirnya menang J P T O G E L 77 dengar cerita orng;Online Gambling Promotion
qAIkM5_RUhY;SALMON JUMBO w/ @sebastiantedy;menang nya ga banyakyang ga bikin rungkadnaik sikit2 bukitini buktinya udah menang jptogel77di sambar kake zeusss wkkwkw;Online Gambling Promotion
qAIkM5_RUhY;SALMON JUMBO w/ @sebastiantedy;Slide FB turun turun isinya J P TO G E L 7 7 Penasaran cobain depo main bentar aja Ehhh MAXWINNN;Online Gambling Promotion
qAIkM5_RUhY;SALMON JUMBO w/ @sebastiantedy;udah gw coba bro bagus main jptogel77 patut dibanggakan profitnya,bro bagus main slot jptogel77, patut dibanggakan profitnya;Online Gambling Promotion
qAIkM5_RUhY;SALMON JUMBO w/ @sebastiantedy;Dari sekian ling coba cman webb J P TO G E L 7 7 yg bikin betah bagus webbnya kasih maxwn gak takut J P TO G E L 7 7,webnya kasih maxwin, tidak takut J P TO G E L 7 7;Online Gambling Promotion
qAIkM5_RUhY;SALMON JUMBO w/ @sebastiantedy;Kalo gak coba nggak Rezaki bis ja J P T O G E L 77,Resoki tidak akan mencoba J P T O G E L 77;No Online Gambling Promotion
qAIkM5_RUhY;SALMON JUMBO w/ @sebastiantedy;Gak maxwln provit segini main mahbaru nyoba udah kasih JP si JPTOGEL77 ni test aja,udah kasih judi si JPTOGEL77 ni test aja;Online Gambling Promotion
qAIkM5_RUhY;SALMON JUMBO w/ @sebastiantedy;adminnya nyaman Bener2 hoki main J P TO G E L 7 7 proses depo cepat mantap Livechat fast respon gak pindah web deh udah betah main;Online Gambling Promotion
qAIkM5_RUhY;SALMON JUMBO w/ @sebastiantedy;Paling kasih orang bahagia s1tus Mandalika 77 pemain udah kasih kemenangan;No Online Gambling Promotion
qAIkM5_RUhY;SALMON JUMBO w/ @sebastiantedy;gw aja main jptogel77 x100 kuy mabar biar cuan bang sore mantappp rekomend banget pokok nya situs broo;Online Gambling Promotion
qAIkM5_RUhY;SALMON JUMBO w/ @sebastiantedy;1 d trending gatuh J P TO G E L 7 7;No Online Gambling Promotion
qAIkM5_RUhY;SALMON JUMBO w/ @sebastiantedy;makasih banget loh JPTOGEL77 udah ngasih kesempatan ngerasain wd hasil maxwwin udh kunci akun ku gk wd;Online Gambling Promotion
qAIkM5_RUhY;SALMON JUMBO w/ @sebastiantedy;JPTOGEL77 cba bntr jepe gede lgnsung;Online Gambling Promotion
qAIkM5_RUhY;SALMON JUMBO w/ @sebastiantedy;menang nya ga banyakyang ga bikin rungkadnaik sikit bukitini buktinya udah menang JPTOGEL77di sambar kake zeusss wkkwkw,buktinyaudahmenangJPTOGEL77disambarkakezeussswkkwkw;Online Gambling Promotion
2jHl9jAPXXs;Ketika orang indonesia diam diam batal puasa #shaideography #anakkedaian;Negara penuh budaya bahasa gua indonesia negara bahasa DUNIA,Negara Bahasa Dunia;No Online Gambling Promotion
2jHl9jAPXXs;Ketika orang indonesia diam diam batal puasa #shaideography #anakkedaian;Mokel;No Online Gambling Promotion
2jHl9jAPXXs;Ketika orang indonesia diam diam batal puasa #shaideography #anakkedaian;Apa kalien cari;No Online Gambling Promotion
2jHl9jAPXXs;Ketika orang indonesia diam diam batal puasa #shaideography #anakkedaian;Kalo gw godin;No Online Gambling Promotion
2jHl9jAPXXs;Ketika orang indonesia diam diam batal puasa #shaideography #anakkedaian;Kalo daerah sunda namanya godin bang;No Online Gambling Promotion
2jHl9jAPXXs;Ketika orang indonesia diam diam batal puasa #shaideography #anakkedaian;MOKEREELLLL DI DAERAHKU;No Online Gambling Promotion
2jHl9jAPXXs;Ketika orang indonesia diam diam batal puasa #shaideography #anakkedaian;udah intinya NYEMEN aja;No Online Gambling Promotion
2jHl9jAPXXs;Ketika orang indonesia diam diam batal puasa #shaideography #anakkedaian;Itu bahasa Melayu Riau bank;No Online Gambling Promotion
2jHl9jAPXXs;Ketika orang indonesia diam diam batal puasa #shaideography #anakkedaian;Godin Godaan ImaN;No Online Gambling Promotion
2jHl9jAPXXs;Ketika orang indonesia diam diam batal puasa #shaideography #anakkedaian;Pacah;No Online Gambling Promotion
2jHl9jAPXXs;Ketika orang indonesia diam diam batal puasa #shaideography #anakkedaian;Kalo banjarmasin pacah;No Online Gambling Promotion
2jHl9jAPXXs;Ketika orang indonesia diam diam batal puasa #shaideography #anakkedaian;Bucok Buka cokko 2;No Online Gambling Promotion
2jHl9jAPXXs;Ketika orang indonesia diam diam batal puasa #shaideography #anakkedaian;Momok hahahahhahaha;No Online Gambling Promotion
2jHl9jAPXXs;Ketika orang indonesia diam diam batal puasa #shaideography #anakkedaian;Bayem Palembang;No Online Gambling Promotion
2jHl9jAPXXs;Ketika orang indonesia diam diam batal puasa #shaideography #anakkedaian;Makassar Bucok Buka Cokko2 Buka Diam2;No Online Gambling Promotion
2jHl9jAPXXs;Ketika orang indonesia diam diam batal puasa #shaideography #anakkedaian;Palembang Bayembatal diem diem Jakarta Mokel molo kele;No Online Gambling Promotion
2jHl9jAPXXs;Ketika orang indonesia diam diam batal puasa #shaideography #anakkedaian;Madim;No Online Gambling Promotion
2jHl9jAPXXs;Ketika orang indonesia diam diam batal puasa #shaideography #anakkedaian;ORANG SUNDA JAWABARAT menyebutnya GODIN;No Online Gambling Promotion
2jHl9jAPXXs;Ketika orang indonesia diam diam batal puasa #shaideography #anakkedaian;mokel;No Online Gambling Promotion
2jHl9jAPXXs;Ketika orang indonesia diam diam batal puasa #shaideography #anakkedaian;sunda gak ajak;No Online Gambling Promotion
2jHl9jAPXXs;Ketika orang indonesia diam diam batal puasa #shaideography #anakkedaian;Mokel;No Online Gambling Promotion
2jHl9jAPXXs;Ketika orang indonesia diam diam batal puasa #shaideography #anakkedaian;Ahh gak Ini orang batal puasa diam diam sembunyian,ini tidak orang batal puasa diam diam sembunyian;No Online Gambling Promotion
2jHl9jAPXXs;Ketika orang indonesia diam diam batal puasa #shaideography #anakkedaian;yg bner iihh ga puasa;No Online Gambling Promotion
2jHl9jAPXXs;Ketika orang indonesia diam diam batal puasa #shaideography #anakkedaian;Sasak lombok megat;No Online Gambling Promotion
2jHl9jAPXXs;Ketika orang indonesia diam diam batal puasa #shaideography #anakkedaian;Bayem Batal diem diem;No Online Gambling Promotion
2jHl9jAPXXs;Ketika orang indonesia diam diam batal puasa #shaideography #anakkedaian;Mokak;No Online Gambling Promotion
2jHl9jAPXXs;Ketika orang indonesia diam diam batal puasa #shaideography #anakkedaian;Umur kakak;No Online Gambling Promotion
2jHl9jAPXXs;Ketika orang indonesia diam diam batal puasa #shaideography #anakkedaian;Kalo sunda godinngagodin;No Online Gambling Promotion
2jHl9jAPXXs;Ketika orang indonesia diam diam batal puasa #shaideography #anakkedaian;Budi;No Online Gambling Promotion
2jHl9jAPXXs;Ketika orang indonesia diam diam batal puasa #shaideography #anakkedaian;Solo Mokah;No Online Gambling Promotion
2jHl9jAPXXs;Ketika orang indonesia diam diam batal puasa #shaideography #anakkedaian;Lah Saya orang Riau gk dengar istilah BUDI Buka Diam Diam yg sya dengar ya mokel ntah org Jawa Melayu sya dengar ya mokel,ya mokel ntah org Jawa Melayu sya dengar, ya mokel;No Online Gambling Promotion
2jHl9jAPXXs;Ketika orang indonesia diam diam batal puasa #shaideography #anakkedaian;dimana namayamokel;No Online Gambling Promotion
2jHl9jAPXXs;Ketika orang indonesia diam diam batal puasa #shaideography #anakkedaian;Ngagodin;No Online Gambling Promotion
2jHl9jAPXXs;Ketika orang indonesia diam diam batal puasa #shaideography #anakkedaian;Mokah;No Online Gambling Promotion
2jHl9jAPXXs;Ketika orang indonesia diam diam batal puasa #shaideography #anakkedaian;mokel;No Online Gambling Promotion
2jHl9jAPXXs;Ketika orang indonesia diam diam batal puasa #shaideography #anakkedaian;Lombok megat;No Online Gambling Promotion
2jHl9jAPXXs;Ketika orang indonesia diam diam batal puasa #shaideography #anakkedaian;Kocak wkwk;No Online Gambling Promotion
2jHl9jAPXXs;Ketika orang indonesia diam diam batal puasa #shaideography #anakkedaian;Naon eta mah godin;No Online Gambling Promotion
2jHl9jAPXXs;Ketika orang indonesia diam diam batal puasa #shaideography #anakkedaian;Jawa Medot memutus puasa;No Online Gambling Promotion
2jHl9jAPXXs;Ketika orang indonesia diam diam batal puasa #shaideography #anakkedaian;GODIN SUNDA WANTUN;No Online Gambling Promotion
2jHl9jAPXXs;Ketika orang indonesia diam diam batal puasa #shaideography #anakkedaian;Godin bang;No Online Gambling Promotion
2jHl9jAPXXs;Ketika orang indonesia diam diam batal puasa #shaideography #anakkedaian;Sunda Wah nge Godwyn;No Online Gambling Promotion
2jHl9jAPXXs;Ketika orang indonesia diam diam batal puasa #shaideography #anakkedaian;bener godin apalah pake singkatan2;No Online Gambling Promotion
2jHl9jAPXXs;Ketika orang indonesia diam diam batal puasa #shaideography #anakkedaian;Kalau angakatan gua namanya kopdar;No Online Gambling Promotion
2jHl9jAPXXs;Ketika orang indonesia diam diam batal puasa #shaideography #anakkedaian;Ngagodin;No Online Gambling Promotion
2jHl9jAPXXs;Ketika orang indonesia diam diam batal puasa #shaideography #anakkedaian;Tempus;No Online Gambling Promotion
2jHl9jAPXXs;Ketika orang indonesia diam diam batal puasa #shaideography #anakkedaian;Emang lu bang;No Online Gambling Promotion
2jHl9jAPXXs;Ketika orang indonesia diam diam batal puasa #shaideography #anakkedaian;MEDAN MILIK BATAK BOSSS HORASSSS BUKAN MILIK MELAYU;No Online Gambling Promotion
2jHl9jAPXXs;Ketika orang indonesia diam diam batal puasa #shaideography #anakkedaian;Bucok makassar;No Online Gambling Promotion
2jHl9jAPXXs;Ketika orang indonesia diam diam batal puasa #shaideography #anakkedaian;mokel;No Online Gambling Promotion
2jHl9jAPXXs;Ketika orang indonesia diam diam batal puasa #shaideography #anakkedaian;Sunda bilang Godin bang;No Online Gambling Promotion
2jHl9jAPXXs;Ketika orang indonesia diam diam batal puasa #shaideography #anakkedaian;Sunda Godin;No Online Gambling Promotion
2jHl9jAPXXs;Ketika orang indonesia diam diam batal puasa #shaideography #anakkedaian;Klw dsni istilahnya Batal ya simpel dg mudah fahami sukuras Indonesia;No Online Gambling Promotion
2jHl9jAPXXs;Ketika orang indonesia diam diam batal puasa #shaideography #anakkedaian;mokel menolak kelaparan;No Online Gambling Promotion
2jHl9jAPXXs;Ketika orang indonesia diam diam batal puasa #shaideography #anakkedaian;Momok bahasa madura;No Online Gambling Promotion
2jHl9jAPXXs;Ketika orang indonesia diam diam batal puasa #shaideography #anakkedaian;Hhahaa BUCOK KALAU MAKASSAR;No Online Gambling Promotion
2jHl9jAPXXs;Ketika orang indonesia diam diam batal puasa #shaideography #anakkedaian;Mirip Agus buntung bang;No Online Gambling Promotion
2jHl9jAPXXs;Ketika orang indonesia diam diam batal puasa #shaideography #anakkedaian;njjir mom nguawur diderahku bahasa halusnya kelamin perempuan;No Online Gambling Promotion
2jHl9jAPXXs;Ketika orang indonesia diam diam batal puasa #shaideography #anakkedaian;molester ya;No Online Gambling Promotion
2jHl9jAPXXs;Ketika orang indonesia diam diam batal puasa #shaideography #anakkedaian;Kalimantan jinggo;No Online Gambling Promotion
2jHl9jAPXXs;Ketika orang indonesia diam diam batal puasa #shaideography #anakkedaian;Orang riau mengejek ku;No Online Gambling Promotion
2jHl9jAPXXs;Ketika orang indonesia diam diam batal puasa #shaideography #anakkedaian;Kalau kampung mokel;No Online Gambling Promotion
2jHl9jAPXXs;Ketika orang indonesia diam diam batal puasa #shaideography #anakkedaian;Kalau Kalsel namanya Pacah;No Online Gambling Promotion
2jHl9jAPXXs;Ketika orang indonesia diam diam batal puasa #shaideography #anakkedaian;asa teu ngadenge MOMO daerah sunda aya ge godin da;No Online Gambling Promotion
2jHl9jAPXXs;Ketika orang indonesia diam diam batal puasa #shaideography #anakkedaian;Banjar be like pacah;No Online Gambling Promotion
2jHl9jAPXXs;Ketika orang indonesia diam diam batal puasa #shaideography #anakkedaian;Di Madura namanya Moka;No Online Gambling Promotion
2jHl9jAPXXs;Ketika orang indonesia diam diam batal puasa #shaideography #anakkedaian;Boboran;No Online Gambling Promotion
2jHl9jAPXXs;Ketika orang indonesia diam diam batal puasa #shaideography #anakkedaian;Medot basa ngapak;No Online Gambling Promotion
2jHl9jAPXXs;Ketika orang indonesia diam diam batal puasa #shaideography #anakkedaian;Mirip agus;No Online Gambling Promotion
2jHl9jAPXXs;Ketika orang indonesia diam diam batal puasa #shaideography #anakkedaian;Kalau pekalongan jawa namanya muka;No Online Gambling Promotion
2jHl9jAPXXs;Ketika orang indonesia diam diam batal puasa #shaideography #anakkedaian;Jogja medhot;No Online Gambling Promotion
2jHl9jAPXXs;Ketika orang indonesia diam diam batal puasa #shaideography #anakkedaian;Mokel;No Online Gambling Promotion
2jHl9jAPXXs;Ketika orang indonesia diam diam batal puasa #shaideography #anakkedaian;Sundaayakan;No Online Gambling Promotion
2jHl9jAPXXs;Ketika orang indonesia diam diam batal puasa #shaideography #anakkedaian;cibaduyut bandung momo ghadin;No Online Gambling Promotion
2jHl9jAPXXs;Ketika orang indonesia diam diam batal puasa #shaideography #anakkedaian;Perasaan orang sunda nyebutnya godin;No Online Gambling Promotion
2jHl9jAPXXs;Ketika orang indonesia diam diam batal puasa #shaideography #anakkedaian;Meanwhile sunda Godin;No Online Gambling Promotion
2jHl9jAPXXs;Ketika orang indonesia diam diam batal puasa #shaideography #anakkedaian;momok bahasa Madura nya kelamin wanita;No Online Gambling Promotion
2jHl9jAPXXs;Ketika orang indonesia diam diam batal puasa #shaideography #anakkedaian;Kalo daerahku mokah;No Online Gambling Promotion
2jHl9jAPXXs;Ketika orang indonesia diam diam batal puasa #shaideography #anakkedaian;Mokell;No Online Gambling Promotion
2jHl9jAPXXs;Ketika orang indonesia diam diam batal puasa #shaideography #anakkedaian;Johyam majoh diam diam;Online Gambling Promotion
2jHl9jAPXXs;Ketika orang indonesia diam diam batal puasa #shaideography #anakkedaian;Orang Cibaduyutmomok Orang Madura bee like hah mOmok;No Online Gambling Promotion
2jHl9jAPXXs;Ketika orang indonesia diam diam batal puasa #shaideography #anakkedaian;Godin;No Online Gambling Promotion
2jHl9jAPXXs;Ketika orang indonesia diam diam batal puasa #shaideography #anakkedaian;Mokel slurp minum hahaha;No Online Gambling Promotion
2jHl9jAPXXs;Ketika orang indonesia diam diam batal puasa #shaideography #anakkedaian;noying;No Online Gambling Promotion
2jHl9jAPXXs;Ketika orang indonesia diam diam batal puasa #shaideography #anakkedaian;Orang Jabar GodinNgagodin;No Online Gambling Promotion
2jHl9jAPXXs;Ketika orang indonesia diam diam batal puasa #shaideography #anakkedaian;Nyemen;No Online Gambling Promotion
2jHl9jAPXXs;Ketika orang indonesia diam diam batal puasa #shaideography #anakkedaian;Byah Jek gun ngocaah tk apasah mak koseh cek ruwetah;No Online Gambling Promotion
2jHl9jAPXXs;Ketika orang indonesia diam diam batal puasa #shaideography #anakkedaian;Tempus kyk boss EOD b3;No Online Gambling Promotion
2jHl9jAPXXs;Ketika orang indonesia diam diam batal puasa #shaideography #anakkedaian;Sebagai orang Jawa Tengah tau mokel 2023 kasih tau temen jakarta,kasih tahu teman Jakarta;No Online Gambling Promotion
2jHl9jAPXXs;Ketika orang indonesia diam diam batal puasa #shaideography #anakkedaian;mbruah;No Online Gambling Promotion
2jHl9jAPXXs;Ketika orang indonesia diam diam batal puasa #shaideography #anakkedaian;jatim motel;No Online Gambling Promotion
2jHl9jAPXXs;Ketika orang indonesia diam diam batal puasa #shaideography #anakkedaian;pas riau pake istilah sayo;No Online Gambling Promotion
2jHl9jAPXXs;Ketika orang indonesia diam diam batal puasa #shaideography #anakkedaian;Jangker;No Online Gambling Promotion
2jHl9jAPXXs;Ketika orang indonesia diam diam batal puasa #shaideography #anakkedaian;Godin;No Online Gambling Promotion
2jHl9jAPXXs;Ketika orang indonesia diam diam batal puasa #shaideography #anakkedaian;Di sulawesi namanya bukteng Buka tenga;No Online Gambling Promotion
2jHl9jAPXXs;Ketika orang indonesia diam diam batal puasa #shaideography #anakkedaian;Dri video Walaupun berbeda beda orang Indonesia Yg mokell;No Online Gambling Promotion
2jHl9jAPXXs;Ketika orang indonesia diam diam batal puasa #shaideography #anakkedaian;Saya orang jakarta sampe bilangnya BUDI Buka diam diam,sampe bilangnya Budi Buka diam diam;No Online Gambling Promotion
2jHl9jAPXXs;Ketika orang indonesia diam diam batal puasa #shaideography #anakkedaian;Ini bagus Bahasa yg peningkatan kosa 5 bahasa Indonesia Jadi penyebabnya Kosa diserap istilah daerah;No Online Gambling Promotion
2jHl9jAPXXs;Ketika orang indonesia diam diam batal puasa #shaideography #anakkedaian;Gada tim nyemen;No Online Gambling Promotion
2jHl9jAPXXs;Ketika orang indonesia diam diam batal puasa #shaideography #anakkedaian;tegal mincuk;No Online Gambling Promotion
2jHl9jAPXXs;Ketika orang indonesia diam diam batal puasa #shaideography #anakkedaian;Kalau Makassar bucok bang buka cokko cokko;No Online Gambling Promotion
2jHl9jAPXXs;Ketika orang indonesia diam diam batal puasa #shaideography #anakkedaian;Salfok org cibaduyut wkwk btw org cibaduyut;No Online Gambling Promotion
2jHl9jAPXXs;Ketika orang indonesia diam diam batal puasa #shaideography #anakkedaian;Kalimantan pacah;No Online Gambling Promotion
2jHl9jAPXXs;Ketika orang indonesia diam diam batal puasa #shaideography #anakkedaian;Sasakmegat;No Online Gambling Promotion
2jHl9jAPXXs;Ketika orang indonesia diam diam batal puasa #shaideography #anakkedaian;budibukan mokelbukan tempusbukan momo BDDbuka diam diam;No Online Gambling Promotion
2jHl9jAPXXs;Ketika orang indonesia diam diam batal puasa #shaideography #anakkedaian;ngagodin eta mah;No Online Gambling Promotion
2jHl9jAPXXs;Ketika orang indonesia diam diam batal puasa #shaideography #anakkedaian;Aku taunya mokel budi;No Online Gambling Promotion
2jHl9jAPXXs;Ketika orang indonesia diam diam batal puasa #shaideography #anakkedaian;Kalsel pecah kah;No Online Gambling Promotion
2jHl9jAPXXs;Ketika orang indonesia diam diam batal puasa #shaideography #anakkedaian;Mokel bahasa srkarangkalo mokah;No Online Gambling Promotion
2jHl9jAPXXs;Ketika orang indonesia diam diam batal puasa #shaideography #anakkedaian;Aku riau;No Online Gambling Promotion
2jHl9jAPXXs;Ketika orang indonesia diam diam batal puasa #shaideography #anakkedaian;Mokah jateng temanggung;No Online Gambling Promotion
2jHl9jAPXXs;Ketika orang indonesia diam diam batal puasa #shaideography #anakkedaian;Makassar BucokBuka cokko cokko cokko cokkodiam diam Jdi formalkan Buka diam diam maknanya;No Online Gambling Promotion
2jHl9jAPXXs;Ketika orang indonesia diam diam batal puasa #shaideography #anakkedaian;Mokel tu menolak kelaparan bang kayaknya;No Online Gambling Promotion
2jHl9jAPXXs;Ketika orang indonesia diam diam batal puasa #shaideography #anakkedaian;Kalau lampung daerah gw budi bohong gitu contoh mokel orang gak percaya bilang budi bohong;No Online Gambling Promotion
2jHl9jAPXXs;Ketika orang indonesia diam diam batal puasa #shaideography #anakkedaian;P;No Online Gambling Promotion
2jHl9jAPXXs;Ketika orang indonesia diam diam batal puasa #shaideography #anakkedaian;Aku jateng tp muka;No Online Gambling Promotion
2jHl9jAPXXs;Ketika orang indonesia diam diam batal puasa #shaideography #anakkedaian;Dari madura mom0k pantt;No Online Gambling Promotion
2jHl9jAPXXs;Ketika orang indonesia diam diam batal puasa #shaideography #anakkedaian;Jabar GO DIN;No Online Gambling Promotion
2jHl9jAPXXs;Ketika orang indonesia diam diam batal puasa #shaideography #anakkedaian;mugodim;No Online Gambling Promotion
2jHl9jAPXXs;Ketika orang indonesia diam diam batal puasa #shaideography #anakkedaian;Dari sekian bnyak org yg berusaha niruin logat medan kesel krna gadak yg ttp ga lucu;No Online Gambling Promotion
2jHl9jAPXXs;Ketika orang indonesia diam diam batal puasa #shaideography #anakkedaian;Lah gw aktor spiderman;No Online Gambling Promotion
2jHl9jAPXXs;Ketika orang indonesia diam diam batal puasa #shaideography #anakkedaian;Cibaduyut mmk;No Online Gambling Promotion
2jHl9jAPXXs;Ketika orang indonesia diam diam batal puasa #shaideography #anakkedaian;Bujur medan terimakasih Bujur sunda Panta;No Online Gambling Promotion
2jHl9jAPXXs;Ketika orang indonesia diam diam batal puasa #shaideography #anakkedaian;Kalo mumuk itualat kemaluan perempuan;No Online Gambling Promotion
2jHl9jAPXXs;Ketika orang indonesia diam diam batal puasa #shaideography #anakkedaian;Muka u asli kaya Agus buntung bang;No Online Gambling Promotion
2jHl9jAPXXs;Ketika orang indonesia diam diam batal puasa #shaideography #anakkedaian;Apaan momo Momok meureun Ditipu org cibaduyut lu bg;No Online Gambling Promotion
2jHl9jAPXXs;Ketika orang indonesia diam diam batal puasa #shaideography #anakkedaian;yg ngetawain momo asli natural ketawanya;No Online Gambling Promotion
2jHl9jAPXXs;Ketika orang indonesia diam diam batal puasa #shaideography #anakkedaian;Yang parah bilang ngedakjall;No Online Gambling Promotion
2jHl9jAPXXs;Ketika orang indonesia diam diam batal puasa #shaideography #anakkedaian;Sunda vesri 1 godin Versi 2 nyemen,Versi 2 nyemen;No Online Gambling Promotion
2jHl9jAPXXs;Ketika orang indonesia diam diam batal puasa #shaideography #anakkedaian;SALAM DARI RIAU DUMAI;No Online Gambling Promotion
2jHl9jAPXXs;Ketika orang indonesia diam diam batal puasa #shaideography #anakkedaian;Kalau namanya KORUPTOR bang;No Online Gambling Promotion
2jHl9jAPXXs;Ketika orang indonesia diam diam batal puasa #shaideography #anakkedaian;Mokel plesetan bhs arab mukkah membatalkan buka;No Online Gambling Promotion
2jHl9jAPXXs;Ketika orang indonesia diam diam batal puasa #shaideography #anakkedaian;Jakarta BDD buka diem diem;No Online Gambling Promotion
2jHl9jAPXXs;Ketika orang indonesia diam diam batal puasa #shaideography #anakkedaian;Sama kaya pengalaman batal puasa diperantauan kawan kawan AmbonMedanPalembangPapualucu lucu emang logat bahasanya,Medan, Palembang, Papua, Luku, lucu emang logat bahasanya;No Online Gambling Promotion
2jHl9jAPXXs;Ketika orang indonesia diam diam batal puasa #shaideography #anakkedaian;tasikmalaya nyemenngemen;No Online Gambling Promotion
2jHl9jAPXXs;Ketika orang indonesia diam diam batal puasa #shaideography #anakkedaian;Budi buka diam diam;No Online Gambling Promotion
2jHl9jAPXXs;Ketika orang indonesia diam diam batal puasa #shaideography #anakkedaian;Cibaduyut orang madura tau;No Online Gambling Promotion
2jHl9jAPXXs;Ketika orang indonesia diam diam batal puasa #shaideography #anakkedaian;Jere ngapak medot;No Online Gambling Promotion
2jHl9jAPXXs;Ketika orang indonesia diam diam batal puasa #shaideography #anakkedaian;Bucok;No Online Gambling Promotion
2jHl9jAPXXs;Ketika orang indonesia diam diam batal puasa #shaideography #anakkedaian;Kalau daerah ku moka daerah Jawa;No Online Gambling Promotion
2jHl9jAPXXs;Ketika orang indonesia diam diam batal puasa #shaideography #anakkedaian;kacau masbrayitungan nya gak melencengtidak merugikan memberselalu memperkaya member JPTOGEL77;Online Gambling Promotion
2jHl9jAPXXs;Ketika orang indonesia diam diam batal puasa #shaideography #anakkedaian;JPTOGEL77 emang juara kepuasan bermain Cuan mengalir;Online Gambling Promotion
2jHl9jAPXXs;Ketika orang indonesia diam diam batal puasa #shaideography #anakkedaian;gila JPTOGEL77 member kasi JP trus;Online Gambling Promotion
2jHl9jAPXXs;Ketika orang indonesia diam diam batal puasa #shaideography #anakkedaian;Up Up Upaku coba bang gacir sltnya ya JPTOGEL77 pantes rame kali comment hahaha;Online Gambling Promotion
2jHl9jAPXXs;Ketika orang indonesia diam diam batal puasa #shaideography #anakkedaian;Sukses JPTOGEL77;Online Gambling Promotion
2jHl9jAPXXs;Ketika orang indonesia diam diam batal puasa #shaideography #anakkedaian;Saran coba JPTOGEL77 bg link nya gak pelit tu mmber uda psti dikasih JP tmn gw jga mawin disitu,tu munggu udah diposting di kasih JP timenan gw juga maxwin disitu;Online Gambling Promotion
2jHl9jAPXXs;Ketika orang indonesia diam diam batal puasa #shaideography #anakkedaian;bekasibuyem buka diyem diyem;No Online Gambling Promotion
2jHl9jAPXXs;Ketika orang indonesia diam diam batal puasa #shaideography #anakkedaian;MECAH;No Online Gambling Promotion
2jHl9jAPXXs;Ketika orang indonesia diam diam batal puasa #shaideography #anakkedaian;Makassar said Bucok;No Online Gambling Promotion
2jHl9jAPXXs;Ketika orang indonesia diam diam batal puasa #shaideography #anakkedaian;GODIN;No Online Gambling Promotion
2jHl9jAPXXs;Ketika orang indonesia diam diam batal puasa #shaideography #anakkedaian;Agus;No Online Gambling Promotion
2jHl9jAPXXs;Ketika orang indonesia diam diam batal puasa #shaideography #anakkedaian;Godin bang godin;No Online Gambling Promotion
2jHl9jAPXXs;Ketika orang indonesia diam diam batal puasa #shaideography #anakkedaian;Nambahin bang gw istilahnya Mecah;No Online Gambling Promotion
2jHl9jAPXXs;Ketika orang indonesia diam diam batal puasa #shaideography #anakkedaian;Mokel;No Online Gambling Promotion
2jHl9jAPXXs;Ketika orang indonesia diam diam batal puasa #shaideography #anakkedaian;mokel sih ygs sring;No Online Gambling Promotion
2jHl9jAPXXs;Ketika orang indonesia diam diam batal puasa #shaideography #anakkedaian;Makassar bucok buka cokko cokko buka sembunyi sembunyi;No Online Gambling Promotion
2jHl9jAPXXs;Ketika orang indonesia diam diam batal puasa #shaideography #anakkedaian;Case pecah puasepuasa;No Online Gambling Promotion
2jHl9jAPXXs;Ketika orang indonesia diam diam batal puasa #shaideography #anakkedaian;Pas banget tinggak si pulau riau balam;No Online Gambling Promotion
2jHl9jAPXXs;Ketika orang indonesia diam diam batal puasa #shaideography #anakkedaian;Lahatmecah;No Online Gambling Promotion
2jHl9jAPXXs;Ketika orang indonesia diam diam batal puasa #shaideography #anakkedaian;Lah gw GODIN anj;No Online Gambling Promotion
2jHl9jAPXXs;Ketika orang indonesia diam diam batal puasa #shaideography #anakkedaian;eh momok;No Online Gambling Promotion
2jHl9jAPXXs;Ketika orang indonesia diam diam batal puasa #shaideography #anakkedaian;gw jateng mokah bilangnya mokel gak tau;No Online Gambling Promotion
2jHl9jAPXXs;Ketika orang indonesia diam diam batal puasa #shaideography #anakkedaian;Motel;No Online Gambling Promotion
2jHl9jAPXXs;Ketika orang indonesia diam diam batal puasa #shaideography #anakkedaian;MOMO MOMOK Bahasa Madura Itu alat Kelamin Wanita njirr;No Online Gambling Promotion
2jHl9jAPXXs;Ketika orang indonesia diam diam batal puasa #shaideography #anakkedaian;Mokel monyet kelaparan;No Online Gambling Promotion
2jHl9jAPXXs;Ketika orang indonesia diam diam batal puasa #shaideography #anakkedaian;Mokel;No Online Gambling Promotion
2jHl9jAPXXs;Ketika orang indonesia diam diam batal puasa #shaideography #anakkedaian;Indah nya perbedaan;No Online Gambling Promotion
2jHl9jAPXXs;Ketika orang indonesia diam diam batal puasa #shaideography #anakkedaian;Slam q dri riau;No Online Gambling Promotion
2jHl9jAPXXs;Ketika orang indonesia diam diam batal puasa #shaideography #anakkedaian;Aku Jawa Timur kak mokel istilahnya tempatku,kak mokel istilahnya tempatku;No Online Gambling Promotion
2jHl9jAPXXs;Ketika orang indonesia diam diam batal puasa #shaideography #anakkedaian;lucu;No Online Gambling Promotion
2jHl9jAPXXs;Ketika orang indonesia diam diam batal puasa #shaideography #anakkedaian;Budi buka diam diam;No Online Gambling Promotion
2jHl9jAPXXs;Ketika orang indonesia diam diam batal puasa #shaideography #anakkedaian;Aku jateng batal puasa diam diam namanya mokak;No Online Gambling Promotion
2jHl9jAPXXs;Ketika orang indonesia diam diam batal puasa #shaideography #anakkedaian;Aku jateng batal puasa diam diam namanya mokak;No Online Gambling Promotion
2jHl9jAPXXs;Ketika orang indonesia diam diam batal puasa #shaideography #anakkedaian;Momok anjir orang Madura tau momok;No Online Gambling Promotion
2jHl9jAPXXs;Ketika orang indonesia diam diam batal puasa #shaideography #anakkedaian;Godin;No Online Gambling Promotion
2jHl9jAPXXs;Ketika orang indonesia diam diam batal puasa #shaideography #anakkedaian;mdd bang mecah diam diam;No Online Gambling Promotion
2jHl9jAPXXs;Ketika orang indonesia diam diam batal puasa #shaideography #anakkedaian;Godin sia kehed;No Online Gambling Promotion
2jHl9jAPXXs;Ketika orang indonesia diam diam batal puasa #shaideography #anakkedaian;Di palembang Bayem bayam batal diem diem batal diam diam;No Online Gambling Promotion
2jHl9jAPXXs;Ketika orang indonesia diam diam batal puasa #shaideography #anakkedaian;Yang mokel bang Budi Budi;No Online Gambling Promotion
2jHl9jAPXXs;Ketika orang indonesia diam diam batal puasa #shaideography #anakkedaian;Ditempatku medot;No Online Gambling Promotion
2jHl9jAPXXs;Ketika orang indonesia diam diam batal puasa #shaideography #anakkedaian;Keknya medan bilangnya BDD buka diam diam;No Online Gambling Promotion
2jHl9jAPXXs;Ketika orang indonesia diam diam batal puasa #shaideography #anakkedaian;Pertinyiinnyi cerita knp jateng mokel;No Online Gambling Promotion
2jHl9jAPXXs;Ketika orang indonesia diam diam batal puasa #shaideography #anakkedaian;motel kali medan;No Online Gambling Promotion
2jHl9jAPXXs;Ketika orang indonesia diam diam batal puasa #shaideography #anakkedaian;Ini ajarin momo tinggal kasih k;No Online Gambling Promotion
2jHl9jAPXXs;Ketika orang indonesia diam diam batal puasa #shaideography #anakkedaian;ditempat namanya budim;No Online Gambling Promotion
2jHl9jAPXXs;Ketika orang indonesia diam diam batal puasa #shaideography #anakkedaian;Mataram mecat;No Online Gambling Promotion
2jHl9jAPXXs;Ketika orang indonesia diam diam batal puasa #shaideography #anakkedaian;T4 gx gx ngerti mokel yng tau mecat;No Online Gambling Promotion
2jHl9jAPXXs;Ketika orang indonesia diam diam batal puasa #shaideography #anakkedaian;Madol;No Online Gambling Promotion
2jHl9jAPXXs;Ketika orang indonesia diam diam batal puasa #shaideography #anakkedaian;Bugis Pattinjo puarang;No Online Gambling Promotion
2jHl9jAPXXs;Ketika orang indonesia diam diam batal puasa #shaideography #anakkedaian;sunda godin;No Online Gambling Promotion
2jHl9jAPXXs;Ketika orang indonesia diam diam batal puasa #shaideography #anakkedaian;Lah gw jateng perasaan mokah dah Cma 3 4 evolusi mokel;No Online Gambling Promotion
2jHl9jAPXXs;Ketika orang indonesia diam diam batal puasa #shaideography #anakkedaian;Kalo banyuwangidiam2 batal motel;No Online Gambling Promotion
2jHl9jAPXXs;Ketika orang indonesia diam diam batal puasa #shaideography #anakkedaian;ank muda jkt pakenya mokel;No Online Gambling Promotion
2jHl9jAPXXs;Ketika orang indonesia diam diam batal puasa #shaideography #anakkedaian;Makassar ih bucok ki;No Online Gambling Promotion
2jHl9jAPXXs;Ketika orang indonesia diam diam batal puasa #shaideography #anakkedaian;mokel bg;No Online Gambling Promotion
2jHl9jAPXXs;Ketika orang indonesia diam diam batal puasa #shaideography #anakkedaian;Kalau ku sih namanya mokel;No Online Gambling Promotion
2jHl9jAPXXs;Ketika orang indonesia diam diam batal puasa #shaideography #anakkedaian;Mokel;No Online Gambling Promotion
2jHl9jAPXXs;Ketika orang indonesia diam diam batal puasa #shaideography #anakkedaian;gachor parah maen AXL777;Online Gambling Promotion
2jHl9jAPXXs;Ketika orang indonesia diam diam batal puasa #shaideography #anakkedaian;AGUSTOTO gacir abis mantap cok;No Online Gambling Promotion
2jHl9jAPXXs;Ketika orang indonesia diam diam batal puasa #shaideography #anakkedaian;AGUSTOTO beda sih gacornya kebangetan bikin nagih;No Online Gambling Promotion
2jHl9jAPXXs;Ketika orang indonesia diam diam batal puasa #shaideography #anakkedaian;AGUSTOTO emang gachor banget;No Online Gambling Promotion
2jHl9jAPXXs;Ketika orang indonesia diam diam batal puasa #shaideography #anakkedaian;AGUSTOTO beda sih gacirnya kebangetan bikin nagih;No Online Gambling Promotion
2jHl9jAPXXs;Ketika orang indonesia diam diam batal puasa #shaideography #anakkedaian;Depo dikit maxwin gede AERO88 the best;No Online Gambling Promotion
2jHl9jAPXXs;Ketika orang indonesia diam diam batal puasa #shaideography #anakkedaian;AXL777 gachor hasil cuan;Online Gambling Promotion
2jHl9jAPXXs;Ketika orang indonesia diam diam batal puasa #shaideography #anakkedaian;gachog banget AGUSTOTO;No Online Gambling Promotion
2jHl9jAPXXs;Ketika orang indonesia diam diam batal puasa #shaideography #anakkedaian;AGUSTOTO mekswin gila;No Online Gambling Promotion
2jHl9jAPXXs;Ketika orang indonesia diam diam batal puasa #shaideography #anakkedaian;Gacor parah AXL777;Online Gambling Promotion
2jHl9jAPXXs;Ketika orang indonesia diam diam batal puasa #shaideography #anakkedaian;sunda diego GODIN;No Online Gambling Promotion
2jHl9jAPXXs;Ketika orang indonesia diam diam batal puasa #shaideography #anakkedaian;Momok setan;No Online Gambling Promotion
2jHl9jAPXXs;Ketika orang indonesia diam diam batal puasa #shaideography #anakkedaian;Mokel wak;No Online Gambling Promotion
2jHl9jAPXXs;Ketika orang indonesia diam diam batal puasa #shaideography #anakkedaian;Kata jebol ga bng;No Online Gambling Promotion
2jHl9jAPXXs;Ketika orang indonesia diam diam batal puasa #shaideography #anakkedaian;bucok;No Online Gambling Promotion
2jHl9jAPXXs;Ketika orang indonesia diam diam batal puasa #shaideography #anakkedaian;Muke lu ngeselin ya tai;No Online Gambling Promotion
2jHl9jAPXXs;Ketika orang indonesia diam diam batal puasa #shaideography #anakkedaian;Budi yg masuk akal mah bahasa badut;No Online Gambling Promotion
2jHl9jAPXXs;Ketika orang indonesia diam diam batal puasa #shaideography #anakkedaian;Jatim mokel;No Online Gambling Promotion
2jHl9jAPXXs;Ketika orang indonesia diam diam batal puasa #shaideography #anakkedaian;mokel salam Jawa timur;No Online Gambling Promotion
2jHl9jAPXXs;Ketika orang indonesia diam diam batal puasa #shaideography #anakkedaian;kalsel Pacah puasa;No Online Gambling Promotion
2jHl9jAPXXs;Ketika orang indonesia diam diam batal puasa #shaideography #anakkedaian;Jawa Ngapak Medot;No Online Gambling Promotion
2jHl9jAPXXs;Ketika orang indonesia diam diam batal puasa #shaideography #anakkedaian;Mokell;No Online Gambling Promotion
2jHl9jAPXXs;Ketika orang indonesia diam diam batal puasa #shaideography #anakkedaian;Mokel;No Online Gambling Promotion
2jHl9jAPXXs;Ketika orang indonesia diam diam batal puasa #shaideography #anakkedaian;budibuka diam diam;No Online Gambling Promotion
2jHl9jAPXXs;Ketika orang indonesia diam diam batal puasa #shaideography #anakkedaian;Momo nama kucing gua jir;No Online Gambling Promotion
2jHl9jAPXXs;Ketika orang indonesia diam diam batal puasa #shaideography #anakkedaian;Mokak;No Online Gambling Promotion
2jHl9jAPXXs;Ketika orang indonesia diam diam batal puasa #shaideography #anakkedaian;Aku sih ngomong nya mokel;No Online Gambling Promotion
2jHl9jAPXXs;Ketika orang indonesia diam diam batal puasa #shaideography #anakkedaian;mokel;No Online Gambling Promotion
2jHl9jAPXXs;Ketika orang indonesia diam diam batal puasa #shaideography #anakkedaian;Budi yapping;No Online Gambling Promotion
2jHl9jAPXXs;Ketika orang indonesia diam diam batal puasa #shaideography #anakkedaian;Sunda godin;No Online Gambling Promotion
2jHl9jAPXXs;Ketika orang indonesia diam diam batal puasa #shaideography #anakkedaian;Rill budi Temen gw,Teman gw;No Online Gambling Promotion
2jHl9jAPXXs;Ketika orang indonesia diam diam batal puasa #shaideography #anakkedaian;Medot banh;No Online Gambling Promotion
2jHl9jAPXXs;Ketika orang indonesia diam diam batal puasa #shaideography #anakkedaian;Sunda nyemen;No Online Gambling Promotion
2jHl9jAPXXs;Ketika orang indonesia diam diam batal puasa #shaideography #anakkedaian;GODIN;No Online Gambling Promotion
2jHl9jAPXXs;Ketika orang indonesia diam diam batal puasa #shaideography #anakkedaian;Sunda Godin;No Online Gambling Promotion
2jHl9jAPXXs;Ketika orang indonesia diam diam batal puasa #shaideography #anakkedaian;Adu bahasa;No Online Gambling Promotion
2jHl9jAPXXs;Ketika orang indonesia diam diam batal puasa #shaideography #anakkedaian;Godin atuh;No Online Gambling Promotion
2jHl9jAPXXs;Ketika orang indonesia diam diam batal puasa #shaideography #anakkedaian;Buyem;No Online Gambling Promotion
2jHl9jAPXXs;Ketika orang indonesia diam diam batal puasa #shaideography #anakkedaian;Makassar BUCOK;No Online Gambling Promotion
2jHl9jAPXXs;Ketika orang indonesia diam diam batal puasa #shaideography #anakkedaian;Sunda godin;No Online Gambling Promotion
2jHl9jAPXXs;Ketika orang indonesia diam diam batal puasa #shaideography #anakkedaian;Klo Coli bang;No Online Gambling Promotion
2jHl9jAPXXs;Ketika orang indonesia diam diam batal puasa #shaideography #anakkedaian;MOKEL singkatan Moro moro Keluen yg Tiba kelaperan puasa;No Online Gambling Promotion
2jHl9jAPXXs;Ketika orang indonesia diam diam batal puasa #shaideography #anakkedaian;Mokel molo kele BudiBuka diam diam TemPus tembak puasa Momok Mokel Mokelan;No Online Gambling Promotion
2jHl9jAPXXs;Ketika orang indonesia diam diam batal puasa #shaideography #anakkedaian;Cilegon mecat;No Online Gambling Promotion
2jHl9jAPXXs;Ketika orang indonesia diam diam batal puasa #shaideography #anakkedaian;Memang mantan mahasiswa telkom menekuni beragam bahasa mahasiswa;No Online Gambling Promotion
2jHl9jAPXXs;Ketika orang indonesia diam diam batal puasa #shaideography #anakkedaian;PALEMBANG BAYEM Batal Diem diem;No Online Gambling Promotion
2jHl9jAPXXs;Ketika orang indonesia diam diam batal puasa #shaideography #anakkedaian;Lombok ndekm puase;No Online Gambling Promotion
2jHl9jAPXXs;Ketika orang indonesia diam diam batal puasa #shaideography #anakkedaian;Godin;No Online Gambling Promotion
2jHl9jAPXXs;Ketika orang indonesia diam diam batal puasa #shaideography #anakkedaian;t o l o l;No Online Gambling Promotion
2jHl9jAPXXs;Ketika orang indonesia diam diam batal puasa #shaideography #anakkedaian;Klo gini gk kelar kelar sampe buka puasa;No Online Gambling Promotion
2jHl9jAPXXs;Ketika orang indonesia diam diam batal puasa #shaideography #anakkedaian;Mokel;No Online Gambling Promotion
2jHl9jAPXXs;Ketika orang indonesia diam diam batal puasa #shaideography #anakkedaian;Geng bdd buka diam diam;No Online Gambling Promotion
2jHl9jAPXXs;Ketika orang indonesia diam diam batal puasa #shaideography #anakkedaian;Kalo daerah gw kalo nama PACAHPECAH puasa penuh 1 anggap 1 biji telur yg bulat pecah;No Online Gambling Promotion
2jHl9jAPXXs;Ketika orang indonesia diam diam batal puasa #shaideography #anakkedaian;Mokel cok;No Online Gambling Promotion
2jHl9jAPXXs;Ketika orang indonesia diam diam batal puasa #shaideography #anakkedaian;jatim mokel;No Online Gambling Promotion
2jHl9jAPXXs;Ketika orang indonesia diam diam batal puasa #shaideography #anakkedaian;lahh mokel arab kirain bahasa slang nya sultan sultan oh ya hhmm tp ga kebayang kalo sultan beneran bilang mokel;No Online Gambling Promotion
2jHl9jAPXXs;Ketika orang indonesia diam diam batal puasa #shaideography #anakkedaian;Malbuk maling buka;No Online Gambling Promotion
2jHl9jAPXXs;Ketika orang indonesia diam diam batal puasa #shaideography #anakkedaian;Mokel goblok tembus;No Online Gambling Promotion
2jHl9jAPXXs;Ketika orang indonesia diam diam batal puasa #shaideography #anakkedaian;Bucok;No Online Gambling Promotion
2jHl9jAPXXs;Ketika orang indonesia diam diam batal puasa #shaideography #anakkedaian;Sunda godin;No Online Gambling Promotion
2jHl9jAPXXs;Ketika orang indonesia diam diam batal puasa #shaideography #anakkedaian;mokel;No Online Gambling Promotion
2jHl9jAPXXs;Ketika orang indonesia diam diam batal puasa #shaideography #anakkedaian;Bayem;No Online Gambling Promotion
2jHl9jAPXXs;Ketika orang indonesia diam diam batal puasa #shaideography #anakkedaian;Rasanya gimana bang pas masuk kuburan;No Online Gambling Promotion
2jHl9jAPXXs;Ketika orang indonesia diam diam batal puasa #shaideography #anakkedaian;Makassar bucok;No Online Gambling Promotion
2jHl9jAPXXs;Ketika orang indonesia diam diam batal puasa #shaideography #anakkedaian;tembak puasa;No Online Gambling Promotion
2jHl9jAPXXs;Ketika orang indonesia diam diam batal puasa #shaideography #anakkedaian;Yang bener mokel woy kerna orang Jateng;No Online Gambling Promotion
2jHl9jAPXXs;Ketika orang indonesia diam diam batal puasa #shaideography #anakkedaian;lebay bet aktingnya;No Online Gambling Promotion
2jHl9jAPXXs;Ketika orang indonesia diam diam batal puasa #shaideography #anakkedaian;ambil4d TERBAIKK jepe bro;No Online Gambling Promotion
2jHl9jAPXXs;Ketika orang indonesia diam diam batal puasa #shaideography #anakkedaian;janji smua web cuman ambil4d aja gw main,saya main;No Online Gambling Promotion
2jHl9jAPXXs;Ketika orang indonesia diam diam batal puasa #shaideography #anakkedaian;sore sore gini nyantai main ambil4d dikasih maxwin hahaa;No Online Gambling Promotion
2jHl9jAPXXs;Ketika orang indonesia diam diam batal puasa #shaideography #anakkedaian;main ambil4d salah keberuntungan banget main dikasih menang,main dikasih menang;Online Gambling Promotion
2jHl9jAPXXs;Ketika orang indonesia diam diam batal puasa #shaideography #anakkedaian;Main ambil4d uang jajan lancar;No Online Gambling Promotion
2jHl9jAPXXs;Ketika orang indonesia diam diam batal puasa #shaideography #anakkedaian;emang terbaik si ambil4dI;No Online Gambling Promotion
2jHl9jAPXXs;Ketika orang indonesia diam diam batal puasa #shaideography #anakkedaian;Gak kecewa main ambil4d slot on fire;Online Gambling Promotion
2jHl9jAPXXs;Ketika orang indonesia diam diam batal puasa #shaideography #anakkedaian;si rijal doyan banget main ambil4d sampe kebeli motor;No Online Gambling Promotion
2jHl9jAPXXs;Ketika orang indonesia diam diam batal puasa #shaideography #anakkedaian;Jika Anda menghargai peningkatan berkelanjutan ambil4d pilihan,ambil4d pilihan;No Online Gambling Promotion
2jHl9jAPXXs;Ketika orang indonesia diam diam batal puasa #shaideography #anakkedaian;Rezeki ambil4d emang gak duanya terima kasih ya Allah limpahan rezeki Mu,Terima kasih ya Allah limpahan rezeki Mu;No Online Gambling Promotion
2jHl9jAPXXs;Ketika orang indonesia diam diam batal puasa #shaideography #anakkedaian;Tarik kemenangan ambil4d belanja;No Online Gambling Promotion
2jHl9jAPXXs;Ketika orang indonesia diam diam batal puasa #shaideography #anakkedaian;Jangan ragu mantap parah ambil4d terbaik 2025,mantap parah ambil4d terbaik 2025;No Online Gambling Promotion
2jHl9jAPXXs;Ketika orang indonesia diam diam batal puasa #shaideography #anakkedaian;Terpopulerambil4d Spesial Tahun Baru Pasti Jepe;No Online Gambling Promotion
2jHl9jAPXXs;Ketika orang indonesia diam diam batal puasa #shaideography #anakkedaian;Salam riau;No Online Gambling Promotion
2jHl9jAPXXs;Ketika orang indonesia diam diam batal puasa #shaideography #anakkedaian;YANG BENER NGAGODIN;No Online Gambling Promotion
2jHl9jAPXXs;Ketika orang indonesia diam diam batal puasa #shaideography #anakkedaian;Mokel bahasa bocil;No Online Gambling Promotion
2jHl9jAPXXs;Ketika orang indonesia diam diam batal puasa #shaideography #anakkedaian;Disini mokel;No Online Gambling Promotion
2jHl9jAPXXs;Ketika orang indonesia diam diam batal puasa #shaideography #anakkedaian;Wahaha Ada2 aja bikin konten;No Online Gambling Promotion
2jHl9jAPXXs;Ketika orang indonesia diam diam batal puasa #shaideography #anakkedaian;Beneran cok;No Online Gambling Promotion
2jHl9jAPXXs;Ketika orang indonesia diam diam batal puasa #shaideography #anakkedaian;Ada manggil;No Online Gambling Promotion
2jHl9jAPXXs;Ketika orang indonesia diam diam batal puasa #shaideography #anakkedaian;Saya jateng temanggung Tapi ngga pake mokel mokah;No Online Gambling Promotion
2jHl9jAPXXs;Ketika orang indonesia diam diam batal puasa #shaideography #anakkedaian;klo ditempat ku bucok namanya;No Online Gambling Promotion
2jHl9jAPXXs;Ketika orang indonesia diam diam batal puasa #shaideography #anakkedaian;Bayem;No Online Gambling Promotion
2jHl9jAPXXs;Ketika orang indonesia diam diam batal puasa #shaideography #anakkedaian;Debat perkara batal puasa beda bahasa;No Online Gambling Promotion
2jHl9jAPXXs;Ketika orang indonesia diam diam batal puasa #shaideography #anakkedaian;Medan medan motel;No Online Gambling Promotion
2jHl9jAPXXs;Ketika orang indonesia diam diam batal puasa #shaideography #anakkedaian;Sbg org jateng Saya mokel Mungkin istilah jawa bag Barat jawa ngapak Klo daerahku menyebutnya Mokah;No Online Gambling Promotion
2jHl9jAPXXs;Ketika orang indonesia diam diam batal puasa #shaideography #anakkedaian;K;No Online Gambling Promotion
2jHl9jAPXXs;Ketika orang indonesia diam diam batal puasa #shaideography #anakkedaian;Mokel orang Jawa Tengah;No Online Gambling Promotion
2jHl9jAPXXs;Ketika orang indonesia diam diam batal puasa #shaideography #anakkedaian;jakartaBDD;No Online Gambling Promotion
2jHl9jAPXXs;Ketika orang indonesia diam diam batal puasa #shaideography #anakkedaian;jateng tuh bilangnya batal;No Online Gambling Promotion
2jHl9jAPXXs;Ketika orang indonesia diam diam batal puasa #shaideography #anakkedaian;Lah ko mbruah jateng;No Online Gambling Promotion
2jHl9jAPXXs;Ketika orang indonesia diam diam batal puasa #shaideography #anakkedaian;Mokel dr Jateng deh dengar bbrp Itupun terkenal dr FYP dr kota Jatim;No Online Gambling Promotion
2jHl9jAPXXs;Ketika orang indonesia diam diam batal puasa #shaideography #anakkedaian;Jogja mukah;No Online Gambling Promotion
2jHl9jAPXXs;Ketika orang indonesia diam diam batal puasa #shaideography #anakkedaian;Yg ga dijadikan bahasa Indonesia;No Online Gambling Promotion
2jHl9jAPXXs;Ketika orang indonesia diam diam batal puasa #shaideography #anakkedaian;Sampai Ntb mokel,mau keluar judi online;Online Gambling Promotion
2jHl9jAPXXs;Ketika orang indonesia diam diam batal puasa #shaideography #anakkedaian;sunda Godin woi;No Online Gambling Promotion
2jHl9jAPXXs;Ketika orang indonesia diam diam batal puasa #shaideography #anakkedaian;Momok dlm bhs madura tuh mmk coook;No Online Gambling Promotion
2jHl9jAPXXs;Ketika orang indonesia diam diam batal puasa #shaideography #anakkedaian;Next Pas moment Raya;No Online Gambling Promotion
2jHl9jAPXXs;Ketika orang indonesia diam diam batal puasa #shaideography #anakkedaian;Mokel;No Online Gambling Promotion
2jHl9jAPXXs;Ketika orang indonesia diam diam batal puasa #shaideography #anakkedaian;Aku bengkulu Bahasa pas sih bilangnya bocor;No Online Gambling Promotion
2jHl9jAPXXs;Ketika orang indonesia diam diam batal puasa #shaideography #anakkedaian;Bukan MOKEL BUDI TEMPUS Yg bener GODIN;No Online Gambling Promotion
2jHl9jAPXXs;Ketika orang indonesia diam diam batal puasa #shaideography #anakkedaian;Mokel;No Online Gambling Promotion
2jHl9jAPXXs;Ketika orang indonesia diam diam batal puasa #shaideography #anakkedaian;Mokel;No Online Gambling Promotion
2jHl9jAPXXs;Ketika orang indonesia diam diam batal puasa #shaideography #anakkedaian;Jatim mokel;No Online Gambling Promotion
2jHl9jAPXXs;Ketika orang indonesia diam diam batal puasa #shaideography #anakkedaian;Di medan motel;No Online Gambling Promotion
2jHl9jAPXXs;Ketika orang indonesia diam diam batal puasa #shaideography #anakkedaian;Momok bhs madura kemaluan perempuan;No Online Gambling Promotion
2jHl9jAPXXs;Ketika orang indonesia diam diam batal puasa #shaideography #anakkedaian;Mokel mokel;No Online Gambling Promotion
2jHl9jAPXXs;Ketika orang indonesia diam diam batal puasa #shaideography #anakkedaian;Puasa lancar gak;No Online Gambling Promotion
2jHl9jAPXXs;Ketika orang indonesia diam diam batal puasa #shaideography #anakkedaian;Klo mecat;No Online Gambling Promotion
2jHl9jAPXXs;Ketika orang indonesia diam diam batal puasa #shaideography #anakkedaian;Pelajaran ambil dianggap aneh salah daerah salah planet salah dimensi;No Online Gambling Promotion
2jHl9jAPXXs;Ketika orang indonesia diam diam batal puasa #shaideography #anakkedaian;Nyemen eta mah plok;No Online Gambling Promotion
2jHl9jAPXXs;Ketika orang indonesia diam diam batal puasa #shaideography #anakkedaian;Cibaduyut;No Online Gambling Promotion
2jHl9jAPXXs;Ketika orang indonesia diam diam batal puasa #shaideography #anakkedaian;sunda godin;No Online Gambling Promotion
2jHl9jAPXXs;Ketika orang indonesia diam diam batal puasa #shaideography #anakkedaian;Gini doank ngakak bgt;No Online Gambling Promotion
2jHl9jAPXXs;Ketika orang indonesia diam diam batal puasa #shaideography #anakkedaian;gua perkara jama anjir pas gua jaman nya bilang budi bilang mokel;No Online Gambling Promotion
2jHl9jAPXXs;Ketika orang indonesia diam diam batal puasa #shaideography #anakkedaian;Mokkah tmpatku;No Online Gambling Promotion
2jHl9jAPXXs;Ketika orang indonesia diam diam batal puasa #shaideography #anakkedaian;Medan lahir dimedan sampek anak KTP medan gak dengar kata2;No Online Gambling Promotion
2jHl9jAPXXs;Ketika orang indonesia diam diam batal puasa #shaideography #anakkedaian;Godin oii;No Online Gambling Promotion
2jHl9jAPXXs;Ketika orang indonesia diam diam batal puasa #shaideography #anakkedaian;Jateng disebutnya mokah;No Online Gambling Promotion
2jHl9jAPXXs;Ketika orang indonesia diam diam batal puasa #shaideography #anakkedaian;Budi bod0h;No Online Gambling Promotion
2jHl9jAPXXs;Ketika orang indonesia diam diam batal puasa #shaideography #anakkedaian;Aku Jateng nyebutnya medot sekolah Jogja mokel Jateng perbatasan orang sunda nyebutnya Godin;No Online Gambling Promotion
2jHl9jAPXXs;Ketika orang indonesia diam diam batal puasa #shaideography #anakkedaian;agus buntung;No Online Gambling Promotion
2jHl9jAPXXs;Ketika orang indonesia diam diam batal puasa #shaideography #anakkedaian;Salam rembang Disini menyebutnya mokak;No Online Gambling Promotion
2jHl9jAPXXs;Ketika orang indonesia diam diam batal puasa #shaideography #anakkedaian;Ada lg dijawa mbaud;No Online Gambling Promotion
2jHl9jAPXXs;Ketika orang indonesia diam diam batal puasa #shaideography #anakkedaian;Bukber buka beurang;No Online Gambling Promotion
2jHl9jAPXXs;Ketika orang indonesia diam diam batal puasa #shaideography #anakkedaian;Gau Jateng emang ngomongnya mokel;No Online Gambling Promotion
2jHl9jAPXXs;Ketika orang indonesia diam diam batal puasa #shaideography #anakkedaian;ngakak pengen kesini;No Online Gambling Promotion
2jHl9jAPXXs;Ketika orang indonesia diam diam batal puasa #shaideography #anakkedaian;Kalo gua namanya mokel gua Jawa barat Cirebon;No Online Gambling Promotion
2jHl9jAPXXs;Ketika orang indonesia diam diam batal puasa #shaideography #anakkedaian;Mokah;No Online Gambling Promotion
2jHl9jAPXXs;Ketika orang indonesia diam diam batal puasa #shaideography #anakkedaian;Tempat gw Nyiruk;No Online Gambling Promotion
2jHl9jAPXXs;Ketika orang indonesia diam diam batal puasa #shaideography #anakkedaian;Kalo sunda godin;No Online Gambling Promotion
2jHl9jAPXXs;Ketika orang indonesia diam diam batal puasa #shaideography #anakkedaian;Cik aya urang cibaduyut teu naon momo th asa beda sorangan cibaduyut batur godin ieu momo;No Online Gambling Promotion
2jHl9jAPXXs;Ketika orang indonesia diam diam batal puasa #shaideography #anakkedaian;Jawa Mokel Moh KELuen kelaparan Pada dasar nya nya singkatan bahasa lokal Btw orang cibaduyut MoMo singkatan ya;No Online Gambling Promotion
2jHl9jAPXXs;Ketika orang indonesia diam diam batal puasa #shaideography #anakkedaian;Dide saku Nana ya mokel;No Online Gambling Promotion
2jHl9jAPXXs;Ketika orang indonesia diam diam batal puasa #shaideography #anakkedaian;Next tolong;No Online Gambling Promotion
2jHl9jAPXXs;Ketika orang indonesia diam diam batal puasa #shaideography #anakkedaian;Istilah sunda didaerah mah GODIN Asalnya bahasa Arab ghodanbesok Besok diartikan sunda isukan persamaan nya isukisuk isukngisuk ngisuk alias pagipagi pagimasih pagi maksudnya pagi batalin puasa Itulah arti istilah GODIN bahasa sunda;No Online Gambling Promotion
2jHl9jAPXXs;Ketika orang indonesia diam diam batal puasa #shaideography #anakkedaian;Klo jateng bkn cmn mokel tpi mokah;No Online Gambling Promotion
2jHl9jAPXXs;Ketika orang indonesia diam diam batal puasa #shaideography #anakkedaian;Makassar bucok buka cokko2;No Online Gambling Promotion
2jHl9jAPXXs;Ketika orang indonesia diam diam batal puasa #shaideography #anakkedaian;MOKEL;No Online Gambling Promotion
2jHl9jAPXXs;Ketika orang indonesia diam diam batal puasa #shaideography #anakkedaian;Medan rata2 Motel bkan Tempus;No Online Gambling Promotion
2jHl9jAPXXs;Ketika orang indonesia diam diam batal puasa #shaideography #anakkedaian;Di palembang bayem bang,bayem bang;No Online Gambling Promotion
2jHl9jAPXXs;Ketika orang indonesia diam diam batal puasa #shaideography #anakkedaian;Tempusdi Medan BDDBukak Diem Diembukan TempusTempus;No Online Gambling Promotion
2jHl9jAPXXs;Ketika orang indonesia diam diam batal puasa #shaideography #anakkedaian;Aku ngaknerti;No Online Gambling Promotion
2jHl9jAPXXs;Ketika orang indonesia diam diam batal puasa #shaideography #anakkedaian;nyemen namanya;No Online Gambling Promotion
2jHl9jAPXXs;Ketika orang indonesia diam diam batal puasa #shaideography #anakkedaian;momok denger gw parah;No Online Gambling Promotion
2jHl9jAPXXs;Ketika orang indonesia diam diam batal puasa #shaideography #anakkedaian;Aku Orang Medan BDD Buka Diam Diam;No Online Gambling Promotion
2jHl9jAPXXs;Ketika orang indonesia diam diam batal puasa #shaideography #anakkedaian;Emang muslim yg buka diem2 sembunyi Skrng udah terang2an ga puasa bangga hormati,Ga puasa bangga hormati;No Online Gambling Promotion
2jHl9jAPXXs;Ketika orang indonesia diam diam batal puasa #shaideography #anakkedaian;Kalo sunda pure sengaja batalin puasa NGA GODIN;No Online Gambling Promotion
2jHl9jAPXXs;Ketika orang indonesia diam diam batal puasa #shaideography #anakkedaian;Disini namanya jembutwawak jemaah buta waspada;No Online Gambling Promotion
2jHl9jAPXXs;Ketika orang indonesia diam diam batal puasa #shaideography #anakkedaian;Kalian ributin mokel budi apalah emng puasa Bukannya puasa doang pling rajin senin kamis udah wkwk,pling rajin senin, kamis, udah wkwk;No Online Gambling Promotion
2jHl9jAPXXs;Ketika orang indonesia diam diam batal puasa #shaideography #anakkedaian;aowkkwkw fak;No Online Gambling Promotion
2jHl9jAPXXs;Ketika orang indonesia diam diam batal puasa #shaideography #anakkedaian;Jateng Bruahhh;No Online Gambling Promotion
2jHl9jAPXXs;Ketika orang indonesia diam diam batal puasa #shaideography #anakkedaian;Kalsel bilangnya ih pacah batal Seperti pacah puasanya;No Online Gambling Promotion
2jHl9jAPXXs;Ketika orang indonesia diam diam batal puasa #shaideography #anakkedaian;oalah sebutanya gw mah nyebutnyaKafiiiirr astagfirullah bikin ribet ga puasa beres;No Online Gambling Promotion
2jHl9jAPXXs;Ketika orang indonesia diam diam batal puasa #shaideography #anakkedaian;bukdim laa;No Online Gambling Promotion
2jHl9jAPXXs;Ketika orang indonesia diam diam batal puasa #shaideography #anakkedaian;Di Makassar Sulawesi Selatan bucok;No Online Gambling Promotion
2jHl9jAPXXs;Ketika orang indonesia diam diam batal puasa #shaideography #anakkedaian;Pecah puasanya;No Online Gambling Promotion
2jHl9jAPXXs;Ketika orang indonesia diam diam batal puasa #shaideography #anakkedaian;Dulu Medan orang orang bilang puasa langliuk pagi pagi buka priuk Kalo gak tau udah pindah daerah Sumatera Utara mayoritas Nasrani gak bahasa gaul batal puasa,mayoritas Nasrani gak bahasa Gaul batal puasa;No Online Gambling Promotion
2jHl9jAPXXs;Ketika orang indonesia diam diam batal puasa #shaideography #anakkedaian;Jabar Godin laa godaan jin;No Online Gambling Promotion
2jHl9jAPXXs;Ketika orang indonesia diam diam batal puasa #shaideography #anakkedaian;GODIN;No Online Gambling Promotion
2jHl9jAPXXs;Ketika orang indonesia diam diam batal puasa #shaideography #anakkedaian;Ada 1 istilah medan Puasa yuk puasa siang2 buka periuk;No Online Gambling Promotion
2jHl9jAPXXs;Ketika orang indonesia diam diam batal puasa #shaideography #anakkedaian;Godin;No Online Gambling Promotion
2jHl9jAPXXs;Ketika orang indonesia diam diam batal puasa #shaideography #anakkedaian;Kok Jawa Solo taunya mokah ya Tapi gak tau gitu disebutnya,Tapi gak tau gitu disebutnya;No Online Gambling Promotion
2jHl9jAPXXs;Ketika orang indonesia diam diam batal puasa #shaideography #anakkedaian;Jirr komuknya Agus ya wkwk;No Online Gambling Promotion
2jHl9jAPXXs;Ketika orang indonesia diam diam batal puasa #shaideography #anakkedaian;Orang cibaduyut ngaco ah bandung nyebut nya godin mokel tempus ga kena;No Online Gambling Promotion
2jHl9jAPXXs;Ketika orang indonesia diam diam batal puasa #shaideography #anakkedaian;Medan keren bosku Tempus bahasa yg tdk duanya dri jaman dlu wkwkwk;No Online Gambling Promotion
2jHl9jAPXXs;Ketika orang indonesia diam diam batal puasa #shaideography #anakkedaian;Godin;No Online Gambling Promotion
2jHl9jAPXXs;Ketika orang indonesia diam diam batal puasa #shaideography #anakkedaian;Woiii gua Riau;No Online Gambling Promotion
2jHl9jAPXXs;Ketika orang indonesia diam diam batal puasa #shaideography #anakkedaian;Aku MUSLIM asli orang Medan Belom dengar daerah ku terkhususnya daerah kampung ku bilang nya TEMPUS Sering dengar 2 Mdd motel diam diam Sama Budi buka diam diam,Sama Budi buka diam diam;No Online Gambling Promotion
2jHl9jAPXXs;Ketika orang indonesia diam diam batal puasa #shaideography #anakkedaian;kalo gua sih bucok buka sembunyi sembunyi;No Online Gambling Promotion
2jHl9jAPXXs;Ketika orang indonesia diam diam batal puasa #shaideography #anakkedaian;Orang riau nada kek betawi Gw betawi,Gw betawi;No Online Gambling Promotion
2jHl9jAPXXs;Ketika orang indonesia diam diam batal puasa #shaideography #anakkedaian;mbatal sihh;No Online Gambling Promotion
2jHl9jAPXXs;Ketika orang indonesia diam diam batal puasa #shaideography #anakkedaian;Di Makassar Bucok buka cokko Moko protes;No Online Gambling Promotion
2jHl9jAPXXs;Ketika orang indonesia diam diam batal puasa #shaideography #anakkedaian;Medan motel jawa mokel;No Online Gambling Promotion
2jHl9jAPXXs;Ketika orang indonesia diam diam batal puasa #shaideography #anakkedaian;Klo gue mah PDI Puasa Depan Ibu;No Online Gambling Promotion
2jHl9jAPXXs;Ketika orang indonesia diam diam batal puasa #shaideography #anakkedaian;Bayem;No Online Gambling Promotion
2jHl9jAPXXs;Ketika orang indonesia diam diam batal puasa #shaideography #anakkedaian;Plmbng bayem;No Online Gambling Promotion
2jHl9jAPXXs;Ketika orang indonesia diam diam batal puasa #shaideography #anakkedaian;Yang momok ketauan orang madura;No Online Gambling Promotion
2jHl9jAPXXs;Ketika orang indonesia diam diam batal puasa #shaideography #anakkedaian;Kalo Palembang bayem batal diem diem;No Online Gambling Promotion
2jHl9jAPXXs;Ketika orang indonesia diam diam batal puasa #shaideography #anakkedaian;Mokel menolak kelaparan;No Online Gambling Promotion
2jHl9jAPXXs;Ketika orang indonesia diam diam batal puasa #shaideography #anakkedaian;Makassar Bucok Buka Cakko2 alias buka diam2;No Online Gambling Promotion
2jHl9jAPXXs;Ketika orang indonesia diam diam batal puasa #shaideography #anakkedaian;gw namany godin;No Online Gambling Promotion
2jHl9jAPXXs;Ketika orang indonesia diam diam batal puasa #shaideography #anakkedaian;Sunda GODIN;No Online Gambling Promotion
2jHl9jAPXXs;Ketika orang indonesia diam diam batal puasa #shaideography #anakkedaian;Banjar pacah;No Online Gambling Promotion
2jHl9jAPXXs;Ketika orang indonesia diam diam batal puasa #shaideography #anakkedaian;Mokel;No Online Gambling Promotion
2jHl9jAPXXs;Ketika orang indonesia diam diam batal puasa #shaideography #anakkedaian;Mokel;No Online Gambling Promotion
2jHl9jAPXXs;Ketika orang indonesia diam diam batal puasa #shaideography #anakkedaian;Mokel;No Online Gambling Promotion
2jHl9jAPXXs;Ketika orang indonesia diam diam batal puasa #shaideography #anakkedaian;Mokel;No Online Gambling Promotion
2jHl9jAPXXs;Ketika orang indonesia diam diam batal puasa #shaideography #anakkedaian;Mokel;No Online Gambling Promotion
2jHl9jAPXXs;Ketika orang indonesia diam diam batal puasa #shaideography #anakkedaian;Mokel;No Online Gambling Promotion
2jHl9jAPXXs;Ketika orang indonesia diam diam batal puasa #shaideography #anakkedaian;Mokel;No Online Gambling Promotion
2jHl9jAPXXs;Ketika orang indonesia diam diam batal puasa #shaideography #anakkedaian;Mokel;No Online Gambling Promotion
2jHl9jAPXXs;Ketika orang indonesia diam diam batal puasa #shaideography #anakkedaian;BDD Buka diam diam nyimak bro;No Online Gambling Promotion
2jHl9jAPXXs;Ketika orang indonesia diam diam batal puasa #shaideography #anakkedaian;ngonku jenenge mokah;No Online Gambling Promotion
2jHl9jAPXXs;Ketika orang indonesia diam diam batal puasa #shaideography #anakkedaian;Puasa ayakan nu aya hakan dimakan;No Online Gambling Promotion
2jHl9jAPXXs;Ketika orang indonesia diam diam batal puasa #shaideography #anakkedaian;Dsni motel namanya;No Online Gambling Promotion
2jHl9jAPXXs;Ketika orang indonesia diam diam batal puasa #shaideography #anakkedaian;Bukan tebus bdd;No Online Gambling Promotion
2jHl9jAPXXs;Ketika orang indonesia diam diam batal puasa #shaideography #anakkedaian;Bayem oii;No Online Gambling Promotion
2jHl9jAPXXs;Ketika orang indonesia diam diam batal puasa #shaideography #anakkedaian;MegatLombok;No Online Gambling Promotion
2jHl9jAPXXs;Ketika orang indonesia diam diam batal puasa #shaideography #anakkedaian;Sunda Godin;No Online Gambling Promotion
2jHl9jAPXXs;Ketika orang indonesia diam diam batal puasa #shaideography #anakkedaian;Cibaduyut;No Online Gambling Promotion
2jHl9jAPXXs;Ketika orang indonesia diam diam batal puasa #shaideography #anakkedaian;Warga medanTempus kumpul;No Online Gambling Promotion
2jHl9jAPXXs;Ketika orang indonesia diam diam batal puasa #shaideography #anakkedaian;Kesimpulan RIAU BUDI JATENG MOKEL MEDAN TEMBUS CIBADU MOMOK;No Online Gambling Promotion
2jHl9jAPXXs;Ketika orang indonesia diam diam batal puasa #shaideography #anakkedaian;Saya asli anak sumut ga perna denger tempus;No Online Gambling Promotion
2jHl9jAPXXs;Ketika orang indonesia diam diam batal puasa #shaideography #anakkedaian;Bang bang udah bang;No Online Gambling Promotion
2jHl9jAPXXs;Ketika orang indonesia diam diam batal puasa #shaideography #anakkedaian;Kalo jawa ngapak nama nya medhot;No Online Gambling Promotion
2jHl9jAPXXs;Ketika orang indonesia diam diam batal puasa #shaideography #anakkedaian;absen orang Riau;No Online Gambling Promotion
2jHl9jAPXXs;Ketika orang indonesia diam diam batal puasa #shaideography #anakkedaian;Godin bang;No Online Gambling Promotion
2jHl9jAPXXs;Ketika orang indonesia diam diam batal puasa #shaideography #anakkedaian;Real gua jateng mantan gua kepri kalo nyebut mokel tu budi kadang ngajak budi;No Online Gambling Promotion
2jHl9jAPXXs;Ketika orang indonesia diam diam batal puasa #shaideography #anakkedaian;Bucok Yang tau merapat;No Online Gambling Promotion
2jHl9jAPXXs;Ketika orang indonesia diam diam batal puasa #shaideography #anakkedaian;Ngagodin njir;No Online Gambling Promotion
2jHl9jAPXXs;Ketika orang indonesia diam diam batal puasa #shaideography #anakkedaian;Mokel;No Online Gambling Promotion
2jHl9jAPXXs;Ketika orang indonesia diam diam batal puasa #shaideography #anakkedaian;Aku orang jateng klo orang batalin puasa tu solo namanya mokah klo semarang namanya mokel,kalo orang batalkan puasa tu solo, nama yang mokah, kalo semarang, nama yang mokel;No Online Gambling Promotion
2jHl9jAPXXs;Ketika orang indonesia diam diam batal puasa #shaideography #anakkedaian;Budi sih jaman gua sd;No Online Gambling Promotion
2jHl9jAPXXs;Ketika orang indonesia diam diam batal puasa #shaideography #anakkedaian;Mukah;No Online Gambling Promotion
2jHl9jAPXXs;Ketika orang indonesia diam diam batal puasa #shaideography #anakkedaian;Plis gua taunya tuh PDI Puasa Depan Ibu;No Online Gambling Promotion
2jHl9jAPXXs;Ketika orang indonesia diam diam batal puasa #shaideography #anakkedaian;Siapa aja riau;No Online Gambling Promotion
2jHl9jAPXXs;Ketika orang indonesia diam diam batal puasa #shaideography #anakkedaian;Makassar Bucok;No Online Gambling Promotion
2jHl9jAPXXs;Ketika orang indonesia diam diam batal puasa #shaideography #anakkedaian;Kalo gw medot;No Online Gambling Promotion
2jHl9jAPXXs;Ketika orang indonesia diam diam batal puasa #shaideography #anakkedaian;Di jatem mokakmokel;No Online Gambling Promotion
2jHl9jAPXXs;Ketika orang indonesia diam diam batal puasa #shaideography #anakkedaian;Bpb anj buka puasa;No Online Gambling Promotion
2jHl9jAPXXs;Ketika orang indonesia diam diam batal puasa #shaideography #anakkedaian;Kalo gua Budi Gua org Riauu Salkennn;No Online Gambling Promotion
2jHl9jAPXXs;Ketika orang indonesia diam diam batal puasa #shaideography #anakkedaian;Bagus nih nambah kosa khas daerah salam toleransi suku;No Online Gambling Promotion
2jHl9jAPXXs;Ketika orang indonesia diam diam batal puasa #shaideography #anakkedaian;Kalo gua bali hmm yaaa lupa gua;No Online Gambling Promotion
2jHl9jAPXXs;Ketika orang indonesia diam diam batal puasa #shaideography #anakkedaian;Kalo Sundangagodin wkwk;No Online Gambling Promotion
2jHl9jAPXXs;Ketika orang indonesia diam diam batal puasa #shaideography #anakkedaian;Orang sunda mah godin kalo gak medot;Online Gambling Promotion
2jHl9jAPXXs;Ketika orang indonesia diam diam batal puasa #shaideography #anakkedaian;Mumu;No Online Gambling Promotion
2jHl9jAPXXs;Ketika orang indonesia diam diam batal puasa #shaideography #anakkedaian;Ngagodin;No Online Gambling Promotion
2jHl9jAPXXs;Ketika orang indonesia diam diam batal puasa #shaideography #anakkedaian;budi kakek nya temen ku;No Online Gambling Promotion
2jHl9jAPXXs;Ketika orang indonesia diam diam batal puasa #shaideography #anakkedaian;Medan gua ya;No Online Gambling Promotion
2jHl9jAPXXs;Ketika orang indonesia diam diam batal puasa #shaideography #anakkedaian;Medot;No Online Gambling Promotion
2jHl9jAPXXs;Ketika orang indonesia diam diam batal puasa #shaideography #anakkedaian;orang pake singkatan jawa ake nya istilahgada kepanjangan nyasingkatan nya kaya panggilan org udah akrab nama gw farhan panggil dadu,yang biasa disebut panggilan orang yang sudah akrab dengan nama saya Farhan;No Online Gambling Promotion
2jHl9jAPXXs;Ketika orang indonesia diam diam batal puasa #shaideography #anakkedaian;Palembang bayem;No Online Gambling Promotion
2jHl9jAPXXs;Ketika orang indonesia diam diam batal puasa #shaideography #anakkedaian;Menye bahasa aceh jih mokel pu;No Online Gambling Promotion
2jHl9jAPXXs;Ketika orang indonesia diam diam batal puasa #shaideography #anakkedaian;Kalau Sumatra ku singkat BDDBuka Diam Diam;No Online Gambling Promotion
2jHl9jAPXXs;Ketika orang indonesia diam diam batal puasa #shaideography #anakkedaian;Ini mah godin;No Online Gambling Promotion
2jHl9jAPXXs;Ketika orang indonesia diam diam batal puasa #shaideography #anakkedaian;Di gue Sukabumi namanya godin,namanya godin;No Online Gambling Promotion
2jHl9jAPXXs;Ketika orang indonesia diam diam batal puasa #shaideography #anakkedaian;Orang Banjarmasin pacah;No Online Gambling Promotion
2jHl9jAPXXs;Ketika orang indonesia diam diam batal puasa #shaideography #anakkedaian;Sunda Bukber buka beurang siang Tapi dominan pake mokel sih;No Online Gambling Promotion
2jHl9jAPXXs;Ketika orang indonesia diam diam batal puasa #shaideography #anakkedaian;Siantar modim motel diam;No Online Gambling Promotion
2jHl9jAPXXs;Ketika orang indonesia diam diam batal puasa #shaideography #anakkedaian;Banjar pacah;No Online Gambling Promotion
2jHl9jAPXXs;Ketika orang indonesia diam diam batal puasa #shaideography #anakkedaian;bdd tempatku;No Online Gambling Promotion
2jHl9jAPXXs;Ketika orang indonesia diam diam batal puasa #shaideography #anakkedaian;GODIN;No Online Gambling Promotion
2jHl9jAPXXs;Ketika orang indonesia diam diam batal puasa #shaideography #anakkedaian;Mbadok;No Online Gambling Promotion
2jHl9jAPXXs;Ketika orang indonesia diam diam batal puasa #shaideography #anakkedaian;Godin Nyimak;No Online Gambling Promotion
2jHl9jAPXXs;Ketika orang indonesia diam diam batal puasa #shaideography #anakkedaian;diminang org yg membatalkan puasa namanya antu bilau;No Online Gambling Promotion
2jHl9jAPXXs;Ketika orang indonesia diam diam batal puasa #shaideography #anakkedaian;Cibaeduyut vs everybody;No Online Gambling Promotion
2jHl9jAPXXs;Ketika orang indonesia diam diam batal puasa #shaideography #anakkedaian;Godin bahasa arab besok puasa maksudnya makan besok siang;No Online Gambling Promotion
2jHl9jAPXXs;Ketika orang indonesia diam diam batal puasa #shaideography #anakkedaian;Palembang meletop;No Online Gambling Promotion
2jHl9jAPXXs;Ketika orang indonesia diam diam batal puasa #shaideography #anakkedaian;Jawa jawa jawa,Java, Java;No Online Gambling Promotion
2jHl9jAPXXs;Ketika orang indonesia diam diam batal puasa #shaideography #anakkedaian;Kalimantan Bepacah;No Online Gambling Promotion
2jHl9jAPXXs;Ketika orang indonesia diam diam batal puasa #shaideography #anakkedaian;Ngagodin;No Online Gambling Promotion
2jHl9jAPXXs;Ketika orang indonesia diam diam batal puasa #shaideography #anakkedaian;Wkwkwk tau ae budi;No Online Gambling Promotion
2jHl9jAPXXs;Ketika orang indonesia diam diam batal puasa #shaideography #anakkedaian;Mokelelewawan;No Online Gambling Promotion
2jHl9jAPXXs;Ketika orang indonesia diam diam batal puasa #shaideography #anakkedaian;Tembak puasa;No Online Gambling Promotion
2jHl9jAPXXs;Ketika orang indonesia diam diam batal puasa #shaideography #anakkedaian;Harusnya endingnya Sunda Godin;No Online Gambling Promotion
2jHl9jAPXXs;Ketika orang indonesia diam diam batal puasa #shaideography #anakkedaian;Taunya budi buka diem2;No Online Gambling Promotion
2jHl9jAPXXs;Ketika orang indonesia diam diam batal puasa #shaideography #anakkedaian;budi bapk gw;No Online Gambling Promotion
2jHl9jAPXXs;Ketika orang indonesia diam diam batal puasa #shaideography #anakkedaian;Bandung godin;No Online Gambling Promotion
2jHl9jAPXXs;Ketika orang indonesia diam diam batal puasa #shaideography #anakkedaian;Klo Makassar bucok buka cokko cokko Cmiiw;No Online Gambling Promotion
2jHl9jAPXXs;Ketika orang indonesia diam diam batal puasa #shaideography #anakkedaian;Iya mokel;No Online Gambling Promotion
2jHl9jAPXXs;Ketika orang indonesia diam diam batal puasa #shaideography #anakkedaian;Makassar bucok buka cokko cokko;No Online Gambling Promotion
2jHl9jAPXXs;Ketika orang indonesia diam diam batal puasa #shaideography #anakkedaian;Godin;No Online Gambling Promotion
2jHl9jAPXXs;Ketika orang indonesia diam diam batal puasa #shaideography #anakkedaian;All my home priority is godin;No Online Gambling Promotion
2jHl9jAPXXs;Ketika orang indonesia diam diam batal puasa #shaideography #anakkedaian;Gw bucok;No Online Gambling Promotion
2jHl9jAPXXs;Ketika orang indonesia diam diam batal puasa #shaideography #anakkedaian;bahasa Sunda godin;No Online Gambling Promotion
2jHl9jAPXXs;Ketika orang indonesia diam diam batal puasa #shaideography #anakkedaian;Udah enak ngomongnya mokel;No Online Gambling Promotion
2jHl9jAPXXs;Ketika orang indonesia diam diam batal puasa #shaideography #anakkedaian;Wkwk ngagoding cuk;No Online Gambling Promotion
2jHl9jAPXXs;Ketika orang indonesia diam diam batal puasa #shaideography #anakkedaian;Moqeel mohan aqeela;No Online Gambling Promotion
2jHl9jAPXXs;Ketika orang indonesia diam diam batal puasa #shaideography #anakkedaian;Cibaduyut;No Online Gambling Promotion
2jHl9jAPXXs;Ketika orang indonesia diam diam batal puasa #shaideography #anakkedaian;Di motel;No Online Gambling Promotion
2jHl9jAPXXs;Ketika orang indonesia diam diam batal puasa #shaideography #anakkedaian;Bucok Buka Cokko2;No Online Gambling Promotion
2jHl9jAPXXs;Ketika orang indonesia diam diam batal puasa #shaideography #anakkedaian;kota pinang BDD BUKA DIAM DIAM;No Online Gambling Promotion
2jHl9jAPXXs;Ketika orang indonesia diam diam batal puasa #shaideography #anakkedaian;Kalau dilampungku namanya KIRIK Dah dewaasa islam gk puasa,Dah dewasa Islam gk puasa;No Online Gambling Promotion
2jHl9jAPXXs;Ketika orang indonesia diam diam batal puasa #shaideography #anakkedaian;Tempus sebutan dimedan Abg riset dlu yah;No Online Gambling Promotion
2jHl9jAPXXs;Ketika orang indonesia diam diam batal puasa #shaideography #anakkedaian;Bukber buka berang buka siang;No Online Gambling Promotion
2jHl9jAPXXs;Ketika orang indonesia diam diam batal puasa #shaideography #anakkedaian;BUDIM COK BUDIM BUKA DIEM DIEM GREGETAN GW;No Online Gambling Promotion
2jHl9jAPXXs;Ketika orang indonesia diam diam batal puasa #shaideography #anakkedaian;Ngagodin ih;No Online Gambling Promotion
2jHl9jAPXXs;Ketika orang indonesia diam diam batal puasa #shaideography #anakkedaian;Mokak;No Online Gambling Promotion
2jHl9jAPXXs;Ketika orang indonesia diam diam batal puasa #shaideography #anakkedaian;Cilegon Mecat;No Online Gambling Promotion
2jHl9jAPXXs;Ketika orang indonesia diam diam batal puasa #shaideography #anakkedaian;Gw nunggu yg dr madura kalo madura ya sebutannya disana,ya sebutannya disana;No Online Gambling Promotion
2jHl9jAPXXs;Ketika orang indonesia diam diam batal puasa #shaideography #anakkedaian;Medhot kota gw mah;No Online Gambling Promotion
2jHl9jAPXXs;Ketika orang indonesia diam diam batal puasa #shaideography #anakkedaian;Budi gua buyembuka diem diem;No Online Gambling Promotion
2jHl9jAPXXs;Ketika orang indonesia diam diam batal puasa #shaideography #anakkedaian;orang makassar bucok buka cokko batalin puasa sembunyi;No Online Gambling Promotion
2jHl9jAPXXs;Ketika orang indonesia diam diam batal puasa #shaideography #anakkedaian;Kalok mokel Niat puasa ngk kuat Ahir nya batalin puasa;No Online Gambling Promotion
2jHl9jAPXXs;Ketika orang indonesia diam diam batal puasa #shaideography #anakkedaian;Au ahh;No Online Gambling Promotion
2jHl9jAPXXs;Ketika orang indonesia diam diam batal puasa #shaideography #anakkedaian;Banjar pacah;No Online Gambling Promotion
2jHl9jAPXXs;Ketika orang indonesia diam diam batal puasa #shaideography #anakkedaian;Ngagodin sunda;No Online Gambling Promotion
2jHl9jAPXXs;Ketika orang indonesia diam diam batal puasa #shaideography #anakkedaian;Godin;No Online Gambling Promotion
2jHl9jAPXXs;Ketika orang indonesia diam diam batal puasa #shaideography #anakkedaian;Mokel mutus Mokel mutus puasa ditengah;No Online Gambling Promotion
2jHl9jAPXXs;Ketika orang indonesia diam diam batal puasa #shaideography #anakkedaian;Aku orang medan denger tempus;No Online Gambling Promotion
2jHl9jAPXXs;Ketika orang indonesia diam diam batal puasa #shaideography #anakkedaian;Bandung Selatan Godin;No Online Gambling Promotion
2jHl9jAPXXs;Ketika orang indonesia diam diam batal puasa #shaideography #anakkedaian;Kalo BAYEM Batal Diem Diem;No Online Gambling Promotion
2jHl9jAPXXs;Ketika orang indonesia diam diam batal puasa #shaideography #anakkedaian;bucookkkkkkk;No Online Gambling Promotion
OjyLvXiZOso;Anak anak ini jajannpada makan ditempat #jajanan;lokasi dimana kak;No Online Gambling Promotion
OjyLvXiZOso;Anak anak ini jajannpada makan ditempat #jajanan;Akhirnya ngerasain nama nya maxwinemang mantap situs terpercaya JPTOGEL77 mayan buatk modal nongkrong temen temen broo;Online Gambling Promotion
OjyLvXiZOso;Anak anak ini jajannpada makan ditempat #jajanan;JPTOGEL77 emang juara kepuasan bermain Cuan mengalir;Online Gambling Promotion
OjyLvXiZOso;Anak anak ini jajannpada makan ditempat #jajanan;gilaaa kasih wd JPTOGEL77 modal receh doang main;Online Gambling Promotion
OjyLvXiZOso;Anak anak ini jajannpada makan ditempat #jajanan;Makasih bang link gacir nya barusan WD gak lumayan kopi rokok mantap depo WD aman lancar jaya emang enak main JPTOGEL77 bang,link gacor nya barusan WD gak lumayan kopi rokok mantap depo WD aman lancar jaya emang enak main JPTOGEL77;Online Gambling Promotion
OjyLvXiZOso;Anak anak ini jajannpada makan ditempat #jajanan;cmn main JPTOGEL77 gw dpt teriakan mantap ayaaaaaang;Online Gambling Promotion
OjyLvXiZOso;Anak anak ini jajannpada makan ditempat #jajanan;Riwayat kalah ku situs sebelah cuman situs JPTOGEL77 penyelamat keuangan ku;Online Gambling Promotion
OjyLvXiZOso;Anak anak ini jajannpada makan ditempat #jajanan;Sudah situs yg ikuti satupun berhasil membuktikan kecuali JPTOGEL77;Online Gambling Promotion
OjyLvXiZOso;Anak anak ini jajannpada makan ditempat #jajanan;Up Up Upaku coba bang gacir sltnya ya JPTOGEL77 pantes rame kali comment hahaha;Online Gambling Promotion
OjyLvXiZOso;Anak anak ini jajannpada makan ditempat #jajanan;tukng rekam ny sp ka;No Online Gambling Promotion
OjyLvXiZOso;Anak anak ini jajannpada makan ditempat #jajanan;Kan puasa kak;No Online Gambling Promotion
OjyLvXiZOso;Anak anak ini jajannpada makan ditempat #jajanan;Ngilerr seblak nya;No Online Gambling Promotion
OjyLvXiZOso;Anak anak ini jajannpada makan ditempat #jajanan;next time adeknya isi suara kak;No Online Gambling Promotion
OjyLvXiZOso;Anak anak ini jajannpada makan ditempat #jajanan;Pas puasahahahaha;No Online Gambling Promotion
OjyLvXiZOso;Anak anak ini jajannpada makan ditempat #jajanan;Kaka;No Online Gambling Promotion
OjyLvXiZOso;Anak anak ini jajannpada makan ditempat #jajanan;Jadi beli dimana;No Online Gambling Promotion
OjyLvXiZOso;Anak anak ini jajannpada makan ditempat #jajanan;Mana puasa;No Online Gambling Promotion
OjyLvXiZOso;Anak anak ini jajannpada makan ditempat #jajanan;Jadi beli dimana;No Online Gambling Promotion
OjyLvXiZOso;Anak anak ini jajannpada makan ditempat #jajanan;pengen banget nyobain jualannya kak heni tp banget rumah lombok pengen banget nyobain makanan nya;No Online Gambling Promotion
OjyLvXiZOso;Anak anak ini jajannpada makan ditempat #jajanan;Ini jam 9 kak;No Online Gambling Promotion
OjyLvXiZOso;Anak anak ini jajannpada makan ditempat #jajanan;Semangat banget adeknya bantuin;No Online Gambling Promotion
OjyLvXiZOso;Anak anak ini jajannpada makan ditempat #jajanan;Teringin MKN seblak mlaysia;No Online Gambling Promotion
OjyLvXiZOso;Anak anak ini jajannpada makan ditempat #jajanan;jajan kesitu daerah;No Online Gambling Promotion
OjyLvXiZOso;Anak anak ini jajannpada makan ditempat #jajanan;Pantes beli kak keliatannya enak bangett;No Online Gambling Promotion
OjyLvXiZOso;Anak anak ini jajannpada makan ditempat #jajanan;Mau gratis;No Online Gambling Promotion
OjyLvXiZOso;Anak anak ini jajannpada makan ditempat #jajanan;Enak mi intremie pedas enak;No Online Gambling Promotion
OjyLvXiZOso;Anak anak ini jajannpada makan ditempat #jajanan;ehh ku yg masak mbak heni soalny bgt;No Online Gambling Promotion
OjyLvXiZOso;Anak anak ini jajannpada makan ditempat #jajanan;Ini jualan nya kampung sih nyoba baso Chili oil nya,nyoba baso chili oilnya;No Online Gambling Promotion
OjyLvXiZOso;Anak anak ini jajannpada makan ditempat #jajanan;Kak heni kenal gak dapur Fathan kenal kak heni;No Online Gambling Promotion
OjyLvXiZOso;Anak anak ini jajannpada makan ditempat #jajanan;adeknya mbak heni;No Online Gambling Promotion
OjyLvXiZOso;Anak anak ini jajannpada makan ditempat #jajanan;Adik ya kak Heni cantik bangy;No Online Gambling Promotion
OjyLvXiZOso;Anak anak ini jajannpada makan ditempat #jajanan;kayanya dkt rumah jajan harii;No Online Gambling Promotion
OjyLvXiZOso;Anak anak ini jajannpada makan ditempat #jajanan;Kalo nontonnya pas sahur;No Online Gambling Promotion
OjyLvXiZOso;Anak anak ini jajannpada makan ditempat #jajanan;Spill kameramen nya mbaak Heni;No Online Gambling Promotion
OjyLvXiZOso;Anak anak ini jajannpada makan ditempat #jajanan;kakk ide kaka idenya ituu adalahh kentangnya plastikin aja kak 1 plastiknya 2rb 1rb gituu kakk,1 plastiknya Rp 2, Rp 1 gitu, kakak;No Online Gambling Promotion
OjyLvXiZOso;Anak anak ini jajannpada makan ditempat #jajanan;Lahhh yg vidio;No Online Gambling Promotion
OjyLvXiZOso;Anak anak ini jajannpada makan ditempat #jajanan;jptogel77 ngan ukur Duit ngalir permainan seru ora aya istirahatna Layanan oke banget abdi recom duh euy;Online Gambling Promotion
OjyLvXiZOso;Anak anak ini jajannpada makan ditempat #jajanan;Dari sekian ling coba cman webb jptogel77 yg bikin betah bagus webbnya kasih maxwn gak takut jptogel77,webnya kasih maxwin, tidak aku takut jptogel77;Online Gambling Promotion
OjyLvXiZOso;Anak anak ini jajannpada makan ditempat #jajanan;mantap gua cobain gampang dapatin sketernya Udh gitu dapatin sketer isinya tau nama nya nih coba cari google JPTOGEL77 dijiamin nagih,gua cobain gampang dapat sketernya udh gitu dapat sketernya ini tau nama nya nih coba cari google jptogel77 dijamin nagih;Online Gambling Promotion
OjyLvXiZOso;Anak anak ini jajannpada makan ditempat #jajanan;jptogel77Terpopuler masakini;Online Gambling Promotion
OjyLvXiZOso;Anak anak ini jajannpada makan ditempat #jajanan;seneng bangun2 kumpulin nyawa main jptogel77 langsung dikasi wekwekwek;Online Gambling Promotion
OjyLvXiZOso;Anak anak ini jajannpada makan ditempat #jajanan;JPTOGEL77 gua maen bentar aja lngsg WEDEY gede;No Online Gambling Promotion
OjyLvXiZOso;Anak anak ini jajannpada makan ditempat #jajanan;hidup gw enak brp main JPTOGEL77 nih situs rekomen gw bro;Online Gambling Promotion
OjyLvXiZOso;Anak anak ini jajannpada makan ditempat #jajanan;betah dah nongkrong situs jptogel77 kalo lihat rtp asli gak gagal rtpnya angkanya cuuy;Online Gambling Promotion
OjyLvXiZOso;Anak anak ini jajannpada makan ditempat #jajanan;tetangga gw sore main JPTOGEL77;Online Gambling Promotion
OjyLvXiZOso;Anak anak ini jajannpada makan ditempat #jajanan;provider game terbaik JPTOGEL77 salah milih webb perkalin serinng turun modal receh kasih wd main terbaik ni webb,wd main terbaik ini web;Online Gambling Promotion
OjyLvXiZOso;Anak anak ini jajannpada makan ditempat #jajanan;Modal receh hasil lumer mantap kali JPTOGEL77 sensasi maxwln berulang brooo kali nemu web seqacor chek langsung deh webbnya dp wd gesit prosesnya;Online Gambling Promotion
OjyLvXiZOso;Anak anak ini jajannpada makan ditempat #jajanan;member JPTOGEL77 Udah kasih maxwin gila sih situs asli ga salah cobaain situs JPTOGEL77 member setia,cobaain situs JPTOGEL77 member setia;Online Gambling Promotion
OjyLvXiZOso;Anak anak ini jajannpada makan ditempat #jajanan;Slide FB turun turun isinya J P TO G E L 7 7 Penasaran cobain depo main bentar aja Ehhh MAXWINNN;Online Gambling Promotion
OjyLvXiZOso;Anak anak ini jajannpada makan ditempat #jajanan;JPTOGEL77 gak boong dsini hoki mulu;No Online Gambling Promotion
OjyLvXiZOso;Anak anak ini jajannpada makan ditempat #jajanan;seru bang J P T O G E L 77 Alhamdulillah pensaran ku terjawabkan mampir disni JPTOGEL77 jamin H0k1;Online Gambling Promotion
OjyLvXiZOso;Anak anak ini jajannpada makan ditempat #jajanan;seru bang JPTOGEL77 Alhamdulillah pensaran ku terjawabkan mampir disni JPTOGEL77 jamin H0k1;Online Gambling Promotion
OjyLvXiZOso;Anak anak ini jajannpada makan ditempat #jajanan;edan web JPTOGEL77 gk bangkrut web nya kasih jepe gua udh 5 main kasih jepe mulu Kelen wajib main web JPTOGEL77 si wak,gaku udh 5 main kasih jepe mulu kelen wajib main web jptogel77 si wak;Online Gambling Promotion
OjyLvXiZOso;Anak anak ini jajannpada makan ditempat #jajanan;gampang banget situs JPTOGEL77 turun perkalian nya member betah main main JPTOGEL77 aja rungkat ya bro;Online Gambling Promotion
OjyLvXiZOso;Anak anak ini jajannpada makan ditempat #jajanan;Modal receh hasil lumer mantap kali JPTOGEL77 sensasi maxwn berulang brooo kali nemu web seqacor chek langsung deh webbnya dp wd gesit prosesnya;Online Gambling Promotion
OjyLvXiZOso;Anak anak ini jajannpada makan ditempat #jajanan;Akhirrrnyaaa bagus konten abang coba main J P T O G E L 77;Online Gambling Promotion
OjyLvXiZOso;Anak anak ini jajannpada makan ditempat #jajanan;coba coba maen server thailand kasi tau sodara eh gile saldo nambah mulu awlkwkwkkw cari google JPTOGEL77,cari Google JPTOGEL77;Online Gambling Promotion
OjyLvXiZOso;Anak anak ini jajannpada makan ditempat #jajanan;J P TO G E L 7 7 ngan ukur Duit ngalir permainan seru ora aya istirahatna Layanan oke banget abdi recom duh euy;Online Gambling Promotion
OjyLvXiZOso;Anak anak ini jajannpada makan ditempat #jajanan;modal recehpun wd J P TO G E L 7 7 benar2 profit hasil main bermain main bermain sukses jutaan mantap webnya;Online Gambling Promotion
OjyLvXiZOso;Anak anak ini jajannpada makan ditempat #jajanan;bersandar teras rumah sembari ngopi bermain permainan nyelot J P TO G E L 7 7 nikmat sekaleh;Online Gambling Promotion
OjyLvXiZOso;Anak anak ini jajannpada makan ditempat #jajanan;situs bagus rate kemenangan dibanding JPTOGEL77 situs panutan gw;Online Gambling Promotion
OjyLvXiZOso;Anak anak ini jajannpada makan ditempat #jajanan;gua pasukan jptogel77 bro udah setia gw main amanah gampang JP,udah setia gw main amanah gampang JP;Online Gambling Promotion
OjyLvXiZOso;Anak anak ini jajannpada makan ditempat #jajanan;webb JPTOGEL77 ga kalah seru ya disni cair trus dr web JPTOGEL77 gokil mantap la jajan;Online Gambling Promotion
OjyLvXiZOso;Anak anak ini jajannpada makan ditempat #jajanan;JPTOGEL77 cba maen jekpot gede;Online Gambling Promotion
OjyLvXiZOso;Anak anak ini jajannpada makan ditempat #jajanan;coba cari J P T O G E L 77 Mantap bosku makasih uda kasih saran main situs wd ku allhamdulliah lancar main;Online Gambling Promotion
OjyLvXiZOso;Anak anak ini jajannpada makan ditempat #jajanan;bersyukur gw ga ketipu janji manis situs emang real gampang JP cuman jptogel77;Online Gambling Promotion
OjyLvXiZOso;Anak anak ini jajannpada makan ditempat #jajanan;Padahal moda tipis aja kasi Maxwin J P TO G E L 7 7 emg hoki bgt lha main disitus scternya gampang turun RTPnya akurat bgt buran cobain main JPTOGEL77;Online Gambling Promotion
OjyLvXiZOso;Anak anak ini jajannpada makan ditempat #jajanan;intinya bermainlah sabar barbar kemenenangan sabar wkwk hiburan jadiin mata pencaharian gw main JPTOGEL77;Online Gambling Promotion
OjyLvXiZOso;Anak anak ini jajannpada makan ditempat #jajanan;Jangan mikir buruan aja bosku J P T O G E L 77;No Online Gambling Promotion
OjyLvXiZOso;Anak anak ini jajannpada makan ditempat #jajanan;Gak maxwln provit segini main mahbaru nyoba udah kasih JP si JPTOGEL77 ni test aja,sudah kasih judi si JPTOGEL77 ni test aja;Online Gambling Promotion
OjyLvXiZOso;Anak anak ini jajannpada makan ditempat #jajanan;edan web JPTOGEL77 gk bangkrut web nya kasih jepe gua udh 5 main kasih jepe mulu Kelen wajib main web J P TO G E L 7 7 si wak;Online Gambling Promotion
OjyLvXiZOso;Anak anak ini jajannpada makan ditempat #jajanan;Ternyata bgt dibilang teman gue main JPTOGEL77 gampang bgt dapetin maxwin member positif WD;Online Gambling Promotion
OjyLvXiZOso;Anak anak ini jajannpada makan ditempat #jajanan;J P TO G E L 7 7 auto win;No Online Gambling Promotion
OjyLvXiZOso;Anak anak ini jajannpada makan ditempat #jajanan;Saya mimpi bos J P T O G E L 77;No Online Gambling Promotion
OjyLvXiZOso;Anak anak ini jajannpada makan ditempat #jajanan;Selamat ya kak trending 1 lohh akhirnyaa J P TO G E L 7 7;No Online Gambling Promotion
OjyLvXiZOso;Anak anak ini jajannpada makan ditempat #jajanan;udah kali gue main jptogel77 wd meluncur aman bonus slalu;Online Gambling Promotion
OjyLvXiZOso;Anak anak ini jajannpada makan ditempat #jajanan;Tiap bingung cari cuan gk sengaja nemu s1tus jptogel77 iseng nyoba main eh kasih Jepe tipis2 cuan setia main jptogel77;Online Gambling Promotion
OjyLvXiZOso;Anak anak ini jajannpada makan ditempat #jajanan;asik dikasih rezeki makasih bget y jptogel77 kudoakan webbnya bangkit biar kasih sIotter profit wkwk gk ambil pusing main jptogel77 bang siap2 WD aja pokoknya;Online Gambling Promotion
OjyLvXiZOso;Anak anak ini jajannpada makan ditempat #jajanan;situs tu kyk J P TO G E L 7 7 kasi wede lancar ga apa2;No Online Gambling Promotion
OjyLvXiZOso;Anak anak ini jajannpada makan ditempat #jajanan;Iseng cuman coba depo receh situs JPTOGEL77 klau seandainya depo nggak kebayang mantap situs JPTOGEL77 langsung gas aja bro rasakan dimanjain ni BO;Online Gambling Promotion
OjyLvXiZOso;Anak anak ini jajannpada makan ditempat #jajanan;mekswin J P TO G E L 7 7;No Online Gambling Promotion
OjyLvXiZOso;Anak anak ini jajannpada makan ditempat #jajanan;Paling mantap cuman webb JPTOGEL77 member dimanjain kasih cuan;Online Gambling Promotion
OjyLvXiZOso;Anak anak ini jajannpada makan ditempat #jajanan;mantap bro jp JPTOGEL77 aja udah makasih udah kasih kemenangan,sudah makasih, sudah kasih kemenangan;Online Gambling Promotion
OjyLvXiZOso;Anak anak ini jajannpada makan ditempat #jajanan;JPTOGEL77 jackpot gk paham sehokinya;No Online Gambling Promotion
OjyLvXiZOso;Anak anak ini jajannpada makan ditempat #jajanan;modal halus jp paus J P TO G E L 7 7 untung gw kasi tau sodara gak sih gw masi maen sedot wc makasih J P TO G E L 7 7 jajannya;Online Gambling Promotion
OjyLvXiZOso;Anak anak ini jajannpada makan ditempat #jajanan;cmn main JPTOGEL77 gw dpt teriakan mantap ayaaaaaang;Online Gambling Promotion
OjyLvXiZOso;Anak anak ini jajannpada makan ditempat #jajanan;JPTOGEL77 bro Pagmatic nya viral maxwin grup sebelah bro situs JPTOGEL77;Online Gambling Promotion
OjyLvXiZOso;Anak anak ini jajannpada makan ditempat #jajanan;mantap bget ni bree ni situs bagi2 uang JPTOGEL77 rezeki butuh wkwk;Online Gambling Promotion
OjyLvXiZOso;Anak anak ini jajannpada makan ditempat #jajanan;Info seloter pakai link Bosku Karena link MLNDALIKL77 bikin Member Baru JPnya WD Perkalian X250 X500 scatter nya nyangkut dikasih pecahan bagus Mantap;Online Gambling Promotion
OjyLvXiZOso;Anak anak ini jajannpada makan ditempat #jajanan;jptogel77 SUPERRRRRR bosku gacor melayang;Online Gambling Promotion
OjyLvXiZOso;Anak anak ini jajannpada makan ditempat #jajanan;Beda banget situs yg main berulang ulang modal gede menang JPTOGEL77 main aja uda dikasih maxwin top bgt situs,main aja udah dikasih bonus maxwin top bagus situs;Online Gambling Promotion
OjyLvXiZOso;Anak anak ini jajannpada makan ditempat #jajanan;adminnya nyaman Bener2 hoki main JPTOGEL77 proses depo cepat mantap Livechat fast respon gak pindah web deh udah betah main;Online Gambling Promotion
OjyLvXiZOso;Anak anak ini jajannpada makan ditempat #jajanan;setia bro main jptogel77 udah ratusan situs bandingin tetep enak jptogel77;Online Gambling Promotion
OjyLvXiZOso;Anak anak ini jajannpada makan ditempat #jajanan;WAJIB COBA DI SINI BOS SUPER GACCOOORR YANG TERBARUCOBA PAKE SERVER THAILAND SERVER LUAR YANG SAYA PAKE RTP NYA DI ATAS 98 TANPA HARUS BUY PETIR x100 x250 x500 SUDAH PASTI KELUAR GASSSS LANGSUNG SEMOGA HOKINYA NULAR YA ABANG CARI GOOGLE J P TO G E L 7 7;Online Gambling Promotion
OjyLvXiZOso;Anak anak ini jajannpada makan ditempat #jajanan;Modal JPTOGEL77 dikasih pecahan Gak nyesel deh main Mantap;Online Gambling Promotion
OjyLvXiZOso;Anak anak ini jajannpada makan ditempat #jajanan;Cuma kasi masukan aja Bang main JPTOGEL77 main sportif g Rungkad dikasi menang,main JPTOGEL77 main sportif g Rungkad dikasi menang;Online Gambling Promotion
OjyLvXiZOso;Anak anak ini jajannpada makan ditempat #jajanan;Mau JPTOGEL77 terpercaya;Online Gambling Promotion
OjyLvXiZOso;Anak anak ini jajannpada makan ditempat #jajanan;jptogel77 maxwin pragmatic pg soft nya rame;Online Gambling Promotion
OjyLvXiZOso;Anak anak ini jajannpada makan ditempat #jajanan;Baru WD bang main situs terbaik tergacor nama situsnya JPTOGEL77 mantap mnya;Online Gambling Promotion
OjyLvXiZOso;Anak anak ini jajannpada makan ditempat #jajanan;jptogel77 real tuh dah gw coba bnrn gacor;Online Gambling Promotion
OjyLvXiZOso;Anak anak ini jajannpada makan ditempat #jajanan;hati nemu web JPTOGEL77 berlega hati sehabis bermain kali selisih gw segini brayyy nangis saking senengnya;Online Gambling Promotion
OjyLvXiZOso;Anak anak ini jajannpada makan ditempat #jajanan;cuan emg JPTOGEL77 modal 100k jd 4jt;Online Gambling Promotion
OjyLvXiZOso;Anak anak ini jajannpada makan ditempat #jajanan;provider game terbaik JPTOGEL77 salah milih webb perkalin serinng turun modal receh kasih wd main terbaik ni webb,wd main terbaik ni webb;Online Gambling Promotion
OjyLvXiZOso;Anak anak ini jajannpada makan ditempat #jajanan;Cuman 35 menin main slt situs JPTOGEL77 asli gokik kali guys Gak bosan bener2 website yg gacor2 nya,Gak bosan bener2 website yang gacor2 nyaa;Online Gambling Promotion
OjyLvXiZOso;Anak anak ini jajannpada makan ditempat #jajanan;Luar orang baikberkah semoga rejekix berlipat gandadan slalu kesehatan JPTOGEL77 emang top;Online Gambling Promotion
OjyLvXiZOso;Anak anak ini jajannpada makan ditempat #jajanan;nih galau rungkad coba main JPTOGEL77 seminggu join kasih JP gede brayy;Online Gambling Promotion
OjyLvXiZOso;Anak anak ini jajannpada makan ditempat #jajanan;Mau daptr JPTOGEL77 bos ku;Online Gambling Promotion
OjyLvXiZOso;Anak anak ini jajannpada makan ditempat #jajanan;makasih admin sahabat sahabat udah membujuk bermain jptogel77 gacor akut;Online Gambling Promotion
OjyLvXiZOso;Anak anak ini jajannpada makan ditempat #jajanan;Saran gua si bang player coba JPTOGEL77 temen gua maxwin main cari aja google JPTOGEL77;Online Gambling Promotion
OjyLvXiZOso;Anak anak ini jajannpada makan ditempat #jajanan;proses nya cpt bgt gile JPTOGEL77;Online Gambling Promotion
OjyLvXiZOso;Anak anak ini jajannpada makan ditempat #jajanan;Asli emang hoki bangett main situs JPTOGEL77 jarang bangett gw main rungkad manjain bangett gw main disni;Online Gambling Promotion
OjyLvXiZOso;Anak anak ini jajannpada makan ditempat #jajanan;Niat mo ngabesin sisa saldo JPTOGEL77 d kasih maxwin emng the best gak bikin kecewa si mantap BO gacor kali zeus nya bukain mesin perkalian JPTOGEL77;Online Gambling Promotion
OjyLvXiZOso;Anak anak ini jajannpada makan ditempat #jajanan;nyari2 link mantul kali ni gw setuju JPTOGEL77 gacor;Online Gambling Promotion
OjyLvXiZOso;Anak anak ini jajannpada makan ditempat #jajanan;iseng iseng ajak doi main jptogel77 kaget ngeliat petirnya kek wkwk;Online Gambling Promotion
OjyLvXiZOso;Anak anak ini jajannpada makan ditempat #jajanan;pantes kwn nyaman main jptogel77;Online Gambling Promotion
OjyLvXiZOso;Anak anak ini jajannpada makan ditempat #jajanan;dikasih pola maxwin merasakan maxwin disitus JPTOGEL77 mantapp gacor banget;Online Gambling Promotion
OjyLvXiZOso;Anak anak ini jajannpada makan ditempat #jajanan;enak banget maxwin nya ngap Cuman situs JPTOGEL77 gw ngerasain indah nya maxwin,situs JPTOGEL77 gw ngerasain indahnya maxwin;Online Gambling Promotion
OjyLvXiZOso;Anak anak ini jajannpada makan ditempat #jajanan;gamau kalah ya coba JPTOGEL77 gw real udah JP;Online Gambling Promotion
OjyLvXiZOso;Anak anak ini jajannpada makan ditempat #jajanan;alus pisan jptogel77 wkwkwkw;Online Gambling Promotion
OjyLvXiZOso;Anak anak ini jajannpada makan ditempat #jajanan;pantes tongkrongan maen jptogel77;Online Gambling Promotion
OjyLvXiZOso;Anak anak ini jajannpada makan ditempat #jajanan;selamet alam memprihatinkan wkwk dorongan bermain JPTOGEL77 udah keuntungan game clam enventya astaga mantap memanglah lagak website nya bosskuu;Online Gambling Promotion
OjyLvXiZOso;Anak anak ini jajannpada makan ditempat #jajanan;tengkiu bosku kasi teman2 setongkrongan traktiran makan minum enak semoga jaya JPTOGEL77;Online Gambling Promotion
OjyLvXiZOso;Anak anak ini jajannpada makan ditempat #jajanan;Semoga kemudahan main JPTOGEL77;Online Gambling Promotion
OjyLvXiZOso;Anak anak ini jajannpada makan ditempat #jajanan;Gas tu gan JPTOGEL77 zeusnya nya galak tu aja tu ngasi gw dikasi maxwin;Online Gambling Promotion
OjyLvXiZOso;Anak anak ini jajannpada makan ditempat #jajanan;Gila ya JPTOGEL77 dimana ashu terpercaya kagak nih;Online Gambling Promotion
OjyLvXiZOso;Anak anak ini jajannpada makan ditempat #jajanan;Sudah situs yg ikuti satupun berhasil membuktikan kecuali JPTOGEL77;Online Gambling Promotion
OjyLvXiZOso;Anak anak ini jajannpada makan ditempat #jajanan;Akhirnya ngerasain nama nya maxwinemang mantap situs terpercaya JPTOGEL77 mayan buatk modal nongkrong temen temen broo;Online Gambling Promotion
OjyLvXiZOso;Anak anak ini jajannpada makan ditempat #jajanan;iya bgt yg menang JPTOGEL77;Online Gambling Promotion
OjyLvXiZOso;Anak anak ini jajannpada makan ditempat #jajanan;Kalo nyari gacor JPTOGEL77 jawabannya bree karna gw main disana ksh menang breee cari aja google JPTOGEL77;Online Gambling Promotion
OjyLvXiZOso;Anak anak ini jajannpada makan ditempat #jajanan;nih bray situs gacor inpo tetangga JPTOGEL77 seminggu join kasih JP gede brayy;Online Gambling Promotion
OjyLvXiZOso;Anak anak ini jajannpada makan ditempat #jajanan;JPTOGEL77 makasi uda ngasih keren pokoknya JPTOGEL77 sesuai pnya isi nya;Online Gambling Promotion
OjyLvXiZOso;Anak anak ini jajannpada makan ditempat #jajanan;Habis kesamber petirnya kakek main JPTOGEL77 scatternya gilagilaanputarannya bagus mantap kali main bang;Online Gambling Promotion
OjyLvXiZOso;Anak anak ini jajannpada makan ditempat #jajanan;gw kasi kisi2 halus sikit main la JPTOGEL77 anak nih brani kasi wr tinggi2 wkwkwkwk gas biar kapok;Online Gambling Promotion
OjyLvXiZOso;Anak anak ini jajannpada makan ditempat #jajanan;serius nanya deh JPTOGEL77;Online Gambling Promotion
OjyLvXiZOso;Anak anak ini jajannpada makan ditempat #jajanan;Gua aja 2 pindah situs aja total kekalahan 80jt coba JPTOGEL77 perlahan harta,total kekalahan 80 juta coba JPTOGEL77 perlahan harta;Online Gambling Promotion
OjyLvXiZOso;Anak anak ini jajannpada makan ditempat #jajanan;suka banget main s1tus JPTOGEL77 pokoknya the best emg;Online Gambling Promotion
OjyLvXiZOso;Anak anak ini jajannpada makan ditempat #jajanan;nih jptogel77 pantes bnyk yg promoin gila gampang JP nya;Online Gambling Promotion
OjyLvXiZOso;Anak anak ini jajannpada makan ditempat #jajanan;g prnah bosan gua main JPTOGEL77 situs nya ga pelit kya situs2 nya main g lngsng ksh wd;Online Gambling Promotion
OjyLvXiZOso;Anak anak ini jajannpada makan ditempat #jajanan;nyesel bener maen jptogel77 depo receh wd berkali2 kalo dr ud kebeli tuh vespa matic wekekek HAHAHHAHA;Online Gambling Promotion
OjyLvXiZOso;Anak anak ini jajannpada makan ditempat #jajanan;lu main JPTOGEL77 lu kuasa bang nyelot hepi bang;Online Gambling Promotion
OjyLvXiZOso;Anak anak ini jajannpada makan ditempat #jajanan;Apa nama link JPTOGEL77 nya bossku;No Online Gambling Promotion
OjyLvXiZOso;Anak anak ini jajannpada makan ditempat #jajanan;SUPER MANTAP JPTOGEL77 TERBAIK PALING MANTAP DENGAN RTP DI ATAS 98 BAGUS BANGET SEMOGA HOKI SEMOGA BISA NULAR SAMA PELAYER LAIN;Online Gambling Promotion
OjyLvXiZOso;Anak anak ini jajannpada makan ditempat #jajanan;duduk dudukk ngopii enak nya mainn slt JPTOGEL77;Online Gambling Promotion
OjyLvXiZOso;Anak anak ini jajannpada makan ditempat #jajanan;aja gw coba jptogel77 semalam lumayan dpt 2jt;Online Gambling Promotion
OjyLvXiZOso;Anak anak ini jajannpada makan ditempat #jajanan;mantap bro JP tipis JPTOGEL77 ngakat aja udah lumayan makasih JPTOGEL77 udah kasih menang,makasih JPTOGEL77, udah kasih menang;Online Gambling Promotion
OjyLvXiZOso;Anak anak ini jajannpada makan ditempat #jajanan;Pengen banget;No Online Gambling Promotion
OjyLvXiZOso;Anak anak ini jajannpada makan ditempat #jajanan;Ini kyk bkn mbk Heni yahh;No Online Gambling Promotion
OjyLvXiZOso;Anak anak ini jajannpada makan ditempat #jajanan;Aku suka banget liat vt nya kak heni;No Online Gambling Promotion
OjyLvXiZOso;Anak anak ini jajannpada makan ditempat #jajanan;jajan warung inii;No Online Gambling Promotion
OjyLvXiZOso;Anak anak ini jajannpada makan ditempat #jajanan;Adik nya umurnya;No Online Gambling Promotion
OjyLvXiZOso;Anak anak ini jajannpada makan ditempat #jajanan;Pergelangan tangan aurat and smoga keep berhijrah;No Online Gambling Promotion
OjyLvXiZOso;Anak anak ini jajannpada makan ditempat #jajanan;emg ga puasa gituu;No Online Gambling Promotion
OjyLvXiZOso;Anak anak ini jajannpada makan ditempat #jajanan;aa puasa;No Online Gambling Promotion
OjyLvXiZOso;Anak anak ini jajannpada makan ditempat #jajanan;suka dgn warung ny bersih;No Online Gambling Promotion
OjyLvXiZOso;Anak anak ini jajannpada makan ditempat #jajanan;adek ny bayar ga;No Online Gambling Promotion
OjyLvXiZOso;Anak anak ini jajannpada makan ditempat #jajanan;Saran coba JPTOGEL77 bg link nya gak pelit tu mmber uda psti dikasih JP tmn gw jga mawin disitu,tu munggu udah diposting di kasih JP tim nya, ya saya mau win disitu;Online Gambling Promotion
OjyLvXiZOso;Anak anak ini jajannpada makan ditempat #jajanan;cmn main JPTOGEL77 gw dpt teriakan mantap ayaaaaaang;Online Gambling Promotion
OjyLvXiZOso;Anak anak ini jajannpada makan ditempat #jajanan;kacau masbrayitungan nya gak melencengtidak merugikan memberselalu memperkaya member JPTOGEL77;Online Gambling Promotion
OjyLvXiZOso;Anak anak ini jajannpada makan ditempat #jajanan;Sukses JPTOGEL77;Online Gambling Promotion
OjyLvXiZOso;Anak anak ini jajannpada makan ditempat #jajanan;Lah puasa;No Online Gambling Promotion
OjyLvXiZOso;Anak anak ini jajannpada makan ditempat #jajanan;Mbak kalo puasa buka gk;No Online Gambling Promotion
OjyLvXiZOso;Anak anak ini jajannpada makan ditempat #jajanan;Yg ngerekam;No Online Gambling Promotion
OjyLvXiZOso;Anak anak ini jajannpada makan ditempat #jajanan;seneng bangun2 kumpulin nyawa main JPTOGEL77 langsung dikasi wekwekwek;Online Gambling Promotion
OjyLvXiZOso;Anak anak ini jajannpada makan ditempat #jajanan;mantap bro jp JPTOGEL77 aja udah makasih udah kasih kemenangan;Online Gambling Promotion
OjyLvXiZOso;Anak anak ini jajannpada makan ditempat #jajanan;sobat jptogel77 emang patut banggakan situs beneran gampang JP;Online Gambling Promotion
OjyLvXiZOso;Anak anak ini jajannpada makan ditempat #jajanan;provider game terbaik JPTOGEL77 salah milih webb perkalin serinng turun modal receh kasih wd main terbaik ni webb,wd main terbaik ni webb;Online Gambling Promotion
OjyLvXiZOso;Anak anak ini jajannpada makan ditempat #jajanan;main J P T O G E L 77 Jarang2 ling bagus kali merasakan petir merah si kakek senang x hati hahaha;No Online Gambling Promotion
OjyLvXiZOso;Anak anak ini jajannpada makan ditempat #jajanan;Rezeki melimpah JPTOGEL77 makasih;Online Gambling Promotion
OjyLvXiZOso;Anak anak ini jajannpada makan ditempat #jajanan;adminnya nyaman Bener2 hoki main J P TO G E L 7 7 proses depo cepat mantap Livechat fast respon gak pindah web deh udah betah main;Online Gambling Promotion
OjyLvXiZOso;Anak anak ini jajannpada makan ditempat #jajanan;tengkiu bosku kasi teman2 setongkrongan traktiran makan minum bagus mudah mudahan meningkat berhasil J P TO G E L 7 7;No Online Gambling Promotion
OjyLvXiZOso;Anak anak ini jajannpada makan ditempat #jajanan;Mumpung gacornya gaskan aja bos J P T O G E L 77;Online Gambling Promotion
OjyLvXiZOso;Anak anak ini jajannpada makan ditempat #jajanan;Pantesan aja teman sibuk ngajakin main MAnDALIKA77 benaran tokcer bgt main langsung cair malam lumayan traktir teman2;No Online Gambling Promotion
OjyLvXiZOso;Anak anak ini jajannpada makan ditempat #jajanan;ajakin mabar temen bermain J P TO G E L 7 7 angkat topi sih kali bermain langsung kasih kemenangan server berhasil nih mantap memiliki broo;Online Gambling Promotion
OjyLvXiZOso;Anak anak ini jajannpada makan ditempat #jajanan;situs tu kyk J P TO G E L 7 7 kasi wede lancar ga apa2;No Online Gambling Promotion
OjyLvXiZOso;Anak anak ini jajannpada makan ditempat #jajanan;percaya ama bro keluarga main JPTOGEL77 banget JP dibanding situs,JP dibandingkan situs;Online Gambling Promotion
OjyLvXiZOso;Anak anak ini jajannpada makan ditempat #jajanan;gak salah emang sodara gw maen jptogel77 hasilnya mantep bgt brooo maen bntaran doang udah dikasi narik gini kwkwkw makasih jptogel77 mantep;Online Gambling Promotion
OjyLvXiZOso;Anak anak ini jajannpada makan ditempat #jajanan;JPTOGEL77 jackpot gampang banget gk percaya,tidak percaya? ;Online Gambling Promotion
OjyLvXiZOso;Anak anak ini jajannpada makan ditempat #jajanan;nyelot gak ribet MANTAB J P TO G E L 7 7 gak rugi kalo main main WD gak sampe maxwin modal gw 2x lipat gas;No Online Gambling Promotion
OjyLvXiZOso;Anak anak ini jajannpada makan ditempat #jajanan;aja bro gw main jptogel77 bener ngasih menang ga kyk situs nyedot,saya main judi slot jptogel77 benar-benar menang, tidak ada situs yang sedot;Online Gambling Promotion
OjyLvXiZOso;Anak anak ini jajannpada makan ditempat #jajanan;situs tu jptogel77 kasi wede lancar ga apa2;No Online Gambling Promotion
OjyLvXiZOso;Anak anak ini jajannpada makan ditempat #jajanan;gua pasukan jptogel77 bro udah setia gw main amanah gampang JP,udah setia gw main amanah gampang JP;Online Gambling Promotion
OjyLvXiZOso;Anak anak ini jajannpada makan ditempat #jajanan;edan web JPTOGEL77 gk bangkrut web nya kasih jepe gua udh 5 main kasih jepe mulu Kelen wajib main web JPTOGEL77 si wak,gudah 5 main kasih jepe mulu Kelen wajib main web jptogel77 si wak;Online Gambling Promotion
OjyLvXiZOso;Anak anak ini jajannpada makan ditempat #jajanan;Senang banget rezeki terduga MANDALIKA77;No Online Gambling Promotion
OjyLvXiZOso;Anak anak ini jajannpada makan ditempat #jajanan;Ternyata bgt dibilang teman gue main JPTOGEL77 gampang bgt dapetin maxwln member positif WD;Online Gambling Promotion
OjyLvXiZOso;Anak anak ini jajannpada makan ditempat #jajanan;bersyukur banget gw main situs Mandalika tujuhtujuh udah lunasin utang grgr main situs situs bener edan bro gampang menang;No Online Gambling Promotion
OjyLvXiZOso;Anak anak ini jajannpada makan ditempat #jajanan;Waduh menang gue SCBD belanja pake duit kemenangan jptogel77 uang trakhirnemu situs barualhamdulilah d ksih jepe ngab;No Online Gambling Promotion
OjyLvXiZOso;Anak anak ini jajannpada makan ditempat #jajanan;JPTOGEL77 main dikit saldo langsung byk;Online Gambling Promotion
OjyLvXiZOso;Anak anak ini jajannpada makan ditempat #jajanan;Padahal moda tipis aja kasi Maxwin J P TO G E L 7 7 emg hoki bgt lha main disitus scternya gampang turun RTPnya akurat bgt buran cobain main JPTOGEL77;Online Gambling Promotion
OjyLvXiZOso;Anak anak ini jajannpada makan ditempat #jajanan;udah gw coba bro bagus main jptogel77 patut dibanggakan profitnya,bagus main slot jptogel77, patut dibanggakan profitnya;Online Gambling Promotion
OjyLvXiZOso;Anak anak ini jajannpada makan ditempat #jajanan;Perasaan x deh nemu situs kayak MLNDALIKL77 gak beli spin kasi gratis uda gitu dikasi Maxwin emg jos bgt ni JPTOGEL77 ga duanya deh;Online Gambling Promotion
OjyLvXiZOso;Anak anak ini jajannpada makan ditempat #jajanan;nyari2 uang rokok dikasih uang jajan seminggu hahaha emng terbaik nih J P TO G E L 7 7;No Online Gambling Promotion
OjyLvXiZOso;Anak anak ini jajannpada makan ditempat #jajanan;J P TO G E L 7 7 mekswin depoin LIMPUL;Online Gambling Promotion
OjyLvXiZOso;Anak anak ini jajannpada makan ditempat #jajanan;makasih banget loh JPTOGEL77 udah ngasih kesempatan ngerasain wd hasil maxwwin udh kunci akun ku gk wd;Online Gambling Promotion
OjyLvXiZOso;Anak anak ini jajannpada makan ditempat #jajanan;Iseng cuman coba depo receh situs JPTOGEL77 klau seandainya depo nggak kebayang mantap situs JPTOGEL77 langsung gas aja bro rasakan dimanjain ni BO,kalau seandainya deposit tidak kebayang mampu situs JPTOGEL77 langsung gacor aja bro rasakan dimanjain ni BO;Online Gambling Promotion
OjyLvXiZOso;Anak anak ini jajannpada makan ditempat #jajanan;JPTOGEL77 tempatnya jagoan judi lu nggak main belajar pro,tidak main belajar pro;Online Gambling Promotion
OjyLvXiZOso;Anak anak ini jajannpada makan ditempat #jajanan;JPTOGEL77 gak boong dsini hoki mulu;No Online Gambling Promotion
OjyLvXiZOso;Anak anak ini jajannpada makan ditempat #jajanan;nyari2 uang rokok dikasih uang jajan seminggu hahaha emng terbaik nih jptogel77;No Online Gambling Promotion
OjyLvXiZOso;Anak anak ini jajannpada makan ditempat #jajanan;tidur auto spin J P TO G E L 7 7 bangun2 saldo udah battery lowbett ngantor senyam senyum macem udah gila cari aja google tu J P TO G E L 7 7,Bangun2 saldo udah battery lowbett ngantor senyam senyum macem udah gila cari aja google tu J P T O G E L 7 7;Online Gambling Promotion
OjyLvXiZOso;Anak anak ini jajannpada makan ditempat #jajanan;beraniin bUAt dposit situs JPTOGEL77 modal cekakdan negrasaain sensational nya ga rungkad main situs;Online Gambling Promotion
OjyLvXiZOso;Anak anak ini jajannpada makan ditempat #jajanan;mantap main udah dikasih menang aja JPTOGEL77 modal receh wd haha;Online Gambling Promotion
OjyLvXiZOso;Anak anak ini jajannpada makan ditempat #jajanan;J P TO G E L 7 7 auto win;Online Gambling Promotion
OjyLvXiZOso;Anak anak ini jajannpada makan ditempat #jajanan;hidup gw enak brp main JPTOGEL77 nih situs rekomen gw bro;Online Gambling Promotion
OjyLvXiZOso;Anak anak ini jajannpada makan ditempat #jajanan;situs tu kyk J P TO G E L 7 7 kasi wede lancar ga apa2;No Online Gambling Promotion
OjyLvXiZOso;Anak anak ini jajannpada makan ditempat #jajanan;Ini keren kak main jptogel77 kasi JP kak Nga sangka sih dapet seginiuntung aja Temen nyaranin Server Luar ngerasain MAXWIN;Online Gambling Promotion
OjyLvXiZOso;Anak anak ini jajannpada makan ditempat #jajanan;betah dah nongkrong situs JPTOGEL77 kalo lihat rtp asli gak gagal rtpnya angkanya cuuy,kalo lihat RTP asli gak gagal RTPnya angkanya cuy;Online Gambling Promotion
OjyLvXiZOso;Anak anak ini jajannpada makan ditempat #jajanan;Akhirrrnyaaa bagus konten abang coba main J P T O G E L 77,coba main J P T O G E L 77;Online Gambling Promotion
OjyLvXiZOso;Anak anak ini jajannpada makan ditempat #jajanan;1530 JPTOGEL77 Menang hadiahnya;Online Gambling Promotion
OjyLvXiZOso;Anak anak ini jajannpada makan ditempat #jajanan;coba coba maen server thailand kasi tau sodara eh gile saldo nambah mulu awlkwkwkkw cari google J P T O G E L 77,ga ilang saldo namabah mulu awal kwkwkkw, cari Google JPTOGEL77;No Online Gambling Promotion
OjyLvXiZOso;Anak anak ini jajannpada makan ditempat #jajanan;ga nyesel emang maen JPTOGEL77 enak bgt scatternya scaternya berisi manteplah JPTOGEL77;Online Gambling Promotion
OjyLvXiZOso;Anak anak ini jajannpada makan ditempat #jajanan;TRENDING 1 GILA LOOOO jptogel77;Online Gambling Promotion
OjyLvXiZOso;Anak anak ini jajannpada makan ditempat #jajanan;Modal 60 ribu maxwin segini brooo emang mantap nge disitus search google namanya JPTOGEL77;Online Gambling Promotion
OjyLvXiZOso;Anak anak ini jajannpada makan ditempat #jajanan;nikmat ngopi sembari nyelot momen maxwin nya langsung full senyum makasih website JPTOGEL77 udh ngasih maxwin meningkat senang mainnya;Online Gambling Promotion
OjyLvXiZOso;Anak anak ini jajannpada makan ditempat #jajanan;Trending 1 euy JPTOGEL77;No Online Gambling Promotion
OjyLvXiZOso;Anak anak ini jajannpada makan ditempat #jajanan;Slide FB turun turun isinya jptogel77 Penasaran cobain depo main bentar aja Ehhh MAXWINNN,penasaran cobain depo main bentar aja ehhh maxwinnn;Online Gambling Promotion
OjyLvXiZOso;Anak anak ini jajannpada makan ditempat #jajanan;J P T O G E L 77 gacor menang;Online Gambling Promotion
OjyLvXiZOso;Anak anak ini jajannpada makan ditempat #jajanan;MEMANG TERBUKTI TERBAIK DAN MANTAP NIH SITUS KEREN WAWW MANTAP asli SERVER TERBAIK bos jgn salah pilih BO rungkat member rutin dikasih MAXWIN amp turun Perkalian x250 x500 pecahan bagus Kontrol nafsu nya kalo udah MAXWIN lgsg WD Di sisakan Dikit BgDan Lanjut Main LagiMudah mudahan Di Tambah Lagi CARI DI GOOGLE J P TO G E L 7 7;Online Gambling Promotion
OjyLvXiZOso;Anak anak ini jajannpada makan ditempat #jajanan;modal halus jp paus J P TO G E L 7 7 untung gw kasi tau sodara gak sih gw masi maen sedot wc makasih J P TO G E L 7 7 jajannya;Online Gambling Promotion
OjyLvXiZOso;Anak anak ini jajannpada makan ditempat #jajanan;member JPTOGEL77 Udah kasih maxwin gila sih situs asli ga salah cobaain situs JPTOGEL77 member setia;Online Gambling Promotion
OjyLvXiZOso;Anak anak ini jajannpada makan ditempat #jajanan;Tiap bingung cari cuan gk sengaja nemu s1tus jptogel77 iseng nyoba main eh kasih Jepe tipis2 cuan setia main jptogel77;Online Gambling Promotion
OjyLvXiZOso;Anak anak ini jajannpada makan ditempat #jajanan;JPTOGEL77 jackpot gk paham sehokinya;No Online Gambling Promotion
OjyLvXiZOso;Anak anak ini jajannpada makan ditempat #jajanan;SUPER MANTAP INI LINKTERBAIK PALING MANTAP DENGAN RTP DI ATAS 98WINRATE MEMBER BARU 99 BAGUS BANGET SEMOGA AJA BISA NULAR SAMA PELAYER LAINCARI DI GOOGLE JPTOGEL77;Online Gambling Promotion
OjyLvXiZOso;Anak anak ini jajannpada makan ditempat #jajanan;Alhamdulillah rezeki lancar jaya berkat J P T O G E L 77;Online Gambling Promotion
OjyLvXiZOso;Anak anak ini jajannpada makan ditempat #jajanan;server2 emang royal mesin nya lokal semalem gw maen jptogel77 menang gua wkkw google bro;Online Gambling Promotion
OjyLvXiZOso;Anak anak ini jajannpada makan ditempat #jajanan;rngkad sempet putus asa sih main dapet referensi anak komunitas main JPTOGEL77 behhh semangat gw membara banget coy ngasi u google aja J P TO G E L 7 7;Online Gambling Promotion
OjyLvXiZOso;Anak anak ini jajannpada makan ditempat #jajanan;rngkad sempet putus asa sih main dapet referensi anak komunitas main JPTOGEL77 behhh semangat gw membara banget coy ngasi u google aja JPTOGEL77;Online Gambling Promotion
OjyLvXiZOso;Anak anak ini jajannpada makan ditempat #jajanan;setia bro main jptogel77 udah ratusan situs bandingin tetep enak jptogel77;Online Gambling Promotion
OjyLvXiZOso;Anak anak ini jajannpada makan ditempat #jajanan;udah kali gue main J P TO G E L 7 7 wd meluncur aman bonus slalu,wadah meluncur aman bonus selalu;Online Gambling Promotion
OjyLvXiZOso;Anak anak ini jajannpada makan ditempat #jajanan;situs bagus rate kemenangan dibanding JPTOGEL77 situs panutan gw;Online Gambling Promotion
OjyLvXiZOso;Anak anak ini jajannpada makan ditempat #jajanan;JPTOGEL77 cba bntr jepe gede lgnsung;Online Gambling Promotion
OjyLvXiZOso;Anak anak ini jajannpada makan ditempat #jajanan;mekswin J P TO G E L 7 7;No Online Gambling Promotion
OjyLvXiZOso;Anak anak ini jajannpada makan ditempat #jajanan;gua udah 5tahun main jptogel77 jangka profit gw ratusan juta bro emang beda web abalabal;Online Gambling Promotion
OjyLvXiZOso;Anak anak ini jajannpada makan ditempat #jajanan;mantap gua cobain gampang dapatin sketernya Udh gitu dapatin sketer isinya tau nama nya nih coba cari google JPTOGEL77 dijiamin nagih,gua cobain gampang dapat sketernya udh gitu dapat sketernya ini, tau nama nya nih? Coba cari google JPTOGEL77 dijiamin nagih;Online Gambling Promotion
OjyLvXiZOso;Anak anak ini jajannpada makan ditempat #jajanan;sensasi nya beda bro main jptogel77 udah sekampung temen gw main JP,bro main jptogel77 udah sekampung temen gw main JP;Online Gambling Promotion
OjyLvXiZOso;Anak anak ini jajannpada makan ditempat #jajanan;JPTOGEL77 gua suka banget main mudah menangnya;Online Gambling Promotion
OjyLvXiZOso;Anak anak ini jajannpada makan ditempat #jajanan;menang gak dibayar nih langgana gua aja bro jptogel77 mantap deh gw u main tenang hp bunyi mulu wkkw;No Online Gambling Promotion
OjyLvXiZOso;Anak anak ini jajannpada makan ditempat #jajanan;member langsung dikasih jajanan meningkat senang bermain jptogel77 sih gk ubah web ni,tidak ada perubahan website ni;Online Gambling Promotion
OjyLvXiZOso;Anak anak ini jajannpada makan ditempat #jajanan;beres2 rumah nyepin pas dengar suaranya behhhhhh garang kaliii suara petirnya hahaha makasih y jptogel77;Online Gambling Promotion
OjyLvXiZOso;Anak anak ini jajannpada makan ditempat #jajanan;u abis gak duitnya gara2 kalah pindah nih bagusnya u google J P TO G E L 7 7 aja betahh deh,u google jptogel 7 7 aja betahh deh;No Online Gambling Promotion
OjyLvXiZOso;Anak anak ini jajannpada makan ditempat #jajanan;aja nih isi saldo ku semenjak main JPTOGEL77 bawaan nya se4lalu hepy saldo jarang sesak nafas mantap matap nih situs nya;Online Gambling Promotion
OjyLvXiZOso;Anak anak ini jajannpada makan ditempat #jajanan;SUPER MANTAP INI LINKTERBAIK PALING MANTAP DENGAN RTP DI ATAS 98WINRATE MEMBER BARU 99 BAGUS BANGET SEMOGA AJA BISA NULAR SAMA PELAYER LAINCARI DI GOOGLE J P TO G E L 7 7;Online Gambling Promotion
OjyLvXiZOso;Anak anak ini jajannpada makan ditempat #jajanan;menang nya ga banyakyang ga bikin rungkadnaik sikit2 bukitini buktinya udah menang jptogel77di sambar kake zeusss wkkwkw;Online Gambling Promotion
OjyLvXiZOso;Anak anak ini jajannpada makan ditempat #jajanan;Gacor gitu loh J P TO G E L 7 7;Online Gambling Promotion
OjyLvXiZOso;Anak anak ini jajannpada makan ditempat #jajanan;Cuan gila gilaan J P TO G E L 7 7;No Online Gambling Promotion
OjyLvXiZOso;Anak anak ini jajannpada makan ditempat #jajanan;Ternyata bgt dibilang teman gue main JPTOGEL77 gampang bgt dapetin maxwin member positif WD;Online Gambling Promotion
OjyLvXiZOso;Anak anak ini jajannpada makan ditempat #jajanan;Saran ane main jptogel77 gak pelit link nya gw mmber barusan main auto lgsung maxwin pdhal modal receh doang,tidak perlu linknya, gw mungkin baru saja main auto lgsung maxwin pada hari ini modal rezeki doang;Online Gambling Promotion
OjyLvXiZOso;Anak anak ini jajannpada makan ditempat #jajanan;adminnya nyaman Bener2 hoki main JPTOGEL77 proses depo cepat mantap Livechat fast respon gak pindah web deh udah betah main,sudah betah main;Online Gambling Promotion
OjyLvXiZOso;Anak anak ini jajannpada makan ditempat #jajanan;Info seloter pakai link Bosku Karena link MLNDALIKL77 bikin Member Baru JPnya WD Perkalian X250 X500 scatter nya nyangkut dikasih pecahan bagus Mantap;Online Gambling Promotion
OjyLvXiZOso;Anak anak ini jajannpada makan ditempat #jajanan;member JPTOGEL77 Udah kasih maxwin gila sih situs asli ga salah cobaain situs JPTOGEL77 member setia,cobaain situs JPTOGEL77 member setia;Online Gambling Promotion
OjyLvXiZOso;Anak anak ini jajannpada makan ditempat #jajanan;setia bro main J P TO G E L 7 7 udah ratusan situs bandingin tetep enak JPTOGEL77;Online Gambling Promotion
OjyLvXiZOso;Anak anak ini jajannpada makan ditempat #jajanan;Udah menang coba jptogel77 rasain;Online Gambling Promotion
OjyLvXiZOso;Anak anak ini jajannpada makan ditempat #jajanan;bersandar teras rumah sembari ngopi bermain permainan nyelot J P TO G E L 7 7 nikmat sekaleh;Online Gambling Promotion
OjyLvXiZOso;Anak anak ini jajannpada makan ditempat #jajanan;Malam nyobain deposit pakai GOPAY modal 50 ribu J P T O G E L 77 Gak nyangka putaran aja langsung jackpot Udah coba server VIETNAM main game Buffalo King untungnya melimpah WD udah 4 juta mimpi;Online Gambling Promotion
OjyLvXiZOso;Anak anak ini jajannpada makan ditempat #jajanan;asyik abang J P TO G E L 7 7 anjir terkejut kasih kemenangan kali menciptakan pas meleset;No Online Gambling Promotion
OjyLvXiZOso;Anak anak ini jajannpada makan ditempat #jajanan;Kalo gak coba nggak Rezaki bis ja J P T O G E L 77,Resoki tidak akan J P T O G E L 77;No Online Gambling Promotion
OjyLvXiZOso;Anak anak ini jajannpada makan ditempat #jajanan;1012 JPTOGEL77 emang juara rezeki gak abisnya;Online Gambling Promotion
OjyLvXiZOso;Anak anak ini jajannpada makan ditempat #jajanan;Padahal moda tipis aja kasi Maxwin J P TO G E L 7 7 emg hoki bgt lha main disitus scternya gampang turun RTPnya akurat bgt buran cobain main MLNDALIKL77;Online Gambling Promotion
OjyLvXiZOso;Anak anak ini jajannpada makan ditempat #jajanan;JPTOGEL77 WEDEY gede cma maen bentar;Online Gambling Promotion
OjyLvXiZOso;Anak anak ini jajannpada makan ditempat #jajanan;Ini keren kak main J P T O G E L 77 kasi JP kak Nga sangka sih dapet seginiuntung aja Temen nyaranin Server Luar ngerasain MAXWIN;Online Gambling Promotion
OjyLvXiZOso;Anak anak ini jajannpada makan ditempat #jajanan;seru bang JPTOGEL77 Alhamdulillah pensaran ku terjawabkan mampir disni JPTOGEL77 jamin H0k1;Online Gambling Promotion
OjyLvXiZOso;Anak anak ini jajannpada makan ditempat #jajanan;server2 emang royal mesin nya lokal semalem gw maen J P TO G E L 7 7 menang gua wkkw google bro,saya mau main J P TO G E L 7 7;Online Gambling Promotion
OjyLvXiZOso;Anak anak ini jajannpada makan ditempat #jajanan;nyelot gak ribet MANTAB jptogel77gak rugi kalo main main WD gak sampe maxwin modal gw 2x lipat gas;Online Gambling Promotion
OjyLvXiZOso;Anak anak ini jajannpada makan ditempat #jajanan;main jptogel77 bro enak banget gampang jp;Online Gambling Promotion
OjyLvXiZOso;Anak anak ini jajannpada makan ditempat #jajanan;modal recehpun wd J P TO G E L 7 7 benar2 profit hasil main bermain main bermain sukses jutaan mantap webnya;Online Gambling Promotion
OjyLvXiZOso;Anak anak ini jajannpada makan ditempat #jajanan;JPTOGEL77 cba langsung bawa pulang cuan gede;Online Gambling Promotion
OjyLvXiZOso;Anak anak ini jajannpada makan ditempat #jajanan;Begitu mantap memuaskan Bermain MANDALIKA77 lancar hambatan rezeki mengalir deras;Online Gambling Promotion
OjyLvXiZOso;Anak anak ini jajannpada makan ditempat #jajanan;WAJIB COBA DI SINI BOS SUPER GACCOOORR YANG TERBARUCOBA PAKE SERVER THAILAND SERVER LUAR YANG SAYA PAKE RTP NYA DI ATAS 98 TANPA HARUS BUY PETIR x100 x250 x500 SUDAH PASTI KELUAR GASSSS LANGSUNG SEMOGA HOKINYA NULAR YA ABANG CARI GOOGLE J P TO G E L 7 7;Online Gambling Promotion
OjyLvXiZOso;Anak anak ini jajannpada makan ditempat #jajanan;main jptogel77 bro enak banget gampang jp;Online Gambling Promotion
OjyLvXiZOso;Anak anak ini jajannpada makan ditempat #jajanan;sobat jptogel77 emang patut banggakan situs beneran gampang JP;Online Gambling Promotion
OjyLvXiZOso;Anak anak ini jajannpada makan ditempat #jajanan;member langsung dikasih jajanan meningkat senang bermain J P TO G E L 7 7 sih gk ubah web ni;No Online Gambling Promotion
OjyLvXiZOso;Anak anak ini jajannpada makan ditempat #jajanan;ga nyarnin server abal abal dahgua udah tau main cari aja JPTOGEL77 ngab terbaikk situs sih teman wede coba deh ngab lumayan nambah2 isi dompet;Online Gambling Promotion
OjyLvXiZOso;Anak anak ini jajannpada makan ditempat #jajanan;banget JPTOGEL77 cuan banget web nya gk depo gede2 depo receh kasih maxwin coba gan,gak deposit besar, deposit kecil kasih maxwin, coba gan;Online Gambling Promotion
OjyLvXiZOso;Anak anak ini jajannpada makan ditempat #jajanan;Pantesan aja teman sibuk ngajakin main JPTOGEL77 benaran tokcer bgt main langsung cair malam lumayan traktir teman2;Online Gambling Promotion
OjyLvXiZOso;Anak anak ini jajannpada makan ditempat #jajanan;Saran ane main JPTOGEL77 gak pelit link nya gw mmber barusan main auto lgsung maxwin pdhal modal receh doang,ga perlu linknya, gw akan mulai main otomatis langsung maxwin dengan modal ringgit kecil doang;Online Gambling Promotion
OjyLvXiZOso;Anak anak ini jajannpada makan ditempat #jajanan;Perasaan x deh nemu situs kayak JPTOGEL77 gak beli spin kasi gratis uda gitu dikasi Maxwin emg jos bgt ni JPTOGEL77 ga duanya deh;Online Gambling Promotion
OjyLvXiZOso;Anak anak ini jajannpada makan ditempat #jajanan;menang gak dibayar nih langgana gua aja bro JPTOGEL77 mantap deh gw u main tenang hp bunyi mulu wkkw;Online Gambling Promotion
OjyLvXiZOso;Anak anak ini jajannpada makan ditempat #jajanan;udah kali gue main jptogel77 wd meluncur aman bonus slalu;Online Gambling Promotion
OjyLvXiZOso;Anak anak ini jajannpada makan ditempat #jajanan;the bestt la server negri inisanagt beda server lokaludah ga berapling situs main JPTOGEL77 aja,tidak ada peralihan ke situs main JPTOGEL77 hanya ;No Online Gambling Promotion
OjyLvXiZOso;Anak anak ini jajannpada makan ditempat #jajanan;JPTOGEL77 gua maen bentar aja lngsg WEDEY gede;Online Gambling Promotion
OjyLvXiZOso;Anak anak ini jajannpada makan ditempat #jajanan;webb JPTOGEL77 ga kalah seru ya disni cair trus dr web JPTOGEL77 gokil mantap la jajan;Online Gambling Promotion
OjyLvXiZOso;Anak anak ini jajannpada makan ditempat #jajanan;Modal receh hasil lumer mantap kali JPTOGEL77 sensasi maxwln berulang brooo kali nemu web seqacor chek langsung deh webbnya dp wd gesit prosesnya,kali nemu web seqacor check langsung deh webbnya dp wd gesit prosesnya;Online Gambling Promotion
OjyLvXiZOso;Anak anak ini jajannpada makan ditempat #jajanan;gak salah emang sodara gw maen J P TO G E L 7 7 hasilnya mantep bgt brooo maen bntaran doang udah dikasi narik gini kwkwkw makasih J P TO G E L 7 7 mantep;Online Gambling Promotion
OjyLvXiZOso;Anak anak ini jajannpada makan ditempat #jajanan;modal halus jp paus J P TO G E L 7 7 untung gw kasi tau sodara gak sih gw masi maen sedot wc makasih J P TO G E L 7 7 jajannya;Online Gambling Promotion
OjyLvXiZOso;Anak anak ini jajannpada makan ditempat #jajanan;udah 5 gua main kali temu situs beneran gampang jp enak banget JPTOGEL77 bro;Online Gambling Promotion
OjyLvXiZOso;Anak anak ini jajannpada makan ditempat #jajanan;WAJIB COBA DI SINI BOS SUPER GACCOOORR YANG TERBARUCOBA PAKE SERVER THAILAND SERVER LUAR YANG SAYA PAKE RTP NYA DI ATAS 98 TANPA HARUS BUY PETIR x100 x250 x500 SUDAH PASTI KELUAR GASSSS LANGSUNG SEMOGA HOKINYA NULAR YA ABANG CARI GOOGLE JPTOGEL77;Online Gambling Promotion
OjyLvXiZOso;Anak anak ini jajannpada makan ditempat #jajanan;DisiniJ P T O G E L 77 sanggat senang;No Online Gambling Promotion
OjyLvXiZOso;Anak anak ini jajannpada makan ditempat #jajanan;1 d trending gatuh J P TO G E L 7 7;No Online Gambling Promotion
OjyLvXiZOso;Anak anak ini jajannpada makan ditempat #jajanan;sensasi nya beda bro main jptogel77 udah sekampung temen gw main JP,udah sekampung teman gw main JP;Online Gambling Promotion
OjyLvXiZOso;Anak anak ini jajannpada makan ditempat #jajanan;JPTOGEL77 maen hoki;Online Gambling Promotion
OjyLvXiZOso;Anak anak ini jajannpada makan ditempat #jajanan;gampang banget situs jptogel77 turun perkalian nya member betah main main jptogel77 aja rungkat ya bro;Online Gambling Promotion
OjyLvXiZOso;Anak anak ini jajannpada makan ditempat #jajanan;JPTOGEL77 gua bru maen bentar lngsg jepe;Online Gambling Promotion
OjyLvXiZOso;Anak anak ini jajannpada makan ditempat #jajanan;Rezeki J P TO G E L 7 7 sungguh tiada tara nilainya terima kasih ya Allah berkat Mu,terima kasih ya Allah berkat Mu;No Online Gambling Promotion
OjyLvXiZOso;Anak anak ini jajannpada makan ditempat #jajanan;hidup gw enak brp main jptogel77 nih situs rekomen gw bro;Online Gambling Promotion
OjyLvXiZOso;Anak anak ini jajannpada makan ditempat #jajanan;Hidup seru 108 jptogel77;Online Gambling Promotion
OjyLvXiZOso;Anak anak ini jajannpada makan ditempat #jajanan;JPTOGEL77 tampil fitur;No Online Gambling Promotion
OjyLvXiZOso;Anak anak ini jajannpada makan ditempat #jajanan;jptogel77 juara maxwin;Online Gambling Promotion
OjyLvXiZOso;Anak anak ini jajannpada makan ditempat #jajanan;hati nemu web JPTOGEL77 berlega hati sehabis bermain kali selisih gw segini brayyy nangis saking senengnya;Online Gambling Promotion
OjyLvXiZOso;Anak anak ini jajannpada makan ditempat #jajanan;Gak maxwln provit segini main mahbaru nyoba udah kasih JP si MAnDALIKA77 ni test aja,nyooba udah kasih JP si MANDALIKA77 ni test aja;Online Gambling Promotion
OjyLvXiZOso;Anak anak ini jajannpada makan ditempat #jajanan;mantap bro jp JPTOGEL77 aja udah makasih udah kasih kemenangan;Online Gambling Promotion
OjyLvXiZOso;Anak anak ini jajannpada makan ditempat #jajanan;bersyukur gw ga ketipu janji manis situs emang real gampang JP cuman jptogel77,gampang JP cuman jptogel77;Online Gambling Promotion
OjyLvXiZOso;Anak anak ini jajannpada makan ditempat #jajanan;tetangga gw sore main J P T O G E L 77;Online Gambling Promotion
OjyLvXiZOso;Anak anak ini jajannpada makan ditempat #jajanan;gw aja main JPTOGEL77 x100 kuy mabar biar cuan bang sore mantappp rekomend banget pokok nya situs broo;Online Gambling Promotion
OjyLvXiZOso;Anak anak ini jajannpada makan ditempat #jajanan;udah 5 gua main kali temu situs beneran gampang jp enak banget JPTOGEL77 bro;Online Gambling Promotion
OjyLvXiZOso;Anak anak ini jajannpada makan ditempat #jajanan;Coba main brooo member auto manjain web nya nama webnya MLNDALIKL77 nyoba eh nyangkut nih situs cari aja google MLNDALIKL77,nyoba eh nyangkut nih situs cari aja google MLNDALIKL77;Online Gambling Promotion
OjyLvXiZOso;Anak anak ini jajannpada makan ditempat #jajanan;makasih banget loh JPTOGEL77 udah ngasih kesempatan ngerasain wd hasil maxwwin udh kunci akun ku gk wd;Online Gambling Promotion
OjyLvXiZOso;Anak anak ini jajannpada makan ditempat #jajanan;intinya bermainlah sabar barbar kemenenangan sabar wkwk hiburan jadiin mata pencaharian gw main JPTOGEL77;Online Gambling Promotion
OjyLvXiZOso;Anak anak ini jajannpada makan ditempat #jajanan;bener teman situs emng keren banget laaabaru dep aja udah dapet menang J P T O G E L 77;Online Gambling Promotion
OjyLvXiZOso;Anak anak ini jajannpada makan ditempat #jajanan;Info seloter pakai link Bosku Karena link JPTOGEL77 bikin Member Baru JPnya WD Perkalian X250 X500 scatter nya nyangkut dikasih pecahan bagus Mantap;Online Gambling Promotion
OjyLvXiZOso;Anak anak ini jajannpada makan ditempat #jajanan;menang nya ga banyakyang ga bikin rungkadnaik sikit bukitini buktinya udah menang JPTOGEL77di sambar kake zeusss wkkwkw,buktinyaudahmenangJPTOGEL77disambarkakezeussswkkwkw;Online Gambling Promotion
OjyLvXiZOso;Anak anak ini jajannpada makan ditempat #jajanan;situs bagus rate kemenangan dibanding jptogel77 situs panutan gw;No Online Gambling Promotion
OjyLvXiZOso;Anak anak ini jajannpada makan ditempat #jajanan;seneng bangun2 kumpulin nyawa main jptogel77 langsung dikasi wekwekwek;Online Gambling Promotion
OjyLvXiZOso;Anak anak ini jajannpada makan ditempat #jajanan;aja nih isi saldo ku semenjak main JPTOGEL77 bawaan nya se4lalu hepy saldo jarang sesak nafas mantap matap nih situs nya,matap nih situs nya;Online Gambling Promotion
OjyLvXiZOso;Anak anak ini jajannpada makan ditempat #jajanan;u abis gak duitnya gara2 kalah pindah nih bagusnya u google J P TO G E L 7 7 aja betahh deh,google jptogel 77 aja betahh deh;Online Gambling Promotion
OjyLvXiZOso;Anak anak ini jajannpada makan ditempat #jajanan;provider game terbaik JPTOGEL77 salah milih webb perkalin serinng turun modal receh kasih wd main terbaik ni webb;Online Gambling Promotion
OjyLvXiZOso;Anak anak ini jajannpada makan ditempat #jajanan;tetangga gw sore main JPTOGEL77;Online Gambling Promotion
OjyLvXiZOso;Anak anak ini jajannpada makan ditempat #jajanan;coba cari J P T O G E L 77 Mantap bosku makasih uda kasih saran main situs wd ku allhamdulliah lancar main,bosku makasih uda kasih saran main situs wd ku allhamdulliah lancar main;Online Gambling Promotion
OjyLvXiZOso;Anak anak ini jajannpada makan ditempat #jajanan;JPTOGEL77 gua coba bentar saldo langsung 2x lipat;Online Gambling Promotion
OjyLvXiZOso;Anak anak ini jajannpada makan ditempat #jajanan;percaya ama bro keluarga main jptogel77 banget JP dibanding situs;Online Gambling Promotion
OjyLvXiZOso;Anak anak ini jajannpada makan ditempat #jajanan;Waduh menang gue SCBD belanja pake duit kemenangan J P TO G E L 7 7 uang trakhirnemu situs barualhamdulilah d ksih jepe ngab,situs baru alhamdulillah diksih jepe ngab;No Online Gambling Promotion
OjyLvXiZOso;Anak anak ini jajannpada makan ditempat #jajanan;main J P T O G E L 77 aman2 jaya aja yah gua dikasi proses nariknya cepet maju bosku;Online Gambling Promotion
OjyLvXiZOso;Anak anak ini jajannpada makan ditempat #jajanan;main JPTOGEL77 aman2 jaya aja yah gua dikasi proses nariknya cepet maju bosku;Online Gambling Promotion
OjyLvXiZOso;Anak anak ini jajannpada makan ditempat #jajanan;beraniin bUAt dposit situs jptogel77 modal cekakdan negrasaain sensational nya ga rungkad main situs;Online Gambling Promotion
OjyLvXiZOso;Anak anak ini jajannpada makan ditempat #jajanan;ajakin mabar temen bermain J P TO G E L 7 7 angkat topi sih kali bermain langsung kasih kemenangan server berhasil nih mantap memiliki broo;Online Gambling Promotion
OjyLvXiZOso;Anak anak ini jajannpada makan ditempat #jajanan;bersandar teras rumah sembari ngopi bermain permainan nyelot jptogel77 nikmat sekaleh;Online Gambling Promotion
OjyLvXiZOso;Anak anak ini jajannpada makan ditempat #jajanan;gampang banget situs JPTOGEL77 turun perkalian nya member betah main main JPTOGEL77 aja rungkat ya bro;Online Gambling Promotion
OjyLvXiZOso;Anak anak ini jajannpada makan ditempat #jajanan;Ternyata bgt dibilang teman gue main JPTOGEL77 gampang bgt dapetin maxwln member positif WD;Online Gambling Promotion
OjyLvXiZOso;Anak anak ini jajannpada makan ditempat #jajanan;lama2 bangkrut ni bossnya JPTOGEL77 profit trus main kemaren wkkwkw;No Online Gambling Promotion
OjyLvXiZOso;Anak anak ini jajannpada makan ditempat #jajanan;ga cari untung menang segiini aja udah bersyukur banger gua game jptogel77 aja narik udah langsung masuk duit 2 menit aja,udah berjuang banger game jptogel77 aja narik udah langsung masuk duit 2 menit aja;Online Gambling Promotion
OjyLvXiZOso;Anak anak ini jajannpada makan ditempat #jajanan;gacir gila JPTOGEL77 bikin jepe trs;Online Gambling Promotion
OjyLvXiZOso;Anak anak ini jajannpada makan ditempat #jajanan;tidur auto spin jptogel77 bangun2 saldo udah battery lowbett ngantor senyam senyum macem udah gila cari aja google tu jptogel77;Online Gambling Promotion
OjyLvXiZOso;Anak anak ini jajannpada makan ditempat #jajanan;Mandalika tujuhtujuh bro gw main gak pakai janji palsu bro cuman gw menang,saya mainkan tidak menggunakan janji palsu bro, hanya saya menang;Online Gambling Promotion
OjyLvXiZOso;Anak anak ini jajannpada makan ditempat #jajanan;asyik abang J P TO G E L 7 7 anjir terkejut kasih kemenangan kali menciptakan pas meleset;No Online Gambling Promotion
OjyLvXiZOso;Anak anak ini jajannpada makan ditempat #jajanan;the bestt la server negri inisanagt beda server lokaludah ga berapling situs main J P TO G E L 7 7 aja,not on any site J P T O G E L 7 7 only ;No Online Gambling Promotion
OjyLvXiZOso;Anak anak ini jajannpada makan ditempat #jajanan;aja bro gw main jptogel77 bener ngasih menang ga kyk situs nyedot,saya main judi slot jptogel77 benar ngasih menang;Online Gambling Promotion
OjyLvXiZOso;Anak anak ini jajannpada makan ditempat #jajanan;Paling kasih orang bahagia s1tus Mandalika 77 pemain udah kasih kemenangan;Online Gambling Promotion
OjyLvXiZOso;Anak anak ini jajannpada makan ditempat #jajanan;edan web JPTOGEL77 gk bangkrut web nya kasih jepe gua udh 5 main kasih jepe mulu Kelen wajib main web J P TO G E L 7 7 si wak;Online Gambling Promotion
OjyLvXiZOso;Anak anak ini jajannpada makan ditempat #jajanan;JPTOGEL77 cba maen jekpot gede;Online Gambling Promotion
OjyLvXiZOso;Anak anak ini jajannpada makan ditempat #jajanan;ga nyesel emang maen JPTOGEL77 enak bgt scatternya scaternya berisi manteplah JPTOGEL77;Online Gambling Promotion
OjyLvXiZOso;Anak anak ini jajannpada makan ditempat #jajanan;mantap gua cobain gampang dapatin sketernya Udh gitu dapatin sketer isinya tau nama nya nih coba cari google Mandalika 77 dijiamin nagih,gua cobain gampang dapat sketernya. Udah gitu dapat sketernya isinya tau nama nya nih;Online Gambling Promotion
OjyLvXiZOso;Anak anak ini jajannpada makan ditempat #jajanan;Haadiir Mas JPTOGEL77;Online Gambling Promotion
OjyLvXiZOso;Anak anak ini jajannpada makan ditempat #jajanan;Gak nyangka menang J P T O G E L 77 serasa mimpi siang bolong;No Online Gambling Promotion
OjyLvXiZOso;Anak anak ini jajannpada makan ditempat #jajanan;Saatnya bersinar 1312 jptogel77;Online Gambling Promotion
OjyLvXiZOso;Anak anak ini jajannpada makan ditempat #jajanan;Paling mantap cuman webb JPTOGEL77 member dimanjain kasih cuan;Online Gambling Promotion
OjyLvXiZOso;Anak anak ini jajannpada makan ditempat #jajanan;0242 bsa gtu wkwkwkw jptogel77;Online Gambling Promotion
OjyLvXiZOso;Anak anak ini jajannpada makan ditempat #jajanan;beres2 rumah nyepin pas dengar suaranya behhhhhh garang kaliii suara petirnya hahaha makasih ya J P T O G E L 77;Online Gambling Promotion
OjyLvXiZOso;Anak anak ini jajannpada makan ditempat #jajanan;0701 JPTOGEL77;Online Gambling Promotion
OjyLvXiZOso;Anak anak ini jajannpada makan ditempat #jajanan;J P TO G E L 7 7 ngan ukur Duit ngalir permainan seru ora aya istirahatna Layanan oke banget abdi recom duh euy;No Online Gambling Promotion
OjyLvXiZOso;Anak anak ini jajannpada makan ditempat #jajanan;jptogel77 ngan ukur Duit ngalir permainan seru ora aya istirahatna Layanan oke banget abdi recom duh euy;Online Gambling Promotion
OjyLvXiZOso;Anak anak ini jajannpada makan ditempat #jajanan;bersyukur banget gw main situs JPTOGEL77 udah lunasin utang grgr main situs situs bener edan bro gampang menang,grgr main situs situs bener edan bro gampang menang;Online Gambling Promotion
OjyLvXiZOso;Anak anak ini jajannpada makan ditempat #jajanan;Tiap bingung cari cuan gk sengaja nemu s1tus JPTOGEL77 iseng nyoba main eh kasih Jepe tipis cuan setia main JPTOGEL77;Online Gambling Promotion
OjyLvXiZOso;Anak anak ini jajannpada makan ditempat #jajanan;jptogel77 ramai nih tmn gw maen situ skrg;Online Gambling Promotion
OjyLvXiZOso;Anak anak ini jajannpada makan ditempat #jajanan;ga nyarnin server abal abal dahgua udah tau main cari aja JPTOGEL77 ngab terbaikk situs sih teman wede coba deh ngab lumayan nambah2 isi dompet;Online Gambling Promotion
OjyLvXiZOso;Anak anak ini jajannpada makan ditempat #jajanan;tengkiu bosku kasi teman2 setongkrongan traktiran makan minum bagus mudah mudahan meningkat berhasil J P TO G E L 7 7;Online Gambling Promotion
OjyLvXiZOso;Anak anak ini jajannpada makan ditempat #jajanan;main JPTOGEL77 Jarang2 ling bagus kali merasakan petir merah si kakek senang x hati hahaha;No Online Gambling Promotion
OjyLvXiZOso;Anak anak ini jajannpada makan ditempat #jajanan;Ternyata main JPTOGEL77 bikin rezeki langsung gacir;Online Gambling Promotion
OjyLvXiZOso;Anak anak ini jajannpada makan ditempat #jajanan;proses nya cpt bgt gile JPTOGEL77;Online Gambling Promotion
OjyLvXiZOso;Anak anak ini jajannpada makan ditempat #jajanan;Modal receh hasil lumer mantap kali JPTOGEL77 sensasi maxwln berulang brooo kali nemu web seqacor chek langsung deh webbnya dp wd gesit prosesnya;Online Gambling Promotion
OjyLvXiZOso;Anak anak ini jajannpada makan ditempat #jajanan;hati nemu web J P TO G E L 7 7 berlega hati sehabis bermain kali selisih gw segini brayyy nangis saking senengnya;Online Gambling Promotion
OjyLvXiZOso;Anak anak ini jajannpada makan ditempat #jajanan;Penasaran cerita orang orang menang JPTOGEL77 coba langsung dapet rezeki,coba langsung daftar dan dapat rezeki;Online Gambling Promotion
OjyLvXiZOso;Anak anak ini jajannpada makan ditempat #jajanan;tmn gw jptogel77 rame bgt tuh situs bre gila;Online Gambling Promotion
OjyLvXiZOso;Anak anak ini jajannpada makan ditempat #jajanan;Gak maxwln provit segini main mahbaru nyoba udah kasih JP si JPTOGEL77 ni test aja,sudah kasih judi si JP togel77 ni test aja;Online Gambling Promotion
OjyLvXiZOso;Anak anak ini jajannpada makan ditempat #jajanan;Iseng cuman coba depo receh situs jptogel77 klau seandainya depo nggak kebayang mantap situs jptogel77 langsung gas aja bro rasakan dimanjain ni BO;Online Gambling Promotion
OjyLvXiZOso;Anak anak ini jajannpada makan ditempat #jajanan;nice link bagus jptogel77;Online Gambling Promotion
OjyLvXiZOso;Anak anak ini jajannpada makan ditempat #jajanan;1210 Jangan tunggu Modal bareng JPTOGEL77;Online Gambling Promotion
OjyLvXiZOso;Anak anak ini jajannpada makan ditempat #jajanan;asik dikasih rezeki makasih bget y jptogel77 kudoakan webbnya bangkit biar kasih sIotter profit wkwk gk ambil pusing main jptogel77 bang siap2 WD aja pokoknya;Online Gambling Promotion
OjyLvXiZOso;Anak anak ini jajannpada makan ditempat #jajanan;lama2 bangkrut ni bossnya jptogel77 profit trus main kemaren wkkwkw;No Online Gambling Promotion
OjyLvXiZOso;Anak anak ini jajannpada makan ditempat #jajanan;TRENDING 1 GILAA MAMEEEN J P T O G E L 77;No Online Gambling Promotion
OjyLvXiZOso;Anak anak ini jajannpada makan ditempat #jajanan;jptogel77 tempatnya jagoan judi lu nggak main belajar pro,tidak main belajar pro;Online Gambling Promotion
OjyLvXiZOso;Anak anak ini jajannpada makan ditempat #jajanan;cobain bro bareng gw main jptogel77 udah gw seleksi ratusan situs mantap bro,sudah saya seleksi ratusan situs yang mantap;Online Gambling Promotion
OjyLvXiZOso;Anak anak ini jajannpada makan ditempat #jajanan;JPTOGEL77 bro gw main gak pakai janji palsu bro cuman gw menang,saya main tapi tidak menggunakan janji palsu bro, saya hanya menang;Online Gambling Promotion
OjyLvXiZOso;Anak anak ini jajannpada makan ditempat #jajanan;Main santai jptogel77 hasilnya bikin senyum lebar Terima kasih;Online Gambling Promotion
OjyLvXiZOso;Anak anak ini jajannpada makan ditempat #jajanan;J P TO G E L 7 7 bikin senyum gak berhenti mantap pol;No Online Gambling Promotion
OjyLvXiZOso;Anak anak ini jajannpada makan ditempat #jajanan;coba coba maen server thailand kasi tau sodara eh gile saldo nambah mulu awlkwkwkkw cari google JPTOGEL77;Online Gambling Promotion
OjyLvXiZOso;Anak anak ini jajannpada makan ditempat #jajanan;jptogel77Terpopuler masakini;Online Gambling Promotion
OjyLvXiZOso;Anak anak ini jajannpada makan ditempat #jajanan;Paling kasih orang bahagia s1tus JPTOGEL77 pemain udah kasih kemenangan;Online Gambling Promotion
OjyLvXiZOso;Anak anak ini jajannpada makan ditempat #jajanan;JPTOGEL77 cba jepe gede lngsg;Online Gambling Promotion
OjyLvXiZOso;Anak anak ini jajannpada makan ditempat #jajanan;gapernah gw temui situs gampang menang Mandalika tujuhtujuh;Online Gambling Promotion
OjyLvXiZOso;Anak anak ini jajannpada makan ditempat #jajanan;JPTOGEL77 terpopuler masakini;No Online Gambling Promotion
OjyLvXiZOso;Anak anak ini jajannpada makan ditempat #jajanan;maacihhh abang bos gw ngerasain namanya wede cuannn gedek terbaik bermain web JPTOGEL77;Online Gambling Promotion
OjyLvXiZOso;Anak anak ini jajannpada makan ditempat #jajanan;Terimakasih JPTOGEL77 super hoki keren terpercaya nyata;Online Gambling Promotion
OjyLvXiZOso;Anak anak ini jajannpada makan ditempat #jajanan;jancok jptogel77 enak bgt JP nya;Online Gambling Promotion
OjyLvXiZOso;Anak anak ini jajannpada makan ditempat #jajanan;gw kasi kisi2 halus sikit main la JPTOGEL77 anak nih brani kasi wr tinggi2 wkwkwkwk gas biar kapok;Online Gambling Promotion
OjyLvXiZOso;Anak anak ini jajannpada makan ditempat #jajanan;Gua aja 2 pindah situs aja total kekalahan 80jt coba JPTOGEL77 perlahan harta,coba JPTOGEL77 perlahan harta;Online Gambling Promotion
OjyLvXiZOso;Anak anak ini jajannpada makan ditempat #jajanan;serius nanya deh JPTOGEL77;Online Gambling Promotion
OjyLvXiZOso;Anak anak ini jajannpada makan ditempat #jajanan;SUPER MANTAPrasakan SENSASIONAL PGSOFT OLYMPUS SAMA PRINCES Lainnya JPTOGEL77;Online Gambling Promotion
OjyLvXiZOso;Anak anak ini jajannpada makan ditempat #jajanan;cuan emg JPTOGEL77 modal 100k jd 4jt;Online Gambling Promotion
OjyLvXiZOso;Anak anak ini jajannpada makan ditempat #jajanan;Mas suka JP bagusan cobain JPTOGEL77 gua narikk maunya gua rejeki kebagi play JPTOGEL77,cobain JPTOGEL77 gua narkah maunya gua rejeki kebagian play JPTOGEL77;Online Gambling Promotion
OjyLvXiZOso;Anak anak ini jajannpada makan ditempat #jajanan;Sukses terimakasih wd besarnya JPTOGEL77;Online Gambling Promotion
OjyLvXiZOso;Anak anak ini jajannpada makan ditempat #jajanan;banget JPTOGEL77 cuan banget web nya gk depo gede2 depo receh kasih maxwin coba gan,gak deposit besar, deposit sedikit kasih maxwin coba gan;Online Gambling Promotion
OjyLvXiZOso;Anak anak ini jajannpada makan ditempat #jajanan;Cara daftarx JPTOGEL77 gmn bos;Online Gambling Promotion
OjyLvXiZOso;Anak anak ini jajannpada makan ditempat #jajanan;main JPTOGEL77 aja kang pragmatic seragam pg soft nya tertib timbul maxwin tnya sm admin nya kasih info google bray JPTOGEL77 aja;Online Gambling Promotion
OjyLvXiZOso;Anak anak ini jajannpada makan ditempat #jajanan;gila JPTOGEL77 real gacornya pantes rame;Online Gambling Promotion
OjyLvXiZOso;Anak anak ini jajannpada makan ditempat #jajanan;nih jptogel77 pantes bnyk yg promoin gila gampang JP nya;Online Gambling Promotion
OjyLvXiZOso;Anak anak ini jajannpada makan ditempat #jajanan;Apa nama link JPTOGEL77 nya bossku;Online Gambling Promotion
OjyLvXiZOso;Anak anak ini jajannpada makan ditempat #jajanan;gaji umr uang tambahan mah udah party malming wkwkkwkw makasih JPTOGEL77;No Online Gambling Promotion
OjyLvXiZOso;Anak anak ini jajannpada makan ditempat #jajanan;Cuma kasi masukan aja Bang main JPTOGEL77 main sportif g Rungkad dikasi menang pokoknya cari tambahan alternatif main pokoknya mantap lha cek aj bang google nama nya JPTOGEL77;Online Gambling Promotion
OjyLvXiZOso;Anak anak ini jajannpada makan ditempat #jajanan;jptogel77 Kebanggan rakyat situs terpercaya;Online Gambling Promotion
OjyLvXiZOso;Anak anak ini jajannpada makan ditempat #jajanan;cmn main JPTOGEL77 gw dpt teriakan mantap ayaaaaaang;Online Gambling Promotion
OjyLvXiZOso;Anak anak ini jajannpada makan ditempat #jajanan;Rezeki anak jackpot 2jt JPTOGEL77 hahahaa modal 50rb doang cari aja google JPTOGEL77;Online Gambling Promotion
OjyLvXiZOso;Anak anak ini jajannpada makan ditempat #jajanan;makasih admin sahabat sahabat udah membujuk bermain jptogel77 gacor akut;Online Gambling Promotion
OjyLvXiZOso;Anak anak ini jajannpada makan ditempat #jajanan;Cukup bagus bagus kali depo 30k dikasi wd 400 lumayan sensasi petir merah JPTOGEL77 cobain dah nihh;Online Gambling Promotion
OjyLvXiZOso;Anak anak ini jajannpada makan ditempat #jajanan;dikasih pola maxwin merasakan maxwin disitus JPTOGEL77 mantapp gacor banget;Online Gambling Promotion
OjyLvXiZOso;Anak anak ini jajannpada makan ditempat #jajanan;gw gw JP jptogel77 sekebon ni manusia;Online Gambling Promotion
OjyLvXiZOso;Anak anak ini jajannpada makan ditempat #jajanan;situs terbesar kebanggan gw jptogel77;Online Gambling Promotion
OjyLvXiZOso;Anak anak ini jajannpada makan ditempat #jajanan;Buat berani main bet 2000 modal 100rb doang ehh dikasih maxwin kakek mantap bener emng situs nya JPTOGEL77 gass gini terpecaya situs nya;Online Gambling Promotion
OjyLvXiZOso;Anak anak ini jajannpada makan ditempat #jajanan;suka bertemu ni link JPTOGEL77 nya udah web coba web ngasih terimakasih;Online Gambling Promotion
OjyLvXiZOso;Anak anak ini jajannpada makan ditempat #jajanan;tengkiu bosku kasi teman2 setongkrongan traktiran makan minum enak semoga jaya jptogel77,semoga jaya jptogel77;Online Gambling Promotion
OjyLvXiZOso;Anak anak ini jajannpada makan ditempat #jajanan;seru banget main JPTOGEL77 Modal 100 menang gac0rnya diluar dugaan;Online Gambling Promotion
OjyLvXiZOso;Anak anak ini jajannpada makan ditempat #jajanan;kali awak rasain JP 100juta JPTOGEL77;Online Gambling Promotion
OjyLvXiZOso;Anak anak ini jajannpada makan ditempat #jajanan;lu main JPTOGEL77 lu kuasa bang nyelot hepi bang,lu kuasa bang nyelot hepi bang;Online Gambling Promotion
OjyLvXiZOso;Anak anak ini jajannpada makan ditempat #jajanan;kacau masbrayitungan nya gak melencengtidak merugikan memberselalu memperkaya member JPTOGEL77;No Online Gambling Promotion
OjyLvXiZOso;Anak anak ini jajannpada makan ditempat #jajanan;Asli emang hoki bangett main situs JPTOGEL77 jarang bangett gw main rungkad manjain bangett gw main disni;Online Gambling Promotion
OjyLvXiZOso;Anak anak ini jajannpada makan ditempat #jajanan;SUPER MANTAP JPTOGEL77 TERBAIK PALING MANTAP DENGAN RTP DI ATAS 98 BAGUS BANGET SEMOGA HOKI SEMOGA BISA NULAR SAMA PELAYER LAIN;Online Gambling Promotion
OjyLvXiZOso;Anak anak ini jajannpada makan ditempat #jajanan;mayan terusan JPTOGEL77;Online Gambling Promotion
OjyLvXiZOso;Anak anak ini jajannpada makan ditempat #jajanan;nih bray situs gacor inpo tetangga JPTOGEL77 seminggu join kasih JP gede brayy;Online Gambling Promotion
OjyLvXiZOso;Anak anak ini jajannpada makan ditempat #jajanan;Selalu nangis karna gapernah menang disitus coba coba main JPTOGEL77 langsung menang Sekarang gw member setia situs,Sekarang gw member setia situs;Online Gambling Promotion
OjyLvXiZOso;Anak anak ini jajannpada makan ditempat #jajanan;pas rungkad rungkad nya saranin main temen JPTOGEL77 kasih gacor;Online Gambling Promotion
OjyLvXiZOso;Anak anak ini jajannpada makan ditempat #jajanan;Makasih bang link gacor nya barusan WD gak lumayan kopi rokok mantap depo WD aman lancar jaya emang enak main JPTOGEL77 bang;Online Gambling Promotion
OjyLvXiZOso;Anak anak ini jajannpada makan ditempat #jajanan;Makin seru JPTOGEL77 sltnya oke banget bonusnya bikin senang untung melimpah memberikaan cuan teruss nya emang gokil bangett;Online Gambling Promotion
OjyLvXiZOso;Anak anak ini jajannpada makan ditempat #jajanan;mantap bget ni bree ni situs bagi2 uang JPTOGEL77 rezeki butuh wkwk;Online Gambling Promotion
OjyLvXiZOso;Anak anak ini jajannpada makan ditempat #jajanan;gw kasi kisi2 lembut sikit bermain la JPTOGEL77 anak nih brani kasi wr tinggi2 wkwkwkwk gas kapok;Online Gambling Promotion
OjyLvXiZOso;Anak anak ini jajannpada makan ditempat #jajanan;Cuma kasi masukan aja Bang main JPTOGEL77 main sportif g Rungkad dikasi menang,main JPTOGEL77 main sportif g Rungkad dikasi menang;Online Gambling Promotion
OjyLvXiZOso;Anak anak ini jajannpada makan ditempat #jajanan;Habis kesamber petirnya kakek main JPTOGEL77 scatternya gilagilaanputarannya bagus mantap kali main bang;Online Gambling Promotion
OjyLvXiZOso;Anak anak ini jajannpada makan ditempat #jajanan;liat teman bru kali main game Profit WEB JPTOGEL77 heboh gtu kirain aja karna main disitu wkwk,bru kali main game Profit WEB JPTOGEL77 heboh, kira-na aja karena main disitu wkwk;Online Gambling Promotion
OjyLvXiZOso;Anak anak ini jajannpada makan ditempat #jajanan;Beruntung banget bersyukur banget gw nemu situs JPTOGEL77 semenjak gw bergabung disitus banget nerima keuntungan super gede WD gak absen1 suka depo wd secepat kilat admin nya ramah;Online Gambling Promotion
OjyLvXiZOso;Anak anak ini jajannpada makan ditempat #jajanan;tengkiu bosku kasi teman2 setongkrongan traktiran makan minum enak semoga jaya JPTOGEL77;Online Gambling Promotion
OjyLvXiZOso;Anak anak ini jajannpada makan ditempat #jajanan;Coba main JPTOGEL77 ane barusan dikasih wd 700rb link selagi bagus slt nya;Online Gambling Promotion
OjyLvXiZOso;Anak anak ini jajannpada makan ditempat #jajanan;Wah seru banget Gue gabung jptogel77 langsung gas lingnya Main enak banget cuan,saya gabung jptogel77 langsung, main enak banget cuan;Online Gambling Promotion
OjyLvXiZOso;Anak anak ini jajannpada makan ditempat #jajanan;dah lu mendingan kek gw aja main Gaskeun JPTOGEL77 aman tentram wd;Online Gambling Promotion
OjyLvXiZOso;Anak anak ini jajannpada makan ditempat #jajanan;nyari2 link mantul kali ni gw setuju JPTOGEL77 gacor;Online Gambling Promotion
OjyLvXiZOso;Anak anak ini jajannpada makan ditempat #jajanan;gw main JPTOGEL77 sampe bikin 3 akun kirain rungkad salah eh wd mulu wkkwkwk;Online Gambling Promotion
OjyLvXiZOso;Anak anak ini jajannpada makan ditempat #jajanan;terimakasih rekomendasi link gacornya kakak jptogel77;Online Gambling Promotion
OjyLvXiZOso;Anak anak ini jajannpada makan ditempat #jajanan;jptogel77 ramai nih tmn gw maen situ skrg;Online Gambling Promotion
OjyLvXiZOso;Anak anak ini jajannpada makan ditempat #jajanan;Gua cuman kali main doang kasih bagus eh main kasih bagus JPTOGEL77 Baru kali gua nemu s1tus bagus kek langka bener jumpa s1tus kasih wd,kasih bagus eh main kasih bagus JPTOGEL77. Baru kali gua nemu situs bagus kek langka bener jumpa situs kasih wd;Online Gambling Promotion
OjyLvXiZOso;Anak anak ini jajannpada makan ditempat #jajanan;Beneran gak sih soalna ane udah dpt JP jptogel77;Online Gambling Promotion
OjyLvXiZOso;Anak anak ini jajannpada makan ditempat #jajanan;Aku kasih menang diluar prediksi ku rungkat dikasih menang s1tus JPTOGEL77;Online Gambling Promotion
OjyLvXiZOso;Anak anak ini jajannpada makan ditempat #jajanan;bermain website langganan gw bro JPTOGEL77 ga butuh sertaan pola pola ga nyata emg situsnya bagus puteran sm pecahannya jg bagus gaskeun brooo bermain tipis2;Online Gambling Promotion
OjyLvXiZOso;Anak anak ini jajannpada makan ditempat #jajanan;kasih uang jg JPTOGEL77 lumayan nongki ngopi with teman teman besok wkwkw;Online Gambling Promotion
OjyLvXiZOso;Anak anak ini jajannpada makan ditempat #jajanan;jptogel77 MAKASIH BNRN ASIK JP AJA;Online Gambling Promotion
OjyLvXiZOso;Anak anak ini jajannpada makan ditempat #jajanan;Mau JPTOGEL77 terpercaya;Online Gambling Promotion
OjyLvXiZOso;Anak anak ini jajannpada makan ditempat #jajanan;jptogel77 terbaik dah;Online Gambling Promotion
OjyLvXiZOso;Anak anak ini jajannpada makan ditempat #jajanan;TERIMAKASIH jptogel77 PEMBAGI REZEKI NYATA;Online Gambling Promotion
OjyLvXiZOso;Anak anak ini jajannpada makan ditempat #jajanan;kerap depo wd wd gw kerap wd depo abang rekomen web JPTOGEL77,witdraw deposit kembali gw, abang rekomendasi web JPTOGEL77;Online Gambling Promotion
OjyLvXiZOso;Anak anak ini jajannpada makan ditempat #jajanan;Kalo nyari gacor JPTOGEL77 jawabannya bree karna gw main disana ksh menang breee cari aja google JPTOGEL77,cari aja google JPTOGEL77;Online Gambling Promotion
OjyLvXiZOso;Anak anak ini jajannpada makan ditempat #jajanan;iseng coba jptogel77 bnrn JP wkwkwkwk keren;Online Gambling Promotion
OjyLvXiZOso;Anak anak ini jajannpada makan ditempat #jajanan;JPTOGEL77 makasi uda ngasih keren pokoknya JPTOGEL77 sesuai pnya isi nya;Online Gambling Promotion
OjyLvXiZOso;Anak anak ini jajannpada makan ditempat #jajanan;Gila ya JPTOGEL77 dimana ashu terpercaya kagak nih;Online Gambling Promotion
OjyLvXiZOso;Anak anak ini jajannpada makan ditempat #jajanan;udah kali gue main JPTOGEL77 wd meluncur aman bonus slalu;Online Gambling Promotion
OjyLvXiZOso;Anak anak ini jajannpada makan ditempat #jajanan;like doain menang main jptogel77;Online Gambling Promotion
OjyLvXiZOso;Anak anak ini jajannpada makan ditempat #jajanan;maacihhh abang bos gw ngerasain namanya wede cuannn gedek terbaik bermain web JPTOGEL77;Online Gambling Promotion
OjyLvXiZOso;Anak anak ini jajannpada makan ditempat #jajanan;scroll jptogel77 bre paten emg situs gw;Online Gambling Promotion
OjyLvXiZOso;Anak anak ini jajannpada makan ditempat #jajanan;Modal JPTOGEL77 dikasih pecahan Gak nyesel deh main Mantap;Online Gambling Promotion
OjyLvXiZOso;Anak anak ini jajannpada makan ditempat #jajanan;gw main jptogel77 nih skrg emg jptogel77 BERKUALITAS,emg jptogel77 berkualitas;Online Gambling Promotion
OjyLvXiZOso;Anak anak ini jajannpada makan ditempat #jajanan;Sungguh ku sangka sungguh ku duga new member auto cuan main JPTOGEL77 scatternya gampang kali keluarnya Pola acak gass keun;Online Gambling Promotion
OjyLvXiZOso;Anak anak ini jajannpada makan ditempat #jajanan;Udh daptar dapetin skater hitam gimana jptogel77;Online Gambling Promotion
OjyLvXiZOso;Anak anak ini jajannpada makan ditempat #jajanan;Luar orang baikberkah semoga rejekix berlipat gandadan slalu kesehatan JPTOGEL77 emang top;Online Gambling Promotion
OjyLvXiZOso;Anak anak ini jajannpada makan ditempat #jajanan;ga bikin kecewa kalo main JPTOGEL77 game nya bagusmpuatarannya bonuss mantap betull la,puataranannya bonuss mantap betul;Online Gambling Promotion
OjyLvXiZOso;Anak anak ini jajannpada makan ditempat #jajanan;Makasih JPTOGEL77 withdraw dah landing secepat kilat gacornya kaleng kaleng;Online Gambling Promotion
OjyLvXiZOso;Anak anak ini jajannpada makan ditempat #jajanan;udah langsung main JPTOGEL77 bang udah terjamin gacor banget zeusnya wkwkkwwk;Online Gambling Promotion
OjyLvXiZOso;Anak anak ini jajannpada makan ditempat #jajanan;gw tau JPTOGEL77 komen asli bnrn gacor;Online Gambling Promotion
OjyLvXiZOso;Anak anak ini jajannpada makan ditempat #jajanan;Pragmatic nya JPTOGEL77 enak poll sih maen bet receh JP disana cari aja google JPTOGEL77;Online Gambling Promotion
OjyLvXiZOso;Anak anak ini jajannpada makan ditempat #jajanan;mantap bro JP tipis JPTOGEL77 ngakat aja udah lumayan makasih JPTOGEL77 udah kasih menang,makasih JPTOGEL77, udah kasih menang;Online Gambling Promotion
OjyLvXiZOso;Anak anak ini jajannpada makan ditempat #jajanan;SUPER SEKALI JPTOGEL77 MANTAP;No Online Gambling Promotion
OjyLvXiZOso;Anak anak ini jajannpada makan ditempat #jajanan;makasih JPTOGEL77 udah ngebuat kemenangan perihal lazim gue;Online Gambling Promotion
OjyLvXiZOso;Anak anak ini jajannpada makan ditempat #jajanan;nya ketemu situs JPTOGEL77 JP coba dh lu gua aj kasih member;Online Gambling Promotion
OjyLvXiZOso;Anak anak ini jajannpada makan ditempat #jajanan;suka banget main s1tus JPTOGEL77 pokoknya the best emg;Online Gambling Promotion
OjyLvXiZOso;Anak anak ini jajannpada makan ditempat #jajanan;Up Up Upaku coba bang gacor sltnya ya JPTOGEL77 pantes rame kali comment hahaha;Online Gambling Promotion
OjyLvXiZOso;Anak anak ini jajannpada makan ditempat #jajanan;iseng iseng ajak doi main jptogel77 kaget ngeliat petirnya kek wkwk;Online Gambling Promotion
OjyLvXiZOso;Anak anak ini jajannpada makan ditempat #jajanan;main jptogel77 suaranya;Online Gambling Promotion
OjyLvXiZOso;Anak anak ini jajannpada makan ditempat #jajanan;Cuman 35 menin main slt situs JPTOGEL77 asli gokik kali guys Gak bosan bener2 website yg gacor2 nya,Gak bosan bener2 website yang gacor2 nyanya;Online Gambling Promotion
OjyLvXiZOso;Anak anak ini jajannpada makan ditempat #jajanan;Terimakasih JPTOGEL77 super hoki keren terpercaya nyata;Online Gambling Promotion
OjyLvXiZOso;Anak anak ini jajannpada makan ditempat #jajanan;jptogel77 asu bnrn gacor;Online Gambling Promotion
OjyLvXiZOso;Anak anak ini jajannpada makan ditempat #jajanan;Saran gua si bang player coba JPTOGEL77 temen gua maxwin main cari aja google JPTOGEL77;Online Gambling Promotion
OjyLvXiZOso;Anak anak ini jajannpada makan ditempat #jajanan;link nya JPTOGEL77 boss donk;Online Gambling Promotion
OjyLvXiZOso;Anak anak ini jajannpada makan ditempat #jajanan;makasih infonya kwnkwn JPTOGEL77 ane dh daftar jg ya semoga amanah,semoga amanah;Online Gambling Promotion
OjyLvXiZOso;Anak anak ini jajannpada makan ditempat #jajanan;Capek bgt nemuin JPTOGEL77 trs;Online Gambling Promotion
OjyLvXiZOso;Anak anak ini jajannpada makan ditempat #jajanan;jptogel77 real tuh dah gw coba bnrn gacor;Online Gambling Promotion
OjyLvXiZOso;Anak anak ini jajannpada makan ditempat #jajanan;gokilll mantul kali JPTOGEL77 makasih info gacorny kakak,makasih info gacornya kakak;Online Gambling Promotion
OjyLvXiZOso;Anak anak ini jajannpada makan ditempat #jajanan;gue gak nyangka menang JPTOGEL77 Tempat;No Online Gambling Promotion
OjyLvXiZOso;Anak anak ini jajannpada makan ditempat #jajanan;main disitus sebelah asik kalah depo semenjak kenal JPTOGEL77 lunas utang gw bre paten JPTOGEL77;Online Gambling Promotion
OjyLvXiZOso;Anak anak ini jajannpada makan ditempat #jajanan;g Habis Pikir Sama JPTOGEL77 kek gini nih;Online Gambling Promotion
OjyLvXiZOso;Anak anak ini jajannpada makan ditempat #jajanan;wkwkwkwkwk viral ni situs jptogel77;Online Gambling Promotion
OjyLvXiZOso;Anak anak ini jajannpada makan ditempat #jajanan;Aku udah daftar JPTOGEL77 semoga mantap;Online Gambling Promotion
OjyLvXiZOso;Anak anak ini jajannpada makan ditempat #jajanan;nice link bagus jptogel77;Online Gambling Promotion
OjyLvXiZOso;Anak anak ini jajannpada makan ditempat #jajanan;saldo nya turun langsung coba main olimpus pakai pola situs JPTOGEL77 nya yg berurutan langsung otw wd,coba main olimpus pakai pola situs JPTOGEL77 yang berurutan langsung otw wd;Online Gambling Promotion
OjyLvXiZOso;Anak anak ini jajannpada makan ditempat #jajanan;makasih JPTOGEL77 berkah beres 2 pinjol sisa 1 ngengngengngeng semangaaat;Online Gambling Promotion
OjyLvXiZOso;Anak anak ini jajannpada makan ditempat #jajanan;Kakak wedein sketer s1tusnya JPTOGEL77 max mantapnya id tuh JPTOGEL77 sepele sketer brader;Online Gambling Promotion
OjyLvXiZOso;Anak anak ini jajannpada makan ditempat #jajanan;khawatir Hal orang pikirkan pikirkan Hal dirimu JPTOGEL77 gk percaya sih cocok buktiin memanglah website gacornya,gak percaya sih cocok buktiin memanglah website gacornya;No Online Gambling Promotion
OjyLvXiZOso;Anak anak ini jajannpada makan ditempat #jajanan;Gan hasil wede cair bermain dis3rver JPTOGEL77 angan angan member gua kelepek saking cakapnya JPTOGEL77 nyarik cuan,member gua kelepek saking cakapnya JPTOGEL77 nyarik cuan;Online Gambling Promotion
OjyLvXiZOso;Anak anak ini jajannpada makan ditempat #jajanan;sore sore gini nyantai main JPTOGEL77 dikasih maxwin hahaa Mudah maxwin;Online Gambling Promotion
OjyLvXiZOso;Anak anak ini jajannpada makan ditempat #jajanan;blh coba jptogel77;Online Gambling Promotion
OjyLvXiZOso;Anak anak ini jajannpada makan ditempat #jajanan;Mas suka JP bagusan cobain JPTOGEL77 gua narikk maunya gua rejeki kebagi play JPTOGEL77,cobai JPTOGEL77, gua narikkan maunya, gua rejeki kebagi play JPTOGEL77;Online Gambling Promotion
OjyLvXiZOso;Anak anak ini jajannpada makan ditempat #jajanan;SUPER MANTAP SITUS JPTOGEL77 GAMPANG MENANGNYA;Online Gambling Promotion
OjyLvXiZOso;Anak anak ini jajannpada makan ditempat #jajanan;makasihh bangeett temeenkuu udah kasih rekomend web JPTOGEL77 ga rungkad web sebela;Online Gambling Promotion
OjyLvXiZOso;Anak anak ini jajannpada makan ditempat #jajanan;yg main google aja JPTOGEL77 tar gw promosi;No Online Gambling Promotion
OjyLvXiZOso;Anak anak ini jajannpada makan ditempat #jajanan;temen nyaranin bermain JPTOGEL77 asian ngikutin saran temen wd;Online Gambling Promotion
OjyLvXiZOso;Anak anak ini jajannpada makan ditempat #jajanan;enak banget maxwin nya ngap Cuman situs JPTOGEL77 gw ngerasain indah nya maxwin,Cuman situs JPTOGEL77 gw ngerasain indahnya Maxwin;Online Gambling Promotion
OjyLvXiZOso;Anak anak ini jajannpada makan ditempat #jajanan;Saya merasakan keberuntungan JPTOGEL77 gabung bro,gabung bro;Online Gambling Promotion
OjyLvXiZOso;Anak anak ini jajannpada makan ditempat #jajanan;g prnah bosan gua main JPTOGEL77 situs nya ga pelit kya situs2 nya main g lngsng ksh wd;Online Gambling Promotion
OjyLvXiZOso;Anak anak ini jajannpada makan ditempat #jajanan;oalahhh gua prnah cog main JPTOGEL77 bnran lgsg wd wkwk;Online Gambling Promotion
OjyLvXiZOso;Anak anak ini jajannpada makan ditempat #jajanan;main ni ya wee kasi tau main JPTOGEL77 depsoit gampang wede cepat kuyyy daftar wee jamin gacor;Online Gambling Promotion
ByQNIuhE-dE;REVIEW MASAKAN MINJEL; RASANYA..😱,Si minjel kasih bika ambon bang kevinkusuma buan;No Online Gambling Promotion
ByQNIuhE-dE;REVIEW MASAKAN MINJEL; RASANYA..😱,Makanya bang berjanji;No Online Gambling Promotion
ByQNIuhE-dE;REVIEW MASAKAN MINJEL; RASANYA..😱,bang gue jujur makan sambel bakar gak uang;No Online Gambling Promotion
ByQNIuhE-dE;REVIEW MASAKAN MINJEL; RASANYA..😱,singkat padat heeeeemakan woeeeeeeeee;No Online Gambling Promotion
